time,lon,lat,x,y,ID,label,foot,age,year,Nest_Distance,flight_state,step_length,step_angle,step_speed,coast_distance,State,sealand,original_state
2018-05-21T05:10:19Z,141.51402,40.54727,543524.402664006,4488628.63572659,2018_bird_074_9_trip,K18E30,bird_074,12,2018,3815.37383566864,0,154.247603204697,-1.97745851326484,0.51415867734899,804.7061725026124,Fast_Outbound,Land,Fast_Outbound
2018-05-21T05:15:19Z,141.513289736656,40.545996973718,543463.390651587,4488486.96760231,2018_bird_074_9_trip,K18E30,bird_074,12,2018,3842.650196436,0,5.62869008082829,2.68198645181295,0.0187623002694276,939.4715717368376,Slow,Land,Slow
2018-05-21T05:20:19Z,141.513230335571,40.5460197315437,543458.346066132,4488489.46446226,2018_bird_074_9_trip,K18E30,bird_074,12,2018,3848.10559312095,0,35.8371999146739,2.73500907201175,0.119457333048913,941.8601805806752,Slow,Land,Slow
2018-05-21T05:25:19Z,141.512842600005,40.5461491333377,543425.430412083,4488503.63713372,2018_bird_074_9_trip,K18E30,bird_074,12,2018,3883.26881128127,0,28.8715157866191,-0.801298574553627,0.0962383859553971,959.3713799818466,Slow,Land,Slow
2018-05-21T05:30:19Z,141.513078400004,40.5459612666683,543445.518478906,4488482.89987269,2018_bird_074_9_trip,K18E30,bird_074,12,2018,3859.30216478977,0,9.16227496480319,1.83644062938795,0.030540916549344,956.0001934421456,Slow,Land,Slow
2018-05-21T05:35:19Z,141.513050602004,40.5460410367898,543443.113097465,4488491.74076759,2018_bird_074_9_trip,K18E30,bird_074,12,2018,3863.48478450564,0,40.5075739764039,1.19426637379,0.135025246588013,952.4524180034324,Slow,Land,Slow
2018-05-21T05:40:19Z,141.513229085018,40.5463796078548,543458.007559561,4488529.41063019,2018_bird_074_9_trip,K18E30,bird_074,12,2018,3856.94590010033,0,493.12246628221,1.60018924628716,1.64374155427403,917.8409826483636,Slow,Land,Slow
2018-05-21T05:45:19Z,141.513091830166,40.550820784337,543443.515337564,4489022.32009678,2018_bird_074_9_trip,K18E30,bird_074,12,2018,4007.15272423958,0,666.503033494596,1.08794180863562,2.22167677831532,630.6413088505124,Slow,Land,Slow
2018-05-21T05:50:19Z,141.516787507438,40.5561222897762,543752.978850416,4489612.62394047,2018_bird_074_9_trip,K18E30,bird_074,12,2018,3966.99161595151,0,20.6659178846726,-1.1762927251111,0.0688863929489086,35.71807492703877,Slow,Land,Slow
2018-05-21T05:55:19Z,141.51688,40.55595,543760.921795283,4489593.54542404,2018_bird_074_9_trip,K18E30,bird_074,12,2018,3950.80717179654,0,6.72837752594224,0.00586608115645495,0.0224279250864741,32.93715954637377,Slow,Land,Slow
2018-05-21T06:00:19Z,141.516959470199,40.5559500000002,543767.650057045,4489593.58489303,2018_bird_074_9_trip,K18E30,bird_074,12,2018,3944.93079572534,0,6.34960603807428,0.361804970517835,0.0211653534602476,26.594319910696164,Slow,Land,Slow
2018-05-21T06:05:19Z,141.517029765886,40.5559699331104,543773.588586126,4489595.83241815,2018_bird_074_9_trip,K18E30,bird_074,12,2018,3940.81719606738,1,1118.13930008464,0.724969977094831,3.72713100028214,20.249914646828277,Slow,Land,Slow
2018-05-21T06:10:19Z,141.526967329996,40.562604683441,544610.537466858,4490337.28509057,2018_bird_074_9_trip,K18E30,bird_074,12,2018,3719.63297946289,1,3978.1114894374,1.3025921394367,13.260371631458,1096.1786842449571,Fast_Outbound,Sea,Fast_Outbound
2018-05-21T06:15:19Z,141.539697324815,40.5971027919102,545664.738028216,4494173.17249752,2018_bird_074_9_trip,K18E30,bird_074,12,2018,6670.41387143132,1,3268.96795356884,1.46889442503121,10.8965598452295,4261.750519133627,Fast_Outbound,Sea,Fast_Outbound
2018-05-21T06:20:19Z,141.54386479356,40.6263799031132,545997.275869489,4497425.18265519,2018_bird_074_9_trip,K18E30,bird_074,12,2018,9816.06079048777,1,3429.55545796224,1.06831001842962,11.4318515265408,6498.501517500411,Fast_Outbound,Sea,Fast_Outbound
2018-05-21T06:25:19Z,141.563620980004,40.6533620207659,547648.970339539,4500430.80339255,2018_bird_074_9_trip,K18E30,bird_074,12,2018,12753.364309569,1,3893.87030947586,1.24565700392426,12.9795676982529,9323.5394662691,Fast_Outbound,Sea,Fast_Outbound
2018-05-21T06:30:19Z,141.57862066812,40.686528584817,548892.831433711,4504120.6591574,2018_bird_074_9_trip,K18E30,bird_074,12,2018,16522.2663836944,1,3663.83641951595,1.17294458259536,12.2127880650532,11344.839745753256,Fast_Outbound,Sea,Fast_Outbound
2018-05-21T06:35:19Z,141.59569,40.71687,550312.343711858,4507498.33323895,2018_bird_074_9_trip,K18E30,bird_074,12,2018,20056.1731126722,1,4048.3560080410102,1.29123878562024,13.4945200268034,13468.374877649654,Fast_Outbound,Sea,Fast_Outbound
2018-05-21T06:40:19Z,141.609234826497,40.7518533918748,551429.408180478,4511389.5224326,2018_bird_074_9_trip,K18E30,bird_074,12,2018,24079.8180775426,1,4113.04608081762,1.27238330399379,13.7101536027254,15333.45094470514,Fast_Outbound,Sea,Fast_Outbound
2018-05-21T06:45:19Z,141.62389,40.78719,552638.659102554,4515320.78943834,2018_bird_074_9_trip,K18E30,bird_074,12,2018,28167.9458228849,1,1757.03603320462,1.16385324159244,5.85678677734874,16982.318840702068,Fast_Outbound,Sea,Fast_Outbound
2018-05-21T06:50:19Z,141.63227,40.80168,553334.100833962,4516934.33721272,2018_bird_074_9_trip,K18E30,bird_074,12,2018,29888.0915314646,1,1932.06902608684,-2.8178228783634802,6.44023008695614,17856.596435997966,Fast_Middle,Sea,Fast_Middle
2018-05-21T06:55:19Z,141.610506044858,40.7962599338093,551502.416645204,4516319.66351536,2018_bird_074_9_trip,K18E30,bird_074,12,2018,28959.3737193003,1,2512.67533687326,-2.59885303439209,8.37558445624421,15968.61930853592,Fast_Middle,Sea,Fast_Middle
2018-05-21T07:00:19Z,141.584899875285,40.7847017399525,549350.820474377,4515021.90727237,2018_bird_074_9_trip,K18E30,bird_074,12,2018,27425.5777312825,1,3015.19959455027,-2.86417916670888,10.0506653151676,13685.212676856208,Fast_Middle,Sea,Fast_Middle
2018-05-21T07:05:19Z,141.550470527206,40.7774321555392,546450.900944803,4514196.1377422,2018_bird_074_9_trip,K18E30,bird_074,12,2018,26527.8370082312,1,2437.55310814351,-2.67098969757911,8.12517702714502,10712.989820626684,Fast_Middle,Sea,Fast_Middle
2018-05-21T07:10:19Z,141.524646916887,40.767595810671,544278.321911663,4513090.89319922,2018_bird_074_9_trip,K18E30,bird_074,12,2018,25580.9576659854,1,2016.64790239843,-1.90454935972082,6.72215967466144,8430.653109786284,Fast_Homing,Sea,Fast_Homing
2018-05-21T07:15:19Z,141.51668652773,40.7504670967575,543617.685672215,4511185.52485652,2018_bird_074_9_trip,K18E30,bird_074,12,2018,23779.7304148389,0,159.653161109237,-2.18427949977335,0.532177203697458,7557.461490453467,Slow,Sea,Slow
2018-05-21T07:20:19Z,141.51558867543,40.749296026546,543525.770321138,4511054.984824,2018_bird_074_9_trip,K18E30,bird_074,12,2018,23664.8482790819,0,111.357194701021,-2.65440042203667,0.371190649003403,7451.343219286646,Slow,Sea,Slow
2018-05-21T07:25:19Z,141.514419484236,40.7488316130434,543427.369448354,4511002.85332636,2018_bird_074_9_trip,K18E30,bird_074,12,2018,23628.9498144898,1,2504.08275381877,-1.98780483590285,8.34694251272922,7347.7756746895075,Fast_Homing,Sea,Fast_Homing
2018-05-21T07:30:19Z,141.502250809595,40.7282600756721,542413.147983874,4508713.35878411,2018_bird_074_9_trip,K18E30,bird_074,12,2018,21574.7864805933,1,3116.62225766792,-1.95316986552926,10.3887408588931,6033.692375637766,NA,Sea,Fast_Homing
2018-05-21T07:35:19Z,141.48829021072,40.702271102512,541250.262530113,4505821.81391702,2018_bird_074_9_trip,K18E30,bird_074,12,2018,19097.3219525314,1,3323.69418161184,-2.12734136287033,11.0789806053728,4267.276888500653,NA,Sea,Fast_Homing
2018-05-21T07:40:19Z,141.46732984126,40.6769344621637,539494.501809297,4502999.71411295,2018_bird_074_9_trip,K18E30,bird_074,12,2018,17155.9073185411,1,3199.95807165315,-1.82739172254733,10.6665269055105,1937.7368547499077,NA,Sea,Fast_Homing
2018-05-21T07:45:19Z,141.45753,40.64909,538682.387993053,4499904.52384258,2018_bird_074_9_trip,K18E30,bird_074,12,2018,14909.1709697592,1,2939.48678922601,-1.638747009531,9.79828929742002,468.4139332790117,NA,Sea,Fast_Homing
2018-05-21T07:50:19Z,141.45499,40.62268,538482.801533212,4496971.82068183,2018_bird_074_9_trip,K18E30,bird_074,12,2018,12753.0600571486,1,2370.42187335367,-1.29721885180388,7.90140624451223,370.35354299659895,NA,Land,Fast_Homing
2018-05-21T07:55:19Z,141.46242,40.60209,539123.236399291,4494689.55359842,2018_bird_074_9_trip,K18E30,bird_074,12,2018,10707.977790239,0,20.2839361305102,-2.0014496956751,0.0676131204350339,630.0612788964443,NA,Land,Slow
2018-05-21T08:00:19Z,141.462318772984,40.6019243558324,539114.76857394,4494671.12172389,2018_bird_074_9_trip,K18E30,bird_074,12,2018,10702.3453517165,0,577.67964545341,-0.773357314639719,1.92559881817803,647.7967169929798,NA,Land,Slow
2018-05-21T08:05:19Z,141.467179155304,40.5982694413417,539528.138499172,4494267.58848154,2018_bird_074_9_trip,K18E30,bird_074,12,2018,10125.6323739507,1,1481.71652265789,-0.965870442784233,4.93905507552631,563.4542187225479,NA,Land,Fast_Homing
2018-05-21T08:10:19Z,141.477060033445,40.5872492976589,540370.792336447,4493048.81107608,2018_bird_074_9_trip,K18E30,bird_074,12,2018,8700.81867852556,0,23.2042547071179,-1.52878142137894,0.0773475156903932,632.0457291971057,NA,Land,Slow
2018-05-21T08:15:19Z,141.477070066225,40.587040397351,540371.766974208,4493025.62729905,2018_bird_074_9_trip,K18E30,bird_074,12,2018,8685.77749291556,0,6.66931086403312,1.44982926489414,0.0222310362134437,645.0839362364537,NA,Land,Slow
2018-05-21T08:20:19Z,141.47708,40.5871,540372.571775013,4493032.24787327,2018_bird_074_9_trip,K18E30,bird_074,12,2018,8689.21479512835,0,16.7006215585214,-1.46760683859033,0.0556687385284046,640.4360395027094,NA,Land,Slow
2018-05-21T08:25:19Z,141.477099264215,40.5869502675592,540374.292046878,4493015.63608754,2018_bird_074_9_trip,K18E30,bird_074,12,2018,8677.64427337197,0,18.9895884202798,2.6971960191214,0.0632986280675994,649.2244532659662,NA,Land,Slow
2018-05-21T08:30:19Z,141.47689719084,40.5870246490186,540357.146912917,4493023.79996222,2018_bird_074_9_trip,K18E30,bird_074,12,2018,8696.19755592396,0,260.210657839399,-0.462378932071092,0.867368859464664,657.8490041968073,NA,Land,Slow
2018-05-21T08:35:19Z,141.479641635476,40.585967590696,540590.033848945,4492907.72558313,2018_bird_074_9_trip,K18E30,bird_074,12,2018,8441.14483754983,1,3320.3265275013,-1.05628157855767,11.067755091671,542.9258951151714,NA,Land,Fast_Homing
2018-05-21T08:40:19Z,141.498755810099,40.5598470047236,542224.007970759,4490017.2763415,2018_bird_074_9_trip,K18E30,bird_074,12,2018,5514.58965728071,1,1410.89297096551,-0.671708668404687,4.70297656988505,996.2742103248382,NA,Land,Fast_Homing
2018-05-26T12:10:23Z,141.56805,40.54946,548097.823176529,4488899.81395431,2018_bird_074_15_trip,K18E30,bird_074,12,2018,1495.2747073043,1,3951.84921772689,0.973410895226854,13.1728307257563,2968.228998854618,Fast_Outbound,Sea,Fast_Outbound
2018-05-26T12:15:23Z,141.594561589222,40.5787623362398,550320.669794827,4492167.23880443,2018_bird_074_15_trip,K18E30,bird_074,12,2018,5448.11274745191,1,4156.90910168915,1.06307551038862,13.8563636722972,6747.32767582783,Fast_Outbound,Sea,Fast_Outbound
2018-05-26T12:20:23Z,141.618741329578,40.6113601076445,552341.704277189,4495799.77413128,2018_bird_074_15_trip,K18E30,bird_074,12,2018,9595.27916921731,1,4697.65331309648,1.1823311510079,15.6588443769883,10559.182326573002,Fast_Outbound,Sea,Fast_Outbound
2018-05-26T12:25:23Z,141.640147727096,40.6504101464576,554121.026883132,4500147.41230781,2018_bird_074_15_trip,K18E30,bird_074,12,2018,14246.5482800806,1,4981.01348987706,1.21979165135336,16.6033782995902,14612.201085918705,Fast_Outbound,Sea,Fast_Outbound
2018-05-26T12:30:23Z,141.66082,40.69243,555833.705529609,4504824.72213722,2018_bird_074_15_trip,K18E30,bird_074,12,2018,19185.17856255,1,4148.54731041294,1.19087727423372,13.8284910347098,18265.013811536595,Fast_Outbound,Sea,Fast_Outbound
2018-05-26T12:35:23Z,141.67938,40.72703,557372.174781483,4508677.45586118,2018_bird_074_15_trip,K18E30,bird_074,12,2018,23322.661682442,1,3683.21415855893,1.17201187206484,12.2773805285298,20608.635784645492,Fast_Outbound,Sea,Fast_Outbound
2018-05-26T12:40:23Z,141.696633498591,40.7575040083205,558802.361180204,4512071.66171863,2018_bird_074_15_trip,K18E30,bird_074,12,2018,27002.9453206104,1,2606.59211143039,1.24724817548379,8.68864037143464,22728.45832058442,Fast_Outbound,Sea,Fast_Outbound
2018-05-26T12:45:23Z,141.706686478718,40.7797059950767,559631.081798658,4514543.00640764,2018_bird_074_15_trip,K18E30,bird_074,12,2018,29593.3972308283,1,3850.61128472806,1.50182171383166,12.8353709490935,23833.093217967096,Fast_Outbound,Sea,Fast_Outbound
2018-05-26T12:50:23Z,141.7102,40.81429,559896.465677661,4518384.46168694,2018_bird_074_15_trip,K18E30,bird_074,12,2018,33221.4258526363,1,905.066360281149,1.74816359846689,3.01688786760383,24534.727670960616,Slow,Sea,Fast_Outbound
2018-05-26T12:55:23Z,141.70839205439,40.8223264239606,559736.776888794,4519275.32902118,2018_bird_074_15_trip,K18E30,bird_074,12,2018,33987.6782440979,0,101.422736430673,0.287060306611117,0.338075788102244,24477.82552025625,Slow,Sea,Slow
2018-05-26T13:00:23Z,141.709548239168,40.8225780067044,559834.049441912,4519304.04525135,2018_bird_074_15_trip,K18E30,bird_074,12,2018,34050.3227206697,0,114.604528076078,0.659217488988485,0.382015093586926,24577.651530970033,Slow,Sea,Slow
2018-05-26T13:05:23Z,141.710629199899,40.8232037000512,559924.641084955,4519374.24035137,2018_bird_074_15_trip,K18E30,bird_074,12,2018,34149.1737267426,0,165.128765319672,0.0923198626664214,0.55042921773224,24675.55550251827,Slow,Sea,Slow
2018-05-26T13:10:23Z,141.712580399967,40.8233288001651,560089.066657241,4519389.46337059,2018_bird_074_15_trip,K18E30,bird_074,12,2018,34224.8325664337,0,137.692645502564,0.429925547497391,0.458975485008546,24840.47025430897,Slow,Sea,Slow
2018-05-26T13:15:23Z,141.71407010026,40.8238365886926,560214.228829215,4519446.85409573,2018_bird_074_15_trip,K18E30,bird_074,12,2018,34325.2492817188,0,160.134987986011,0.190572497025794,0.533783293286702,24971.220278308352,Slow,Sea,Slow
2018-05-26T13:20:23Z,141.715937533286,40.8240982667675,560371.464725859,4519477.18703466,2018_bird_074_15_trip,K18E30,bird_074,12,2018,34413.1539256294,0,160.698759845599,0.208391329637063,0.535662532818664,25130.72821519537,Slow,Sea,Slow
2018-05-26T13:25:23Z,141.717805099233,40.8243861591416,560528.686766807,4519510.43340673,2018_bird_074_15_trip,K18E30,bird_074,12,2018,34504.2618132548,1,2114.53103412417,2.34501715422647,7.04843678041391,25290.56342143569,Fast_Outbound,Sea,Fast_Outbound
2018-05-26T13:30:23Z,141.700417500008,40.8381120983843,559050.2929285,4521022.2512374,2018_bird_074_15_trip,K18E30,bird_074,12,2018,35382.6155040794,1,1622.88357954428,2.46284215143858,5.40961193181426,23995.654856050987,Fast_Outbound,Sea,Fast_Outbound
2018-05-26T13:35:23Z,141.68553,40.84738,557787.108856827,4522041.13156101,2018_bird_074_15_trip,K18E30,bird_074,12,2018,35953.2212850652,0,20.262117364121,3.09460204666385,0.0675403912137367,22858.099319721467,Slow,Sea,Slow
2018-05-26T13:40:23Z,141.68529,40.84739,557766.869105911,4522042.08333983,2018_bird_074_15_trip,K18E30,bird_074,12,2018,35948.1846024621,0,53.70988018261,-2.49103256664044,0.179032933942033,22838.122531964225,Slow,Sea,Slow
2018-05-26T13:45:23Z,141.68478,40.8471,557724.129752522,4522009.55490764,2018_bird_074_15_trip,K18E30,bird_074,12,2018,35904.5443242975,0,42.7174818081823,-2.95146353901207,0.142391606027274,22791.999813880186,Slow,Sea,Slow
2018-05-26T13:50:23Z,141.684281661128,40.8470302325617,557682.182046464,4522001.4819151,2018_bird_074_15_trip,K18E30,bird_074,12,2018,35884.5627369048,1,2551.85088533845,2.67783037571976,8.50616961779482,22749.451237112404,Fast_Outbound,Sea,Fast_Outbound
2018-05-26T13:55:23Z,141.65731,40.85747,555399.868104929,4523142.96604258,2018_bird_074_15_trip,K18E30,bird_074,12,2018,36398.1653658002,1,3128.83527789268,2.59270959372326,10.4294509263089,20579.315457205263,Fast_Outbound,Sea,Fast_Outbound
2018-05-26T14:00:23Z,141.625780245958,40.8723508232158,552730.634322892,4524775.38792831,2018_bird_074_15_trip,K18E30,bird_074,12,2018,37506.9092264925,0,148.028053636427,-1.428460461931,0.493426845454756,17989.13958105089,Slow,Sea,Slow
2018-05-26T14:05:23Z,141.626017000063,40.8710295333399,552751.632952367,4524628.85683187,2018_bird_074_15_trip,K18E30,bird_074,12,2018,37365.0258764503,0,140.168755379546,2.29224506268118,0.467229184598488,18003.49140345886,Slow,Sea,Slow
2018-05-26T14:10:23Z,141.62492733344,40.8719835333678,552659.055253312,4524734.10249507,2018_bird_074_15_trip,K18E30,bird_074,12,2018,37455.591883892,0,91.0731918567936,0.136059687391866,0.303577306189312,17915.819301625434,Slow,Sea,Slow
2018-05-26T14:15:23Z,141.625999136197,40.8720890033732,552749.286760501,4524746.4556884,2018_bird_074_15_trip,K18E30,bird_074,12,2018,37481.0290263991,1,2231.8723401676302,1.67705382888109,7.43957446722542,18006.41934527407,Fast_Outbound,Sea,Fast_Outbound
2018-05-26T14:20:23Z,141.623377730839,40.8920952846776,552512.579597985,4526965.74022671,2018_bird_074_15_trip,K18E30,bird_074,12,2018,39645.8788258757,0,413.077518926352,0.0487053972473328,1.37692506308784,17870.111665484725,Slow,Sea,Slow
2018-05-26T14:25:23Z,141.628276999999,40.8922498673702,552925.167259268,4526985.85137783,2018_bird_074_15_trip,K18E30,bird_074,12,2018,39722.9959834742,0,774.052011864963,0.962208804893716,2.58017337288321,18282.74129910036,Slow,Sea,Slow
2018-05-26T14:30:23Z,141.633584596955,40.8979418008506,553367.699880239,4527620.92727601,2018_bird_074_15_trip,K18E30,bird_074,12,2018,40416.7891542311,1,946.731312608606,0.962361333849876,3.15577104202869,18752.864423401523,Slow,Sea,Fast_Outbound
2018-05-26T14:35:23Z,141.640076080461,40.9049039211461,553908.836354751,4528397.76155321,2018_bird_074_15_trip,K18E30,bird_074,12,2018,41269.3138628697,0,689.386071757113,-0.290741170906735,2.29795357252371,19327.85391027555,Slow,Sea,Slow
2018-05-26T14:40:23Z,141.6479,40.90308,554569.290046326,4528200.14050874,2018_bird_074_15_trip,K18E30,bird_074,12,2018,41187.00752273741,0,165.787342349502,0.355924802757296,0.552624474498339,19978.050941828304,Slow,Sea,Slow
2018-05-26T14:45:23Z,141.64975,40.90359,554724.686606543,4528257.91032747,2018_bird_074_15_trip,K18E30,bird_074,12,2018,41271.8586600135,1,1474.20143908721,1.01282176691137,4.91400479695738,20135.675797938035,Fast_Outbound,Sea,Fast_Outbound
2018-05-26T14:50:23Z,141.659128732235,40.9148026259325,555505.230634682,4529508.51854076,2018_bird_074_15_trip,K18E30,bird_074,12,2018,42647.4791254373,0,724.477461432953,0.624373283410868,2.41492487144318,20970.90696575967,Slow,Sea,Slow
2018-05-26T14:55:23Z,141.666146632022,40.9185775007221,556093.020680179,4529932.04003317,2018_bird_074_15_trip,K18E30,bird_074,12,2018,43180.1578756025,0,156.213186530624,-0.113117467710423,0.520710621768747,21576.491387346585,Slow,Sea,Slow
2018-05-26T15:00:23Z,141.66798820605501,40.9184080067317,556248.235514213,4529914.40725285,2018_bird_074_15_trip,K18E30,bird_074,12,2018,43195.0861534688,0,217.674950704082,-0.302264907750479,0.725583169013605,21730.54396615182,Slow,Sea,Slow
2018-05-26T15:05:23Z,141.67045,40.91781,556456.04210863,4529849.60907787,2018_bird_074_15_trip,K18E30,bird_074,12,2018,43175.6967539212,1,1685.62913224844,1.93669902368713,5.61876377416147,21935.03495016568,Fast_Outbound,Sea,Fast_Outbound
2018-05-26T15:10:23Z,141.66343,40.93203,555852.93685037,4531423.65152296,2018_bird_074_15_trip,K18E30,bird_074,12,2018,44594.3885378422,0,107.215831072782,-0.222214394474358,0.357386103575939,21403.883040596716,Slow,Sea,Slow
2018-05-26T15:15:23Z,141.66467,40.93181,555957.516438279,4531400.02221435,2018_bird_074_15_trip,K18E30,bird_074,12,2018,44591.5819546211,0,490.260833279837,1.26416068141397,1.63420277759946,21507.218065340498,Slow,Sea,Slow
2018-05-26T15:20:23Z,141.66647,40.93601,556105.503106378,4531867.41458775,2018_bird_074_15_trip,K18E30,bird_074,12,2018,45079.1204088327,1,871.699417647829,-1.38646639958206,2.90566472549276,21675.860411962112,Slow,Sea,Slow
2018-05-26T15:25:23Z,141.66829,40.92828,556265.275021491,4531010.48237931,2018_bird_074_15_trip,K18E30,bird_074,12,2018,44271.4064898454,0,308.835673878446,2.11868688444417,1.02945224626149,21796.798575617668,Slow,Sea,Slow
2018-05-26T15:30:23Z,141.666403266729,40.9306657666805,556104.406312699,4531274.11229414,2018_bird_074_15_trip,K18E30,bird_074,12,2018,44497.1852492833,0,163.288014234407,-1.03397618389836,0.544293380781357,21648.127365940694,Slow,Sea,Slow
2018-05-26T15:35:23Z,141.667382366708,40.929396066674,556187.912783865,4531133.79249915,2018_bird_074_15_trip,K18E30,bird_074,12,2018,44376.4591717439,0,143.943769609896,-1.1347962822764,0.479812565366319,21725.15654097721,Slow,Sea,Slow
2018-05-26T15:40:23Z,141.668092524956,40.9282165780814,556248.70269934,4531003.31493408,2018_bird_074_15_trip,K18E30,bird_074,12,2018,44261.002573191,0,130.594922171445,-1.05294778271686,0.435316407238149,21779.944512072827,Slow,Sea,Slow
2018-05-26T15:45:23Z,141.66885,40.92719,556313.348741801,4530889.84281023,2018_bird_074_15_trip,K18E30,bird_074,12,2018,44163.1550739782,0,144.126758555077,-0.974799280604468,0.480422528516924,21839.344643634668,Slow,Sea,Slow
2018-05-26T15:50:23Z,141.6698,40.92611,556394.252017352,4530770.56505649,2018_bird_074_15_trip,K18E30,bird_074,12,2018,44063.1804596923,0,164.735512518517,-0.747042629620414,0.549118375061722,21914.730635000687,Slow,Sea,Slow
2018-05-26T15:55:23Z,141.671225249242,40.9250933887334,556515.118714031,4530658.63190359,2018_bird_074_15_trip,K18E30,bird_074,12,2018,43979.0672172797,0,145.127743882163,-0.947503694621416,0.483759146273877,22030.355542455283,Slow,Sea,Slow
2018-05-26T16:00:23Z,141.672220553577,40.9240260740015,556599.831491871,4530540.79384813,2018_bird_074_15_trip,K18E30,bird_074,12,2018,43881.8959592241,1,1678.10448142296,3.10522944206766,5.5936816047432,22109.650956179936,Slow,Sea,Slow
2018-05-26T16:05:23Z,141.65231,40.92469,554922.836352843,4530601.80166933,2018_bird_074_15_trip,K18E30,bird_074,12,2018,43614.1656144993,0,188.779423068202,-0.85761283627243,0.629264743560673,20438.877594333084,Slow,Sea,Slow
2018-05-26T16:10:23Z,141.653764119682,40.9233956478625,555046.344290184,4530459.03101413,2018_bird_074_15_trip,K18E30,bird_074,12,2018,43495.6597886181,0,178.431623387333,-0.94062987713300406,0.594772077957778,20555.694418803316,Slow,Sea,Slow
2018-05-26T16:15:23Z,141.655,40.92209,555151.490342621,4530314.8708536,2018_bird_074_15_trip,K18E30,bird_074,12,2018,43372.9228278005,0,176.206018441706,-0.826981314188406,0.587353394805688,20654.125388252145,Slow,Sea,Slow
2018-05-26T16:20:23Z,141.656405315698,40.9209139202941,555270.79948436,4530185.20247028,2018_bird_074_15_trip,K18E30,bird_074,12,2018,43267.4531945308,0,211.143933035708,-1.05757637072285,0.703813110119025,20767.37721722632,Slow,Sea,Slow
2018-05-26T16:25:23Z,141.65762,40.91925,555374.467969375,4530001.26061623,2018_bird_074_15_trip,K18E30,bird_074,12,2018,43106.1726624287,0,160.062731957093,-0.678986498732646,0.533542439856978,20862.48477035385,Slow,Sea,Slow
2018-05-26T16:30:23Z,141.659090198811,40.9183360927772,555499.030324276,4529900.74047943,2018_bird_074_15_trip,K18E30,bird_074,12,2018,43031.2394154715,0,188.360412165997,-0.973455543639433,0.627868040553324,20982.32138520172,Slow,Sea,Slow
2018-05-26T16:35:23Z,141.660334300077,40.9169260000238,555604.972834402,4529744.99764839,2018_bird_074_15_trip,K18E30,bird_074,12,2018,42898.9536041449,0,171.88237035461,-0.879279666230551,0.572941234515367,21081.00882564506,Slow,Sea,Slow
2018-05-26T16:40:23Z,141.661624000073,40.9157259333539,555714.583282163,4529612.60014471,2018_bird_074_15_trip,K18E30,bird_074,12,2018,42790.7062076884,0,169.002631265679,-0.922389270853725,0.563342104218929,21184.44737708541,Slow,Sea,Slow
2018-05-26T16:45:23Z,141.662823833409,40.914505600019,555816.646932363,4529477.89713553,2018_bird_074_15_trip,K18E30,bird_074,12,2018,42679.0965031574,0,175.574763527159,-0.979147695872198,0.585249211757197,21280.248555262875,Slow,Sea,Slow
2018-05-26T16:50:23Z,141.663973466726,40.9131862000155,555914.570276952,4529332.16616363,2018_bird_074_15_trip,K18E30,bird_074,12,2018,42556.2201179397,0,153.992301813432,-0.957717801294837,0.513307672711441,21371.40405948776,Slow,Sea,Slow
2018-05-26T16:55:23Z,141.665014200082,40.9120456333561,556003.175607025,4529206.2188552,2018_bird_074_15_trip,K18E30,bird_074,12,2018,42451.1464767208,0,179.98620107366,-0.933097287846666,0.599954003578865,21454.18446858209,Slow,Sea,Slow
2018-05-26T17:00:23Z,141.666273455217,40.910735647856,556110.330080636,4529061.60574596,2018_bird_074_15_trip,K18E30,bird_074,12,2018,42332.0083449361,0,169.20135160524,-1.0210771092749,0.564004505350799,21554.6011837804,Slow,Sea,Slow
2018-05-26T17:05:23Z,141.66731,40.90943,556198.728960357,4528917.33261801,2018_bird_074_15_trip,K18E30,bird_074,12,2018,42209.6386229701,0,161.269366961705,-0.905819924192771,0.537564556539016,21636.32043279316,Slow,Sea,Slow
2018-05-26T17:10:23Z,141.66848,40.90828,556298.238701401,4528790.42469802,2018_bird_074_15_trip,K18E30,bird_074,12,2018,42106.9527914863,0,163.536775980132,-0.914526869986754,0.54512258660044,21729.935608799125,Slow,Sea,Slow
2018-05-26T17:15:23Z,141.669652980186,40.9071060265017,556398.023198828,4528660.85876433,2018_bird_074_15_trip,K18E30,bird_074,12,2018,42002.1009393149,0,152.255667850025,-1.04581181473359,0.507518892833415,21823.70447034511,Slow,Sea,Slow
2018-05-26T17:20:23Z,141.670547019921,40.9059139735215,556474.333679037,4528529.10710779,2018_bird_074_15_trip,K18E30,bird_074,12,2018,41890.298532103,0,133.760392296538,-0.849538978368438,0.445867974321795,21893.949930868686,Slow,Sea,Slow
2018-05-26T17:25:23Z,141.671586533381,40.9050030333488,556562.659602941,4528428.65625556,2018_bird_074_15_trip,K18E30,bird_074,12,2018,41811.9583118466,0,146.34653661765,-0.717402084929444,0.4878217887255,21977.548646414452,Slow,Sea,Slow
2018-05-26T17:30:23Z,141.672886986926,40.9041287417944,556672.934091373,4528332.44375127,2018_bird_074_15_trip,K18E30,bird_074,12,2018,41742.9977306634,0,138.094407515478,-0.643209487996101,0.460314691718261,22083.217961911505,Slow,Sea,Slow
2018-05-26T17:35:23Z,141.674191304446,40.9033750167707,556783.433775409,4528249.61932725,2018_bird_074_15_trip,K18E30,bird_074,12,2018,41687.5245491749,0,146.241228504567,-0.62577628789839,0.487470761681891,22189.81753202896,Slow,Sea,Slow
2018-05-26T17:40:23Z,141.675590666776,40.9025952000558,556901.963559208,4528163.96194422,2018_bird_074_15_trip,K18E30,bird_074,12,2018,41631.5472319844,0,147.313303156788,-0.590849666055594,0.491044343855961,22304.232421537366,Slow,Sea,Slow
2018-05-26T17:45:23Z,141.677035548335,40.9018474751722,557024.302493094,4528081.89858734,2018_bird_074_15_trip,K18E30,bird_074,12,2018,41580.4017864238,0,147.973362478399,-0.556405449155608,0.493244541594662,22422.591205003533,Slow,Sea,Slow
2018-05-26T17:50:23Z,141.67852010044,40.9011347492264,557149.955406949,4528003.74833946,2018_bird_074_15_trip,K18E30,bird_074,12,2018,41534.3099128949,0,459.681492614507,0.782319694997933,1.53227164204836,22544.57437920531,Slow,Sea,Slow
2018-05-26T17:55:23Z,141.682420828854,40.9040307980238,557475.998403144,4528327.79006407,2018_bird_074_15_trip,K18E30,bird_074,12,2018,41927.7377059486,0,131.145919952368,-0.473518473846246,0.437153066507894,22884.445214398627,Slow,Sea,Slow
2018-05-26T18:00:23Z,141.683800969979,40.9034838796507,557592.714246284,4528267.98484456,2018_bird_074_15_trip,K18E30,bird_074,12,2018,41898.4893636381,0,141.572049998569,-0.610214586851896,0.471906833328563,22998.203790489184,Slow,Sea,Slow
2018-05-26T18:05:23Z,141.685170866768,40.9027449333867,557708.736090349,4528186.85792522,2018_bird_074_15_trip,K18E30,bird_074,12,2018,41848.8090645453,0,579.653131308494,0.949747545809081,1.93217710436165,23110.379385724336,Slow,Sea,Slow
2018-05-26T18:10:23Z,141.689219332949,40.9069674426089,558046.029535699,4528658.27163351,2018_bird_074_15_trip,K18E30,bird_074,12,2018,42390.4293960716,0,152.154831450775,-0.687516058223813,0.507182771502582,23468.115928106345,Slow,Sea,Slow
2018-05-26T18:15:23Z,141.690606400189,40.9060893000786,558163.618556096,4528561.71121193,2018_bird_074_15_trip,K18E30,bird_074,12,2018,42327.312119574,1,2192.43701379795,0.809446873186977,7.30812337932651,23581.1081638042,Fast_Outbound,Sea,Fast_Outbound
2018-05-26T18:20:23Z,141.708717160875,40.9202766148406,559676.178550102,4530148.82882698,2018_bird_074_15_trip,K18E30,bird_074,12,2018,44264.7522966564,1,2208.71424087939,0.894213757206502,7.36238080293131,25161.879475151072,Fast_Outbound,Sea,Fast_Outbound
2018-05-26T18:25:23Z,141.725309472831,40.9356871988472,561059.125340527,4531871.00093589,2018_bird_074_15_trip,K18E30,bird_074,12,2018,46314.9332298732,1,2075.36703058268,0.703496093889907,6.91789010194226,26619.374341663493,Fast_Outbound,Sea,Fast_Outbound
2018-05-26T18:30:23Z,141.744243644091,40.9476603439221,562641.769672354,4533213.53035105,2018_bird_074_15_trip,K18E30,bird_074,12,2018,48082.5197914238,0,153.449790256956,0.130918421724257,0.51149930085652,28258.994930286743,Slow,Sea,Slow
2018-05-26T18:35:23Z,141.746053056457,40.9478291031139,562793.906303253,4533233.56241706,2018_bird_074_15_trip,K18E30,bird_074,12,2018,48150.5197381075,1,1113.8766360253,1.5712963849859,3.71292212008433,28411.738657591737,Fast_Outbound,Sea,Fast_Outbound
2018-05-26T18:40:23Z,141.746159397825,40.9578624415311,562793.34930014,4534347.43891382,2018_bird_074_15_trip,K18E30,bird_074,12,2018,49206.011936389,1,2120.56853330867,0.930490119319845,7.06856177769556,28461.16217056007,Fast_Outbound,Sea,Fast_Outbound
2018-05-26T18:45:23Z,141.761388646532,40.9730813839851,564060.263929946,4536047.95007969,2018_bird_074_15_trip,K18E30,bird_074,12,2018,51225.1281377675,1,2225.59478753795,0.74432370180517,7.41864929179316,29801.76179648347,Fast_Outbound,Sea,Fast_Outbound
2018-05-26T18:50:23Z,141.781004039724,40.9865325104685,565697.291819592,4537555.73383303,2018_bird_074_15_trip,K18E30,bird_074,12,2018,53198.4107995921,1,2125.39894316462,0.836392145811874,7.08466314388207,31503.017695393883,Fast_Outbound,Sea,Fast_Outbound
2018-05-26T18:55:23Z,141.798106109204,41.000626008715,567121.617378875,4539133.26905253,2018_bird_074_15_trip,K18E30,bird_074,12,2018,55178.8113867749,1,2006.24350695813,1.27269985314288,6.6874783565271,32995.19360704114,Fast_Outbound,Sea,Fast_Outbound
2018-05-26T19:00:23Z,141.805322037732,41.0178512170269,567710.853432508,4541051.0317809,2018_bird_074_15_trip,K18E30,bird_074,12,2018,57180.8694543759,1,1688.37534251347,1.9391374792487,5.62791780837824,33669.14016004979,Fast_Outbound,Sea,Fast_Outbound
2018-05-26T19:05:23Z,141.79826357921,41.0320892040787,567102.92291516,4542626.16091316,2018_bird_074_15_trip,K18E30,bird_074,12,2018,58444.8498630857,1,2166.82920024015,2.29380579082395,7.22276400080049,33133.07922849201,Fast_Outbound,Sea,Fast_Outbound
2018-05-26T19:10:23Z,141.781383080691,41.046840529895,565669.252910198,4544250.88830564,2018_bird_074_15_trip,K18E30,bird_074,12,2018,59515.5434418057,1,1361.07122002992,1.70828652612045,4.5369040667664,31775.232281224948,Fast_Outbound,Sea,Fast_Outbound
2018-05-26T19:15:23Z,141.779306921751,41.0589994702924,565482.707982677,4545599.1152361,2018_bird_074_15_trip,K18E30,bird_074,12,2018,60742.8383967256,1,1973.25863220242,0.911480236458625,6.57752877400808,31649.514282837765,Fast_Outbound,Sea,Fast_Outbound
2018-05-26T19:20:23Z,141.793860100205,41.0729498083241,566691.479701798,4547158.80128163,2018_bird_074_15_trip,K18E30,bird_074,12,2018,62598.202645933,1,2014.33424902481,0.00240657456862706,6.71444749674938,32925.54875481306,Fast_Middle,Sea,Fast_Middle
2018-05-26T19:25:23Z,141.817835840708,41.0728258009015,568705.808117715,4547163.64892252,2018_bird_074_15_trip,K18E30,bird_074,12,2018,63258.6528016614,1,2228.24182263979,-1.2658463003404,7.42747274213263,34935.895287705374,Fast_Homing,Sea,Fast_Homing
2018-05-26T19:30:23Z,141.825559235861,41.0536247840548,569374.827715077,4545038.21381448,2018_bird_074_15_trip,K18E30,bird_074,12,2018,61501.1510973966,0,174.782706554206,-1.6717802289202,0.582609021847353,35508.299627402164,Slow,Sea,Slow
2018-05-26T19:35:23Z,141.82533,41.05206,569357.207458837,4544864.32154587,2018_bird_074_15_trip,K18E30,bird_074,12,2018,61332.5498357856,1,3052.68804410451,-0.757763118700054,10.1756268136817,35482.912516662414,Fast_Homing,Sea,Fast_Homing
2018-05-26T19:40:23Z,141.85147,41.03297,571574.60444371,4542766.21408769,2018_bird_074_15_trip,K18E30,bird_074,12,2018,60242.3857645078,1,2657.50969286421,-1.97235165917267,8.85836564288069,37601.673855491536,Fast_Homing,Sea,Fast_Homing
2018-05-26T19:45:23Z,141.838835147717,41.0110278739345,570535.915646284,4540320.09811542,2018_bird_074_15_trip,K18E30,bird_074,12,2018,57584.2797431951,1,2405.27202164402,-1.61210412930812,8.01757340548007,36455.48496539134,Fast_Homing,Sea,Fast_Homing
2018-05-26T19:50:23Z,141.83738,40.98939,570436.587398118,4537916.87790137,2018_bird_074_15_trip,K18E30,bird_074,12,2018,55353.023309413,1,4492.93756440582,-1.04665296272503,14.9764585480194,36248.55245107917,Fast_Homing,Sea,Fast_Homing
2018-05-26T19:55:23Z,141.8636522715,40.9541565337014,572685.174839782,4534027.10381091,2018_bird_074_15_trip,K18E30,bird_074,12,2018,52892.3586994554,1,3131.63976906109,-1.46428420651518,10.4387992302036,38317.798468038345,Fast_Homing,Sea,Fast_Homing
2018-05-26T20:00:23Z,141.86724075274,40.9260790757087,573018.102096735,4530913.21121727,2018_bird_074_15_trip,K18E30,bird_074,12,2018,50354.6969204431,1,4798.76316058447,-1.99116075108913,15.9958772019482,38510.13612809902,Fast_Homing,Sea,Fast_Homing
2018-05-26T20:05:23Z,141.843482242744,40.8867903410622,571059.759589174,4526532.22702482,2018_bird_074_15_trip,K18E30,bird_074,12,2018,45591.0107813084,1,5049.40710260627,-1.96094264426931,16.8313570086876,36358.95750604105,Fast_Homing,Sea,Fast_Homing
2018-05-26T20:10:23Z,141.82017,40.84489,569139.350188005,4521862.26558818,2018_bird_074_15_trip,K18E30,bird_074,12,2018,40612.6309446876,1,3588.19195914927,-2.45576307397703,11.9606398638309,34104.150470747765,Fast_Homing,Sea,Fast_Homing
2018-05-26T20:15:23Z,141.78699,40.82465,566362.470218171,4519589.80895078,2018_bird_074_15_trip,K18E30,bird_074,12,2018,37216.0556127427,1,4188.57215105186,-2.21541719333264,13.9619071701729,31089.252916681227,Fast_Homing,Sea,Fast_Homing
2018-05-26T20:20:23Z,141.756802043156,40.794691413342,563845.576355002,4516241.76744176,2018_bird_074_15_trip,K18E30,bird_074,12,2018,33051.6216384191,1,4945.54353908588,-2.08728522756123,16.4851451302863,28209.528367424173,Fast_Homing,Sea,Fast_Homing
2018-05-26T20:25:23Z,141.727432008606,40.7561398806961,561403.318182934,4511941.32840395,2018_bird_074_15_trip,K18E30,bird_074,12,2018,28104.6749116029,1,4156.38774028279,-2.20232559166199,13.8546258009426,25252.734002435263,Fast_Homing,Sea,Fast_Homing
2018-05-26T20:30:23Z,141.698047902673,40.7261001455836,558949.471000329,4508586.60143265,2018_bird_074_15_trip,K18E30,bird_074,12,2018,23972.3470167794,1,4354.55843945075,-2.40019735107183,14.5151947981692,22126.327298061693,Fast_Homing,Sea,Fast_Homing
2018-05-26T20:35:23Z,141.659758740594,40.6998336744089,555737.866558285,4505645.89129555,2018_bird_074_15_trip,K18E30,bird_074,12,2018,19881.2913692824,1,4944.99064787168,-2.23396088936674,16.4833021595723,18351.52021043532,Fast_Homing,Sea,Fast_Homing
2018-05-26T20:40:23Z,141.6234,40.66493,552693.662284078,4501749.00114513,2018_bird_074_15_trip,K18E30,bird_074,12,2018,15092.7979975769,1,4808.6515542408,-1.99523979467668,16.028838514136,14448.101307077048,Fast_Homing,Sea,Fast_Homing
2018-05-26T20:45:23Z,141.59962,40.62558,550713.393716673,4497367.03056432,2018_bird_074_15_trip,K18E30,bird_074,12,2018,10292.380432979,1,4608.17643438238,-1.90030760281616,15.3605881146079,10215.073924264523,NA,Sea,Fast_Homing
2018-06-01T17:00:31Z,141.56709,40.54858,548017.166362126,4488801.60902648,2018_bird_074_24_trip,K18E30,bird_074,12,2018,1368.40118163432,1,3947.21233136343,0.780178826099296,13.1573744378781,2841.247660696643,Fast_Outbound,Sea,Fast_Outbound
2018-06-01T17:05:31Z,141.600446688178,40.5734244828173,550822.796581001,4491578.10398664,2018_bird_074_24_trip,K18E30,bird_074,12,2018,5302.52859984207,1,3991.87061509417,0.822734797195661,13.3062353836472,6735.192153520153,Fast_Outbound,Sea,Fast_Outbound
2018-06-01T17:10:31Z,141.632773769313,40.5996123714517,553538.143309975,4494504.18039527,2018_bird_074_24_trip,K18E30,bird_074,12,2018,9295.86168251978,1,3830.66948563432,0.791077588454323,12.7688982854477,10698.830225152378,Fast_Outbound,Sea,Fast_Outbound
2018-06-01T17:15:31Z,141.664846981784,40.6239723445766,556231.408261642,4497228.21281216,2018_bird_074_24_trip,K18E30,bird_074,12,2018,13126.5155324518,1,3877.82003269907,0.814878995636795,12.9260667756636,14484.586929413848,Fast_Outbound,Sea,Fast_Outbound
2018-06-01T17:20:31Z,141.696559413987,40.6492049956384,558891.423911082,4500049.87986388,2018_bird_074_24_trip,K18E30,bird_074,12,2018,17005.7275260311,1,3911.54455261548,0.815464297847659,13.0384818420516,18330.76066703703,Fast_Outbound,Sea,Fast_Outbound
2018-06-01T17:25:31Z,141.728552300871,40.6746622157382,561572.906761933,4502897.6562785,2018_bird_074_24_trip,K18E30,bird_074,12,2018,20918.6595868993,1,3881.0848192165,0.611120717253121,12.9369493973883,22207.50382732006,Fast_Outbound,Sea,Fast_Outbound
2018-06-01T17:30:31Z,141.766389600687,40.6944786283128,564751.536500289,4505124.56722427,2018_bird_074_24_trip,K18E30,bird_074,12,2018,24733.6092408811,1,3689.30449607749,0.611981098452938,12.2976816535916,25871.13697178311,Fast_Outbound,Sea,Fast_Outbound
2018-06-01T17:35:31Z,141.802356604943,40.7133276369167,567771.274669476,4507244.03627437,2018_bird_074_24_trip,K18E30,bird_074,12,2018,28377.4772443493,1,3579.43204496413,0.590356636720237,11.9314401498804,29351.577882233407,Fast_Outbound,Sea,Fast_Outbound
2018-06-01T17:40:31Z,141.837782946086,40.7310256034001,570744.859948071,4509236.55336475,2018_bird_074_24_trip,K18E30,bird_074,12,2018,31912.1377644126,1,3579.57137748598,0.964317372924324,11.9319045916199,32701.31897561259,Fast_Outbound,Sea,Fast_Outbound
2018-06-01T17:45:31Z,141.862284094764,40.7573408386857,572785.136511998,4512177.74407417,2018_bird_074_24_trip,K18E30,bird_074,12,2018,35413.2955889813,1,3619.16973287582,0.832231128090337,12.0638991095861,36285.87413294633,Fast_Outbound,Sea,Fast_Outbound
2018-06-01T17:50:31Z,141.891468401227,40.7812269450513,575221.661690671,4514853.88581352,2018_bird_074_24_trip,K18E30,bird_074,12,2018,39026.0098581226,0,711.536761572756,0.822292614917252,2.37178920524252,39340.84936344666,Fast_Outbound,Sea,Fast_Outbound
2018-06-01T17:55:31Z,141.897269667763,40.7858785049852,575705.89318109,4515375.23447493,2018_bird_074_24_trip,K18E30,bird_074,12,2018,39736.8354668921,0,182.166291056432,-1.53728134012012,0.607220970188105,39880.92215371267,Slow,Sea,Slow
2018-06-01T18:00:31Z,141.897319931681,40.7842380067387,575711.997339004,4515193.17048383,2018_bird_074_24_trip,K18E30,bird_074,12,2018,39614.5045999377,1,3611.90507101781,0.809205051306366,12.0396835700594,39866.19814432119,Fast_Outbound,Sea,Fast_Outbound
2018-06-01T18:05:31Z,141.927184141051,40.8075505020925,578204.479069036,4517807.2464329,2018_bird_074_24_trip,K18E30,bird_074,12,2018,43224.7525567052,1,1502.70162980022,0.907733995393176,5.0090054326674,42638.08441436935,Fast_Outbound,Sea,Fast_Outbound
2018-06-01T18:10:31Z,141.938299290136,40.8181291958309,579129.441798868,4518991.5420618,2018_bird_074_24_trip,K18E30,bird_074,12,2018,44714.4311592104,1,1485.03202846556,1.06470249125408,4.95010676155188,43691.12886346443,Fast_Middle,Sea,Fast_Middle
2018-06-01T18:15:31Z,141.947000900013,40.8297588000013,579849.332529883,4520290.41752194,2018_bird_074_24_trip,K18E30,bird_074,12,2018,46140.3325579796,0,124.813165800554,-1.50210893953263,0.416043886001848,44553.69759342243,Slow,Sea,Slow
2018-06-01T18:20:31Z,141.947086523105,40.8286363907361,579857.898880483,4520165.89867199,2018_bird_074_24_trip,K18E30,bird_074,12,2018,46058.4486190967,0,153.783120169589,-1.75124239741756,0.512610400565298,44547.996578732425,Slow,Sea,Slow
2018-06-01T18:25:31Z,141.946739866664,40.8272764000004,579830.29966698,4520014.6124153,2018_bird_074_24_trip,K18E30,bird_074,12,2018,45932.2143310705,0,122.906948113774,-1.61058117076721,0.409689827045912,44503.34887677456,Slow,Sea,Slow
2018-06-01T18:30:31Z,141.946666167111,40.8261706946391,579825.41112309,4519891.80272499,2018_bird_074_24_trip,K18E30,bird_074,12,2018,45842.3292002495,1,1298.14545756335,-2.27994025293249,4.32715152521117,44484.49537870778,Fast_Homing,Sea,Fast_Homing
2018-06-01T18:35:31Z,141.936517647784,40.8173786169896,578980.079158034,4518906.61467297,2018_bird_074_24_trip,K18E30,bird_074,12,2018,44548.3028382566,1,2750.69622586115,-2.22749176112825,9.16898741953716,43533.21496920552,Fast_Homing,Sea,Fast_Homing
2018-06-01T18:40:31Z,141.916337471912,40.7979151232589,577300.771058499,4516728.02475428,2018_bird_074_24_trip,K18E30,bird_074,12,2018,41824.2967644998,1,2662.59389016872,-2.13541032918516,8.87531296722907,41618.090626876634,Fast_Homing,Sea,Fast_Homing
2018-06-01T18:45:31Z,141.899177149355,40.7777871045311,575876.044314323,4514478.67819841,2018_bird_074_24_trip,K18E30,bird_074,12,2018,39241.1834485794,1,2259.63451656286,-2.11748603322848,7.53211505520952,39916.30942975236,Fast_Homing,Sea,Fast_Homing
2018-06-01T18:50:31Z,141.88502712109,40.7605075697561,574701.345599109,4512548.38519555,2018_bird_074_24_trip,K18E30,bird_074,12,2018,37069.0900071453,1,2654.05769445097,-2.20795803510945,8.84685898150325,37697.85865242046,Fast_Homing,Sea,Fast_Homing
2018-06-01T18:55:31Z,141.866073215251,40.7414336054668,573122.402998251,4510415.0866912,2018_bird_074_24_trip,K18E30,bird_074,12,2018,34470.1249908652,1,2691.40862227484,-1.97466273885396,8.97136207424945,35040.57132921748,Fast_Homing,Sea,Fast_Homing
2018-06-01T19:00:31Z,141.853262619035,40.7192340359701,572064.742323961,4507940.20603344,2018_bird_074_24_trip,K18E30,bird_074,12,2018,32063.131971085,1,3068.95408581425,-2.12706407425422,10.2298469527142,32405.755858784363,Fast_Homing,Sea,Fast_Homing
2018-06-01T19:05:31Z,141.833784977247,40.6958978058495,570444.272157655,4505333.95285677,2018_bird_074_24_trip,K18E30,bird_074,12,2018,29176.4342685678,1,2343.06626862405,-2.52868824135678,7.81022089541349,29337.83615946155,Fast_Homing,Sea,Fast_Homing
2018-06-01T19:10:31Z,141.810955105945,40.6839183158485,568527.689124677,4503986.11421031,2018_bird_074_24_trip,K18E30,bird_074,12,2018,26834.2986454456,1,1973.89323972148,-1.96631523391476,6.57964413240493,27127.108147383657,Fast_Homing,Sea,Fast_Homing
2018-06-01T19:15:31Z,141.801759431624,40.6675733348116,567767.173549346,4502164.61192333,2018_bird_074_24_trip,K18E30,bird_074,12,2018,25142.3178284209,1,3135.79244949626,-2.04242417291512,10.4526414983209,25198.231323463413,Fast_Homing,Sea,Fast_Homing
2018-06-01T19:20:31Z,141.784610269919,40.6425258646421,566342.466950405,4499371.15431791,2018_bird_074_24_trip,K18E30,bird_074,12,2018,22415.6320663588,1,3536.51482002218,-2.17210718143036,11.7883827334073,22090.541244259864,Fast_Homing,Sea,Fast_Homing
2018-06-01T19:25:31Z,141.760652637455,40.6164150769458,564341.776054213,4496454.96279297,2018_bird_074_24_trip,K18E30,bird_074,12,2018,19241.3108499715,1,3337.67087140646,-2.28928958569154,11.1255695713549,18549.21260435565,Fast_Homing,Sea,Fast_Homing
2018-06-01T19:30:31Z,141.734433516639,40.5939494798438,562144.750373746,4493942.36951009,2018_bird_074_24_trip,K18E30,bird_074,12,2018,16186.7821121637,1,3372.56752739563,-2.4929594298326,11.2418917579854,15224.128733441858,Fast_Homing,Sea,Fast_Homing
2018-06-01T19:35:31Z,141.702481037545,40.5757940877247,559457.116880216,4491905.00897957,2018_bird_074_24_trip,K18E30,bird_074,12,2018,12946.7859118679,1,3489.63497980388,-2.54775263883393,11.6321165993463,12003.45492548524,Fast_Homing,Sea,Fast_Homing
2018-06-01T19:40:31Z,141.668137204586,40.5584070531375,556564.913957554,4489952.39162166,2018_bird_074_24_trip,K18E30,bird_074,12,2018,9617.6918449401,1,3582.42281949869,-2.62054220450774,11.941409398329,8733.447881590006,NA,Sea,Fast_Homing
2018-06-03T21:25:31Z,141.5713,40.55398,548369.755421144,4489403.32043922,2018_bird_074_28_trip,K18E30,bird_074,12,2018,2064.14152437286,1,3849.01744734236,0.733196329214768,12.8300581578079,3518.3262871882357,Fast_Outbound,Sea,Fast_Outbound
2018-06-03T21:30:31Z,141.60528667216,40.5770132396866,551229.7257446,4491979.26784918,2018_bird_074_28_trip,K18E30,bird_074,12,2018,5873.62963297709,1,4189.69176902782,0.556457303111361,13.9656392300927,7298.675284166162,Fast_Outbound,Sea,Fast_Outbound
2018-06-03T21:35:31Z,141.64751,40.59672,554787.325511907,4494192.18470598,2018_bird_074_28_trip,K18E30,bird_074,12,2018,9980.52374504292,1,4128.05553110079,0.756145178472567,13.7601851036693,11167.880194841027,Fast_Outbound,Sea,Fast_Outbound
2018-06-03T21:40:31Z,141.68326,40.62203,557790.429306817,4497024.53533132,2018_bird_074_28_trip,K18E30,bird_074,12,2018,14106.9532670352,1,4700.72128161001,0.762703429773591,15.6690709387,15221.528247004626,Fast_Outbound,Sea,Fast_Outbound
2018-06-03T21:45:31Z,141.723753412984,40.6510402237353,561188.91406599,4500272.16245109,2018_bird_074_28_trip,K18E30,bird_074,12,2018,18806.6366088723,1,4525.13367974663,0.734143221483711,15.0837789324888,19843.308171527737,Fast_Outbound,Sea,Fast_Outbound
2018-06-03T21:50:31Z,141.763798182179,40.6780930587196,564548.396051901,4503303.78175534,2018_bird_074_28_trip,K18E30,bird_074,12,2018,23333.3593566122,1,4463.87682987665,0.67678172823504,14.8795894329222,24265.854801669742,Fast_Outbound,Sea,Fast_Outbound
2018-06-03T21:55:31Z,141.805276262487,40.7029962410693,568028.400125052,4506099.45126427,2018_bird_074_28_trip,K18E30,bird_074,12,2018,27792.7625959355,1,4493.17843885374,0.609709587095483,14.9772614628458,28565.184484213405,Fast_Outbound,Sea,Fast_Outbound
2018-06-03T22:00:31Z,141.84917,40.72586,571711.972292543,4508672.37733594,2018_bird_074_28_trip,K18E30,bird_074,12,2018,32262.0588467384,1,4594.05810635627,0.587938156941573,15.3135270211876,32800.01621058908,Fast_Outbound,Sea,Fast_Outbound
2018-06-03T22:05:31Z,141.894737896999,40.7484700917616,575534.623915097,4511220.45591737,2018_bird_074_28_trip,K18E30,bird_074,12,2018,36828.4743238119,1,4200.90487451616,0.59936160441761,14.0030162483872,37094.62383916556,Fast_Outbound,Sea,Fast_Outbound
2018-06-03T22:10:31Z,141.93612,40.76949,579003.293896533,4513590.25133568,2018_bird_074_28_trip,K18E30,bird_074,12,2018,41014.0715512105,1,4125.90973217017,1.0490671070082,13.7530324405672,41042.11599486552,Fast_Outbound,Sea,Fast_Outbound
2018-06-03T22:15:31Z,141.960946126239,40.8015088727112,581059.564971658,4517167.24453998,2018_bird_074_28_trip,K18E30,bird_074,12,2018,44893.2551171929,1,4063.18407525997,1.35479556189688,13.5439469175332,45152.08569580674,Fast_Outbound,Sea,Fast_Outbound
2018-06-03T22:20:31Z,141.97179,40.83717,581930.407081359,4521136.00994617,2018_bird_074_28_trip,K18E30,bird_074,12,2018,48218.7069708545,1,4162.6412305259,1.38898706318363,13.8754707684197,46715.36249961047,Fast_Outbound,Sea,Fast_Outbound
2018-06-03T22:25:31Z,141.98126,40.87397,582683.051378464,4525230.04323575,2018_bird_074_28_trip,K18E30,bird_074,12,2018,51659.6329466262,1,3063.78891907338,1.27092865890166,10.2126297302446,47899.04609454949,Fast_Outbound,Sea,Fast_Outbound
2018-06-03T22:30:31Z,141.992392875373,40.9002424274066,583588.075575695,4528157.1123745,2018_bird_074_28_trip,K18E30,bird_074,12,2018,54426.6463801032,0,180.242834976359,2.68824570981587,0.600809449921195,48933.82089805469,Slow,Sea,Slow
2018-06-03T22:35:31Z,141.99048,40.90097,583426.039744224,4528236.05456145,2018_bird_074_28_trip,K18E30,bird_074,12,2018,54377.3215506111,1,1050.09565131754,-2.6601099145627,3.50031883772512,48775.66794340061,Fast_Middle,Sea,Fast_Middle
2018-06-03T22:40:31Z,141.979367040824,40.8966842875317,582495.330255088,4527749.76172401,2018_bird_074_28_trip,K18E30,bird_074,12,2018,53395.6845554689,1,2356.56925103316,-3.07810923315004,7.85523083677721,47825.082200140074,Fast_Homing,Sea,Fast_Homing
2018-06-03T22:45:31Z,141.951431138401,40.8955713957073,580143.508066958,4527600.25911421,2018_bird_074_28_trip,K18E30,bird_074,12,2018,51755.6473004367,1,3409.51345060102,-2.7937240317023,11.3650448353367,45471.56795864085,Fast_Homing,Sea,Fast_Homing
2018-06-03T22:50:31Z,141.91324,40.88541,576938.219618612,4526437.97346398,2018_bird_074_28_trip,K18E30,bird_074,12,2018,48849.2770926256,1,3348.33543327393,-2.41387803079774,11.1611181109131,42220.774884025894,Fast_Homing,Sea,Fast_Homing
2018-06-03T22:55:31Z,141.8833,40.86558,574438.02925744,4524210.77829255,2018_bird_074_28_trip,K18E30,bird_074,12,2018,45563.7374847466,1,3157.04043008752,-2.52252748502472,10.5234681002917,39625.68863724896,Fast_Homing,Sea,Fast_Homing
2018-06-03T23:00:31Z,141.852581646492,40.849308380264,571866.868378123,4522378.82960062,2018_bird_074_28_trip,K18E30,bird_074,12,2018,42568.4363584578,1,2418.20170578159,-2.5214560958567,8.0606723526053,36869.86895092781,Fast_Homing,Sea,Fast_Homing
2018-06-03T23:05:31Z,141.82908,40.83682,569898.937996111,4520973.50063507,2018_bird_074_28_trip,K18E30,bird_074,12,2018,40290.0332462988,1,2618.08236035382,-2.42297082507552,8.72694120117939,34756.68656523239,Fast_Homing,Sea,Fast_Homing
2018-06-03T23:10:31Z,141.80552,40.82146,567928.271378573,4519249.8915355,2018_bird_074_28_trip,K18E30,bird_074,12,2018,37760.8919934665,1,2320.27057292683,-1.92318621830969,7.73423524308942,32604.435504989982,Fast_Homing,Sea,Fast_Homing
2018-06-03T23:15:31Z,141.79579,40.80191,567127.448958655,4517072.20033073,2018_bird_074_28_trip,K18E30,bird_074,12,2018,35503.9083636835,1,898.157815743273,-2.38311529063439,2.99385938581091,31561.282881606625,Fast_Homing,Sea,Fast_Homing
2018-06-03T23:20:31Z,141.787995977919,40.7963983729991,566475.490438334,4516454.43213006,2018_bird_074_28_trip,K18E30,bird_074,12,2018,34627.0285488467,1,2807.92444578884,-2.69240209169121,9.35974815262946,30843.772739265663,Fast_Homing,Sea,Fast_Homing
2018-06-03T23:25:31Z,141.757890583911,40.7856160132906,563946.11522838,4515235.12874676,2018_bird_074_28_trip,K18E30,bird_074,12,2018,32237.4548174514,1,2841.43028640143,-2.81377818441727,9.47143428800476,28194.429947964207,Fast_Homing,Sea,Fast_Homing
2018-06-03T23:30:31Z,141.72592,40.77758,561255.99596475,4514320.26022073,2018_bird_074_28_trip,K18E30,bird_074,12,2018,30113.9118060071,1,3220.03812440611,-2.96405274265587,10.733460414687,25420.26213054979,Fast_Homing,Sea,Fast_Homing
2018-06-03T23:35:31Z,141.688310232213,40.7726874519279,558086.57315622,4513751.57350258,2018_bird_074_28_trip,K18E30,bird_074,12,2018,28246.8562483262,1,3024.05289152247,-3.10620837549292,10.0801763050749,22209.918024607512,Fast_Homing,Sea,Fast_Homing
2018-06-03T23:40:31Z,141.65249129614,40.7719317941185,555064.413195564,4513644.59190168,2018_bird_074_28_trip,K18E30,bird_074,12,2018,27124.4390434152,0,450.371753543724,2.08951782894293,1.50123917847908,19198.425550914257,Fast_Homing,Sea,Fast_Homing
2018-06-03T23:45:31Z,141.64988,40.77547,554841.13228903,4514035.71893113,2018_bird_074_28_trip,K18E30,bird_074,12,2018,27436.320984383,0,434.789286939711,-1.26186187562381,1.44929762313237,19021.478316235145,Fast_Homing,Sea,Fast_Homing
2018-06-03T23:50:31Z,141.65141,40.77173,554973.327234958,4513621.51340206,2018_bird_074_28_trip,K18E30,bird_074,12,2018,27076.1019425881,0,352.411403572029,-1.3461283228307,1.17470467857343,19105.408849708005,Fast_Homing,Sea,Fast_Homing
2018-06-03T23:55:31Z,141.65231,40.76863,555051.838406732,4513277.95875827,2018_bird_074_28_trip,K18E30,bird_074,12,2018,26769.8783252024,0,349.632548488683,-1.5705800024173,1.16544182829561,19144.08558423238,Fast_Homing,Sea,Fast_Homing
2018-06-04T00:00:31Z,141.65228009966,40.7654804983418,555051.914040775,4512928.32621796,2018_bird_074_28_trip,K18E30,bird_074,12,2018,26435.6489252091,0,107.264119981255,-1.88253241225265,0.357547066604183,19104.246379001408,Slow,Sea,Slow
2018-06-04T00:05:31Z,141.651881333315,40.764563033336,555019.014900743,4512826.23195749,2018_bird_074_28_trip,K18E30,bird_074,12,2018,26328.3522788873,1,2340.96377436908,-1.84238141481172,7.80321258123028,19059.939396619815,Fast_Homing,Sea,Fast_Homing
2018-06-04T00:10:31Z,141.644245114822,40.7442902177359,554391.030855185,4510571.07177883,2018_bird_074_28_trip,K18E30,bird_074,12,2018,23987.6347431972,1,2796.88839240104,-1.96149679567971,9.32296130800346,18117.004443453985,Fast_Homing,Sea,Fast_Homing
2018-06-04T00:15:31Z,141.631409131344,40.7210638784983,553325.874530886,4507984.94983964,2018_bird_074_28_trip,K18E30,bird_074,12,2018,21201.7160544108,1,3403.82440451535,-2.11541542967409,11.3460813483845,16512.60544572413,Fast_Homing,Sea,Fast_Homing
2018-06-04T00:20:31Z,141.61029,40.69495,551562.37918911,4505073.57477683,2018_bird_074_28_trip,K18E30,bird_074,12,2018,17924.7488689542,1,3477.10504712438,-2.13510210311862,11.5903501570813,14155.87487715956,Fast_Homing,Sea,Fast_Homing
2018-06-04T00:25:31Z,141.588047652628,40.668597844458,549702.721344238,4502135.55976517,2018_bird_074_28_trip,K18E30,bird_074,12,2018,14663.2627866977,1,3343.71723784658,-1.97232891131902,11.1457241261553,11699.241488778058,Fast_Homing,Sea,Fast_Homing
2018-06-04T00:30:31Z,141.57235,40.64095,548395.898047333,4499057.79144424,2018_bird_074_28_trip,K18E30,bird_074,12,2018,11433.2286527833,1,3398.32045175349,-1.70767276762491,11.3277348391783,9396.897896746532,Fast_Homing,Sea,Fast_Homing
2018-06-04T00:35:31Z,141.56661,40.61065,547932.199122425,4495691.25536099,2018_bird_074_28_trip,K18E30,bird_074,12,2018,8036.42292474109,1,3628.8248916315,-1.82937441668175,12.096082972105,6986.286330613302,NA,Sea,Fast_Homing
2018-05-24T16:21:14Z,141.56501,40.54811,547841.380253,4488748.30708641,2018_bird_091_7_trip,K18F04,bird_091,8,2018,1227.79185418658,1,4474.10853323589,1.36122549480571,14.9136951107863,2695.8073990477983,Fast_Outbound,Sea,Fast_Outbound
2018-05-24T16:26:14Z,141.576340321499,40.5874786893117,548772.174423458,4493124.52341783,2018_bird_091_7_trip,K18F04,bird_091,8,2018,5654.29797948132,1,2098.32434113892,1.09675513523447,6.99441447046306,6097.072545557225,Fast_Outbound,Sea,Fast_Outbound
2018-05-24T16:31:14Z,141.587805999574,40.6042398334855,549730.029218379,4494991.46723928,2018_bird_091_7_trip,K18F04,bird_091,8,2018,7724.02819642942,1,1473.07173823258,1.68523909567384,4.91023912744195,7991.694421550579,Fast_Outbound,Sea,Fast_Outbound
2018-05-24T16:36:14Z,141.585932953344,40.6174331150575,549561.814560432,4496454.90298261,2018_bird_091_7_trip,K18F04,bird_091,8,2018,9076.09791592815,1,849.620358956254,-1.1341722975989,2.83206786318751,8745.79732584466,Slow,Sea,Slow
2018-05-24T16:41:14Z,141.590119333348,40.6104758333398,549921.104250983,4495684.99021312,2018_bird_091_7_trip,K18F04,bird_091,8,2018,8442.38720453787,1,2257.12495434861,1.98812750962173,7.5237498478287,8564.469466987608,Fast_Outbound,Sea,Fast_Outbound
2018-05-24T16:46:14Z,141.579465835566,40.6291185003386,549006.241542468,4497748.39499263,2018_bird_091_7_trip,K18F04,bird_091,8,2018,10220.0268125578,1,1569.34744993353,2.5017934196703,5.23115816644509,9088.403460609215,Fast_Outbound,Sea,Fast_Outbound
2018-05-24T16:51:14Z,141.564651335686,40.637632667958,547747.286476195,4498685.34939906,2018_bird_091_7_trip,K18F04,bird_091,8,2018,11012.665075712,1,1324.57861651318,2.3118541718513,4.41526205504393,8654.978862263182,Fast_Outbound,Sea,Fast_Outbound
2018-05-24T16:56:14Z,141.554150168715,40.64648700125,546853.104885641,4499662.56370229,2018_bird_091_7_trip,K18F04,bird_091,8,2018,11983.3011732423,1,1194.1456049671,-0.633538420204028,3.98048534989032,8379.289046518996,Slow,Sea,Slow
2018-05-24T17:01:14Z,141.565478666671,40.6400635000005,547815.511982353,4498955.62925974,2018_bird_091_7_trip,K18F04,bird_091,8,2018,11286.1346448607,0,120.392977704233,-0.107681774151243,0.401309925680776,8873.149620525908,Slow,Sea,Slow
2018-05-24T17:06:14Z,141.566893166667,40.6399400000026,547935.207634032,4498942.69016975,2018_bird_091_7_trip,K18F04,bird_091,8,2018,11280.160036816,0,94.0240409326262,-0.0479617537673225,0.313413469775421,8960.533577450275,Slow,Sea,Slow
2018-05-24T17:11:14Z,141.5680034426,40.6398939344495,548029.12355254,4498938.18234057,2018_bird_091_7_trip,K18F04,bird_091,8,2018,11282.0026951452,0,125.84583752344,-0.0411270133010084,0.419486125078134,9032.531333776962,Slow,Sea,Slow
2018-05-24T17:16:14Z,141.56949,40.63984,548154.862975275,4498933.00813605,2018_bird_091_7_trip,K18F04,bird_091,8,2018,11286.5551800163,0,500.15803951069,0.137941547077871,1.66719346503563,9129.43841676336,Slow,Sea,Slow
2018-05-24T17:21:14Z,141.575353833332,40.6404305000038,548650.270084119,4499001.78212092,2018_bird_091_7_trip,K18F04,bird_091,8,2018,11406.5935208479,0,102.179305513073,-0.135704913095307,0.340597685043577,9565.28887194393,Slow,Sea,Slow
2018-05-24T17:26:14Z,141.57655,40.6403,548751.509974611,4498987.95840766,2018_bird_091_7_trip,K18F04,bird_091,8,2018,11406.027103362,0,428.901748298704,-1.13827272306554,1.42967249432901,9637.478317560744,Slow,Sea,Slow
2018-05-24T17:31:14Z,141.578645737672,40.6367814754152,548931.289864781,4498598.55386122,2018_bird_091_7_trip,K18F04,bird_091,8,2018,11046.5515195794,1,1040.38307460435,-0.768259390687127,3.46794358201449,9544.355594849792,Slow,Sea,Slow
2018-05-24T17:36:14Z,141.587435737217,40.6302242623689,549679.451474063,4497875.60770256,2018_bird_091_7_trip,K18F04,bird_091,8,2018,10482.62397417,1,1240.88156135163,0.16040071195437,4.13627187117209,9701.127723716309,Slow,Sea,Slow
2018-05-24T17:41:14Z,141.601935498905,40.6319350018331,550904.404289758,4498073.79359667,2018_bird_091_7_trip,K18F04,bird_091,8,2018,11022.4508522802,1,2500.31981632023,0.993523902447666,8.3343993877341,10795.739073809997,Fast_Outbound,Sea,Fast_Outbound
2018-05-24T17:46:14Z,141.61824400313,40.6507235003299,552268.929791203,4500168.94737141,2018_bird_091_7_trip,K18F04,bird_091,8,2018,13466.8655700856,0,506.185495153368,1.15409687574113,1.68728498384456,13151.998117488543,Slow,Sea,Slow
2018-05-24T17:51:14Z,141.620705806452,40.6548801612949,552473.805608011,4500631.81847138,2018_bird_091_7_trip,K18F04,bird_091,8,2018,13972.9815917798,0,114.415296011242,-0.153302253005524,0.381384320037473,13595.686959529894,Slow,Sea,Slow
2018-05-24T17:56:14Z,141.622041800977,40.6547155764837,552586.879064897,4500614.34697147,2018_bird_091_7_trip,K18F04,bird_091,8,2018,13999.768418552,1,3453.52405851149,0.682146057436184,11.511746861705,13675.054067948644,Fast_Outbound,Sea,Fast_Outbound
2018-05-24T18:01:14Z,141.653940997283,40.6741540044092,555267.578701148,4502791.65675258,2018_bird_091_7_trip,K18F04,bird_091,8,2018,17118.5161153511,1,2287.05658636613,0.186480886183698,7.62352195455378,17128.098645924954,Fast_Outbound,Sea,Fast_Outbound
2018-05-24T18:06:14Z,141.68057,40.67782,557514.984059278,4503215.6814989,2018_bird_091_7_trip,K18F04,bird_091,8,2018,18635.6896592643,1,3305.97074633075,0.403278762709205,11.0199024877692,19173.038844750852,Fast_Outbound,Sea,Fast_Outbound
2018-05-24T18:11:14Z,141.71667366177,40.6892891719907,560555.747303673,4504513.06404354,2018_bird_091_7_trip,K18F04,bird_091,8,2018,21475.3539274816,1,3651.87816122066,0.284682051404533,12.1729272040689,22378.688875705124,Fast_Outbound,Sea,Fast_Outbound
2018-05-24T18:16:14Z,141.758255245597,40.6982631195112,564060.641012624,4505538.70247562,2018_bird_091_7_trip,K18F04,bird_091,8,2018,24548.1491565941,1,3079.1302816477,-0.0156866880698138,10.2637676054923,25788.471167734213,Fast_Outbound,Sea,Fast_Outbound
2018-05-24T18:21:14Z,141.794688528083,40.6975829563473,567139.392457886,4505490.40310028,2018_bird_091_7_trip,K18F04,bird_091,8,2018,26723.3368364621,1,3210.06980346245,0.247597218930391,10.7002326782082,27552.81458658332,Fast_Outbound,Sea,Fast_Outbound
2018-05-24T18:26:14Z,141.83161,40.70441,570251.568235049,4506277.11148026,2018_bird_091_7_trip,K18F04,bird_091,8,2018,29606.4535054812,1,3317.42039923951,0.353152183832504,11.058067997465,29997.1978129872,Fast_Outbound,Sea,Fast_Outbound
2018-05-24T18:31:14Z,141.86858715956,40.7144736708933,573364.26123577,4507424.46512607,2018_bird_091_7_trip,K18F04,bird_091,8,2018,32767.5327785627,1,3913.5741681097,0.57283625357162,13.0452472270323,32736.056145431896,Fast_Outbound,Sea,Fast_Outbound
2018-05-24T18:36:14Z,141.90777999782,40.7332811703736,576653.10004422,4509545.69167252,2018_bird_091_7_trip,K18F04,bird_091,8,2018,36672.8821241114,1,2907.69209532436,0.418622484301288,9.69230698441452,36386.096809492235,Fast_Outbound,Sea,Fast_Outbound
2018-05-24T18:41:14Z,141.939387281049,40.7436761046944,579309.712259055,4510727.67511622,2018_bird_091_7_trip,K18F04,bird_091,8,2018,39516.4278670617,1,3684.90406781829,0.90949001563081,12.2830135593943,38953.87153633658,Fast_Outbound,Sea,Fast_Outbound
2018-05-24T18:46:14Z,141.966568161561,40.7696490025393,581572.789843538,4513635.7669022,2018_bird_091_7_trip,K18F04,bird_091,8,2018,43064.582942185,1,3096.84349086481,0.552399729380581,10.322811636216,42642.62506194442,Fast_Outbound,Sea,Fast_Outbound
2018-05-24T18:51:14Z,141.99802,40.78402,584209.032867082,4515260.77838761,2018_bird_091_7_trip,K18F04,bird_091,8,2018,46149.5030235892,1,2635.99446718677,0.392575361491613,8.7866482239559,45576.05561253123,Fast_Outbound,Sea,Fast_Outbound
2018-05-24T18:56:14Z,142.02702,40.79285,586644.498987424,4516269.22848935,2018_bird_091_7_trip,K18F04,bird_091,8,2018,48709.938140123,1,1306.02550796707,0.643796497520997,4.35341835989022,47933.78711369019,Fast_Outbound,Sea,Fast_Outbound
2018-05-24T19:01:14Z,142.03951,40.7998,587689.08787709,4517053.15238811,2018_bird_091_7_trip,K18F04,bird_091,8,2018,50016.1908677251,1,2381.84221960331,1.41114741646086,7.93947406534438,49215.17516322288,Fast_Outbound,Sea,Fast_Outbound
2018-05-24T19:06:14Z,142.04433,40.82094,588067.733125455,4519404.70509536,2018_bird_091_7_trip,K18F04,bird_091,8,2018,51731.5886289114,1,1126.41115249548,2.59169829457811,3.7547038416516,51238.096032142494,Slow,Sea,Fast_Middle
2018-05-24T19:11:14Z,142.033025903779,40.826344595677,587107.377804125,4519993.3643697,2018_bird_091_7_trip,K18F04,bird_091,8,2018,51344.7902242349,1,2214.70875021513,1.40216297197439,7.38236250071709,51076.14682371816,Fast_Middle,Sea,Fast_Middle
2018-05-24T19:16:14Z,142.03774,40.84597,587479.083993858,4522176.65760625,2018_bird_091_7_trip,K18F04,bird_091,8,2018,53028.4948439327,1,1011.26590188802,-0.554766220064897,3.37088633962674,52340.46753573859,Slow,Sea,Slow
2018-05-24T19:21:14Z,142.04785999999999,40.84108,588338.683882218,4521643.97875718,2018_bird_091_7_trip,K18F04,bird_091,8,2018,53343.5375796667,1,1682.38575558359,-2.65802838190462,5.60795251861196,53132.795565055414,Fast_Homing,Sea,Fast_Homing
2018-05-24T19:26:14Z,142.030085577322,40.8341937759656,586849.194781445,4520861.77414886,2018_bird_091_7_trip,K18F04,bird_091,8,2018,51697.6268386001,1,2628.50806068178,-2.41936395188358,8.76169353560593,51565.45015260432,Fast_Homing,Sea,Fast_Homing
2018-05-24T19:31:14Z,142.006460161383,40.8187495086706,584876.935048127,4519124.17633308,2018_bird_091_7_trip,K18F04,bird_091,8,2018,49069.1886982953,1,2651.51985478925,-2.48208895706668,8.83839951596418,49005.79057254694,Fast_Homing,Sea,Fast_Homing
2018-05-24T19:36:14Z,141.9814,40.80433,582781.448382847,4517499.52462396,2018_bird_091_7_trip,K18F04,bird_091,8,2018,46418.6659988755,1,1494.27342587692,-1.37849320208023,4.98091141958973,46439.47614769171,Fast_Homing,Sea,Fast_Homing
2018-05-24T19:41:14Z,141.98459,40.79109,583067.034025064,4516032.79564005,2018_bird_091_7_trip,K18F04,bird_091,8,2018,45713.7144977074,1,2086.44874864127,-1.71483531265503,6.95482916213755,45451.63369674561,Fast_Homing,Sea,Fast_Homing
2018-05-24T19:46:14Z,141.980766997249,40.7725216674334,582767.542179786,4513967.95351162,2018_bird_091_7_trip,K18F04,bird_091,8,2018,44220.8586707236,1,2267.70156791854,-2.04155062811329,7.55900522639514,43657.36027856482,Fast_Homing,Sea,Fast_Homing
2018-05-24T19:51:14Z,141.96831661179,40.754420483982,581739.006478101,4511946.91795738,2018_bird_091_7_trip,K18F04,bird_091,8,2018,42203.8771454471,1,2385.19886615724,-1.19861130805724,7.9506628871908,41446.48165794265,Fast_Homing,Sea,Fast_Homing
2018-05-24T19:56:14Z,141.978297258736,40.7343204839249,582606.388147922,4509725.02176944,2018_bird_091_7_trip,K18F04,bird_091,8,2018,41700.236543342,1,1048.4248527655,-1.94678322816586,3.49474950921833,40372.45595750043,Fast_Homing,Sea,Fast_Homing
2018-05-24T20:01:14Z,141.973610666669,40.7255751666669,582221.416323984,4508749.8339072,2018_bird_091_7_trip,K18F04,bird_091,8,2018,40862.445260462,1,2017.12383376724,-2.52262983168391,6.72374611255746,39400.8472505625,Fast_Homing,Sea,Fast_Homing
2018-05-24T20:06:14Z,141.954008520239,40.7151960688629,580578.507981159,4507579.51739538,2018_bird_091_7_trip,K18F04,bird_091,8,2018,38851.010783513,1,3276.6845785186,-2.67575213466279,10.9222819283953,37417.656859047216,Fast_Homing,Sea,Fast_Homing
2018-05-24T20:11:14Z,141.91917,40.70222,577650.972683736,4506107.7161488,2018_bird_091_7_trip,K18F04,bird_091,8,2018,35582.5018486784,1,2991.51999756878,-2.40330680883575,9.97173332522927,34350.369322372935,Fast_Homing,Sea,Fast_Homing
2018-05-24T20:16:14Z,141.89274,40.68429,575438.374769001,4504094.36015356,2018_bird_091_7_trip,K18F04,bird_091,8,2018,32651.2272103055,1,3044.13789602907,-2.57230680845305,10.1471263200969,31374.045228025538,Fast_Homing,Sea,Fast_Homing
2018-05-24T20:21:14Z,141.86221,40.66974,572874.339607002,4502453.47648368,2018_bird_091_7_trip,K18F04,bird_091,8,2018,29609.1327964514,1,2956.06482685496,-2.75844028150217,9.85354942284988,28461.74751825229,Fast_Homing,Sea,Fast_Homing
2018-05-24T20:26:14Z,141.829651339256,40.6600230050577,570132.616841716,4501348.36312349,2018_bird_091_7_trip,K18F04,bird_091,8,2018,26683.7757314009,1,3212.76053258315,-2.44542521148925,10.7092017752772,25903.32606556245,Fast_Homing,Sea,Fast_Homing
2018-05-24T20:31:14Z,141.80027,40.64167,567667.447803993,4499288.07871225,2018_bird_091_7_trip,K18F04,bird_091,8,2018,23515.7147431869,1,3421.56134920718,-2.23500127593458,11.4052044973573,22789.22525746858,Fast_Homing,Sea,Fast_Homing
2018-05-24T20:36:14Z,141.77504749303,40.6175711691923,565558.2834541,4496593.91691096,2018_bird_091_7_trip,K18F04,bird_091,8,2018,20392.4224299077,1,3762.36762193342,-2.43349204997328,12.5412254064447,19366.64260479401,Fast_Homing,Sea,Fast_Homing
2018-05-24T20:41:14Z,141.74102,40.59575,562700.394283393,4494146.90248303,2018_bird_091_7_trip,K18F04,bird_091,8,2018,16778.5287005771,1,3304.42268440039,-2.62767584414159,11.0147422813346,15712.839517740807,Fast_Homing,Sea,Fast_Homing
2018-05-24T20:46:14Z,141.70686,40.58133,559822.818017651,4492522.47516486,2018_bird_091_7_trip,K18F04,bird_091,8,2018,13501.870865394,1,3067.83159953554,-2.58823577271777,10.2261053317851,12719.781124187744,Fast_Homing,Sea,Fast_Homing
2018-05-24T20:51:14Z,141.67587639076,40.5669906585516,557212.81388892,4490910.18822665,2018_bird_091_7_trip,K18F04,bird_091,8,2018,10502.0526876153,1,2938.79972907028,-2.73161885012418,9.79599909690095,9891.255537519588,Fast_Homing,Sea,Fast_Homing
2018-05-24T20:56:14Z,141.643937044986,40.5566204954019,554517.548776742,4489738.82584777,2018_bird_091_7_trip,K18F04,bird_091,8,2018,7581.81307175215,1,3414.04597240905,-2.74739740210469,11.3801532413635,7373.394469422114,NA,Sea,Fast_Homing
2018-05-28T16:28:17Z,141.56503,40.54563,547844.838566249,4488473.03400162,2018_bird_091_11_trip,K18F04,bird_091,8,2018,1002.09138992014,0,742.169662932636,-7.06974959047505e-5,2.47389887644212,2473.006094691135,Fast_Outbound,Sea,Fast_Outbound
2018-05-28T16:33:17Z,141.57379433323,40.5455863333423,548587.008227327,4488472.98153208,2018_bird_091_11_trip,K18F04,bird_091,8,2018,1575.49383034849,0,527.74673535955,0.954163700715332,1.75915578453183,2903.1988009450492,Slow,Sea,Slow
2018-05-28T16:38:17Z,141.577431666669,40.5494470000004,548892.199540475,4488903.53336295,2018_bird_091_11_trip,K18F04,bird_091,8,2018,2066.55503203259,0,154.322369149348,-1.11011479687944,0.514407897164493,3431.7354408518386,Slow,Sea,Slow
2018-05-28T16:43:17Z,141.578231166525,40.5481976667824,548960.804890803,4488765.29914314,2018_bird_091_11_trip,K18F04,bird_091,8,2018,2046.47255744919,0,235.78900883695,0.192105012551196,0.785963362789834,3358.6504080493764,Slow,Sea,Slow
2018-05-28T16:48:17Z,141.580968000004,40.5485895000163,549192.256445144,4488810.3173026,2018_bird_091_11_trip,K18F04,bird_091,8,2018,2268.6217469501,0,557.348241172941,0.102474487020558,1.85782747057647,3529.570528575856,Slow,Sea,Slow
2018-05-28T16:53:17Z,141.58752,40.54907,549746.680883586,4488867.33137101,2018_bird_091_11_trip,K18F04,bird_091,8,2018,2788.01028493192,0,584.75010982645,0.621858314495514,1.94916703275483,3897.468662902882,Slow,Sea,Slow
2018-05-28T16:58:17Z,141.59316,40.55211,550221.964197494,4489207.97555849,2018_bird_091_11_trip,K18F04,bird_091,8,2018,3364.6733060341,0,239.668965497004,1.15419935718867,0.79889655165668,4451.109818251313,Slow,Sea,Slow
2018-05-28T17:03:17Z,141.594322833337,40.554078500002,550318.946442968,4489427.14594217,2018_bird_091_11_trip,K18F04,bird_091,8,2018,3553.47740287492,0,36.5725659337309,-2.00110993386024,0.121908553112436,4686.325252801184,Slow,Sea,Slow
2018-05-28T17:08:17Z,141.59414,40.55378,550303.689983505,4489393.90751526,2018_bird_091_11_trip,K18F04,bird_091,8,2018,3523.96540826092,0,70.7623267103295,-2.45385646107025,0.235874422367765,4650.335734355835,Slow,Sea,Slow
2018-05-28T17:13:17Z,141.593490666667,40.5533786666667,550249.012992603,4489348.98832618,2018_bird_091_11_trip,K18F04,bird_091,8,2018,3454.37849302042,0,32.5840077596176,-2.34412915378578,0.108613359198725,4581.978414361729,Slow,Sea,Slow
2018-05-28T17:18:17Z,141.59322,40.55317,550226.252279863,4489325.67164723,2018_bird_091_11_trip,K18F04,bird_091,8,2018,3423.2142552535,0,25.9423109826796,-2.97779271654582,0.0864743699422654,4549.760993200259,Slow,Sea,Slow
2018-05-28T17:23:17Z,141.592917377042,40.553133442624,550200.657212987,4489321.44127482,2018_bird_091_11_trip,K18F04,bird_091,8,2018,3398.71383529412,0,44.5673616187599,-2.31215828734995,0.148557872062533,4531.462779446358,Slow,Sea,Slow
2018-05-28T17:28:17Z,141.592559322033,40.5528391525425,550170.561183385,4489288.57063863,2018_bird_091_11_trip,K18F04,bird_091,8,2018,3356.54262694032,0,29.9227053219485,-2.84330770134283,0.0997423510731618,4487.155964183119,Slow,Sea,Slow
2018-05-28T17:33:17Z,141.592220833332,40.5527616666669,550141.959807424,4489279.77691433,2018_bird_091_11_trip,K18F04,bird_091,8,2018,3327.20201997201,0,24.3712164078975,1.89857447246755,0.081237388026325,4463.388600866469,Slow,Sea,Slow
2018-05-28T17:38:17Z,141.59213,40.55297,550134.113731629,4489302.8506068,2018_bird_091_11_trip,K18F04,bird_091,8,2018,3331.43258358884,0,41.6072524479888,-1.67145949149612,0.138690841493296,4477.761954906305,Slow,Sea,Slow
2018-05-28T17:43:17Z,141.59207733331,40.5525973333404,550129.932483761,4489261.45398106,2018_bird_091_11_trip,K18F04,bird_091,8,2018,3307.88629171864,1,2254.31115899078,1.17835287787708,7.51437052996926,4441.450993208713,Fast_Outbound,Sea,Fast_Outbound
2018-05-28T17:48:17Z,141.602427791405,40.5713086460637,550992.087578076,4491344.38638392,2018_bird_091_11_trip,K18F04,bird_091,8,2018,5253.71494008069,1,3254.21204245424,0.805311303965583,10.8473734748475,6642.444026634945,Fast_Outbound,Sea,Fast_Outbound
2018-05-28T17:53:17Z,141.629262886519,40.5923041987888,553246.88815972,4493690.82418499,2018_bird_091_11_trip,K18F04,bird_091,8,2018,8507.8498850583,1,3096.26204214166,0.79051339257285,10.3208734738055,9865.702599868311,Fast_Outbound,Sea,Fast_Outbound
2018-05-28T17:58:17Z,141.655195988301,40.6119843361848,555425.048230867,4495891.38260004,2018_bird_091_11_trip,K18F04,bird_091,8,2018,11605.1802372535,1,3243.9871015065,0.879430822770924,10.813290338355,12925.383450780431,Fast_Outbound,Sea,Fast_Outbound
2018-05-28T18:03:17Z,141.679872992946,40.6343553414388,557493.381084513,4498390.47273873,2018_bird_091_11_trip,K18F04,bird_091,8,2018,14839.1004913237,1,1255.78966208233,0.384814397954226,4.18596554027442,16165.23423092631,Fast_Outbound,Sea,Fast_Outbound
2018-05-28T18:08:17Z,141.69368,40.63852,558657.332489297,4498861.87999651,2018_bird_091_11_trip,K18F04,bird_091,8,2018,15993.8771928307,1,2368.23898898204,0.732398679801911,7.89412996327347,17224.685389095954,Fast_Outbound,Sea,Fast_Outbound
2018-05-28T18:13:17Z,141.714655666678,40.6526576666748,560418.290238252,4500445.41519199,2018_bird_091_11_trip,K18F04,bird_091,8,2018,18361.1978926873,0,107.708212002965,-0.580006706228284,0.359027373343216,19538.47471817102,Slow,Sea,Slow
2018-05-28T18:18:17Z,141.715715573772,40.6521193442662,560508.383738834,4500386.38790944,2018_bird_091_11_trip,K18F04,bird_091,8,2018,18385.2626787853,0,459.288692304399,1.04396506972815,1.53096230768133,19542.44333733043,Slow,Sea,Slow
2018-05-28T18:23:17Z,141.718485245905,40.6556786885281,560739.312620827,4500783.39918678,2018_bird_091_11_trip,K18F04,bird_091,8,2018,18827.0904899672,1,1220.82996428406,1.07534204617507,4.06943321428021,20000.547568342183,Fast_Outbound,Sea,Fast_Outbound
2018-05-28T18:28:17Z,141.725455333335,40.6653106666694,561319.733464937,4501857.42779228,2018_bird_091_11_trip,K18F04,bird_091,8,2018,19995.0470137945,0,58.2564032898348,-0.777813015953856,0.194188010966116,21214.176417789564,Slow,Sea,Slow
2018-05-28T18:33:17Z,141.725942333335,40.6649393333347,561361.238233492,4501816.54793524,2018_bird_091_11_trip,K18F04,bird_091,8,2018,19995.4307327395,1,1863.12266672902,0.889932954047486,6.21040888909675,21204.822968894616,Fast_Outbound,Sea,Fast_Outbound
2018-05-28T18:38:17Z,141.739959995072,40.6778921687991,562534.007112066,4503264.24929558,2018_bird_091_11_trip,K18F04,bird_091,8,2018,21849.8211407663,1,2972.997686928,0.788661156577815,9.90999228976,23066.85915983904,Fast_Outbound,Sea,Fast_Outbound
2018-05-28T18:43:17Z,141.764969329099,40.6967290012906,564629.363205998,4505373.32446875,2018_bird_091_11_trip,K18F04,bird_091,8,2018,24823.8247335474,1,2744.04079152174,0.885435429470921,9.14680263840581,26003.598217057843,Fast_Outbound,Sea,Fast_Outbound
2018-05-28T18:48:17Z,141.785750164565,40.7157273340073,566366.210564549,4507497.7352385,2018_bird_091_11_trip,K18F04,bird_091,8,2018,27558.3244485736,1,1900.54417340878,0.756564682738568,6.33514724469593,28745.17043495941,Fast_Outbound,Sea,Fast_Outbound
2018-05-28T18:53:17Z,141.802252945126,40.7273662313802,567748.283232861,4508802.32072615,2018_bird_091_11_trip,K18F04,bird_091,8,2018,29457.6532236424,1,3117.88930968105,0.80608806138796,10.3929643656035,30611.45606953873,Fast_Outbound,Sea,Fast_Outbound
2018-05-28T18:58:17Z,141.828063110918,40.7474514772566,569906.880678735,4511052.14089987,2018_bird_091_11_trip,K18F04,bird_091,8,2018,32576.5466079385,1,3131.34390517496,0.541499294472597,10.4378130172499,33347.485103576684,Fast_Outbound,Sea,Fast_Outbound
2018-05-28T19:03:17Z,141.860032161056,40.7617570018123,572590.244743731,4512666.1024691695,2018_bird_091_11_trip,K18F04,bird_091,8,2018,35613.7916487709,1,2874.52485102993,0.731211838497038,9.58174950343311,36316.58378405956,Fast_Middle,Sea,Fast_Middle
2018-05-28T19:08:17Z,141.885609499781,40.7788555000286,574729.942495739,4514585.63018432,2018_bird_091_11_trip,K18F04,bird_091,8,2018,38486.409772233,0,118.489681653434,-1.33382338611185,0.394965605511445,38822.24510078438,Slow,Sea,Slow
2018-05-28T19:13:17Z,141.885925329203,40.7778155008425,574757.75928083,4514470.45192628,2018_bird_091_11_trip,K18F04,bird_091,8,2018,38425.8912811774,1,3041.09091628652,-2.24735017442014,10.1369697209551,38824.401312648464,Fast_Homing,Sea,Fast_Homing
2018-05-28T19:18:17Z,141.863087161531,40.7566273356083,572853.702876666,4512099.20685862,2018_bird_091_11_trip,K18F04,bird_091,8,2018,35408.6317576298,1,3105.45004922514,-2.33937228292648,10.3515001640838,36261.387926680574,Fast_Homing,Sea,Fast_Homing
2018-05-28T19:23:17Z,141.837264494609,40.736706002405,570695.066670775,4509866.69487907,2018_bird_091_11_trip,K18F04,bird_091,8,2018,32305.0311237558,1,3182.07232545204,-2.33260817654466,10.6069077515068,33187.417126956956,Fast_Homing,Sea,Fast_Homing
2018-05-28T19:28:17Z,141.811002828037,40.7161513345763,568498.69341012,4507564.18998564,2018_bird_091_11_trip,K18F04,bird_091,8,2018,29126.6426489058,1,3244.93111505605,-2.30878431547452,10.8164370501868,30034.365481999117,Fast_Homing,Sea,Fast_Homing
2018-05-28T19:33:17Z,141.784902941073,40.694705086102,566315.501352362,4505163.51291856,2018_bird_091_11_trip,K18F04,bird_091,8,2018,25892.7107855842,1,3348.4798285427,-2.35629712139536,11.1615994284757,26808.67284987183,Fast_Homing,Sea,Fast_Homing
2018-05-28T19:38:17Z,141.756636988577,40.6735660043594,563947.525568138,4502796.02314086,2018_bird_091_11_trip,K18F04,bird_091,8,2018,22546.8182942452,1,3197.91983624233,-2.43561695589088,10.6597327874744,23503.0304603438,Fast_Homing,Sea,Fast_Homing
2018-05-28T19:43:17Z,141.727641961035,40.6550618053767,561513.976035357,4500721.28750697,2018_bird_091_11_trip,K18F04,bird_091,8,2018,19349.2967767636,1,3635.31293543978,-2.02834928114872,12.1177097847993,20398.516138980765,Fast_Homing,Sea,Fast_Homing
2018-05-28T19:48:17Z,141.708336551135,40.6258011486996,559908.061646419,4497459.9167654,2018_bird_091_11_trip,K18F04,bird_091,8,2018,16019.2076163967,1,3546.66416954941,-2.38019178715981,11.822213898498,16803.820545772403,Fast_Homing,Sea,Fast_Homing
2018-05-28T19:53:17Z,141.677760484725,40.6039404944646,557340.737098878,4495012.9448818,2018_bird_091_11_trip,K18F04,bird_091,8,2018,12496.4183825052,1,3592.33930971559,-2.36615194615238,11.9744643657186,13317.664501478846,Fast_Homing,Sea,Fast_Homing
2018-05-28T19:58:17Z,141.647221952478,40.5814608248655,554775.402353702,4492498.19651241,2018_bird_091_11_trip,K18F04,bird_091,8,2018,8958.49100746474,1,3653.97935949972,-2.34747183815267,12.1799311983324,9777.152413279644,Fast_Homing,Sea,Fast_Homing
2018-05-28T20:03:17Z,141.616746098379,40.5581488139334,552214.283959342,4489892.0043227,2018_bird_091_11_trip,K18F04,bird_091,8,2018,5459.63843035186,1,3819.07936789028,-1.92153352285758,12.7302645596343,6164.3704891609,NA,Sea,Fast_Homing
2018-05-28T20:08:17Z,141.600958638047,40.5259210195943,550902.085654091,4486305.43174907,2018_bird_091_11_trip,K18F04,bird_091,8,2018,3934.21168958959,1,1130.3002527792,-2.58147228715247,3.76766750926399,2474.1442874474906,NA,Sea,Slow
2018-05-28T20:13:17Z,141.589606451611,40.5205695161324,549944.505262878,4485704.91659039,2018_bird_091_11_trip,K18F04,bird_091,8,2018,3371.14689783013,0,19.2471208665519,2.55817056317948,0.0641570695551731,1428.8846131096582,NA,Sea,Slow
2018-05-28T20:18:17Z,141.58941766668,40.5206660000073,549928.441955161,4485715.51950541,2018_bird_091_11_trip,K18F04,bird_091,8,2018,3351.91337363504,0,13.953775122909,0.731631803888476,0.0465125837430301,1428.127000680607,NA,Sea,Slow
2018-05-28T20:23:17Z,141.589540967745,40.520749354839,549938.824752857,4485724.84180943,2018_bird_091_11_trip,K18F04,bird_091,8,2018,3354.84048514809,0,5.76113645647183,-2.25430761640192,0.0192037881882394,1441.7586263675346,NA,Sea,Slow
2018-05-28T20:28:17Z,141.589497666666,40.520709333334,549935.186483274,4485720.37485434,2018_bird_091_11_trip,K18F04,bird_091,8,2018,3354.51338629138,0,3.583559198277,-1.9949311599555,0.01194519732759,1436.0011727632416,NA,Sea,Slow
2018-05-28T20:33:17Z,141.58948,40.52068,549933.711732459,4485717.10881598,2018_bird_091_11_trip,K18F04,bird_091,8,2018,3355.23953870663,0,6.48392860700368,2.94719335930057,0.0216130953566789,1432.4795162035662,NA,Sea,Slow
2018-05-28T20:38:17Z,141.589404999996,40.5206916666698,549927.34993585,4485718.36136302,2018_bird_091_11_trip,K18F04,bird_091,8,2018,3349.35629355943,0,8.87787164794266,1.85123566820451,0.0295929054931422,1429.820363552086,NA,Sea,Slow
2018-05-28T20:43:17Z,141.589376666692,40.5207686666697,549924.892737593,4485726.89241112,2018_bird_091_11_trip,K18F04,bird_091,8,2018,3342.34967449677,1,2525.9984162037,2.00207493163838,8.41999472067899,1435.4011627100508,NA,Sea,Fast_Homing
2018-05-13T02:55:04Z,141.53094,40.54533,544958.399314839,4488421.78618333,2018_bird_010_2_trip,K18F33,bird_010,20,2018,2378.96730380524,1,1384.22881499635,3.02573728652945,4.61409604998783,211.7125924704606,Fast_Outbound,Sea,Fast_Outbound
2018-05-13T03:00:04Z,141.514714087637,40.5468449539573,543583.449995553,4488581.79800058,2018_bird_010_2_trip,K18F33,bird_010,20,2018,3746.71161039394,0,207.260552900699,-2.13264658888833,0.690868509668997,786.4126785218083,Slow,Land,Slow
2018-05-13T03:05:04Z,141.513398043695,40.5452706624815,543473.03132835,4488406.39944094,2018_bird_010_2_trip,K18F33,bird_010,20,2018,3817.25403886926,1,2361.9859182547402,1.49000116988167,7.87328639418247,980.6205476652764,Fast_Outbound,Land,Fast_Outbound
2018-05-13T03:10:04Z,141.515811950979,40.5664693379782,543663.660792855,4490760.68019848,2018_bird_010_2_trip,K18F33,bird_010,20,2018,4701.41343379724,1,3359.85725876848,1.22032881934967,11.1995241958949,599.8451108120721,Fast_Outbound,Sea,Fast_Outbound
2018-05-13T03:15:04Z,141.529662967319,40.594835120302,544817.223881764,4493916.29947196,2018_bird_010_2_trip,K18F33,bird_010,20,2018,6677.23599720219,1,3441.18742787179,1.17538737844222,11.4706247595726,3431.8286362775416,Fast_Outbound,Sea,Fast_Outbound
2018-05-13T03:20:04Z,141.54556,40.62337,546142.719775933,4497091.96185142,2018_bird_010_2_trip,K18F33,bird_010,20,2018,9467.73111945494,1,3063.42461432744,0.920692848153498,10.2114153810915,6412.194652906754,Fast_Outbound,Sea,Fast_Outbound
2018-05-13T03:25:04Z,141.567667759876,40.6452317299837,547996.915055376,4499530.51269841,2018_bird_010_2_trip,K18F33,bird_010,20,2018,11870.9553977919,1,2848.95586943732,0.812517805305577,9.49651956479106,9366.054580154132,Fast_Outbound,Sea,Fast_Outbound
2018-05-13T03:30:04Z,141.591002196956,40.6637482862802,549956.064045981,4501598.91420165,2018_bird_010_2_trip,K18F33,bird_010,20,2018,14181.1712471387,1,3012.54631636306,0.476678476305535,10.0418210545435,11828.54250448781,Fast_Outbound,Sea,Fast_Outbound
2018-05-13T03:35:04Z,141.622783063245,40.6760334667077,552632.78325977,4502981.16221079,2018_bird_010_2_trip,K18F33,bird_010,20,2018,16227.1938729477,1,3167.76980338124,0.737544179525273,10.5592326779375,14740.754335485004,Fast_Outbound,Sea,Fast_Outbound
2018-05-13T03:40:04Z,141.65071,40.69507,554977.320206611,4505111.39976377,2018_bird_010_2_trip,K18F33,bird_010,20,2018,19077.6541878297,1,1882.85748969784,0.330771821492095,6.27619163232614,17493.034912694333,Fast_Outbound,Sea,Fast_Outbound
2018-05-13T03:45:04Z,141.671841378997,40.7004577421671,556758.111679175,4505722.9012419,2018_bird_010_2_trip,K18F33,bird_010,20,2018,20407.6475624844,1,2815.17559284052,0.757324708238136,9.38391864280173,19362.90561845241,Fast_Outbound,Sea,Fast_Outbound
2018-05-13T03:50:04Z,141.696236188173,40.7177355339568,558803.833571019,4507656.87010404,2018_bird_010_2_trip,K18F33,bird_010,20,2018,23092.3156245584,1,1514.8170608536,0.356447312147715,5.04939020284534,21780.733245474723,Fast_Outbound,Sea,Fast_Outbound
2018-05-13T03:55:04Z,141.713093804067,40.7223944743548,560223.43292029,4508185.46107578,2018_bird_010_2_trip,K18F33,bird_010,20,2018,24281.3773725445,1,1473.65775829195,1.02726901363778,4.91219252763983,23280.323084749853,Fast_Outbound,Sea,Fast_Outbound
2018-05-13T04:00:04Z,141.72224,40.7337,560985.547105254,4509446.74976504,2018_bird_010_2_trip,K18F33,bird_010,20,2018,25755.2284636741,1,3119.52022074732,1.28594364088706,10.3984007358244,24299.441777709,Fast_Outbound,Sea,Fast_Outbound
2018-05-13T04:05:04Z,141.732917045324,40.7606025348125,561862.182438438,4512440.5628688,2018_bird_010_2_trip,K18F33,bird_010,20,2018,28767.8617968643,1,2866.95939824229,1.87375435244452,9.55653132747432,25807.225545379864,Fast_Outbound,Sea,Fast_Outbound
2018-05-13T04:10:04Z,141.72305125964,40.7853155299219,561006.839954279,4515176.95564506,2018_bird_010_2_trip,K18F33,bird_010,20,2018,30762.1188120292,1,1203.7644527225,1.76388727056948,4.01254817574168,25270.773812481835,Fast_Outbound,Sea,Fast_Outbound
2018-05-13T04:15:04Z,141.720428743085,40.7959744703193,560775.845611576,4516358.3490898,2018_bird_010_2_trip,K18F33,bird_010,20,2018,31723.4827130962,0,122.760280927502,-0.250946435180553,0.409200936425007,25176.3589907163,Slow,Sea,Slow
2018-05-13T04:20:04Z,141.72183526669,40.7956910666955,560894.76077485,4516327.86515113,2018_bird_010_2_trip,K18F33,bird_010,20,2018,31746.9878890538,0,146.289475431831,-0.323853664446059,0.48763158477277,25290.88025321038,Slow,Sea,Slow
2018-05-13T04:25:04Z,141.723474533369,40.7952614333718,561033.445558482,4516281.31258502,2018_bird_010_2_trip,K18F33,bird_010,20,2018,31765.0690124907,0,129.571426584656,-0.26091607719288,0.431904755282188,25423.20239510547,Slow,Sea,Slow
2018-05-13T04:30:04Z,141.72495506669,40.7949510333647,561158.631519249,4516247.88759716,2018_bird_010_2_trip,K18F33,bird_010,20,2018,31789.6880775676,0,136.190342641817,-0.239632094662509,0.453967808806055,25543.625624999047,Slow,Sea,Slow
2018-05-13T04:35:04Z,141.72652,40.79465,561290.930272038,4516215.56346624,2018_bird_010_2_trip,K18F33,bird_010,20,2018,31818.9506188511,0,154.963410760108,-0.0777749972685393,0.516544702533695,25671.24514618458,Slow,Sea,Slow
2018-05-13T04:40:04Z,141.72835,40.79453,561445.425236027,4516203.52333433,2018_bird_010_2_trip,K18F33,bird_010,20,2018,31876.8360829783,0,441.182114731694,1.34640505628082,1.47060704910565,25823.185628182295,Slow,Sea,Slow
2018-05-13T04:45:04Z,141.729555979828,40.7983971096619,561543.593963209,4516633.6448978,2018_bird_010_2_trip,K18F33,bird_010,20,2018,32305.8678795774,1,2129.0428240256,1.87915280810992,7.09680941341866,25969.696619399107,Fast_Outbound,Sea,Fast_Outbound
2018-05-13T04:50:04Z,141.722094973419,40.8167187675132,560897.444269082,4518662.26854927,2018_bird_010_2_trip,K18F33,bird_010,20,2018,33870.3854442755,0,199.407977353312,-0.169435878820048,0.664693257844373,25559.818355484793,Slow,Sea,Slow
2018-05-13T04:55:04Z,141.724422133379,40.8164012667465,561093.996734056,4518628.64311329,2018_bird_010_2_trip,K18F33,bird_010,20,2018,33919.585141116,0,131.868057354685,-0.0770799878008182,0.439560191182283,25751.044867331053,Slow,Sea,Slow
2018-05-13T05:00:04Z,141.72598,40.8163,561225.473249863,4518618.48878704,2018_bird_010_2_trip,K18F33,bird_010,20,2018,33964.3531838768,0,135.759882933238,-0.530294148202851,0.452532943110792,25880.38476975174,Slow,Sea,Slow
2018-05-13T05:05:04Z,141.727361819491,40.8156727280926,561342.587643955,4518549.82318786,2018_bird_010_2_trip,K18F33,bird_010,20,2018,33950.3694482042,0,75.1455930081795,3.06744318213624,0.250485310027265,25988.768763097676,Slow,Sea,Slow
2018-05-13T05:10:04Z,141.726473853847,40.8157284717799,561267.648536963,4518555.39008932,2018_bird_010_2_trip,K18F33,bird_010,20,2018,33924.3146628491,0,109.992332250776,-0.472764394351124,0.366641107502586,25915.042367935603,Slow,Sea,Slow
2018-05-13T05:15:04Z,141.72763,40.81527,561365.576132223,4518505.30516903,2018_bird_010_2_trip,K18F33,bird_010,20,2018,33919.4651467122,0,127.460917312152,-0.113926557957619,0.42486972437384,26006.52179318154,Slow,Sea,Slow
2018-05-13T05:20:04Z,141.72913,40.81513,561492.210769593,4518490.81537743,2018_bird_010_2_trip,K18F33,bird_010,20,2018,33959.3508457299,0,126.746841111913,-0.257549812866209,0.422489470373045,26130.527680979292,Slow,Sea,Slow
2018-05-13T05:25:04Z,141.73058,40.81483,561614.777116114,4518458.53144285,2018_bird_010_2_trip,K18F33,bird_010,20,2018,33981.819728832,0,126.46023738475,-0.24906218645888,0.421534124615833,26248.49331264482,Slow,Sea,Slow
2018-05-13T05:30:04Z,141.73203,40.81454,561737.335298233,4518427.35960243,2018_bird_010_2_trip,K18F33,bird_010,20,2018,34005.7489948186,0,133.282560957605,-0.331293806793393,0.444275203192016,26366.57230608386,Slow,Sea,Slow
2018-05-13T05:35:04Z,141.73352,40.81414,561863.370260444,4518384.00721662,2018_bird_010_2_trip,K18F33,bird_010,20,2018,34020.6303762123,0,120.563659220218,-0.281087669983752,0.401878864067392,26486.704067703504,Slow,Sea,Slow
2018-05-13T05:40:04Z,141.73489,40.81383,561979.202312794,4518350.56276157,2018_bird_010_2_trip,K18F33,bird_010,20,2018,34040.5292315801,0,119.098682484698,-0.236390218370689,0.396995608282326,26597.84019655208,Slow,Sea,Slow
2018-05-13T05:45:04Z,141.73626,40.81357,562094.988825075,4518322.67047334,2018_bird_010_2_trip,K18F33,bird_010,20,2018,34065.8198794953,0,126.244933595024,-0.141641235669573,0.420816445316745,26709.581403354103,Slow,Sea,Slow
2018-05-13T05:50:04Z,141.73774,40.8134,562219.969496398,4518304.84871545,2018_bird_010_2_trip,K18F33,bird_010,20,2018,34104.6010028911,0,126.184851786963,-0.240467638326375,0.420616172623209,26831.572970668487,Slow,Sea,Slow
2018-05-13T05:55:04Z,141.73919,40.81312,562342.523594824,4518274.79693048,2018_bird_010_2_trip,K18F33,bird_010,20,2018,34131.7619812735,0,124.820913737158,-0.107435579215739,0.416069712457193,26949.775142706098,Slow,Sea,Slow
2018-05-13T06:00:04Z,141.74066,40.81299,562466.624834504,4518261.41250611,2018_bird_010_2_trip,K18F33,bird_010,20,2018,34174.9789423948,0,128.748494350205,-0.138651835590964,0.429161647834018,27071.41049563339,Slow,Sea,Slow
2018-05-13T06:05:04Z,141.74217,40.81282,562594.137758308,4518243.61843236,2018_bird_010_2_trip,K18F33,bird_010,20,2018,34216.1899031743,0,146.335320676189,-0.0674575267631549,0.487784402253965,27195.932388671194,Slow,Sea,Slow
2018-05-13T06:10:04Z,141.7439,40.81272,562740.140254474,4518233.75449852,2018_bird_010_2_trip,K18F33,bird_010,20,2018,34273.28340843,0,429.757000603497,-0.0690561983824929,1.43252333534499,27339.699243410156,Slow,Sea,Slow
2018-05-13T06:15:04Z,141.74898,40.81242,563168.872958544,4518204.10069559,2018_bird_010_2_trip,K18F33,bird_010,20,2018,34443.3754217936,1,1501.77306528684,0.156532870008332,5.00591021762279,27761.81181174172,Fast_Middle,Sea,Fast_Middle
2018-05-13T06:20:04Z,141.766591293992,40.8144133599792,564652.284934072,4518438.21872241,2018_bird_010_2_trip,K18F33,bird_010,20,2018,35358.8465732004,1,2343.30551345333,-1.85400688512222,7.81101837817775,29260.69416913628,Fast_Homing,Sea,Fast_Homing
2018-05-13T06:25:04Z,141.758596925016,40.7941976344636,563997.472242423,4516188.26292991,2018_bird_010_2_trip,K18F33,bird_010,20,2018,33082.1996532724,1,3944.32876554849,-2.45655190428135,13.1477625518283,28354.164819210695,Fast_Homing,Sea,Fast_Homing
2018-05-13T06:30:04Z,141.72215,40.77195,560943.010609617,4513692.66810212,2018_bird_010_2_trip,K18F33,bird_010,20,2018,29412.5364879045,1,2017.65422716565,-2.67722722251451,6.72551409055216,25037.996066264535,Fast_Homing,Sea,Fast_Homing
2018-05-13T06:35:04Z,141.700689410843,40.76394206097,559139.013978625,4512789.05051942,2018_bird_010_2_trip,K18F33,bird_010,20,2018,27795.6731457655,1,2381.9787468257,-1.24483123601099,7.93992915608568,23144.505024371967,Fast_Homing,Sea,Fast_Homing
2018-05-13T06:40:04Z,141.70951,40.74356,559901.778849546,4510532.50171605,2018_bird_010_2_trip,K18F33,bird_010,20,2018,26136.4003081425,1,1858.21750885043,-2.21632588984459,6.19405836283478,23480.648788567614,Fast_Homing,Sea,Fast_Homing
2018-05-13T06:45:04Z,141.69613,40.73027,558783.835192692,4509048.19235129,2018_bird_010_2_trip,K18F33,bird_010,20,2018,24296.7503861597,1,3342.78078144619,-2.13188314187003,11.1426026048206,22065.913840753776,Fast_Homing,Sea,Fast_Homing
2018-05-13T06:50:04Z,141.67481,40.7049,557005.119163457,4506217.93571272,2018_bird_010_2_trip,K18F33,bird_010,20,2018,20960.934012795,1,3607.12770415555,-2.06493132356288,12.0237590138518,19712.149468510415,Fast_Homing,Sea,Fast_Homing
2018-05-13T06:55:04Z,141.65428,40.67641,555294.365632748,4503042.29520548,2018_bird_010_2_trip,K18F33,bird_010,20,2018,17352.6531239206,1,3547.11708915526,-2.2196689114378,11.8237236305175,17301.39047865239,Fast_Homing,Sea,Fast_Homing
2018-05-13T07:00:04Z,141.628679264173,40.6510917111159,553150.883552683,4500216.07436899,2018_bird_010_2_trip,K18F33,bird_010,20,2018,13864.5190220262,1,3734.26902693836,-2.22774065700501,12.4475634231279,13882.177232468668,Fast_Homing,Sea,Fast_Homing
2018-05-13T07:05:04Z,141.601467161673,40.6245976116389,550870.365316164,4497259.04854251,2018_bird_010_2_trip,K18F33,bird_010,20,2018,10245.7352192181,1,3874.93839018035,-2.21686304071024,12.9164613006012,10274.424203289362,Fast_Homing,Sea,Fast_Homing
2018-05-13T07:10:04Z,141.573646899354,40.5968662074168,548537.456693188,4494165.07296334,2018_bird_010_2_trip,K18F33,bird_010,20,2018,6610.63520967627,1,3916.13699536819,-2.05663700807,13.0537899845606,6541.783798851524,NA,Sea,Fast_Homing
2018-05-13T07:15:04Z,141.551779334796,40.5657754132101,546708.808987456,4490702.10075224,2018_bird_010_2_trip,K18F33,bird_010,20,2018,3057.07273956412,1,1892.04952598097,-1.84559736611522,6.30683175326991,2986.024188351528,NA,Sea,Fast_Homing
2018-05-13T07:20:04Z,141.545581309895,40.54939917625,546195.391042944,4488881.04242725,2018_bird_010_2_trip,K18F33,bird_010,20,2018,1572.75110289419,0,4.80739746768817,-2.37942540632451,0.0160246582256272,1472.5190931251143,NA,Sea,Slow
2018-05-13T07:25:04Z,141.54554,40.5493694666667,546191.913654067,4488877.72296389,2018_bird_010_2_trip,K18F33,bird_010,20,2018,1572.51049997519,0,6.0220091122079,-2.56340902945519,0.0200733637073597,1467.7470089633125,NA,Sea,Slow
2018-05-13T07:30:04Z,141.545480200669,40.5493401003345,546186.870482267,4488874.43191361,2018_bird_010_2_trip,K18F33,bird_010,20,2018,1573.33537676938,0,0.821412466787251,-0.00736995916177721,0.0027380415559575,1461.7340098625723,NA,Sea,Slow
2018-05-13T07:35:04Z,141.545489900662,40.54934,546187.691872426,4488874.42585989,2018_bird_010_2_trip,K18F33,bird_010,20,2018,1572.79070403379,0,2.0178298034574502,-2.55290217967022,0.00672609934485817,1462.3903091765983,NA,Sea,Slow
2018-05-13T07:40:04Z,141.54547,40.54933,546186.013706868,4488873.30541467,2018_bird_010_2_trip,K18F33,bird_010,20,2018,1573.05036460878,0,2.77216454676892,2.7358038571363,0.00924054848922973,1460.3743184620369,NA,Sea,Slow
2018-05-13T07:45:04Z,141.54544,40.54934,546183.466666171,4488874.39970895,2018_bird_010_2_trip,K18F33,bird_010,20,2018,1575.55192185976,0,15.6328505864663,-0.783403639542674,0.0521095019548877,1458.9818826090395,NA,Sea,Slow
2018-05-13T07:50:04Z,141.54557,40.54924,546194.542786484,4488863.36768392,2018_bird_010_2_trip,K18F33,bird_010,20,2018,1559.9500679623,0,17.9447915087647,1.96360375074734,0.0598159716958822,1461.152336829052,NA,Sea,Slow
2018-05-13T07:55:04Z,141.545490090909,40.5493897272727,546187.673815929,4488879.94576541,2018_bird_010_2_trip,K18F33,bird_010,20,2018,1576.96890237319,0,9.371112435829,-1.31561542928715,0.0312370414527634,1465.671464136702,NA,Sea,Slow
2018-05-13T08:00:04Z,141.54551736364,40.5493079090913,546190.039276369,4488870.87811162,2018_bird_010_2_trip,K18F33,bird_010,20,2018,1568.57249011518,0,5.77111947266536,-2.9826841075384,0.0192370649088845,1462.1688286215983,NA,Sea,Fast_Homing
2018-05-13T17:15:35Z,141.57589,40.55441,548758.063035868,4489453.58075695,2018_bird_010_3_trip,K18F33,bird_010,20,2018,2340.81432121914,1,3106.1085701461,0.627065176490295,10.3536952338203,3803.214195312729,Fast_Outbound,Sea,Fast_Outbound
2018-05-13T17:20:35Z,141.605743694382,40.5706766176244,551273.24396105,4491276.15458622,2018_bird_010_3_trip,K18F33,bird_010,20,2018,5413.71404578927,1,1799.62152474004,0.762047857773401,5.99873841580015,6749.662815279513,Fast_Outbound,Sea,Fast_Outbound
2018-05-13T17:25:35Z,141.6212269208,40.5817875505882,552575.132784765,4492518.62113426,2018_bird_010_3_trip,K18F33,bird_010,20,2018,7213.04511593835,1,1055.85234495029,1.22800807362264,3.51950781650097,8518.978665319846,Fast_Outbound,Sea,Fast_Outbound
2018-05-13T17:30:35Z,141.625503480269,40.5907230436574,552930.019995012,4493513.04520996,2018_bird_010_3_trip,K18F33,bird_010,20,2018,8158.33862283067,0,305.033490311458,1.99385901086609,1.01677830103819,9536.865079083558,Slow,Sea,Slow
2018-05-13T17:35:35Z,141.624046909069,40.5932366325458,552804.786958428,4493791.18567225,2018_bird_010_3_trip,K18F33,bird_010,20,2018,8274.21302347825,0,739.217463992,3.04122550694469,2.46405821330667,9691.467524855563,Slow,Sea,Slow
2018-05-13T17:40:35Z,141.615361399747,40.5939505000783,552069.289647192,4493865.25431768,2018_bird_010_3_trip,K18F33,bird_010,20,2018,7854.56019412312,0,262.750833407971,0.945838557505924,0.875836111359904,9168.444330356298,Slow,Sea,Slow
2018-05-13T17:45:35Z,141.61719570214,40.5958603764134,552223.015444573,4494078.34204533,2018_bird_010_3_trip,K18F33,bird_010,20,2018,8117.19777569382,1,2279.51325443331,0.95426369655263,7.5983775147777,9420.025983068008,Fast_Outbound,Sea,Fast_Outbound
2018-05-13T17:50:35Z,141.63293,40.61253,553541.052018939,4495938.17006581,2018_bird_010_3_trip,K18F33,bird_010,20,2018,10395.5187795308,0,813.472090536856,1.19273737866591,2.71157363512285,11596.90937263895,Slow,Sea,Fast_Outbound
2018-05-13T17:55:35Z,141.636543998166,40.6193210003087,553841.318547531,4496694.1970851,2018_bird_010_3_trip,K18F33,bird_010,20,2018,11180.7461040996,0,307.963516353579,1.1037291341302,1.02654505451193,12294.541755933857,Slow,Sea,Slow
2018-05-13T18:00:35Z,141.638206875445,40.6217890337983,553979.985139421,4496969.17545461,2018_bird_010_3_trip,K18F33,bird_010,20,2018,11484.6552407076,1,1280.70962534315,0.985277051930583,4.26903208447716,12571.667632764957,Fast_Outbound,Sea,Fast_Middle
2018-05-13T18:05:35Z,141.646666993953,40.6313576781137,554687.746560257,4498036.55116898,2018_bird_010_3_trip,K18F33,bird_010,20,2018,12764.7159105829,0,538.954001242007,1.03016721735804,1.79651333747336,13782.259635470136,Slow,Sea,Fast_Middle
2018-05-13T18:10:35Z,141.649987175161,40.6355018898986,554965.132970892,4498498.64227974,2018_bird_010_3_trip,K18F33,bird_010,20,2018,13302.0214395668,1,857.733216849405,0.92011245966476,2.85911072283135,14283.248522993154,Fast_Middle,Sea,Fast_Middle
2018-05-13T18:15:35Z,141.656190963693,40.6416150038751,555484.688295354,4499181.11464996,2018_bird_010_3_trip,K18F33,bird_010,20,2018,14159.7264332846,1,1111.79374807026,1.41602048489011,3.7059791602342,15110.567872458352,Fast_Middle,Sea,Fast_Middle
2018-05-13T18:20:35Z,141.65831504589,40.6514990044581,555656.080890431,4500279.61813953,2018_bird_010_3_trip,K18F33,bird_010,20,2018,15160.3292564446,1,1276.28730597379,1.74361904414103,4.25429101991264,15913.373089414988,Fast_Middle,Sea,Fast_Middle
2018-05-13T18:25:35Z,141.655830101875,40.6628395384569,555436.605804831,4501536.89296,2018_bird_010_3_trip,K18F33,bird_010,20,2018,16107.2179677585,1,1432.13513281336,1.40380450591088,4.77378377604452,16501.513090470096,Fast_Middle,Sea,Fast_Middle
2018-05-13T18:30:35Z,141.658771242347,40.6755449517525,555674.650684461,4502949.10600127,2018_bird_010_3_trip,K18F33,bird_010,20,2018,17451.3392901653,0,447.78702935191,1.80117222731464,1.49262343117303,17547.41008640486,Slow,Sea,Slow
2018-05-13T18:35:35Z,141.65760004139,40.6794790121377,555572.401422838,4503385.06277912,2018_bird_010_3_trip,K18F33,bird_010,20,2018,17785.804376556,0,700.419196098232,-0.897476918378966,2.33473065366077,17694.74699578384,Slow,Sea,Slow
2018-05-13T18:40:35Z,141.662719264249,40.6745169902103,556009.171896716,4502837.50583833,2018_bird_010_3_trip,K18F33,bird_010,20,2018,17519.2798473701,0,96.7715185492988,0.613073526901983,0.322571728497663,17745.832073766996,Slow,Sea,Slow
2018-05-13T18:45:35Z,141.663660681753,40.6750131917047,556088.319717812,4502893.18661794,2018_bird_010_3_trip,K18F33,bird_010,20,2018,17607.2381253699,0,541.336716376447,1.24882976879812,1.80445572125482,17842.56356046957,Slow,Sea,Slow
2018-05-13T18:50:35Z,141.665733422332,40.6796273827123,556259.616344483,4503406.70673068,2018_bird_010_3_trip,K18F33,bird_010,20,2018,18137.6561730089,0,106.585411112655,0.865434726605421,0.35528470370885,18290.29075636928,Slow,Sea,Slow
2018-05-13T18:55:35Z,141.666558331929,40.6803536902249,556328.716645605,4503487.85842965,2018_bird_010_3_trip,K18F33,bird_010,20,2018,18242.5007925266,0,524.423189251063,0.78043746165605,1.74807729750355,18394.45961511467,Slow,Sea,Slow
2018-05-13T19:00:35Z,141.671001177372,40.6836519555713,556701.374811949,4503856.83752457,2018_bird_010_3_trip,K18F33,bird_010,20,2018,18748.9803824326,1,2484.53467317443,0.699125639875119,8.28178224391475,18898.66985121387,Fast_Middle,Sea,Fast_Middle
2018-05-13T19:05:35Z,141.69365331482,40.6979221393464,558603.050503561,4505455.75656759,2018_bird_010_3_trip,K18F33,bird_010,20,2018,21107.4284378087,1,2715.41939251252,0.49183523041771,9.05139797504174,21102.799266326507,Fast_Middle,Sea,Fast_Middle
2018-05-13T19:10:35Z,141.722107203179,40.7092997596715,560996.604898424,4506738.09811182,2018_bird_010_3_trip,K18F33,bird_010,20,2018,23516.5173158512,1,1741.5460960464,0.301495157209284,5.805153653488,23716.953637729675,Fast_Middle,Sea,Fast_Middle
2018-05-13T19:15:35Z,141.741844646351,40.7138333819462,562659.596071399,4507255.24718439,2018_bird_010_3_trip,K18F33,bird_010,20,2018,24932.4665385799,1,2776.17213018411,-2.26786474004315,9.2539071006137,25451.31676431606,Fast_Homing,Sea,Fast_Homing
2018-05-13T19:20:35Z,141.720539296278,40.6947929367431,560877.369295132,4505126.67972848,2018_bird_010_3_trip,K18F33,bird_010,20,2018,22156.6320053861,1,3678.03021134225,-2.25403816559784,12.2601007044742,23006.73649045337,Fast_Homing,Sea,Fast_Homing
2018-05-13T19:25:35Z,141.692792404367,40.6692663353932,558555.390273786,4502274.25625712,2018_bird_010_3_trip,K18F33,bird_010,20,2018,18478.0756735301,1,3676.07288239114,-2.31164793678083,12.2535762746371,19429.474717880505,Fast_Homing,Sea,Fast_Homing
2018-05-13T19:30:35Z,141.663198078385,40.645003590351,556074.347830864,4499561.70391051,2018_bird_010_3_trip,K18F33,bird_010,20,2018,14815.4351654084,1,3656.96050245365,-1.96781321239491,12.1898683415122,15810.455519064064,Fast_Homing,Sea,Fast_Homing
2018-05-13T19:35:35Z,141.64618223978,40.6147179660058,554660.314631195,4496189.1870126,2018_bird_010_3_trip,K18F33,bird_010,20,2018,11299.8178867257,1,3657.32212494159,-1.9402585443369,12.1910737498053,12639.290377064008,Fast_Homing,Sea,Fast_Homing
2018-05-13T19:40:35Z,141.630281377835,40.5840810951311,553339.604444457,4492778.65483591,2018_bird_010_3_trip,K18F33,bird_010,20,2018,7961.54879379952,1,3398.19460870267,-2.22180344050851,11.3273153623422,9174.384305452244,NA,Sea,Fast_Homing
2018-05-22T22:45:18Z,141.56373,40.55115,547730.839119451,4489085.05802377,2018_bird_010_15_trip,K18F33,bird_010,20,2018,1486.48136624353,1,3806.13304267582,1.06882736968324,12.6871101422527,2817.045327228327,Fast_Outbound,Sea,Fast_Outbound
2018-05-22T22:50:18Z,141.58562,40.5811,549562.169664726,4492421.65466893,2018_bird_010_15_trip,K18F33,bird_010,20,2018,5281.74072427452,1,3649.37813189375,1.04222269205299,12.1645937729792,6298.657833890779,Fast_Outbound,Sea,Fast_Outbound
2018-05-22T22:55:18Z,141.607621605496,40.6093761168178,551402.558900373,4495572.99219622,2018_bird_010_15_trip,K18F33,bird_010,20,2018,8927.30547488007,1,3458.4441985684,1.18930217082301,11.5281473285613,9674.702545690505,Fast_Outbound,Sea,Fast_Outbound
2018-05-22T23:00:18Z,141.62311,40.63821,552690.164044987,4498782.8067183,2018_bird_010_15_trip,K18F33,bird_010,20,2018,12372.9651400239,1,3651.73250406812,1.09172835662844,12.1724416802271,12646.27313661525,Fast_Outbound,Sea,Fast_Outbound
2018-05-22T23:05:18Z,141.643295416881,40.66729324584,554373.43842984,4502023.44517801,2018_bird_010_15_trip,K18F33,bird_010,20,2018,16025.4064035173,1,3944.09161491361,1.12771879873898,13.146972049712,15950.874952081796,Fast_Outbound,Sea,Fast_Outbound
2018-05-22T23:10:18Z,141.663617803778,40.6992781581788,556064.35665289,4505586.68166045,2018_bird_010_15_trip,K18F33,bird_010,20,2018,19970.3106691563,1,3897.11800511471,1.10549003763284,12.9903933503824,18656.804585174435,Fast_Outbound,Sea,Fast_Outbound
2018-05-22T23:15:18Z,141.684635691021,40.730530471067,557812.980049969,4509069.47435612,2018_bird_010_15_trip,K18F33,bird_010,20,2018,23868.7660113204,1,3724.89410093733,1.38538569899102,12.4163136697911,21124.166248482572,Fast_Outbound,Sea,Fast_Outbound
2018-05-22T23:20:18Z,141.693109343453,40.7634606178243,558499.664795098,4512730.5261345,2018_bird_010_15_trip,K18F33,bird_010,20,2018,27474.0192321074,1,2711.01254398766,0.909136058902121,9.03670847995886,22503.310381400846,Fast_Outbound,Sea,Fast_Outbound
2018-05-22T23:25:18Z,141.713049482653,40.7826075434517,560165.385739852,4514869.44238996,2018_bird_010_15_trip,K18F33,bird_010,20,2018,30116.0574271253,1,3518.80924360792,1.08126672233253,11.7293641453597,24400.60453842264,Fast_Outbound,Sea,Fast_Outbound
2018-05-22T23:30:18Z,141.732964864183,40.8104588559125,561819.967816537,4517974.98206036,2018_bird_010_15_trip,K18F33,bird_010,20,2018,33632.9110417295,1,4125.26965738633,1.22832076691636,13.7508988579544,26396.994737319554,Fast_Outbound,Sea,Fast_Outbound
2018-05-22T23:35:18Z,141.749782985757,40.8453547056653,563205.315516095,4521860.68167529,2018_bird_010_15_trip,K18F33,bird_010,20,2018,37738.7299497507,1,1323.23042682445,0.784553680624304,4.41076808941484,28214.81533012569,Fast_Middle,Sea,Fast_Middle
2018-05-22T23:40:18Z,141.760987243463,40.8537030233871,564141.770543395,4522795.55639648,2018_bird_010_15_trip,K18F33,bird_010,20,2018,38985.3703340918,0,445.63120553319,-1.24248806554073,1.4854373517773,29250.714585157963,Slow,Sea,Slow
2018-05-22T23:45:18Z,141.76264828932,40.8498920619197,564285.460809129,4522373.72671654,2018_bird_010_15_trip,K18F33,bird_010,20,2018,38668.9111296204,1,2380.36418160576,-1.83941383855096,7.9345472720192,29345.25131843761,Fast_Homing,Sea,Fast_Homing
2018-05-22T23:50:18Z,141.754919633331,40.8292686666669,563653.715058707,4520078.72542157,2018_bird_010_15_trip,K18F33,bird_010,20,2018,36332.67360887421,0,45.3788300210934,-1.76936323489525,0.151262766736978,28456.737311392044,Slow,Sea,Slow
2018-05-22T23:55:18Z,141.754808933327,40.8288686333349,563644.763421873,4520034.23827273,2018_bird_010_15_trip,K18F33,bird_010,20,2018,36288.9367176966,0,58.9098314390027,-2.07864154209413,0.196366104796676,28442.7741126026,Slow,Sea,Slow
2018-05-23T00:00:18Z,141.754463953514,40.8284071822063,563616.11583367,4519982.76319206,2018_bird_010_15_trip,K18F33,bird_010,20,2018,36230.048909412,1,1892.51877920666,-1.91859868140611,6.30839593068888,28408.48022604384,Fast_Homing,Sea,Fast_Homing
2018-05-23T00:05:18Z,141.746634991068,40.8124303361005,562971.083788761,4518203.5608453,2018_bird_010_15_trip,K18F33,bird_010,20,2018,34351.7011019793,1,3314.2376849579,-1.80700682659838,11.0474589498597,27565.450316116036,Fast_Homing,Sea,Fast_Homing
2018-05-23T00:10:18Z,141.737118472738,40.7834644520097,562195.485743047,4514981.35366638,2018_bird_010_15_trip,K18F33,bird_010,20,2018,31141.524621188,1,3438.8803472496,-1.95110449878776,11.462934490832,26428.093377166748,Fast_Homing,Sea,Fast_Homing
2018-05-23T00:15:18Z,141.721679324972,40.7547963606099,560918.950523203,4511788.18034268,2018_bird_010_15_trip,K18F33,bird_010,20,2018,27729.9264852127,1,3421.37535152021,-1.90536590013338,11.4045845050674,24747.031532124292,Fast_Homing,Sea,Fast_Homing
2018-05-23T00:20:18Z,141.708062511415,40.725768105391,559795.49868016,4508556.51432461,2018_bird_010_15_trip,K18F33,bird_010,20,2018,24371.9399789068,1,3295.95240303205,-1.97695387800446,10.9865080101068,22944.433065300906,Fast_Homing,Sea,Fast_Homing
2018-05-23T00:25:18Z,141.692361456094,40.6985870303655,558493.325880486,4505528.70187288,2018_bird_010_15_trip,K18F33,bird_010,20,2018,21110.0730249214,1,3126.46777625876,-1.91115020887944,10.4215592541959,21011.81072321012,Fast_Homing,Sea,Fast_Homing
2018-05-23T00:30:18Z,141.679738897847,40.6721124870844,557449.646233775,4502581.57894517,2018_bird_010_15_trip,K18F33,bird_010,20,2018,18073.3082314775,1,3091.75073183717,-1.86128843697117,10.3058357727906,18736.42939111951,Fast_Homing,Sea,Fast_Homing
2018-05-23T00:35:18Z,141.668995194433,40.6454895858152,556564.095388841,4499619.36317166,2018_bird_010_15_trip,K18F33,bird_010,20,2018,15158.783869059,1,3246.95735526433,-2.01942123673184,10.8231911842144,16234.90962860027,Fast_Homing,Sea,Fast_Homing
2018-05-23T00:40:18Z,141.652083619528,40.6192299230581,555155.802551722,4496693.71053476,2018_bird_010_15_trip,K18F33,bird_010,20,2018,12006.1219226909,1,3281.80910052976,-2.18739140850492,10.9393636684325,13339.493859691587,Fast_Homing,Sea,Fast_Homing
2018-05-23T00:45:18Z,141.629422414403,40.5952349294829,553258.061625431,4494016.23964808,2018_bird_010_15_trip,K18F33,bird_010,20,2018,8748.32441831604,1,3320.95742480511,-2.2808559874706,11.0698580826837,10137.9716761318,NA,Sea,Fast_Homing
2018-05-23T18:40:49Z,141.64078,40.61576,554202.496079115,4496301.51497934,2018_bird_010_16_trip,K18F33,bird_010,20,2018,11090.6464308989,1,3376.80072713398,1.01310307040145,11.2560024237799,12343.403416920262,Fast_Outbound,Sea,Fast_Outbound
2018-05-23T18:45:49Z,141.662160668514,40.6414506794535,555989.601631739,4499166.65666773,2018_bird_010_16_trip,K18F33,bird_010,20,2018,14448.9327721614,1,2923.39143434639,1.0099181092711,9.74463811448798,15503.337275198426,Fast_Outbound,Sea,Fast_Outbound
2018-05-23T18:50:49Z,141.680776732763,40.663643376937,557544.641434061,4501642.15029357,2018_bird_010_16_trip,K18F33,bird_010,20,2018,17363.196733703,1,2589.66755545948,0.921717492118158,8.63222518486494,18242.081459737376,Fast_Outbound,Sea,Fast_Outbound
2018-05-23T18:55:49Z,141.699488147215,40.6821166981137,559109.973301921,4503705.18548262,2018_bird_010_16_trip,K18F33,bird_010,20,2018,19953.6275869794,1,2961.24670967777,0.69468737371353,9.87082236559257,20738.65349556586,Fast_Outbound,Sea,Fast_Outbound
2018-05-23T19:00:49Z,141.726593071476,40.6990262783153,561384.96253356,4505600.81362957,2018_bird_010_16_trip,K18F33,bird_010,20,2018,22843.380347185,1,3034.71679817358,0.500005216471543,10.1157226605786,23698.098516971877,Fast_Outbound,Sea,Fast_Outbound
2018-05-23T19:05:49Z,141.75826261538,40.7119295018784,564048.169486324,4507055.74825761,2018_bird_010_16_trip,K18F33,bird_010,20,2018,25664.961042937,1,2598.06347850299,0.336901575123302,8.66021159500998,26698.95977518143,Fast_Outbound,Sea,Fast_Outbound
2018-05-23T19:10:49Z,141.787380394316,40.7194713544083,566500.178729879,4507914.57566044,2018_bird_010_16_trip,K18F33,bird_010,20,2018,27951.9605688617,1,2904.4330008423,0.401491085641011,9.681443336141,29163.317114744903,Fast_Outbound,Sea,Fast_Outbound
2018-05-23T19:15:49Z,141.819157351431,40.729475145902,569173.64922665,4509049.60277874,2018_bird_010_16_trip,K18F33,bird_010,20,2018,30640.7404823902,1,2651.8128051508,0.418057069705386,8.83937601716933,31638.89974002417,Fast_Outbound,Sea,Fast_Outbound
2018-05-23T19:20:49Z,141.847975983188,40.7389655596904,571597.086498295,4510126.20063494,2018_bird_010_16_trip,K18F33,bird_010,20,2018,33142.0003410834,1,2674.87728822209,0.45217919737166,8.91625762740697,33921.64871237869,Fast_Outbound,Sea,Fast_Outbound
2018-05-23T19:25:49Z,141.876607599563,40.7492800894948,574003.130833253,4511294.92607971,2018_bird_010_16_trip,K18F33,bird_010,20,2018,35712.9350349173,1,2336.25803624843,0.655840770696347,7.78752678749476,36269.35119311184,Fast_Outbound,Sea,Fast_Outbound
2018-05-23T19:30:49Z,141.898710700608,40.761944526743,575854.698228209,4512719.63650428,2018_bird_010_16_trip,K18F33,bird_010,20,2018,38045.1008558081,1,2181.93337879024,0.885746783258897,7.27311126263412,38505.214709999214,Fast_Outbound,Sea,Fast_Outbound
2018-05-23T19:35:49Z,141.915273833256,40.7770355524924,577235.232303439,4514409.29887783,2018_bird_010_16_trip,K18F33,bird_010,20,2018,40198.8925553121,1,2762.77560184794,0.336908634504685,9.20925200615979,40685.05768401251,Fast_Outbound,Sea,Fast_Outbound
2018-05-23T19:40:49Z,141.946286207072,40.7850127139711,579842.68767139,4515322.59265878,2018_bird_010_16_trip,K18F33,bird_010,20,2018,42767.4418205201,1,2426.45466916496,0.838943597174223,8.08818223054986,42940.64205416362,Fast_Outbound,Sea,Fast_Outbound
2018-05-23T19:45:49Z,141.965736763011,40.8011128534475,581464.163811397,4517127.72350968,2018_bird_010_16_trip,K18F33,bird_010,20,2018,45173.4209189412,1,2386.22576018029,1.1854705104511,7.95408586726764,45356.383259663686,Fast_Outbound,Sea,Fast_Outbound
2018-05-23T19:50:49Z,141.976659720903,40.8209406778825,582361.053209626,4519338.98170037,2018_bird_010_16_trip,K18F33,bird_010,20,2018,47308.3748827452,1,2489.48246152274,1.25740284070384,8.29827487174247,46937.80098981096,Fast_Outbound,Sea,Fast_Outbound
2018-05-23T19:55:49Z,141.986075415354,40.8421942970734,583128.532283559,4521707.2086315,2018_bird_010_16_trip,K18F33,bird_010,20,2018,49479.9761025108,1,2694.41419963729,2.30592128828211,8.98138066545763,47969.508687435424,Fast_Middle,Sea,Fast_Middle
2018-05-23T20:00:49Z,141.964903683913,40.860377057103,581321.442970486,4523705.78214623,2018_bird_010_16_trip,K18F33,bird_010,20,2018,49615.9508332598,1,1842.4609928176,1.95932309073309,6.14153664272534,46403.93865526712,Fast_Middle,Sea,Fast_Middle
2018-05-23T20:05:49Z,141.956844221305,40.8758045370098,580623.471959597,4525410.92113705,2018_bird_010_16_trip,K18F33,bird_010,20,2018,50402.5651644049,1,1739.71544155331,1.14207495826767,5.79905147184437,45851.98596442773,Fast_Middle,Sea,Fast_Middle
2018-05-23T20:10:49Z,141.965633345829,40.8899847277457,581346.685986091,4526993.18890499,2018_bird_010_16_trip,K18F33,bird_010,20,2018,52069.631255436,1,2169.16768781252,1.91322398480619,7.23055895937508,46644.850364011065,Fast_Middle,Sea,Fast_Middle
2018-05-23T20:15:49Z,141.957253835719,40.9084604479555,580618.334154511,4529036.41969648,2018_bird_010_16_trip,K18F33,bird_010,20,2018,53168.9585323245,1,2837.82250089872,2.0116274164749,9.45940833632906,46009.949148907035,Fast_Middle,Sea,Fast_Middle
2018-05-23T20:20:49Z,141.943206501177,40.931695889948,579407.460130995,4531602.93886566,2018_bird_010_16_trip,K18F33,bird_010,20,2018,54465.130875557,1,2106.62929035878,2.15926221269791,7.02209763452928,44916.97724605828,Fast_Middle,Sea,Fast_Middle
2018-05-23T20:25:49Z,141.929539791484,40.9475917018538,578238.100524408,4533355.21883116,2018_bird_010_16_trip,K18F33,bird_010,20,2018,55222.9555047192,1,2494.17026642538,-2.82884439943712,8.31390088808459,43828.84832235453,Fast_Homing,Sea,Fast_Homing
2018-05-23T20:30:49Z,141.901253632431,40.9409034782318,575864.918477315,4532587.8256534,2018_bird_010_16_trip,K18F33,bird_010,20,2018,53276.1900616644,1,3496.03846579334,-2.21559807166792,11.6534615526445,41426.187573568306,Fast_Homing,Sea,Fast_Homing
2018-05-23T20:35:49Z,141.875961657922,40.9159285909264,573763.659514079,4529793.72548989,2018_bird_010_16_trip,K18F33,bird_010,20,2018,49790.0715935941,1,3648.72329004751,-2.18492305862022,12.162410966825,39203.81019546534,Fast_Homing,Sea,Fast_Homing
2018-05-23T20:40:49Z,141.850651679677,40.8892553234771,571661.100815398,4526811.70795708,2018_bird_010_16_trip,K18F33,bird_010,20,2018,46145.3844019816,1,3336.48609088758,-2.24111093444776,11.1216203029586,36971.641957023734,Fast_Homing,Sea,Fast_Homing
2018-05-23T20:45:49Z,141.825757085517,40.8658835459525,569588.367044458,4524197.14983964,2018_bird_010_16_trip,K18F33,bird_010,20,2018,42830.2842947765,1,4133.80556491126,-2.29588465246913,13.7793518830375,34785.58794127173,Fast_Homing,Sea,Fast_Homing
2018-05-23T20:50:49Z,141.792895762875,40.838243126598,566846.820779,4521103.24090064,2018_bird_010_16_trip,K18F33,bird_010,20,2018,38765.245419875,1,4032.95578134939,-2.19670066222971,13.4431859378313,31742.456843263055,Fast_Homing,Sea,Fast_Homing
2018-05-23T20:55:49Z,141.764535972366,40.8089911313939,564484.192614802,4517834.79777094,2018_bird_010_16_trip,K18F33,bird_010,20,2018,34751.1260791399,1,3955.59581217678,-2.19561638492808,13.1853193739226,29025.05068632083,Fast_Homing,Sea,Fast_Homing
2018-05-23T21:00:49Z,141.736785413288,40.7802702421971,562170.361554844,4514626.53904458,2018_bird_010_16_trip,K18F33,bird_010,20,2018,30818.6138448437,1,3786.32935393208,-2.29627568646618,12.6210978464403,26362.667613955404,Fast_Homing,Sea,Fast_Homing
2018-05-23T21:05:49Z,141.706744856572,40.7549383055555,559658.154114559,4511793.6776372,2018_bird_010_16_trip,K18F33,bird_010,20,2018,27133.7418924479,1,3738.7629455634,-2.21614467389745,12.462543151878,23519.1689241513,Fast_Homing,Sea,Fast_Homing
2018-05-23T21:10:49Z,141.679832341254,40.7281926885286,557409.375068771,4508806.81621317,2018_bird_010_16_trip,K18F33,bird_010,20,2018,23455.372467246,1,4024.21632512514,-2.23120764192553,13.4140544170838,20673.21634637091,Fast_Homing,Sea,Fast_Homing
2018-05-23T21:15:49Z,141.650322533061,40.6997326327205,554940.752820816,4505628.73169128,2018_bird_010_16_trip,K18F33,bird_010,20,2018,19537.0826059291,1,3958.88708344112,-2.17894741297763,13.1962902781371,17570.733604677065,Fast_Homing,Sea,Fast_Homing
2018-05-23T21:20:49Z,141.623277526923,40.6706119746824,552678.83863476,4502379.65010499,2018_bird_010_16_trip,K18F33,bird_010,20,2018,15677.2093602859,1,3831.2190692612,-2.1091957332682,12.7707302308707,14653.802966960486,Fast_Homing,Sea,Fast_Homing
2018-05-23T21:25:49Z,141.599770013392,40.641104889081,550714.333202412,4499090.43166242,2018_bird_010_16_trip,K18F33,bird_010,20,2018,11928.6908098005,1,3443.39002412515,-1.89608066464413,11.4779667470838,11261.16504290299,Fast_Homing,Sea,Fast_Homing
2018-05-23T21:30:49Z,141.586499283298,40.6117791327459,549613.900727369,4495827.61336743,2018_bird_010_16_trip,K18F33,bird_010,20,2018,8485.92213382762,1,3383.66233197786,-1.8344133524068,11.2788744399262,8406.636450412407,NA,Sea,Fast_Homing
2018-05-24T05:10:18Z,141.5874,40.56556,549724.3181755,4490697.68426452,2018_bird_010_17_trip,K18F33,bird_010,20,2018,3915.16000451224,1,3285.30632849231,0.885175817846747,10.9510210949744,5379.4031175335285,Fast_Outbound,Sea,Fast_Outbound
2018-05-24T05:15:18Z,141.61218,40.58834,551804.421125073,4493240.59782797,2018_bird_010_17_trip,K18F33,bird_010,20,2018,7201.61319465917,1,3270.43458437672,0.641099264415162,10.9014486145891,8578.653446628092,Fast_Outbound,Sea,Fast_Outbound
2018-05-24T05:20:18Z,141.643320415829,40.6057916819536,554425.474286332,4495196.56886471,2018_bird_010_17_trip,K18F33,bird_010,20,2018,10408.8344620692,1,3165.84973438562,0.930077625964865,10.5528324479521,11778.610818640216,Fast_Outbound,Sea,Fast_Outbound
2018-05-24T05:25:18Z,141.665915197471,40.6285274117148,556317.929834845,4497734.52405297,2018_bird_010_17_trip,K18F33,bird_010,20,2018,13557.1423292578,1,3187.76661824643,0.81054077165405,10.6258887274881,14895.30205521154,Fast_Outbound,Sea,Fast_Outbound
2018-05-24T05:30:18Z,141.692102695654,40.6491839659365,558514.641036206,4500044.57078631,2018_bird_010_17_trip,K18F33,bird_010,20,2018,16745.289477632,1,3135.9267701273,1.12375602557929,10.4530892337577,18044.082702275504,Fast_Outbound,Sea,Fast_Outbound
2018-05-24T05:35:18Z,141.708405502727,40.6745594477782,559870.297728111,4502872.33167459,2018_bird_010_17_trip,K18F33,bird_010,20,2018,19769.0341701565,1,3022.62453010651,0.975973433082385,10.075415100355,20838.10786092309,Fast_Outbound,Sea,Fast_Outbound
2018-05-24T05:40:18Z,141.728690761022,40.6969861212169,561564.061882965,4505375.8136573,2018_bird_010_17_trip,K18F33,bird_010,20,2018,22779.6816150011,1,2915.89350832716,1.39618327131189,9.71964502775721,23704.056122092912,Fast_Outbound,Sea,Fast_Outbound
2018-05-24T05:45:18Z,141.734970566293,40.7228149392687,562070.631577015,4508247.3676089,2018_bird_010_17_trip,K18F33,bird_010,20,2018,25369.5336382575,1,2970.59533708833,1.18784836010245,9.9019844569611,25094.539569639397,Fast_Outbound,Sea,Fast_Outbound
2018-05-24T05:50:18Z,141.748390763819,40.7475510743599,563180.613911178,4511002.79423187,2018_bird_010_17_trip,K18F33,bird_010,20,2018,28263.1750622646,1,2841.55736461082,1.93888415559467,9.47185788203608,26779.87882298376,Fast_Outbound,Sea,Fast_Outbound
2018-05-24T05:55:18Z,141.736543713283,40.7715108303024,562158.130634602,4513654.01587585,2018_bird_010_17_trip,K18F33,bird_010,20,2018,29965.5731271958,0,784.947374988855,2.53711255022414,2.61649124996285,26239.507122715007,Fast_Middle,Sea,Slow
2018-05-24T06:00:18Z,141.72893518268,40.77557794023,561512.277752439,4514100.12845817,2018_bird_010_17_trip,K18F33,bird_010,20,2018,30040.4322149704,0,139.927842017267,-2.62093068882536,0.466426140057555,25649.4815308099,Slow,Sea,Slow
2018-05-24T06:05:18Z,141.72749,40.77496,561390.891738634,4514030.52072423,2018_bird_010_17_trip,K18F33,bird_010,20,2018,29921.4936190628,0,101.594060724741,-2.68891333222679,0.338646869082471,25521.067904147894,Slow,Sea,Slow
2018-05-24T06:10:18Z,141.726403079363,40.7745665563551,561299.530388236,4513986.08586373,2018_bird_010_17_trip,K18F33,bird_010,20,2018,29839.1106462718,0,209.408316918807,-2.55375077260624,0.698027723062689,25425.311463873222,Slow,Sea,Slow
2018-05-24T06:15:18Z,141.724326920423,40.7735334437723,561125.273469411,4513869.95503476,2018_bird_010_17_trip,K18F33,bird_010,20,2018,29654.5829071857,0,287.340852346804,-1.67379340054647,0.957802841156012,25239.131588640237,Slow,Sea,Slow
2018-05-24T06:20:18Z,141.723948919991,40.7709610267694,561095.730501094,4513584.13694847,2018_bird_010_17_trip,K18F33,bird_010,20,2018,29388.4014335787,0,252.471511480732,2.27363068500415,0.841571704935773,25177.169291486833,Slow,Sea,Slow
2018-05-24T06:25:18Z,141.72203410594,40.7727084106188,560932.537224908,4513776.77603774,2018_bird_010_17_trip,K18F33,bird_010,20,2018,29482.0998508973,0,79.1678933382207,-2.79250293531619,0.263892977794069,25037.22158066734,Slow,Sea,Slow
2018-05-24T06:30:18Z,141.72115,40.77247,560858.144386027,4513749.69724791,2018_bird_010_17_trip,K18F33,bird_010,20,2018,29423.547220613,1,1399.82042273408,1.30577986668777,4.66606807578026,24960.28477830182,Fast_Middle,Sea,Fast_Middle
2018-05-24T06:35:18Z,141.725626748781,40.7846119425204,561224.79256532,4515100.64740559,2018_bird_010_17_trip,K18F33,bird_010,20,2018,30792.4774154633,1,2644.43941770429,-2.48259421541414,8.81479805901429,25478.37485652981,Fast_Homing,Sea,Fast_Homing
2018-05-24T06:40:18Z,141.700696498165,40.7701789623577,559134.083134113,4513481.39019681,2018_bird_010_17_trip,K18F33,bird_010,20,2018,28420.8009983982,1,2319.54368653448,-2.06255134099945,7.73181228844827,23218.648910910066,Fast_Homing,Sea,Fast_Homing
2018-05-24T06:45:18Z,141.687529921497,40.7518385278182,558038.855680552,4511436.69957505,2018_bird_010_17_trip,K18F33,bird_010,20,2018,26104.8335448388,1,3156.78299072889,-2.29415623383604,10.5226099690963,21862.49678775768,Fast_Homing,Sea,Fast_Homing
2018-05-24T06:50:18Z,141.662567740772,40.7306677688165,555949.359102402,4509070.4191816,2018_bird_010_17_trip,K18F33,bird_010,20,2018,23102.5354472087,1,3139.43125025196,-2.17059848498305,10.4647708341732,19307.67026710375,Fast_Homing,Sea,Fast_Homing
2018-05-24T06:55:18Z,141.641358707788,40.7074423797419,554177.215535731,4506478.9841054,2018_bird_010_17_trip,K18F33,bird_010,20,2018,20043.3477554845,1,3015.96778951562,-2.1055996966176,10.0532259650521,17012.71542817623,Fast_Homing,Sea,Fast_Homing
2018-05-24T07:00:18Z,141.622944900604,40.6841672067171,552640.06157811,4503884.13932816,2018_bird_010_17_trip,K18F33,bird_010,20,2018,17083.715983054,1,3080.8944504807,-2.25089490054091,10.269648168269,14945.764545509865,Fast_Homing,Sea,Fast_Homing
2018-05-24T07:05:18Z,141.599824464191,40.6627100046936,550702.580504138,4501488.71082724,2018_bird_010_17_trip,K18F33,bird_010,20,2018,14237.0644456739,1,2892.68037360008,-1.84734222574362,9.64226791200026,12532.071328957329,Fast_Homing,Sea,Fast_Homing
2018-05-24T07:10:18Z,141.590260455767,40.6376901060663,549912.779184536,4498705.93997441,2018_bird_010_17_trip,K18F33,bird_010,20,2018,11344.8863509114,1,3136.03654757062,-1.86272950270559,10.4534551585687,10390.312816863205,Fast_Homing,Sea,Fast_Homing
2018-05-24T07:15:18Z,141.579353571795,40.610688902754,549010.214871658,4495702.59136181,2018_bird_010_17_trip,K18F33,bird_010,20,2018,8213.61283457806,1,3173.28507922474,-1.7428857073789,10.5776169307491,7850.637800182559,NA,Sea,Fast_Homing
2018-05-30T10:35:26Z,141.58973,40.55938,549926.148957978,4490013.00980342,2018_bird_010_27_trip,K18F33,bird_010,20,2018,3567.51696173386,1,3473.79099459852,0.292783379864568,11.5793033153284,4937.200560718906,Fast_Outbound,Sea,Fast_Outbound
2018-05-30T10:40:26Z,141.629098786965,40.5682045853627,553252.110175009,4491015.60935307,2018_bird_010_27_trip,K18F33,bird_010,20,2018,6890.17774409305,1,1235.4133963363,0.069773149179214,4.11804465445435,7683.488021282553,Fast_Outbound,Sea,Fast_Outbound
2018-05-30T10:45:26Z,141.643664518368,40.5689002657898,554484.517614341,4491101.73811323,2018_bird_010_27_trip,K18F33,bird_010,20,2018,8028.20317268434,0,133.505910093881,1.75742341894681,0.445019700312935,8467.814277258542,Slow,Sea,Slow
2018-05-30T10:50:26Z,141.643383211483,40.5700836795216,554459.746177854,4491232.9257802,2018_bird_010_27_trip,K18F33,bird_010,20,2018,8062.61358226803,0,339.421266813378,-0.424011165894701,1.13140422271126,8560.62324581638,Slow,Sea,Slow
2018-05-30T10:55:26Z,141.647025678527,40.5688053021652,554769.110335278,4491093.28117963,2018_bird_010_27_trip,K18F33,bird_010,20,2018,8283.28361187308,1,2338.53348294411,-0.203478577359861,7.7951116098137,8625.72409624335,Fast_Outbound,Sea,Fast_Outbound
2018-05-30T11:00:26Z,141.674037999436,40.5643936004682,557059.398850428,4490620.71650869,2018_bird_010_27_trip,K18F33,bird_010,20,2018,10269.6851783795,0,306.773343678156,0.392112205779513,1.02257781226052,9565.902945525268,Slow,Sea,Slow
2018-05-30T11:05:26Z,141.677397274287,40.5654300623194,557342.889312477,4490737.94723128,2018_bird_010_27_trip,K18F33,bird_010,20,2018,10575.00364346,1,3480.96465521383,0.0842626393111687,11.6032155173794,9825.828606755458,Fast_Outbound,Sea,Fast_Outbound
2018-05-30T11:10:26Z,141.718397606917,40.5678216667105,560811.503518466,4491030.91552454,2018_bird_010_27_trip,K18F33,bird_010,20,2018,14000.4817210344,1,3432.44632099415,0.366244393690924,11.4414877366472,12072.826953768936,Fast_Outbound,Sea,Fast_Outbound
2018-05-30T11:15:26Z,141.756379215097,40.5786528078196,564016.306060984,4492260.1138039,2018_bird_010_27_trip,K18F33,bird_010,20,2018,17412.5569168244,1,1594.61669144654,0.450946869440705,5.31538897148847,14950.094555687416,Fast_Outbound,Sea,Fast_Outbound
2018-05-30T11:20:26Z,141.773407474739,40.5848008081046,565451.516644816,4492955.07637318,2018_bird_010_27_trip,K18F33,bird_010,20,2018,18982.7141682576,0,65.241716797019,0.14906021268054,0.217472389323397,16399.41475414422,Slow,Sea,Slow
2018-05-30T11:25:26Z,141.774170794638,40.5848829803356,565516.034901522,4492964.76534435,2018_bird_010_27_trip,K18F33,bird_010,20,2018,19047.4116210561,0,130.555146746508,0.136656701795363,0.43518382248836,16448.830804014153,Slow,Sea,Slow
2018-05-30T11:30:26Z,141.775700836086,40.5850329431817,565645.372882042,4492982.55110092,2018_bird_010_27_trip,K18F33,bird_010,20,2018,19176.6680168096,0,72.5611155675759,0.342696367848394,0.241870385225253,16546.98518424052,Slow,Sea,Slow
2018-05-30T11:35:26Z,141.776510869593,40.5852471572205,565713.714716448,4493006.93365949,2018_bird_010_27_trip,K18F33,bird_010,20,2018,19249.1111443489,0,59.3086983578525,-0.307822107077131,0.197695661192842,16610.32743100658,Slow,Sea,Slow
2018-05-30T11:40:26Z,141.777176821179,40.5850807948558,565770.235650709,4492988.96408267,2018_bird_010_27_trip,K18F33,bird_010,20,2018,19298.5101658339,0,113.434469031659,0.0464274938956462,0.378114896772197,16634.0724028804,Slow,Sea,Slow
2018-05-30T11:45:26Z,141.77851621264,40.5851192027422,565883.547887009,4492994.228669,2018_bird_010_27_trip,K18F33,bird_010,20,2018,19408.9648824776,0,103.824455534579,-0.0524784159677658,0.346081518448598,16713.10286079732,Slow,Sea,Slow
2018-05-30T11:50:26Z,141.779740693014,40.585061881374,565987.229409899,4492988.78262656,2018_bird_010_27_trip,K18F33,bird_010,20,2018,19507.2694567903,0,176.368514875607,0.127547259861823,0.587895049585358,16778.10723768746,Slow,Sea,Slow
2018-05-30T11:55:26Z,141.78181,40.58525,566162.165260343,4493011.2170035,2018_bird_010_27_trip,K18F33,bird_010,20,2018,19681.7957902024,0,155.725144957816,0.00175953416700305,0.519083816526052,16912.080911880697,Slow,Sea,Slow
2018-05-30T12:00:26Z,141.78365,40.58524,566317.890164242,4493011.49100707,2018_bird_010_27_trip,K18F33,bird_010,20,2018,19831.8857127423,1,1039.67175266679,0.0742710930091268,3.4655725088893,17017.478529646723,Fast_Outbound,Sea,Fast_Outbound
2018-05-30T12:05:26Z,141.795908609186,40.5858511780698,567354.695718619,4493088.6375929,2018_bird_010_27_trip,K18F33,bird_010,20,2018,20852.6920464042,1,2773.10025103335,-0.0971050473477379,9.24366750344452,17791.33317995072,Fast_Outbound,Sea,Fast_Outbound
2018-05-30T12:10:26Z,141.82849,40.5832,570114.731917804,4492819.77855647,2018_bird_010_27_trip,K18F33,bird_010,20,2018,23470.0382441373,1,2817.73999706266,0.367684553881114,9.39246665687552,19662.47845578225,Fast_Outbound,Sea,Fast_Outbound
2018-05-30T12:15:26Z,141.859673189416,40.5920966445313,572744.140222217,4493832.63128996,2018_bird_010_27_trip,K18F33,bird_010,20,2018,26261.4906901294,0,137.997369070775,-0.933995444804423,0.459991230235915,22360.21288838634,Slow,Sea,Slow
2018-05-30T12:20:26Z,141.86063,40.59109,572826.197099727,4493721.68110869,2018_bird_010_27_trip,K18F33,bird_010,20,2018,26315.6302374658,0,151.130101741407,-0.520292313749637,0.50376700580469,22359.77604013535,Slow,Sea,Slow
2018-05-30T12:25:26Z,141.862170800388,40.5904016669427,572957.328744166,4493646.54922811,2018_bird_010_27_trip,K18F33,bird_010,20,2018,26426.2772587108,0,298.557461015915,-0.474352072710935,0.995191536719718,22420.96297761945,Slow,Sea,Slow
2018-05-30T12:30:26Z,141.865293267198,40.5891498003451,573222.922134659,4493510.17947907,2018_bird_010_27_trip,K18F33,bird_010,20,2018,26655.0499539158,0,340.692296891755,-0.51319528851189,1.13564098963918,22556.649903490397,Slow,Sea,Slow
2018-05-30T12:35:26Z,141.868780795319,40.5876167552436,573519.726513865,4493342.91202364,2018_bird_010_27_trip,K18F33,bird_010,20,2018,26909.1963554435,0,343.986137211141,-0.68611586607477,1.14662045737047,22703.498092352864,Slow,Sea,Slow
2018-05-30T12:40:26Z,141.8719,40.58563,573785.872917893,4493124.98415893,2018_bird_010_27_trip,K18F33,bird_010,20,2018,27125.001135118,0,59.9085663463573,-0.470011136023325,0.199695221154524,22800.78398409352,Slow,Sea,Slow
2018-05-30T12:45:26Z,141.872527906985,40.5853808305704,573839.285193695,4493097.85179605,2018_bird_010_27_trip,K18F33,bird_010,20,2018,27171.9312691878,0,357.895254722465,-1.78526038836068,1.19298418240822,22830.0954736786,Slow,Sea,Slow
2018-05-30T12:50:26Z,141.871587060717,40.5822376165758,573763.116566125,4492748.15570868,2018_bird_010_27_trip,K18F33,bird_010,20,2018,27029.5938437128,1,2897.07991749894,-2.98904172000809,9.6569330583298,22574.0023217849,Fast_Middle,Sea,Fast_Middle
2018-05-30T12:55:26Z,141.837706663045,40.5785222833312,570899.681438636,4492307.9156389,2018_bird_010_27_trip,K18F33,bird_010,20,2018,24133.6197497234,1,2889.41921236105,-3.04326829232375,9.63139737453685,19969.5925024532,Fast_Middle,Sea,Fast_Middle
2018-05-30T13:00:26Z,141.803704635308,40.5762085935064,568024.217967727,4492024.27288432,2018_bird_010_27_trip,K18F33,bird_010,20,2018,21257.8033563476,1,2929.80880049812,-3.11647958509463,9.76602933499374,17550.62813159767,Fast_Middle,Sea,Fast_Middle
2018-05-30T13:05:26Z,141.769095363775,40.5757814411883,565095.33298438,4491950.70412869,2018_bird_010_27_trip,K18F33,bird_010,20,2018,18382.0212692135,1,3724.58737899783,3.10348789577824,12.4152912633261,15408.40413111371,Fast_Middle,Sea,Fast_Middle
2018-05-30T13:10:26Z,141.725138898951,40.5773439949966,561373.449277571,4492092.59428613,2018_bird_010_27_trip,K18F33,bird_010,20,2018,14827.1125574921,0,345.789959269097,-2.9853972928113,1.15263319756366,13265.813003562722,Slow,Sea,Slow
2018-05-30T13:15:26Z,141.721098163554,40.5768846939273,561031.868866708,4492038.80284772,2018_bird_010_27_trip,K18F33,bird_010,20,2018,14484.9389672479,0,159.249121990436,-1.57226394841666,0.530830406634785,13024.17924902469,Slow,Sea,Slow
2018-05-30T13:20:26Z,141.721080000086,40.575450166692,561031.635149337,4491879.55389724,2018_bird_010_27_trip,K18F33,bird_010,20,2018,14437.6619928187,0,83.303245336173,-0.891391331210883,0.27767748445391,12893.8764875486,Slow,Sea,Slow
2018-05-30T13:25:26Z,141.72169209317,40.5748625250411,561083.9770986,4491814.74841112,2018_bird_010_27_trip,K18F33,bird_010,20,2018,14469.1513425119,0,122.373438868166,-0.404733157563151,0.407911462893885,12871.200479710787,Slow,Sea,Slow
2018-05-30T13:30:26Z,141.723016321069,40.5744201338643,561196.463682065,4491766.56099491,2018_bird_010_27_trip,K18F33,bird_010,20,2018,14563.4651210734,0,103.763921856453,0.0256784900339535,0.345879739521511,12896.91437471053,Slow,Sea,Slow
2018-05-30T13:35:26Z,141.724242019743,40.5744364570796,561300.193395622,4491769.22520293,2018_bird_010_27_trip,K18F33,bird_010,20,2018,14663.849309017,0,119.034400967161,0.365749017164173,0.396781336557202,12959.08832798234,Slow,Sea,Slow
2018-05-30T13:40:26Z,141.725559394053,40.5748117172088,561411.354401599,4491811.79772181,2018_bird_010_27_trip,K18F33,bird_010,20,2018,14782.5123592224,0,122.047252278914,-0.869325081089182,0.406824174263047,13058.216210695462,Slow,Sea,Slow
2018-05-30T13:45:26Z,141.726480794716,40.5739660264949,561490.116651259,4491718.5666121,2018_bird_010_27_trip,K18F33,bird_010,20,2018,14832.5753590348,0,187.30526827949,-1.54139529492996,0.624350894264967,13027.594504488932,Slow,Sea,Slow
2018-05-30T13:50:26Z,141.726527600091,40.5722790666851,561495.622826065,4491531.34229327,2018_bird_010_27_trip,K18F33,bird_010,20,2018,14788.097546344,0,102.728325229958,-1.07561262929563,0.342427750766527,12877.732349607622,Slow,Sea,Slow
2018-05-30T13:55:26Z,141.727095466719,40.5714612000096,561544.438637042,4491440.95354727,2018_bird_010_27_trip,K18F33,bird_010,20,2018,14812.0899405007,0,81.1129681467667,-1.1354398788356,0.270376560489222,12832.07485405478,Slow,Sea,Slow
2018-05-30T14:00:26Z,141.727492399883,40.5707961333541,561578.64670326,4491367.40681514,2018_bird_010_27_trip,K18F33,bird_010,20,2018,14826.7671179587,0,124.756397009022,-1.94734375159462,0.415854656696741,12791.757522635313,Slow,Sea,Slow
2018-05-30T14:05:26Z,141.726939169591,40.5697544518545,561532.772281428,4491251.39088512,2018_bird_010_27_trip,K18F33,bird_010,20,2018,14753.8573191843,0,142.26715494706,-1.13753449474002,0.474223849823533,12670.35924442576,Slow,Sea,Slow
2018-05-30T14:10:26Z,141.727632140702,40.5685868562497,561592.500795203,4491122.26905111,2018_bird_010_27_trip,K18F33,bird_010,20,2018,14781.3025373308,0,177.699237676857,-0.953012943164233,0.59233079225619,12599.381133895304,Slow,Sea,Slow
2018-05-30T14:15:26Z,141.728833853885,40.5672743189426,561695.429467473,4490977.41496075,2018_bird_010_27_trip,K18F33,bird_010,20,2018,14848.6991702942,0,136.558823056678,-1.41886594523337,0.455196076855593,12540.5198806541,Slow,Sea,Slow
2018-05-30T14:20:26Z,141.729064795661,40.5660568013672,561716.09717535,4490842.4291911,2018_bird_010_27_trip,K18F33,bird_010,20,2018,14839.5736741906,0,745.499465380038,-2.2311857853199,2.48499821793346,12442.110635923496,Slow,Sea,Slow
2018-05-30T14:25:26Z,141.723605819423,40.5607870903153,561258.789557427,4490253.66846256,2018_bird_010_27_trip,K18F33,bird_010,20,2018,14275.3838196326,0,59.5862480368131,-0.593891612468147,0.198620826789377,11696.240114960694,Slow,Sea,Slow
2018-05-30T14:30:26Z,141.724185866774,40.5604830666786,561308.172807578,4490220.32456418,2018_bird_010_27_trip,K18F33,bird_010,20,2018,14318.0471605428,0,145.309360028138,-1.30508850171136,0.484364533427126,11697.54508827776,Slow,Sea,Slow
2018-05-30T14:35:26Z,141.724622933373,40.5592172000034,561346.329929424,4490080.11456395,2018_bird_010_27_trip,K18F33,bird_010,20,2018,14331.5453454764,0,107.466444750572,-1.38359419376356,0.358221482501905,11604.994601310682,Slow,Sea,Slow
2018-05-30T14:40:26Z,141.724848903708,40.5582645515202,561366.330578466,4489974.52568771,2018_bird_010_27_trip,K18F33,bird_010,20,2018,14334.0487311997,0,72.6202877099247,-0.667502577138938,0.242067625699749,11530.258791319488,Slow,Sea,Slow
2018-05-30T14:45:26Z,141.725518154418,40.5578553691555,561423.36437996,4489929.57180385,2018_bird_010_27_trip,K18F33,bird_010,20,2018,14383.3001448922,0,85.6816147787215,-0.630791122570587,0.285605382595738,11526.499279388468,Slow,Sea,Slow
2018-05-30T14:50:26Z,141.726330465162,40.5573950166391,561492.557525019,4489879.03817358,2018_bird_010_27_trip,K18F33,bird_010,20,2018,14443.9237327787,0,64.0446933401197,-0.56301102982259,0.213482311133733,11525.40611814835,Slow,Sea,Slow
2018-05-30T14:55:26Z,141.726966800312,40.5570830667562,561546.717038759,4489844.85528581,2018_bird_010_27_trip,K18F33,bird_010,20,2018,14492.3508448754,0,173.952893384214,-0.916307616915606,0.57984297794738,11529.34963579317,Slow,Sea,Slow
2018-05-30T15:00:26Z,141.728204019947,40.5558319933669,561652.611503824,4489706.84814329,2018_bird_010_27_trip,K18F33,bird_010,20,2018,14577.358026126,0,41.2131781020845,2.7403987394858,0.137377260340282,11480.916015727536,Slow,Sea,Slow
2018-05-30T15:05:26Z,141.727757491638,40.5559797993338,561614.670841413,4489722.94262014,2018_bird_010_27_trip,K18F33,bird_010,20,2018,14542.0139822751,0,21.0612556373567,-3.02240698317373,0.0702041854578558,11471.15002957481,Slow,Sea,Slow
2018-05-30T15:10:26Z,141.727510267559,40.5559587959866,561593.758998706,4489720.43835904,2018_bird_010_27_trip,K18F33,bird_010,20,2018,14520.9500101299,0,10.3991866500518,-1.35285714298529,0.0346639555001726,11456.667948152244,Slow,Sea,Slow
2018-05-30T15:15:26Z,141.72753583334801,40.5558671666753,561596.00749021,4489710.28516403,2018_bird_010_27_trip,K18F33,bird_010,20,2018,14521.7597009456,0,17.522136306081,1.80789667144677,0.05840712102027,11449.836550972292,Slow,Sea,Slow
2018-05-30T15:20:26Z,141.727488885711,40.55602089985,561591.891801722,4489727.31708609,2018_bird_010_27_trip,K18F33,bird_010,20,2018,14520.0650870991,1,2898.77905043196,2.32749792059308,9.66259683477319,11461.09456970903,Fast_Middle,Sea,Fast_Middle
2018-05-30T15:25:26Z,141.704183748901,40.5751533131383,559601.802011368,4491835.03210704,2018_bird_010_27_trip,K18F33,bird_010,20,2018,13061.3186235269,1,984.889256679833,2.18236435955312,3.28296418893278,12030.01044537019,Slow,Sea,Slow
2018-05-30T15:30:26Z,141.69757868242,40.582457871624,559036.325884466,4492641.40894068,2018_bird_010_27_trip,K18F33,bird_010,20,2018,12815.8978619328,0,77.0004625553934,-2.00752192565417,0.256668208517978,12361.72151164557,Slow,Sea,Slow
2018-05-30T15:35:26Z,141.697187342197,40.5818316611314,559003.756639451,4492571.63562549,2018_bird_010_27_trip,K18F33,bird_010,20,2018,12758.9745607201,0,19.2705055404828,2.54914877352707,0.0642350184682759,12285.829303400338,Slow,Sea,Slow
2018-05-30T15:40:26Z,141.696999466662,40.581929733632,558987.770241996,4492582.39608459,2018_bird_010_27_trip,K18F33,bird_010,20,2018,12748.3311761541,0,187.854594704541,-3.13211566898005,0.62618198234847,12285.394411475188,Slow,Sea,Slow
2018-05-30T15:45:26Z,141.694779865922,40.5819270671838,558799.924083143,4492580.61581614,2018_bird_010_27_trip,K18F33,bird_010,20,2018,12574.3353373089,0,283.130671490951,0.575330660024654,0.943768904969837,12175.176423195082,Slow,Sea,Slow
2018-05-30T15:50:26Z,141.697600978839,40.5832979122758,559037.474236439,4492734.67068237,2018_bird_010_27_trip,K18F33,bird_010,20,2018,12853.304818234299,1,1231.68804626567,2.31783005823055,4.10562682088556,12438.600294872203,Slow,Sea,Slow
2018-05-30T15:55:26Z,141.687796171724,40.5914979372556,558200.584851602,4493638.36952648,2018_bird_010_27_trip,K18F33,bird_010,20,2018,12492.3372304327,1,2817.77885016111,2.31577277696958,9.39259616720371,12692.52156780916,Fast_Middle,Sea,Fast_Middle
2018-05-30T16:00:26Z,141.665407018861,40.6102894917235,556290.259002734,4495709.72965924,2018_bird_010_27_trip,K18F33,bird_010,20,2018,12111.4525132384,1,3694.02442255185,2.08902892401467,12.3134147418395,13278.328002734535,Fast_Middle,Sea,Fast_Middle
2018-05-30T16:05:26Z,141.644055686264,40.6393194307759,554460.440345332,4498918.7139402,2018_bird_010_27_trip,K18F33,bird_010,20,2018,13365.6542460053,1,3476.71612266739,1.66346973860184,11.5890537422246,14136.75384141276,Fast_Middle,Sea,Fast_Middle
2018-05-30T16:10:26Z,141.640549181345,40.6705252034703,554138.702196132,4502380.51109788,2018_bird_010_27_trip,K18F33,bird_010,20,2018,16244.3841359461,1,1534.66999496617,-2.01434018111611,5.11556664988722,15980.672253202529,Fast_Homing,Sea,Fast_Homing
2018-05-30T16:15:26Z,141.632639404951,40.6580812511085,553480.109169626,4500994.34111592,2018_bird_010_27_trip,K18F33,bird_010,20,2018,14709.16495681,1,3316.36452973576,-1.93152893732107,11.0545484324525,14616.082323869065,Fast_Homing,Sea,Fast_Homing
2018-05-30T16:20:26Z,141.618535215748,40.6302043559881,552309.565853114,4497891.42280597,2018_bird_010_27_trip,K18F33,bird_010,20,2018,11404.9351369978,1,3422.14828782418,-2.00275230700241,11.4071609594139,11802.79737955996,Fast_Homing,Sea,Fast_Homing
2018-05-30T16:25:26Z,141.601344349111,40.6022975419698,550876.890580673,4494783.60355968,2018_bird_010_27_trip,K18F33,bird_010,20,2018,7983.83723479058,1,3510.43941274158,-2.17078225645606,11.7014647091386,8777.650026165025,NA,Sea,Fast_Homing
2018-05-12T18:06:01Z,141.57136,40.56266,548368.587817796,4490366.8492331,2018_bird_039_2_trip,K18F34,bird_039,18,2018,2914.1725530506,1,3431.32677029662,1.17610224240639,11.4377559009887,4102.327051050332,Fast_Outbound,Sea,Fast_Outbound
2018-05-12T18:11:01Z,141.587194635417,40.5911161240529,549688.021529518,4493534.35583687,2018_bird_039_2_trip,K18F34,bird_039,18,2018,6346.68779605281,0,343.761753092009,0.92032031110198,1.1458725103067,7074.088923636483,Slow,Sea,Slow
2018-05-12T18:16:01Z,141.589676238931,40.5935679673084,549896.191713686,4493807.91993779,2018_bird_039_2_trip,K18F34,bird_039,18,2018,6680.34091377905,0,269.552570600805,0.718680955922008,0.898508568669352,7405.624340308401,Slow,Sea,Slow
2018-05-12T18:21:01Z,141.592087932984,40.5951544342884,550099.077149562,4493985.39131077,2018_bird_039_2_trip,K18F34,bird_039,18,2018,6925.27028999689,0,370.698993155036,1.31646152867743,1.23566331051679,7674.696411208956,Slow,Sea,Slow
2018-05-12T18:26:01Z,141.593218722545,40.5983807533821,550192.345632129,4494344.16524194,2018_bird_039_2_trip,K18F34,bird_039,18,2018,7290.7622968916,1,2081.88050338921,1.13348179614797,6.93960167796404,7966.614634347974,Fast_Outbound,Sea,Fast_Outbound
2018-05-12T18:31:01Z,141.603791715371,40.6153161563969,551074.039199246,4496230.12464873,2018_bird_039_2_trip,K18F34,bird_039,18,2018,9373.16582824036,1,2536.52375948178,0.938711743496468,8.45507919827259,9812.170921828314,Fast_Outbound,Sea,Fast_Outbound
2018-05-12T18:36:01Z,141.621678514724,40.633657310623,552572.688147809,4498276.58601201,2018_bird_039_2_trip,K18F34,bird_039,18,2018,11867.3852441325,1,2941.99139470253,1.11079588844069,9.80663798234177,12245.7336262077,Fast_Outbound,Sea,Fast_Outbound
2018-05-12T18:41:01Z,141.637348194345,40.6573204546311,553878.780813776,4500912.7641764,2018_bird_039_2_trip,K18F34,bird_039,18,2018,14810.3752632767,1,3458.91445010706,1.00067794449936,11.5297148336902,14883.76048392522,Fast_Outbound,Sea,Fast_Outbound
2018-05-12T18:46:01Z,141.659689232129,40.6834267893103,555745.666628559,4503824.60663913,2018_bird_039_2_trip,K18F34,bird_039,18,2018,18255.4747558937,1,3753.85083698494,0.998652524761858,12.5128361232831,17959.998611333103,Fast_Outbound,Sea,Fast_Outbound
2018-05-12T18:51:01Z,141.684030423259,40.7117165161547,557778.135395324,4506980.62736442,2018_bird_039_2_trip,K18F34,bird_039,18,2018,21999.1385429287,1,3764.50672330967,0.899330682628731,12.5483557443656,20632.75704337014,Fast_Outbound,Sea,Fast_Outbound
2018-05-12T18:56:01Z,141.712038398538,40.7380978489239,560120.1634853,4509927.89988246,2018_bird_039_2_trip,K18F34,bird_039,18,2018,25718.1897873761,1,3564.61776606443,0.964553314743564,11.8820592202148,23561.187529059454,Fast_Outbound,Sea,Fast_Outbound
2018-05-12T19:01:01Z,141.736382668766,40.7643344975011,562151.225713778,4512857.28310119,2018_bird_039_2_trip,K18F34,bird_039,18,2018,29273.8899682191,1,3418.0499884755,0.978277474762504,11.393499961585,26141.664990105615,Fast_Outbound,Sea,Fast_Outbound
2018-05-12T19:06:01Z,141.759287696209,40.7897286657039,564060.043496917,4515692.6808501,2018_bird_039_2_trip,K18F34,bird_039,18,2018,32688.147730678,1,3285.09736466558,0.844228909930837,10.9503245488853,28359.720709057565,Fast_Outbound,Sea,Fast_Outbound
2018-05-12T19:11:01Z,141.78541255094,40.8116737714684,566242.359425534,4518148.15674756,2018_bird_039_2_trip,K18F34,bird_039,18,2018,35923.2916206702,1,3276.59485122406,0.75287164836883,10.9219828374135,30805.64769654996,Fast_Outbound,Sea,Fast_Outbound
2018-05-12T19:16:01Z,141.814006103775,40.8316573267527,568633.383835007,4520388.48620824,2018_bird_039_2_trip,K18F34,bird_039,18,2018,39100.1548656212,1,3034.48412970513,0.674394018977427,10.1149470990171,33434.02130540892,Fast_Outbound,Sea,Fast_Outbound
2018-05-12T19:21:01Z,141.842330264393,40.8485230530684,571003.575339181,4522283.29125546,2018_bird_039_2_trip,K18F34,bird_039,18,2018,41995.3844738625,1,2612.8237813457,0.311468573639359,8.70941260448566,36002.227106731654,Fast_Outbound,Sea,Fast_Outbound
2018-05-12T19:26:01Z,141.871926680698,40.8555162565029,573490.681907672,4523084.00907675,2018_bird_039_2_trip,K18F34,bird_039,18,2018,44093.7684767083,1,1905.56522682825,0.0605665459392023,6.35188408942749,38561.73146542944,Fast_Outbound,Sea,Fast_Outbound
2018-05-12T19:31:01Z,141.894505099965,40.8563824177672,575392.753104152,4523199.35203153,2018_bird_039_2_trip,K18F34,bird_039,18,2018,45343.8380706187,1,2253.40950789664,0.683134488230238,7.51136502632215,40462.52192774035,Fast_Outbound,Sea,Fast_Outbound
2018-05-12T19:36:01Z,141.915415246079,40.8690318731106,577140.4929166,4524621.76545886,2018_bird_039_2_trip,K18F34,bird_039,18,2018,47547.591223387,1,3149.21927323421,0.873543286655005,10.4973975774474,42340.93783654933,Fast_Outbound,Sea,Fast_Outbound
2018-05-12T19:41:01Z,141.939716389219,40.8905843383708,579162.651546669,4527035.98510623,2018_bird_039_2_trip,K18F34,bird_039,18,2018,50697.4361865992,1,3101.10047545154,0.926194309483208,10.3370015848385,44467.380572701666,Fast_Outbound,Sea,Fast_Outbound
2018-05-12T19:46:01Z,141.962156733179,40.9127291276615,581026.041926172,4529514.81556684,2018_bird_039_2_trip,K18F34,bird_039,18,2018,53797.5035771595,1,2993.38035068333,1.41133130649525,9.97793450227775,46438.29929278184,Fast_Outbound,Sea,Fast_Outbound
2018-05-12T19:51:01Z,141.968188685453,40.9393013992457,581501.360903664,4532470.21702747,2018_bird_039_2_trip,K18F34,bird_039,18,2018,56415.320689105,1,2846.7221885617,1.7924715124527,9.48907396187234,47045.39104840582,Fast_Outbound,Sea,Fast_Outbound
2018-05-12T19:56:01Z,141.961117147953,40.964376730009,580875.468819067,4535247.28136185,2018_bird_039_2_trip,K18F34,bird_039,18,2018,58281.6571639251,1,3418.92034062831,2.26305056245358,11.3964011354277,46545.53648905507,Fast_Outbound,Sea,Fast_Middle
2018-05-12T20:01:01Z,141.935522190638,40.9882958504271,578693.260400422,4537879.19752942,2018_bird_039_2_trip,K18F34,bird_039,18,2018,59262.0286806268,1,3214.5911922239,2.26035301307583,10.7153039740797,44486.08260285317,Fast_Outbound,Sea,Fast_Middle
2018-05-12T20:06:01Z,141.911520218706,41.0108295107284,576648.152863351,4540359.34504418,2018_bird_039_2_trip,K18F34,bird_039,18,2018,60354.3954085959,0,793.185961102134,2.37843690529234,2.64395320367378,42556.558340298194,Slow,Sea,Fast_Middle
2018-05-12T20:11:01Z,141.904771920255,41.0158213903321,576074.95041145,4540907.59947236,2018_bird_039_2_trip,K18F34,bird_039,18,2018,60558.4058131331,1,1478.25931415339,2.65917257502618,4.92753104717796,42009.154499582844,Slow,Sea,Fast_Middle
2018-05-12T20:16:01Z,141.889282084167,41.022119675929,574765.397760059,4541593.40006519,2018_bird_039_2_trip,K18F34,bird_039,18,2018,60555.2279428013,1,2515.27189561324,1.64964491868399,8.38423965204414,40733.14607324302,Fast_Middle,Sea,Fast_Middle
2018-05-12T20:21:01Z,141.887229036175,41.0447227608891,574567.277550745,4544100.85716183,2018_bird_039_2_trip,K18F34,bird_039,18,2018,62712.5284440614,1,1095.84609176024,2.18969946622508,3.65282030586745,40647.79021142323,Fast_Middle,Sea,Fast_Middle
2018-05-12T20:26:01Z,141.879772632724,41.0528203295298,573931.531097787,4544993.44054975,2018_bird_039_2_trip,K18F34,bird_039,18,2018,63245.9235316241,1,1757.34220079882,-2.95544905673382,5.85780733599606,40053.43377788995,Fast_Homing,Sea,Fast_Homing
2018-05-12T20:31:01Z,141.85918593201,41.0500459615284,572204.546549005,4544668.20835734,2018_bird_039_2_trip,K18F34,bird_039,18,2018,62237.6422172385,1,3031.4104897452,-1.86493244849553,10.104701632484,38315.48471544616,Fast_Homing,Sea,Fast_Homing
2018-05-12T20:36:01Z,141.848393748842,41.0239916022741,571325.700690607,4541766.98800816,2018_bird_039_2_trip,K18F34,bird_039,18,2018,59227.7691346889,1,3123.20579658989,-2.04053463227108,10.410685988633,37308.49315034984,Fast_Homing,Sea,Fast_Homing
2018-05-12T20:41:01Z,141.831264299941,40.9990296064025,569911.972369153,4538982.0667021,2018_bird_039_2_trip,K18F34,bird_039,18,2018,56107.7047400202,1,1631.84654294617,-1.86237799284176,5.43948847648724,35772.88451917106,Fast_Homing,Sea,Fast_Homing
2018-05-12T20:46:01Z,141.82551151884,40.9849915569644,569442.869541677,4537419.09975524,2018_bird_039_2_trip,K18F34,bird_039,18,2018,54488.394913134,0,663.992797054657,1.42791644885465,2.21330932351552,35234.61035808746,Slow,Sea,Slow
2018-05-12T20:51:01Z,141.826709305901,40.9909033537368,569537.418286892,4538076.3264812,2018_bird_039_2_trip,K18F34,bird_039,18,2018,55127.536277558,0,730.985104645309,0.0778298076505101,2.43661701548436,35358.455275561835,Slow,Sea,Slow
2018-05-12T20:56:01Z,141.835379045647,40.9913528264589,570266.190545453,4538133.16149123,2018_bird_039_2_trip,K18F34,bird_039,18,2018,55478.4528799012,1,1744.65586696764,-0.414178080077569,5.8155195565588,36088.2807348266,Slow,Sea,Slow
2018-05-12T21:01:01Z,141.85428347109,40.9848895399227,571863.331224838,4537431.04629812,2018_bird_039_2_trip,K18F34,bird_039,18,2018,55530.8703714201,0,652.428240876001,-1.79496716319702,2.17476080292,37650.48879527559,Slow,Sea,Slow
2018-05-12T21:06:01Z,141.85248576774,40.9791727464229,571718.297717563,4536794.94261847,2018_bird_039_2_trip,K18F34,bird_039,18,2018,54896.48803191,1,2965.19554990744,-2.16209291040957,9.88398516635812,37477.25176400737,Fast_Homing,Sea,Fast_Homing
2018-05-12T21:11:01Z,141.832561512397,40.9571424481052,570065.385221423,4534333.18208396,2018_bird_039_2_trip,K18F34,bird_039,18,2018,51956.1707427293,1,3337.61285289692,-1.77159450461749,11.1253761763231,35717.27645095627,Fast_Homing,Sea,Fast_Homing
2018-05-12T21:16:01Z,141.824285754032,40.9277401364706,569399.69321523,4531062.62957579,2018_bird_039_2_trip,K18F34,bird_039,18,2018,48732.3004420709,1,3199.1655922759,-1.92911875451382,10.6638853075863,34906.06886219273,Fast_Homing,Sea,Fast_Homing
2018-05-12T21:21:01Z,141.810631396829,40.9008484628102,568277.733993114,4528066.65427704,2018_bird_039_2_trip,K18F34,bird_039,18,2018,45554.3980202541,1,2783.62061237396,-2.02993033239773,9.27873537457988,33651.84768702091,Fast_Homing,Sea,Fast_Homing
2018-05-12T21:26:01Z,141.795717174728,40.8784736025808,567044.111378875,4525571.31482933,2018_bird_039_2_trip,K18F34,bird_039,18,2018,42770.5084150632,1,2323.45638823371,-2.37738934178074,7.74485462744572,32308.545506167666,Fast_Homing,Sea,Fast_Homing
2018-05-12T21:31:01Z,141.775641798213,40.8641272876423,565366.72952954,4523963.57115587,2018_bird_039_2_trip,K18F34,bird_039,18,2018,40574.3294942479,1,2295.79727172091,-2.41113117884122,7.65265757240304,30562.360403162023,Fast_Homing,Sea,Fast_Homing
2018-05-12T21:36:01Z,141.755195173319,40.8504641009796,563656.666868498,4522431.78435343,2018_bird_039_2_trip,K18F34,bird_039,18,2018,38447.8820318104,1,2380.04158758397,-2.32581405713633,7.93347195861323,28727.825550381094,Fast_Homing,Sea,Fast_Homing
2018-05-12T21:41:01Z,141.735674020649,40.8349761430913,562025.620605555,4520698.49671233,2018_bird_039_2_trip,K18F34,bird_039,18,2018,36190.2348540941,1,1294.32467842234,-2.57336363927298,4.31441559474112,26911.59428870644,Fast_Homing,Sea,Fast_Homing
2018-05-12T21:46:01Z,141.722667587764,40.8287837508801,560934.692145085,4520001.96855977,2018_bird_039_2_trip,K18F34,bird_039,18,2018,35115.0852835897,1,2730.03772351104,-2.57697098225649,9.1001257450368,25749.525445992174,Fast_Homing,Sea,Fast_Homing
2018-05-12T21:51:01Z,141.69517995201,40.8157928662203,558628.380565064,4518541.13562352,2018_bird_039_2_trip,K18F34,bird_039,18,2018,32905.2146409263,0,678.401330554114,-2.13105868675193,2.26133776851371,23294.09567355716,Slow,Sea,Slow
2018-05-12T21:56:01Z,141.690851859452,40.8106418564144,558267.872355034,4517966.45119202,2018_bird_039_2_trip,K18F34,bird_039,18,2018,32241.2349967872,0,243.992971356526,-0.435824785700037,0.813309904521754,22870.7887342536,Slow,Sea,Slow
2018-05-12T22:01:01Z,141.693464492566,40.809698280905,558489.057390601,4517863.44755077,2018_bird_039_2_trip,K18F34,bird_039,18,2018,32221.1898109948,0,361.463697124554,0.145447636448843,1.20487899041518,23078.55243667711,Slow,Sea,Slow
2018-05-12T22:06:01Z,141.697709511988,40.8101446303946,558846.70443833,4517915.83641971,2018_bird_039_2_trip,K18F34,bird_039,18,2018,32396.9929816733,0,365.861005433108,2.85931191930361,1.21953668477703,23439.461470019614,Slow,Sea,Slow
2018-05-12T22:11:01Z,141.693553249768,40.8110877341409,558495.323243618,4518017.74584665,2018_bird_039_2_trip,K18F34,bird_039,18,2018,32368.0192020907,0,226.620651275126,2.92734347324725,0.755402170917086,23102.356848399468,Slow,Sea,Slow
2018-05-12T22:16:01Z,141.69093242673,40.8115375094538,558273.883977962,4518065.92853244,2018_bird_039_2_trip,K18F34,bird_039,18,2018,32336.7941480342,0,348.70723747537,-2.1089117480331,1.16235745825123,22888.088541956695,Slow,Sea,Slow
2018-05-12T22:21:01Z,141.68878567407,40.8088529789927,558095.165011867,4517766.50196611,2018_bird_039_2_trip,K18F34,bird_039,18,2018,31994.2515404381,1,2145.44734409243,-2.30859418204629,7.15149114697478,22676.572863090223,Fast_Homing,Sea,Fast_Homing
2018-05-12T22:26:01Z,141.671532360157,40.7946535151563,556652.00826553,4516178.9746713,2018_bird_039_2_trip,K18F34,bird_039,18,2018,30021.0627006968,1,3031.96405533712,-2.09758268678453,10.1065468511237,21063.238543779647,Fast_Homing,Sea,Fast_Homing
2018-05-12T22:31:01Z,141.653233114129,40.7711480957586,555127.664128861,4513558.06242823,2018_bird_039_2_trip,K18F34,bird_039,18,2018,27060.0165149454,1,3153.91957996275,-2.065731029544,10.5130652665425,19251.323980877016,Fast_Homing,Sea,Fast_Homing
2018-05-12T22:36:01Z,141.635245262317,40.7462457936407,553629.633728771,4510782.61406134,2018_bird_039_2_trip,K18F34,bird_039,18,2018,23974.8500253224,1,3133.70836537005,-2.45790763154886,10.4456945512335,17421.047112531847,Fast_Homing,Sea,Fast_Homing
2018-05-12T22:41:01Z,141.606308475255,40.7285696829543,551200.225289509,4508803.19425886,2018_bird_039_2_trip,K18F34,bird_039,18,2018,21493.497141013,1,3561.98709582625,-2.52289122737197,11.8732903194208,14619.557871862396,Fast_Homing,Sea,Fast_Homing
2018-05-12T22:46:01Z,141.571789103833,40.7101351939839,548298.515594454,4506737.32085605,2018_bird_039_2_trip,K18F34,bird_039,18,2018,19085.5016013144,1,3664.31580699178,-2.09567029426197,12.2143860233059,11338.620316037914,Fast_Homing,Sea,Fast_Homing
2018-05-12T22:51:01Z,141.549817019877,40.6816750333692,546462.312499844,4503566.26921208,2018_bird_039_2_trip,K18F34,bird_039,18,2018,15900.9347381086,1,3588.87853106268,-1.90386639204573,11.9629284368756,8854.078770604337,Fast_Homing,Sea,Fast_Homing
2018-05-12T22:56:01Z,141.535687880482,40.6511871395345,545288.943348165,4500174.62448649,2018_bird_039_2_trip,K18F34,bird_039,18,2018,12638.5581838439,1,3549.87074923714,-1.90172168950776,11.8329024974571,6966.88983225461,NA,Sea,Fast_Homing
2018-05-12T23:01:01Z,141.52181000974,40.6210059449947,544135.52530157,4496817.36233616,2018_bird_039_2_trip,K18F34,bird_039,18,2018,9638.93629752544,1,3678.67655666905,-1.83118642221686,12.2622551888968,4648.701620824517,NA,Sea,Fast_Homing
2018-05-12T23:06:01Z,141.510369287752,40.5890337770584,543188.422370811,4493262.69536904,2018_bird_039_2_trip,K18F34,bird_039,18,2018,6881.723147373,1,3505.18014533857,-1.54812143388341,11.6839338177952,1739.608506875344,NA,Sea,Fast_Homing
2018-05-12T23:11:01Z,141.511068154965,40.5574611568756,543267.895144669,4489758.41628062,2018_bird_039_2_trip,K18F34,bird_039,18,2018,4463.40291161743,1,1352.41954739407,-1.44770234929185,4.50806515798022,323.13063511208804,NA,Land,Fast_Homing
2018-05-12T23:16:01Z,141.512937200099,40.5453612701733,543433.949756755,4488416.22981892,2018_bird_039_2_trip,K18F34,bird_039,18,2018,3857.50249801259,0,430.576179181606,-2.61718675510488,1.43525393060535,1005.5612481005682,NA,Land,Slow
2018-05-12T23:21:01Z,141.508521052905,40.5434385724911,543061.233732704,4488200.64083151,2018_bird_039_2_trip,K18F34,bird_039,18,2018,4192.52278579524,0,420.619323858939,-2.69062079608371,1.40206441286313,1432.80617935189,NA,Land,Slow
2018-05-12T23:26:01Z,141.504038239178,40.5418066777438,542682.666266279,4488017.3179225,2018_bird_039_2_trip,K18F34,bird_039,18,2018,4551.75724249204,0,81.0320890722887,0.370297710310658,0.270106963574296,1845.1879100158385,NA,Land,Slow
2018-05-12T23:31:01Z,141.504932235947,40.5420669598162,542758.205971802,4488046.64286664,2018_bird_039_2_trip,K18F34,bird_039,18,2018,4478.63437980217,0,399.553727434039,0.491408851854325,1.33184575811346,1767.2269750531077,NA,Land,Slow
2018-05-12T23:36:01Z,141.509104949599,40.5437471581219,543110.480083549,4488235.17968346,2018_bird_039_2_trip,K18F34,bird_039,18,2018,4148.03667508071,0,86.5117156201752,0.079466655041791,0.288372385400584,1372.6974505482983,NA,Land,Slow
2018-05-12T23:41:01Z,141.510123800062,40.5438045334065,543196.71878434,4488242.04724674,2018_bird_039_2_trip,K18F34,bird_039,18,2018,4063.46102415499,0,20.1669170445431,-0.290298516149679,0.0672230568151437,1299.913798031045,NA,Land,Slow
2018-05-12T23:46:01Z,141.510351589432,40.5437515232055,543216.04188675,4488236.27470343,2018_bird_039_2_trip,K18F34,bird_039,18,2018,4043.5258660919,0,58.8802644358705,0.812496498417144,0.196267548119568,1288.1660599122642,NA,Land,Slow
2018-05-12T23:51:01Z,141.51083267079,40.5441345044945,543256.533144186,4488279.02214325,2018_bird_039_2_trip,K18F34,bird_039,18,2018,4009.46342011576,0,290.272537291334,0.613697699363981,0.967575124304448,1229.9303319062367,NA,Land,Slow
2018-05-12T23:56:01Z,141.513646489956,40.5456280132708,543493.837946978,4488446.18845707,2018_bird_039_2_trip,K18F34,bird_039,18,2018,3804.53289388055,0,26.6837220708662,1.03320396411259,0.0889457402362208,939.9052316593848,NA,Land,Slow
2018-05-13T00:01:01Z,141.513809427607,40.5458337710455,543507.501865918,4488469.1082813,2018_bird_039_2_trip,K18F34,bird_039,18,2018,3795.78350785105,0,2.29775086589442,-0.67788859688147,0.0076591695529814,914.9952702972984,NA,Land,Slow
2018-05-13T00:06:01Z,141.513830463541,40.5458206953716,543509.291580897,4488467.66724718,2018_bird_039_2_trip,K18F34,bird_039,18,2018,3793.73523289855,0,14.4731726431796,-2.05512829852643,0.0482439088105988,914.4678690924272,NA,Land,Slow
2018-05-13T00:11:01Z,141.51375,40.5457056622517,543502.552621797,4488454.85868924,2018_bird_039_2_trip,K18F34,bird_039,18,2018,3797.72909409087,0,1.78135904291532,2.34809819879371,0.00593786347638439,927.6852629748578,NA,Land,Slow
2018-05-13T00:16:01Z,141.513735333321,40.545717166671,543501.303250089,4488456.12845708,2018_bird_039_2_trip,K18F34,bird_039,18,2018,3799.2095247121,0,9.03124328563579,-2.18120107626371,0.0301041442854526,927.8793783974552,NA,Land,Slow
2018-05-13T00:21:01Z,141.513673691277,40.5456507718124,543496.126548976,4488448.72811108,2018_bird_039_2_trip,K18F34,bird_039,18,2018,3802.79593569397,0,2.82851627567017,-1.53482506124706,0.00942838758556724,936.5326275816142,NA,Land,Slow
2018-05-13T00:26:01Z,141.513674698001,40.5456253020177,543496.228272346,4488445.90142456,2018_bird_039_2_trip,K18F34,bird_039,18,2018,3802.13235700271,0,3.24666487431701,2.73968120388959,0.0108222162477234,938.21181909126,NA,Land,Slow
2018-05-13T00:31:01Z,141.513639500094,40.5456369000158,543493.240318097,4488447.17144906,2018_bird_039_2_trip,K18F34,bird_039,18,2018,3805.31457163337,0,21.5939874489974,-1.09879825863172,0.0719799581633245,939.7631288980084,NA,Land,Slow
2018-05-13T00:36:01Z,141.513754119616,40.5454631229248,543503.058387149,4488427.9385134,2018_bird_039_2_trip,K18F34,bird_039,18,2018,3791.89438313425,0,17.102607717677,1.74437661776054,0.0570086923922568,943.658256716886,NA,Land,Slow
2018-05-13T00:41:01Z,141.513720397336,40.5456150331146,543500.10459684,4488444.7841156,2018_bird_039_2_trip,K18F34,bird_039,18,2018,3798.10969904712,0,9.84600524822841,-1.93697138952254,0.0328200174940947,935.8801666320746,NA,Land,Slow
2018-05-13T00:46:01Z,141.513678133336,40.5455324000002,543496.579267135,4488435.59086428,2018_bird_039_2_trip,K18F34,bird_039,18,2018,3799.74844581949,0,122.043568040124,-0.963104390523601,0.40681189346708,944.3992923838344,NA,Land,Slow
2018-05-13T00:51:01Z,141.514494133449,40.5446261332059,543566.262987956,4488335.39699445,2018_bird_039_2_trip,K18F34,bird_039,18,2018,3712.66924370383,0,565.744335846581,-1.00646026596964,1.88581445282194,949.5555071986154,NA,Land,Slow
2018-05-13T00:56:01Z,141.518034257503,40.54030386141,543868.854142223,4487857.37477017,2018_bird_039_2_trip,K18F34,bird_039,18,2018,3357.49301461525,0,158.238011505219,-4.9544917426822e-4,0.527460038350731,998.989026106246,NA,Land,Fast_Homing
2018-05-24T21:45:26Z,141.56431,40.55133,547779.819842195,4489105.35262282,2018_bird_039_14_trip,K18F34,bird_039,18,2018,1522.86731761514,1,5629.48824110212,1.30169071350512,18.7649608036737,2868.359568597495,Fast_Outbound,Sea,Fast_Outbound
2018-05-24T21:50:26Z,141.58241,40.60013,549276.52820052,4494532.23035747,2018_bird_039_14_trip,K18F34,bird_039,18,2018,7147.60524280916,1,5149.85452803156,1.2801010306226701,17.1661817601052,7352.35835339302,Fast_Outbound,Sea,Fast_Outbound
2018-05-24T21:55:26Z,141.600252520815,40.6444859696609,550752.571364608,4499466.02182424,2018_bird_039_14_trip,K18F34,bird_039,18,2018,12299.3599372648,1,3405.87374766322,1.14233562793975,11.3529124922107,11519.370603846251,Fast_Outbound,Sea,Fast_Outbound
2018-05-24T22:00:26Z,141.617244543116,40.6723053688784,552167.613603321,4502564.02625414,2018_bird_039_14_trip,K18F34,bird_039,18,2018,15681.4246169873,1,3761.55991983942,1.23387615354846,12.5385330661314,14195.885701903531,Fast_Outbound,Sea,Fast_Outbound
2018-05-24T22:05:26Z,141.63225895847,40.7042054861599,553411.117582447,4506114.1010258105,2018_bird_039_14_trip,K18F34,bird_039,18,2018,19443.9781809565,1,4656.23620818759,1.28840874112028,15.5207873606253,16185.99816154806,Fast_Outbound,Sea,Fast_Outbound
2018-05-24T22:10:26Z,141.648007401091,40.7444028905926,554708.575291634,4510585.91711319,2018_bird_039_14_trip,K18F34,bird_039,18,2018,24098.6394409266,1,4877.0503511083,1.22941953879563,16.2568345036943,18429.801256733135,Fast_Outbound,Sea,Fast_Outbound
2018-05-24T22:15:26Z,141.66776,40.78569,556341.337369147,4515181.53547479,2018_bird_039_14_trip,K18F34,bird_039,18,2018,28976.1541510589,1,4469.58056578468,1.67001326953309,14.8986018859489,20641.108250770547,Fast_Outbound,Sea,Fast_Outbound
2018-05-24T22:20:26Z,141.662911623424,40.8257839504422,555898.606459145,4519629.13480199,2018_bird_039_14_trip,K18F34,bird_039,18,2018,33109.7566851197,1,1975.78408820748,2.09811301648495,6.5859469606916,20708.999813143833,Fast_Outbound,Sea,Fast_Outbound
2018-05-24T22:25:26Z,141.651271893655,40.8412311627935,554904.359611931,4521336.52929947,2018_bird_039_14_trip,K18F34,bird_039,18,2018,34525.983205297,0,123.909730020095,1.44275784925586,0.413032433400315,19916.84170102794,Slow,Sea,Slow
2018-05-24T22:30:26Z,141.651470400068,40.8423371334028,554920.181511975,4521459.42473744,2018_bird_039_14_trip,K18F34,bird_039,18,2018,34649.3639321327,0,151.955863610388,-0.36052749745454,0.506519545367961,19946.53759520666,Slow,Sea,Slow
2018-05-24T22:35:26Z,141.653152193257,40.8418447268714,555062.368265272,4521405.81959149,2018_bird_039_14_trip,K18F34,bird_039,18,2018,34629.0230155176,1,1968.42689965039,-0.570771874686076,6.56142299883463,20081.540737338593,Slow,Sea,Slow
2018-05-24T22:40:26Z,141.672702359059,40.8321518962813,556718.768392481,4520342.31450083,2018_bird_039_14_trip,K18F34,bird_039,18,2018,34018.7108602407,0,655.354543190405,3.11394423593395,2.18451514396802,21604.24458456162,Slow,Sea,Slow
2018-05-24T22:45:26Z,141.664934751666,40.8323601357301,556063.664321309,4520360.43170851,2018_bird_039_14_trip,K18F34,bird_039,18,2018,33859.0338021776,0,774.01498940694,2.69513378857291,2.5800499646898,20956.161581476503,Slow,Sea,Slow
2018-05-24T22:50:26Z,141.656684704549,40.8354180008851,555365.516945857,4520694.63141823,2018_bird_039_14_trip,K18F34,bird_039,18,2018,34007.8214076354,1,837.108198676461,2.04803495222767,2.79036066225487,20301.37017385661,Slow,Sea,Slow
2018-05-24T22:55:26Z,141.652190033102,40.8421419269545,554981.009633444,4521438.20674259,2018_bird_039_14_trip,K18F34,bird_039,18,2018,34642.2533481617,0,122.0880344815,-2.33443161573531,0.406960114938334,20004.48697186907,Slow,Sea,Slow
2018-05-24T23:00:26Z,141.651180800568,40.841353200236,554896.579424224,4521350.01928353,2018_bird_039_14_trip,K18F34,bird_039,18,2018,34537.408595445,0,335.989549120089,2.42879218687008,1.11996516373363,19910.659015949717,Slow,Sea,Slow
2018-05-24T23:05:26Z,141.648185108423,40.8433494157493,554642.392086147,4521569.74132221,2018_bird_039_14_trip,K18F34,bird_039,18,2018,34696.4524792039,1,1774.70752251356,2.86936255850506,5.91569174171186,19683.42593504512,Slow,Sea,Slow
2018-05-24T23:10:26Z,141.62795,40.84776,552933.040539476,4522046.9248093,2018_bird_039_14_trip,K18F34,bird_039,18,2018,34842.0126989611,1,1150.43735159473,-3.06275972462798,3.83479117198243,18041.31543448261,Slow,Sea,Slow
2018-05-24T23:15:26Z,141.614337848274,40.8470171483239,551786.176108576,4521956.32637068,2018_bird_039_14_trip,K18F34,bird_039,18,2018,34582.5121388614,1,1316.33194527878,2.66066542694658,4.38777315092928,16892.78867420671,Slow,Sea,Slow
2018-05-24T23:20:26Z,141.600543833724,40.8525753336701,550619.160477308,4522565.26340071,2018_bird_039_14_trip,K18F34,bird_039,18,2018,35054.0469746679,0,444.177541567482,2.74050629607648,1.48059180522494,15782.630845530914,Slow,Sea,Slow
2018-05-24T23:25:26Z,141.595706588514,40.8541626087129,550210.234018952,4522738.67862521,2018_bird_039_14_trip,K18F34,bird_039,18,2018,35189.5993278852,0,257.584112864042,-1.89816849261899,0.858613709546806,15382.305550532972,Slow,Sea,Slow
2018-05-24T23:30:26Z,141.594704304294,40.8519705961633,550127.406335438,4522494.77464811,2018_bird_039_14_trip,K18F34,bird_039,18,2018,34939.5025513813,0,252.670547493231,0.779821725741842,0.84223515831077,15288.624840663831,Slow,Sea,Slow
2018-05-24T23:35:26Z,141.59685,40.85356,550307.064924432,4522672.44061832,2018_bird_039_14_trip,K18F34,bird_039,18,2018,35131.9547652971,0,390.792004730019,0.460197412928157,1.30264001576673,15475.947474838078,Slow,Sea,Slow
2018-05-24T23:40:26Z,141.601017972825,40.855101860681,550657.20082002,4522846.00111377,2018_bird_039_14_trip,K18F34,bird_039,18,2018,35337.256254549,0,270.770868252463,-2.30677714650609,0.902569560841544,15833.211705705738,Slow,Sea,Slow
2018-05-24T23:45:26Z,141.598845183769,40.8533052844309,550475.428427533,4522645.31314596,2018_bird_039_14_trip,K18F34,bird_039,18,2018,35120.1317862663,0,204.807909636953,0.429177571452423,0.682693032123175,15642.701117888257,Slow,Sea,Slow
2018-05-24T23:50:26Z,141.601061498367,40.8540615006544,550661.661957353,4522730.53844867,2018_bird_039_14_trip,K18F34,bird_039,18,2018,35222.736156137304,0,437.894631056845,-2.39186817333385,1.45964877018948,15832.521573770491,Slow,Sea,Slow
2018-05-24T23:55:26Z,141.597235252337,40.8513932893086,550341.177103458,4522432.14078391,2018_bird_039_14_trip,K18F34,bird_039,18,2018,34895.5374493496,1,1707.52074892161,1.64572490483983,5.6917358297387,15499.265045603976,Fast_Outbound,Sea,Fast_Outbound
2018-05-25T00:00:26Z,141.595856310115,40.8667392718244,550213.354685539,4524134.8705151,2018_bird_039_14_trip,K18F34,bird_039,18,2018,36581.7043792358,1,2262.1867676887,1.0798413603675,7.54062255896234,15448.368336599477,Fast_Outbound,Sea,Fast_Outbound
2018-05-25T00:05:26Z,141.608676412862,40.8846438680332,551279.903971174,4526129.85462361,2018_bird_039_14_trip,K18F34,bird_039,18,2018,38668.4970664416,1,2295.83546216761,1.81642791135319,7.65278487389203,16602.35953621502,Fast_Outbound,Sea,Fast_Outbound
2018-05-25T00:10:26Z,141.602232089424,40.9047385640257,550721.62795739,4528356.77814313,2018_bird_039_14_trip,K18F34,bird_039,18,2018,40832.9269347907,1,2555.65544512006,1.3116887303381,8.51885148373353,16145.3795266789,Fast_Outbound,Sea,Fast_Outbound
2018-05-25T00:15:26Z,141.610210946066,40.9269502255099,551376.432985939,4530827.12328678,2018_bird_039_14_trip,K18F34,bird_039,18,2018,43353.4846620142,1,2613.38051694291,0.694429773460029,8.71126838980971,16909.88736448958,Fast_Outbound,Sea,Fast_Outbound
2018-05-25T00:20:26Z,141.634205186651,40.9418864079838,553384.603554289,4532499.54927759,2018_bird_039_14_trip,K18F34,bird_039,18,2018,45248.7902239178,1,1369.67313403648,0.570676464810562,4.56557711345494,18989.052085465883,Fast_Middle,Sea,Fast_Middle
2018-05-25T00:25:26Z,141.647962650183,40.9484751097233,554537.232449342,4533239.44867913,2018_bird_039_14_trip,K18F34,bird_039,18,2018,46150.9015218405,1,3140.26369895732,0.0621520212461602,10.467545663191,20172.49202691241,Fast_Middle,Sea,Fast_Middle
2018-05-25T00:30:26Z,141.685216108987,40.9500167695895,557671.432879383,4533434.49678428,2018_bird_039_14_trip,K18F34,bird_039,18,2018,46940.8434696046,1,3070.12220179313,0.264202411536773,10.2337406726438,23309.012730374587,Fast_Middle,Sea,Fast_Middle
2018-05-25T00:35:26Z,141.720503589865,40.9570238070455,560635.025186284,4534236.22677151,2018_bird_039_14_trip,K18F34,bird_039,18,2018,48458.8257353847,1,1465.78758223132,0.513892695050384,4.88595860743772,26302.34338505333,Fast_Middle,Sea,Fast_Middle
2018-05-25T00:40:26Z,141.735742215965,40.9634183202102,561911.488089741,4534956.76524537,2018_bird_039_14_trip,K18F34,bird_039,18,2018,49515.6565110342,1,3327.32272172786,-2.41478887395675,11.0910757390929,27608.49646884585,Fast_Homing,Sea,Fast_Homing
2018-05-25T00:45:26Z,141.705983021043,40.9436876436889,559424.972983001,4532745.81089974,2018_bird_039_14_trip,K18F34,bird_039,18,2018,46697.0341017214,1,3847.09119565994,-2.61572238243859,12.8236373188665,25027.871935232335,Fast_Homing,Sea,Fast_Homing
2018-05-25T00:50:26Z,141.666281713943,40.9265279835288,556097.672193612,4530814.7023775,2018_bird_039_14_trip,K18F34,bird_039,18,2018,44045.6025207795,1,3547.42875757797,-2.97821303166012,11.8247625252599,21620.830223552963,Fast_Homing,Sea,Fast_Homing
2018-05-25T00:55:26Z,141.624662867141,40.9215631501969,552597.483795855,4530237.69980359,2018_bird_039_14_trip,K18F34,bird_039,18,2018,42902.5281331797,1,3685.5382768601,-2.12765873839886,12.2851275895337,18101.98452255139,Fast_Homing,Sea,Fast_Homing
2018-05-25T01:00:26Z,141.601274939963,40.8935030007001,550649.583757213,4527108.9815629,2018_bird_039_14_trip,K18F34,bird_039,18,2018,39583.1035347026,1,3610.46973969046,-1.51143917039059,12.0348991323015,16017.414125341234,Fast_Homing,Sea,Fast_Homing
2018-05-25T01:05:26Z,141.603522473723,40.8610241338819,550863.765152642,4523504.87028949,2018_bird_039_14_trip,K18F34,bird_039,18,2018,36013.6190670383,1,2428.84619742915,-1.44752356604024,8.09615399143051,16068.934495480527,Fast_Homing,Sea,Fast_Homing
2018-05-25T01:10:26Z,141.606867800013,40.8392926000031,551162.417988968,4521094.45531814,2018_bird_039_14_trip,K18F34,bird_039,18,2018,33649.2668731365,0,49.8777466819447,2.57708006245598,0.166259155606482,16175.533176973611,Slow,Sea,Slow
2018-05-25T01:15:26Z,141.60637017935,40.8395356044867,551120.278801293,4521121.14011674,2018_bird_039_14_trip,K18F34,bird_039,18,2018,33670.8689137256,1,3237.40198396235,-2.28951396874288,10.7913399465412,16136.757661384612,Fast_Homing,Sea,Fast_Homing
2018-05-25T01:20:26Z,141.580895952604,40.8177164320636,548988.708438268,4518684.50731854,2018_bird_039_14_trip,K18F34,bird_039,18,2018,31057.0423625932,1,4711.75415882296,-2.05635685403399,15.7058471960765,13743.555849056118,Fast_Homing,Sea,Fast_Homing
2018-05-25T01:25:26Z,141.554509535263,40.7803066316558,546789.71312155,4514517.36838994,2018_bird_039_14_trip,K18F34,bird_039,18,2018,26841.4629226125,1,5191.38448271305,-2.00032849710451,17.3046149423768,11085.889689279596,Fast_Homing,Sea,Fast_Homing
2018-05-25T01:30:26Z,141.528552485678,40.737909821436,544627.784333655,4509797.56577083,2018_bird_039_14_trip,K18F34,bird_039,18,2018,22268.0726102114,1,5560.50089976421,-1.85350833353351,18.535002999214,8401.398715502795,Fast_Homing,Sea,Fast_Homing
2018-05-25T01:35:26Z,141.509814826321,40.6898901432752,543076.621342626,4504457.80326379,2018_bird_039_14_trip,K18F34,bird_039,18,2018,17279.4346219178,1,6085.19891405894,-1.62193451860567,20.2839963801965,5749.01400252673,NA,Sea,Fast_Homing
2018-05-25T01:40:26Z,141.50572,40.63516,542765.570886828,4498380.55936235,2018_bird_039_14_trip,K18F34,bird_039,18,2018,11586.7112450906,1,6301.25438578107,-1.38873306538227,21.0041812859369,4113.768632626255,NA,Sea,Fast_Homing
2018-05-29T17:40:33Z,141.56535,40.55278,547866.843969363,4489266.86945172,2018_bird_039_21_trip,K18F34,bird_039,18,2018,1705.26057711955,1,4043.45140991322,1.31923719243838,13.4781713663774,3035.558588938108,Fast_Outbound,Sea,Fast_Outbound
2018-05-29T17:45:33Z,141.57754,40.588,548873.316937949,4493183.05528335,2018_bird_039_21_trip,K18F34,bird_039,18,2018,5738.94727619963,1,4275.53509161071,1.22868253558151,14.2517836387024,6212.987307534965,Fast_Outbound,Sea,Fast_Outbound
2018-05-29T17:50:33Z,141.594810602974,40.6241975454022,550307.669739987,4497210.81301674,2018_bird_039_21_trip,K18F34,bird_039,18,2018,10013.007949673,1,3982.10000913027,1.14865840615542,13.2736666971009,9797.597673820534,Fast_Outbound,Sea,Fast_Outbound
2018-05-29T17:55:33Z,141.614399646634,40.6568194642775,551939.182431076,4500843.34475391,2018_bird_039_21_trip,K18F34,bird_039,18,2018,13979.7608819297,1,3803.50092827293,1.1674631789506,12.6783364275764,13298.653906821117,Fast_Outbound,Sea,Fast_Outbound
2018-05-29T18:00:33Z,141.63235519941,40.688237553076,553432.004079545,4504341.64474637,2018_bird_039_21_trip,K18F34,bird_039,18,2018,17779.4592705249,1,3506.67750150008,1.01393343132675,11.6889250050003,15818.001691256342,Fast_Outbound,Sea,Fast_Outbound
2018-05-29T18:05:33Z,141.654550505645,40.7149314157963,555285.373122605,4507318.52403343,2018_bird_039_21_trip,K18F34,bird_039,18,2018,21229.0062284905,1,2243.29063844269,1.24134474134242,7.47763546147563,18276.826199364674,Fast_Outbound,Sea,Fast_Outbound
2018-05-29T18:10:33Z,141.663332391595,40.7340033135023,556011.131833761,4509441.17030206,2018_bird_039_21_trip,K18F34,bird_039,18,2018,23469.4135268639,1,1524.07287927281,1.16835358092932,5.08024293090936,19449.052712785873,Fast_Outbound,Sea,Fast_Outbound
2018-05-29T18:15:33Z,141.67052812599,40.746594520735,556608.061032745,4510843.48042209,2018_bird_039_21_trip,K18F34,bird_039,18,2018,24993.7941967146,1,3236.41390493795,1.27239263038682,10.7880463497932,20337.870614510757,Fast_Outbound,Sea,Fast_Outbound
2018-05-29T18:20:33Z,141.682082643027,40.7743936500328,557559.549968212,4513936.86752521,2018_bird_039_21_trip,K18F34,bird_039,18,2018,28220.5926267544,1,1227.96493465933,1.63608277500484,4.09321644886442,21708.03882338213,Fast_Outbound,Sea,Fast_Outbound
2018-05-29T18:25:33Z,141.681246134251,40.785437133418,557479.437438292,4515162.21639933,2018_bird_039_21_trip,K18F34,bird_039,18,2018,29336.4109527325,1,1533.47889327115,1.59351059540347,5.11159631090383,21768.392427243456,Fast_Outbound,Sea,Fast_Outbound
2018-05-29T18:30:33Z,141.680974456037,40.7992494722184,557444.608581907,4516695.29971959,2018_bird_039_21_trip,K18F34,bird_039,18,2018,30766.2355137828,1,1158.76214317779,1.89960383209759,3.8625404772593,21908.771786947254,Fast_Outbound,Sea,Fast_Outbound
2018-05-29T18:35:33Z,141.676639364476,40.8091544113465,557070.427312579,4517791.98476195,2018_bird_039_21_trip,K18F34,bird_039,18,2018,31684.6357626976,0,810.089675650772,1.7389281710206,2.70029891883591,21662.486382241772,Fast_Outbound,Sea,Fast_Outbound
2018-05-29T18:40:33Z,141.675105151074,40.8163581396652,556934.866234658,4518590.65144884,2018_bird_039_21_trip,K18F34,bird_039,18,2018,32404.0094635235,1,2649.07735344866,1.68009319850469,8.83025784482888,21619.042674733668,Fast_Outbound,Sea,Fast_Outbound
2018-05-29T18:45:33Z,141.671918430742,40.8400983408915,556645.906479354,4521223.92186496,2018_bird_039_21_trip,K18F34,bird_039,18,2018,34846.6242411176,1,3361.88871980403,1.9992009251206,11.2062957326801,21632.41524592161,Fast_Outbound,Sea,Fast_Outbound
2018-05-29T18:50:33Z,141.655624941711,40.8677403874782,555249.310307537,4524281.99558827,2018_bird_039_21_trip,K18F34,bird_039,18,2018,37476.7645717027,1,3338.04815006279,2.3040395779194,11.126827166876,20480.34096488645,Fast_Outbound,Sea,Fast_Outbound
2018-05-29T18:55:33Z,141.629326769881,40.8902293366341,553015.211723955,4526762.19093763,2018_bird_039_21_trip,K18F34,bird_039,18,2018,39514.6976210959,1,3038.30676892575,2.52680499832059,10.1276892297525,18362.48927968231,Fast_Outbound,Sea,Fast_Outbound
2018-05-29T19:00:33Z,141.600008172553,40.9061722338639,550533.231252083,4528514.64092531,2018_bird_039_21_trip,K18F34,bird_039,18,2018,40974.6017399088,1,3052.56237408203,2.47086459114474,10.1752079136068,15964.490582931196,Fast_Outbound,Sea,Fast_Outbound
2018-05-29T19:05:33Z,141.571763794371,40.9234075482325,548141.947474897,4530411.9808908,2018_bird_039_21_trip,K18F34,bird_039,18,2018,42748.434892245,1,3501.34585896351,2.51601999979846,11.6711528632117,13663.483548464712,Fast_Outbound,Sea,Fast_Outbound
2018-05-29T19:10:33Z,141.538205827233,40.9420383298397,545303.658734699,4532462.23449739,2018_bird_039_21_trip,K18F34,bird_039,18,2018,44830.6390333319,1,2353.9951450083,2.81484175535885,7.84665048336101,10923.380719986137,Fast_Outbound,Sea,Fast_Outbound
2018-05-29T19:15:33Z,141.511773668216,40.948964932632,543074.213009235,4533217.79051777,2018_bird_039_21_trip,K18F34,bird_039,18,2018,45734.005968992,1,2950.6588214672,2.47580914633361,9.83552940489068,8732.539594976226,Fast_Outbound,Sea,Fast_Outbound
2018-05-29T19:20:33Z,141.4843243268,40.9655015033862,540753.717323914,4535040.34017556,2018_bird_039_21_trip,K18F34,bird_039,18,2018,47808.5464555785,1,2461.01811831337,1.87646224900914,8.20339372771124,6498.4099158036315,Fast_Outbound,Sea,Fast_Outbound
2018-05-29T19:25:33Z,141.475675158734,40.9866793118455,540013.127334027,4537387.28215302,2018_bird_039_21_trip,K18F34,bird_039,18,2018,50236.7765491039,1,2990.89610551645,2.05703218760241,9.96965368505483,5864.821071100287,Fast_Outbound,Sea,Fast_Outbound
2018-05-29T19:30:33Z,141.459225736253,41.0105659067727,538615.477581396,4540031.52773219,2018_bird_039_21_trip,K18F34,bird_039,18,2018,53064.846842574,1,2415.0450899076,2.02143991224492,8.05015029969202,4588.725851411091,Fast_Outbound,Sea,Fast_Outbound
2018-05-29T19:35:33Z,141.446849424794,41.0301978024976,537563.616867592,4542205.47157347,2018_bird_039_21_trip,K18F34,bird_039,18,2018,55385.7809066634,1,2699.52359989147,1.80307648377366,8.99841199963823,3636.595190068387,Fast_Outbound,Sea,Fast_Outbound
2018-05-29T19:40:33Z,141.439614755322,41.0538902257627,536942.194522257,4544832.49687504,2018_bird_039_21_trip,K18F34,bird_039,18,2018,58082.1674556389,1,2640.21344591703,2.46490365780639,8.80071148639008,3133.9340894479524,Fast_Outbound,Sea,Fast_Outbound
2018-05-29T19:45:33Z,141.415213419943,41.0688742058574,534883.751081741,4546485.83823187,2018_bird_039_21_trip,K18F34,bird_039,18,2018,60099.6405251699,1,1586.08464086492,2.23333903089267,5.28694880288306,1154.0423746727222,Fast_Outbound,Sea,Fast_Outbound
2018-05-29T19:50:33Z,141.403669801324,41.08018,533908.113012468,4547736.35606292,2018_bird_039_21_trip,K18F34,bird_039,18,2018,61528.3910125649,0,1.6414552165671,3.11907614174003,0.00547151738855701,238.90875305448608,Slow,Sea,Slow
2018-05-29T19:55:33Z,141.403650267558,41.0801804013379,533906.471973337,4547736.39301964,2018_bird_039_21_trip,K18F34,bird_039,18,2018,61528.7825131299,0,15.9268459557795,-0.448466850694383,0.0530894865192648,237.30876205098895,Slow,Sea,Slow
2018-05-29T20:00:33Z,141.403820739311,41.0801175975304,533920.823859858,4547729.48738604,2018_bird_039_21_trip,K18F34,bird_039,18,2018,61518.9309130805,1,3241.37069169091,-1.20858988263201,10.804568972303,250.18139087755355,Fast_Middle,Sea,Fast_Middle
2018-05-29T20:05:33Z,141.417320908868,41.052765383016,535069.365893826,4544698.42566493,2018_bird_039_21_trip,K18F34,bird_039,18,2018,58311.8171872348,1,2950.57341321053,-1.47796017602491,9.83524471070178,1260.394487386493,Fast_Middle,Sea,Fast_Middle
2018-05-29T20:10:33Z,141.420407331487,41.0262894320637,535342.892476192,4541760.55795595,2018_bird_039_21_trip,K18F34,bird_039,18,2018,55381.4317639567,1,3176.67879030857,-1.49299015577166,10.5889293010286,1400.350522270743,Fast_Middle,Sea,Fast_Middle
2018-05-29T20:15:33Z,141.42316176504,40.9977498143526,535589.808383439,4538593.48980519,2018_bird_039_21_trip,K18F34,bird_039,18,2018,52235.7845241649,1,3066.65428070898,-1.04489451301768,10.2221809356966,1505.8131691549884,Fast_Middle,Sea,Fast_Middle
2018-05-29T20:20:33Z,141.441305841887,40.9737896104868,537129.247861991,4535941.22764446,2018_bird_039_21_trip,K18F34,bird_039,18,2018,49314.5050978626,1,2400.63757763599,-0.989614883383861,8.00212525878663,2922.6889729441036,Fast_Middle,Sea,Fast_Middle
2018-05-29T20:25:33Z,141.456845761655,40.9556541257714,538447.22618934,4533934.7396909,2018_bird_039_21_trip,K18F34,bird_039,18,2018,47088.0416567466,1,3213.13963552904,-1.25741180675797,10.7104654517635,4147.028809362413,Fast_Middle,Sea,Fast_Middle
2018-05-29T20:30:33Z,141.468420898602,40.9280725377897,539437.773117556,4530878.09396389,2018_bird_039_21_trip,K18F34,bird_039,18,2018,43900.9606689987,1,3126.35744600136,-1.23412545552689,10.4211914866712,4998.325771724461,Fast_Middle,Sea,Fast_Middle
2018-05-29T20:35:33Z,141.480494826174,40.9014407031402,540470.554977425,4527927.25128593,2018_bird_039_21_trip,K18F34,bird_039,18,2018,40815.5237015145,1,3156.93849183093,-1.46061834640965,10.5231283061031,5896.277240357303,Fast_Middle,Sea,Fast_Middle
2018-05-29T20:40:33Z,141.484409793319,40.8731578964008,540817.676792636,4524789.45475227,2018_bird_039_21_trip,K18F34,bird_039,18,2018,37662.7620602543,1,2711.03077644858,-0.76951451397483694,9.03676925482861,6101.457520619518,Fast_Middle,Sea,Fast_Middle
2018-05-29T20:45:33Z,141.507387857385,40.8560665712387,542764.870713906,4522903.15580889,2018_bird_039_21_trip,K18F34,bird_039,18,2018,35507.9128567626,1,1988.6909811537,0.0736017706452342,6.62896993717899,7959.783058143628,Fast_Middle,Sea,Fast_Middle
2018-05-29T20:50:33Z,141.530928564647,40.8572780048737,544748.177537399,4523049.394868,2018_bird_039_21_trip,K18F34,bird_039,18,2018,35459.6308992237,1,2761.46045067788,1.2638546611933,9.20486816892628,9945.639161991574,Fast_Middle,Sea,Fast_Middle
2018-05-29T20:55:33Z,141.541020648827,40.880944747357,545582.538065821,4525681.79041754,2018_bird_039_21_trip,K18F34,bird_039,18,2018,38041.9309805516,1,3010.45594645383,0.408475003616089,10.0348531548461,10896.63837293688,Fast_Middle,Sea,Fast_Middle
2018-05-29T21:00:33Z,141.573903687816,40.8915578574968,548345.316678612,4526877.57440399,2018_bird_039_21_trip,K18F34,bird_039,18,2018,39218.9115820467,1,3001.44479702782,1.16445011619275,10.0048159900927,13707.571842954208,Fast_Middle,Sea,Fast_Middle
2018-05-29T21:05:33Z,141.588205926356,40.9163221078264,549531.65486794,4529634.6149496,2018_bird_039_21_trip,K18F34,bird_039,18,2018,42024.4395901066,1,2136.45989677375,1.86961021501935,7.12153298924585,15015.406746142577,Fast_Middle,Sea,Fast_Middle
2018-05-29T21:10:33Z,141.580898377029,40.9347521447554,548902.709140598,4531676.40048256,2018_bird_039_21_trip,K18F34,bird_039,18,2018,44035.5261660099,1,2086.44844684296,-2.47064319033321,6.9548281561432,14479.461278582568,Fast_Middle,Sea,Fast_Middle
2018-05-29T21:15:33Z,141.561388601797,40.9231631624703,547268.536557228,4530379.1930631,2018_bird_039_21_trip,K18F34,bird_039,18,2018,42705.752057494,1,1265.77491856095,0.183237839862765,4.21924972853648,12790.429269629967,Fast_Middle,Sea,Fast_Middle
2018-05-29T21:20:33Z,141.576187349862,40.9251678591976,548513.12097029,4530609.83517379,2018_bird_039_21_trip,K18F34,bird_039,18,2018,42955.8781687026,1,1920.48851513133,0.722783406517014,6.40162838377111,14042.915536612518,Fast_Middle,Sea,Fast_Middle
2018-05-29T21:25:33Z,141.593395260842,40.9365242992275,549953.424909395,4531880.18973049,2018_bird_039_21_trip,K18F34,bird_039,18,2018,44291.6453192919,1,2546.53943386585,-0.0123342452128461,8.48846477955284,15537.143131488534,Fast_Middle,Sea,Fast_Middle
2018-05-29T21:30:33Z,141.623638897276,40.9360817523341,552499.770638605,4531848.78088508,2018_bird_039_21_trip,K18F34,bird_039,18,2018,44490.2419436925,1,2453.7724539079,1.19848770191337,8.17924151302634,18076.791809028615,Fast_Middle,Sea,Fast_Middle
2018-05-29T21:35:33Z,141.634438416139,40.9566126615337,553392.371740548,4534134.44545547,2018_bird_039_21_trip,K18F34,bird_039,18,2018,46870.5861306587,1,2542.30210904388,2.18765016012317,8.4743403634796,19070.251407665604,Fast_Middle,Sea,Fast_Middle
2018-05-29T21:40:33Z,141.617138310664,40.9753874625697,551921.721938361,4536208.20753753,2018_bird_039_21_trip,K18F34,bird_039,18,2018,48764.0534793583,1,1704.83179258048,-2.71290917956943,5.68277264193492,17695.76248601992,Fast_Middle,Sea,Fast_Middle
2018-05-29T21:45:33Z,141.598651627472,40.9691012383121,550371.153925262,4535499.5536885,2018_bird_039_21_trip,K18F34,bird_039,18,2018,47931.6196969697,1,2549.63143502284,-2.73925393879063,8.49877145007612,16116.593651063433,Fast_Middle,Sea,Fast_Middle
2018-05-29T21:50:33Z,141.570693287671,40.9602495447262,548025.116328912,4534501.19100342,2018_bird_039_21_trip,K18F34,bird_039,18,2018,46836.1492859429,1,3312.88131060961,-2.63311079286812,11.042937702032,13730.56137673192,Fast_Middle,Sea,Fast_Middle
2018-05-29T21:55:33Z,141.536190116595,40.9458859151741,545131.365447307,4532888.3089825,2018_bird_039_21_trip,K18F34,bird_039,18,2018,45264.1225905941,1,2900.78394710091,-3.00584694902544,9.66927982366969,10770.54891948318,Fast_Middle,Sea,Fast_Middle
2018-05-29T22:00:33Z,141.502018459744,40.9425034642511,542257.266707797,4532495.7482314,2018_bird_039_21_trip,K18F34,bird_039,18,2018,45097.3928233447,1,2713.88245916299,2.52252300130575,9.04627486387664,7884.683850060987,Fast_Middle,Sea,Fast_Middle
2018-05-29T22:05:33Z,141.475863462951,40.9568006518217,540047.030167328,4534070.55375505,2018_bird_039_21_trip,K18F34,bird_039,18,2018,46950.3712532453,1,2281.02950445627,2.55985937683935,7.6034316815209,5749.987043867814,Fast_Middle,Sea,Fast_Middle
2018-05-29T22:10:33Z,141.453295196766,40.968182214633,538141.203746258,4535323.9177297,2018_bird_039_21_trip,K18F34,bird_039,18,2018,48510.4774720796,1,2709.80875166713,2.57656295291183,9.03269583889044,3904.083607638164,Fast_Middle,Sea,Fast_Middle
2018-05-29T22:15:33Z,141.426180451328,40.9813560772335,535852.573258237,4536774.86016822,2018_bird_039_21_trip,K18F34,bird_039,18,2018,50403.8356774338,1,2572.10847046764,2.12268523513924,8.5736949015588,1685.6510159350385,Fast_Middle,Sea,Fast_Middle
2018-05-29T22:20:33Z,141.410272915733,41.0011439703342,534504.025439257,4538965.10233834,2018_bird_039_21_trip,K18F34,bird_039,18,2018,52849.1892155262,1,981.758360376188,1.51340090619467,3.27252786792063,442.9199518543079,Fast_Middle,Sea,Fast_Middle
2018-05-29T22:25:33Z,141.41099739964,41.0099707000327,534560.342940883,4539945.24407155,2018_bird_039_21_trip,K18F34,bird_039,18,2018,53788.0936987757,1,2099.21785604295,-1.45232338219151,6.99739285347649,540.7232037826827,Fast_Middle,Sea,Fast_Middle
2018-05-29T22:30:33Z,141.413830535952,40.9911829335395,534808.462083081,4537860.74113358,2018_bird_039_21_trip,K18F34,bird_039,18,2018,51703.5847720377,1,3071.86227266665,-1.0895922462173,10.2395409088888,693.4796435255815,Fast_Middle,Sea,Fast_Middle
2018-05-29T22:35:33Z,141.430574053966,40.9665920374671,536230.263871587,4535137.72488383,2018_bird_039_21_trip,K18F34,bird_039,18,2018,48723.0533696798,1,2582.82476120928,-0.362290378808919,8.6094158706976,1988.7436463592487,NA,Sea,Fast_Middle
2018-05-29T22:40:33Z,141.459218794833,40.9582353724601,538645.431093231,4534222.32822739,2018_bird_039_21_trip,K18F34,bird_039,18,2018,47334.3856669255,1,2846.29096139139,0.913088945086519,9.48763653797132,4357.745762183566,NA,Sea,Fast_Middle
2018-05-29T22:45:33Z,141.480040748009,40.9784420131199,540385.380403868,4536474.87093139,2018_bird_039_21_trip,K18F34,bird_039,18,2018,49280.5856367564,1,3315.52719647666,1.40124120433477,11.0517573215889,6195.303994112679,Fast_Middle,Sea,Fast_Middle
2018-05-29T22:50:33Z,141.486907256379,41.0078518676431,540944.855286841,4539742.8532517,2018_bird_039_21_trip,K18F34,bird_039,18,2018,52450.1816077585,1,3369.86457733479,1.45908483507755,11.2328819244493,6900.1793364284895,Fast_Middle,Sea,Fast_Middle
2018-05-29T22:55:33Z,141.491598756121,41.0379990045588,541320.525386718,4543091.71264643,2018_bird_039_21_trip,K18F34,bird_039,18,2018,55736.5926938577,1,3748.39861828952,1.62914306936629,12.4946620609651,7425.379912661965,Fast_Middle,Sea,Fast_Middle
2018-05-29T23:00:33Z,141.48924799709,41.0717175254704,541101.942608526,4546833.73265849,2018_bird_039_21_trip,K18F34,bird_039,18,2018,59482.4021868071,1,3446.65432046992,1.55353301043468,11.4888477348997,7374.866981706984,Fast_Middle,Sea,Fast_Middle
2018-05-29T23:05:33Z,141.49018683161,41.1027565669655,541161.440337069,4550279.87340215,2018_bird_039_21_trip,K18F34,bird_039,18,2018,62906.7710439278,1,3726.46937564311,1.45551349452445,12.421564585477,7461.007708860649,Fast_Middle,Sea,Fast_Middle
2018-05-29T23:10:33Z,141.495542090699,41.1360789007871,541590.087344331,4553981.60755667,2018_bird_039_21_trip,K18F34,bird_039,18,2018,66555.9430954984,1,2846.61121883725,1.36824740544347,9.48870406279084,7546.202887435105,Fast_Middle,Sea,Fast_Middle
2018-05-29T23:15:33Z,141.502556590966,41.1611664676092,542162.731000801,4556770.02550847,2018_bird_039_21_trip,K18F34,bird_039,18,2018,69291.5940673261,1,3136.50449351616,0.803833162101995,10.4550149783872,7859.129254577872,Fast_Middle,Sea,Fast_Middle
2018-05-29T23:20:33Z,141.528662739938,41.1813926434888,544339.314113873,4559028.3758776,2018_bird_039_21_trip,K18F34,bird_039,18,2018,71423.8990922912,1,3231.82395786126,0.705510008072491,10.7727465262042,9816.438744144272,Fast_Middle,Sea,Fast_Middle
2018-05-29T23:25:33Z,141.558156489039,41.2001302823603,546799.640127527,4561123.96219201,2018_bird_039_21_trip,K18F34,bird_039,18,2018,73463.1807588746,1,3492.5826458519,1.91290756624698,11.6419421528397,12071.115249977454,Fast_Middle,Sea,Fast_Middle
2018-05-29T23:30:33Z,141.544428714712,41.2298334568821,545627.959928268,4564414.14441322,2018_bird_039_21_trip,K18F34,bird_039,18,2018,76769.9730802617,1,3122.41360961401,1.51551629067495,10.40804536538,10603.414728418564,Fast_Middle,Sea,Fast_Middle
2018-05-29T23:35:33Z,141.546721119132,41.2579057151858,545800.479167635,4567531.78837326,2018_bird_039_21_trip,K18F34,bird_039,18,2018,79884.8721154247,1,3429.69185875452,1.50083293756958,11.4323061958484,10324.249606041403,Fast_Middle,Sea,Fast_Middle
2018-05-29T23:40:33Z,141.549841508593,41.288709101934,546040.236325395,4570953.08969751,2018_bird_039_21_trip,K18F34,bird_039,18,2018,83303.1749274161,1,1902.22586854279,2.11017762054486,6.34075289514265,9989.090414275332,Fast_Middle,Sea,Fast_Middle
2018-05-29T23:45:33Z,141.538294995229,41.3034657207258,545063.24318292,4572585.25012299,2018_bird_039_21_trip,K18F34,bird_039,18,2018,84955.0427818702,1,2674.91297707867,1.90988216745434,8.91637659026223,8754.378897613014,Fast_Middle,Sea,Fast_Middle
2018-05-29T23:50:33Z,141.527850435909,41.3262369108871,544173.499919737,4575107.85123307,2018_bird_039_21_trip,K18F34,bird_039,18,2018,87504.3257779436,1,3445.26447630864,1.61317798648994,11.4842149210288,7457.269526971112,Fast_Middle,Sea,Fast_Middle
2018-05-29T23:55:33Z,141.526355809188,41.3572496374723,544027.527601672,4578550.02197172,2018_bird_039_21_trip,K18F34,bird_039,18,2018,90950.7934852211,1,3089.24641443047,2.12678669024668,10.2974880481016,6739.808561441763,Fast_Middle,Sea,Fast_Middle
2018-05-30T00:00:33Z,141.507047663607,41.3809717525805,542397.070449023,4581173.96040135,2018_bird_039_21_trip,K18F34,bird_039,18,2018,93644.0968178562,1,2150.08138439631,-3.06359745018728,7.1669379479877,4696.761016943815,NA,Sea,Fast_Middle
2018-05-30T00:05:33Z,141.48140170618,41.379572891315,540253.525493233,4581006.4343376,2018_bird_039_21_trip,K18F34,bird_039,18,2018,93612.0351804677,1,2811.19335537041,-1.42374840722014,9.37064451790138,2613.206129964234,NA,Sea,Fast_Middle
2018-05-30T00:10:33Z,141.486140970117,41.3545040804578,540665.41747814,4578225.57959956,2018_bird_039_21_trip,K18F34,bird_039,18,2018,90807.3846230211,1,2863.31064170077,-1.55335398487673,9.54436880566923,3482.0817090331534,NA,Sea,Fast_Middle
2018-05-30T00:15:33Z,141.48654599569,41.3287145604016,540715.357789013,4575362.70450689,2018_bird_039_21_trip,K18F34,bird_039,18,2018,87947.4401654151,1,3413.03057077551,-1.12488301067426,11.3767685692517,4008.3863013125874,NA,Sea,Fast_Middle
2018-05-30T00:20:33Z,141.503921749868,41.300902435699,542187.33667693,4572283.40980996,2018_bird_039_21_trip,K18F34,bird_039,18,2018,84775.4775901681,1,3099.21364567489,-1.2197006470213,10.3307121522496,5972.037720114407,Fast_Middle,Sea,Fast_Middle
2018-05-30T00:25:33Z,141.516446573443,41.274633046371,543253.239473184,4569373.25922099,2018_bird_039_21_trip,K18F34,bird_039,18,2018,81810.8487147203,1,3106.34860180875,-1.18702081958911,10.3544953393625,7507.708083937319,Fast_Middle,Sea,Fast_Middle
2018-05-30T00:30:33Z,141.530123545658,41.2486250088055,544416.330934225,4566492.87384934,2018_bird_039_21_trip,K18F34,bird_039,18,2018,78882.9015469944,1,2931.08945975222,-2.56673591614958,9.77029819917407,9134.62023258922,Fast_Middle,Sea,Fast_Middle
2018-05-30T00:35:33Z,141.500654457842,41.2344013811864,541956.354882546,4564899.19783263,2018_bird_039_21_trip,K18F34,bird_039,18,2018,77418.1637929225,1,2715.81280531128,-2.90157225948547,9.05270935103759,6906.746971773918,Fast_Middle,Sea,Fast_Middle
2018-05-30T00:40:33Z,141.469135837269,41.2287185637576,539318.395938239,4564253.58819698,2018_bird_039_21_trip,K18F34,bird_039,18,2018,76999.9748551193,1,3808.57338780556,-1.33030228164174,12.6952446260185,4341.880456345873,NA,Sea,Fast_Middle
2018-05-30T00:45:33Z,141.479715700045,41.1953552062384,540225.531401452,4560554.62394983,2018_bird_039_21_trip,K18F34,bird_039,18,2018,73227.8322225473,1,2833.99627599522,-1.99147669908488,9.4466542533174,5584.165407573964,Fast_Middle,Sea,Fast_Middle
2018-05-30T00:50:33Z,141.465748835932,41.1721099378341,539068.179470566,4557967.72012471,2018_bird_039_21_trip,K18F34,bird_039,18,2018,70776.3281916101,1,3148.47672833283,-1.24397498252394,10.4949224277761,4670.7685674468285,NA,Sea,Fast_Middle
2018-05-30T00:55:33Z,141.477603240462,41.1452013113109,540078.94834672,4554985.8998773,2018_bird_039_21_trip,K18F34,bird_039,18,2018,67699.9246348467,1,1873.77124336209,0.196379703797957,6.2459041445403,5950.569394604293,Fast_Middle,Sea,Fast_Middle
2018-05-30T01:00:33Z,141.499527189308,41.148401728155,541916.704574011,4555351.50994487,2018_bird_039_21_trip,K18F34,bird_039,18,2018,67895.2139375642,1,3057.50040021258,-1.15342320875211,10.1916680007086,7744.945799604858,Fast_Middle,Sea,Fast_Middle
2018-05-30T01:05:33Z,141.5141,41.12316,543156.094379622,4552556.47477388,2018_bird_039_21_trip,K18F34,bird_039,18,2018,65018.7021819557,1,966.73598704028,1.01630503854285,3.22245329013426,9235.20741317707,Slow,Sea,Fast_Middle
2018-05-30T01:10:33Z,141.520221693938,41.1305360812511,543665.091392663,4553378.36315399,2018_bird_039_21_trip,K18F34,bird_039,18,2018,65809.8052353948,0,607.255719140281,-3.01513724838888,2.0241857304676,9665.795252815216,Slow,Sea,Slow
2018-05-30T01:15:33Z,141.513039579427,41.129878402089,543062.684510729,4553301.77688219,2018_bird_039_21_trip,K18F34,bird_039,18,2018,65768.6882368125,1,2575.99688624077,-1.16907199583033,8.58665628746924,9073.685679456084,Fast_Middle,Sea,Fast_Middle
2018-05-30T01:20:33Z,141.524868862865,41.1084678929784,544069.914688906,4550930.85990219,2018_bird_039_21_trip,K18F34,bird_039,18,2018,63343.6445436696,0,63.173358142616,-2.10453061934826,0.210577860475387,10294.029553187396,Slow,Sea,Slow
2018-05-30T01:25:33Z,141.524482200422,41.1079797367505,544037.775130317,4550876.47312114,2018_bird_039_21_trip,K18F34,bird_039,18,2018,63290.9154583449,1,2403.53418997784,1.82998921177974,8.01178063325946,10267.099488149508,Fast_Middle,Sea,Fast_Middle
2018-05-30T01:30:33Z,141.51731,41.12894,543421.748162818,4553199.72243572,2018_bird_039_21_trip,K18F34,bird_039,18,2018,65645.0121734514,1,1374.64108502579,1.78064043913594,4.58213695008595,9440.202258041289,Fast_Middle,Sea,Fast_Middle
2018-05-30T01:35:33Z,141.513993217403,41.1410659474307,543135.400205225,4554544.20856797,2018_bird_039_21_trip,K18F34,bird_039,18,2018,67004.6644639591,1,1425.54546309614,-1.8037565195675,4.75181821032045,9031.525778407426,Fast_Middle,Sea,Fast_Middle
2018-05-30T01:40:33Z,141.509975105867,41.1285894004602,542806.300546296,4553157.17097589,2018_bird_039_21_trip,K18F34,bird_039,18,2018,65641.0842438424,1,2994.13496115115,1.70286344131957,9.98044987050384,8831.964511372611,Fast_Middle,Sea,Fast_Middle
2018-05-30T01:45:33Z,141.50548327091,41.1553454017437,542412.022266776,4556125.23243144,2018_bird_039_21_trip,K18F34,bird_039,18,2018,68630.3564844186,1,1242.28918030006,2.40196017586878,4.14096393433354,8166.504946176725,Fast_Middle,Sea,Fast_Middle
2018-05-30T01:50:33Z,141.494602859539,41.1629351964897,541494.322969314,4556962.55579008,2018_bird_039_21_trip,K18F34,bird_039,18,2018,69535.6009155741,1,2593.78500422953,-0.0560354043810102,8.64595001409843,7176.542323568149,Fast_Middle,Sea,Fast_Middle
2018-05-30T01:55:33Z,141.52546,41.16149,544084.036839911,4556817.28804899,2018_bird_039_21_trip,K18F34,bird_039,18,2018,69224.9593135359,1,2610.95692708177,-2.33702108580471,8.70318975693923,9765.942910169306,Fast_Homing,Sea,Fast_Middle
2018-05-30T02:00:33Z,141.503750929269,41.1446404889464,542273.54709153,4554936.00578785,2018_bird_039_21_trip,K18F34,bird_039,18,2018,67453.6887350262,1,3056.00393574841,-3.12820591408703,10.186679785828,8138.204398019277,Fast_Homing,Sea,Fast_Middle
2018-05-30T02:05:33Z,141.467336038925,41.1444254734256,539217.816976971,4554895.09708111,2018_bird_039_21_trip,K18F34,bird_039,18,2018,67706.0792998281,1,2048.61813277815,-1.8639997487828,6.82872710926051,5102.348872104155,NA,Sea,Fast_Homing
2018-05-30T02:10:33Z,141.460157163309,41.1267880083359,538625.724519901,4552933.90795809,2018_bird_039_21_trip,K18F34,bird_039,18,2018,65833.084165815,1,2967.49948076383,-1.66856599305382,9.89166493587943,4694.129691696501,NA,Sea,Fast_Homing
2018-05-30T02:15:33Z,141.456522035137,41.1001988298483,538336.05508844,4549980.5802098,2018_bird_039_21_trip,K18F34,bird_039,18,2018,62945.4065874887,1,3131.87897661546,-2.07529569724238,10.4395965887182,4678.159267887135,NA,Sea,Fast_Homing
2018-05-30T02:20:33Z,141.438330777293,41.0755720717517,536822.201123017,4547238.8814489,2018_bird_039_21_trip,K18F34,bird_039,18,2018,60473.4771187819,1,3530.93881102111,-1.86214788866318,11.769796036737,3122.0185483111695,NA,Sea,Fast_Homing
2018-05-30T02:25:33Z,141.426060814393,41.0451514691889,535807.949226645,4543856.7486931,2018_bird_039_21_trip,K18F34,bird_039,18,2018,57336.8810017118,1,3983.62747023293,-1.6996986461042,13.2787582341098,1959.299080876347,NA,Sea,Fast_Homing
2018-05-30T02:30:33Z,141.419741970305,41.0095872112851,535295.871258485,4539906.17101684,2018_bird_039_21_trip,K18F34,bird_039,18,2018,53581.4775548475,1,4614.57344583968,-1.46554413390361,15.3819114861323,1270.2784139223863,NA,Sea,Fast_Homing
2018-05-30T02:35:33Z,141.425241415869,40.9682279941938,535780.668974573,4535317.1341613,2018_bird_039_21_trip,K18F34,bird_039,18,2018,49001.0190202321,1,4566.21415016395,-1.23096825093095,15.2207138338798,1549.4838682256134,NA,Sea,Fast_Homing
2018-05-30T02:40:33Z,141.443070467816,40.9293794715243,537302.702328696,4531012.05272954,2018_bird_039_21_trip,K18F34,bird_039,18,2018,44460.3007998592,1,4134.44868372365,-1.50966014893003,13.7814956124122,2873.642751720649,NA,Sea,Fast_Homing
2018-05-30T02:45:33Z,141.445821004714,40.8921939338107,537555.309291498,4526885.32816389,2018_bird_039_21_trip,K18F34,bird_039,18,2018,40385.3689133106,1,4216.20848037741,-1.2864764062357,14.0540282679247,2940.224711466824,NA,Sea,Fast_Homing
2018-05-30T02:50:33Z,141.45960789041,40.8556833947075,538737.975755775,4522838.38932271,2018_bird_039_21_trip,K18F34,bird_039,18,2018,36171.8073228127,1,4444.18630446858,-1.37509327301155,14.8139543482286,3938.2159327603185,NA,Sea,Fast_Homing
2018-05-30T02:55:33Z,141.469583704895,40.8163722035166,539602.175409045,4518479.03720707,2018_bird_039_21_trip,K18F34,bird_039,18,2018,31730.2122881248,1,4212.50818918565,-1.69766303837308,14.0416939639522,4404.364353979878,NA,Sea,Fast_Homing
2018-05-30T03:00:33Z,141.463002294868,40.7787553522866,539069.180809382,4514300.3840747,2018_bird_039_21_trip,K18F34,bird_039,18,2018,27842.0610853258,1,4423.73783493922,-1.598183516631,14.7457927831307,3398.835288313108,NA,Sea,Fast_Homing
2018-05-30T03:05:33Z,141.461291288225,40.7389255824278,538948.042206337,4509878.30516641,2018_bird_039_21_trip,K18F34,bird_039,18,2018,23689.9050960492,1,4391.67202293672,-1.38727785323117,14.6389067431224,2773.804965193165,NA,Sea,Fast_Homing
2018-05-30T03:10:33Z,141.470509047671,40.6999897674601,539749.478812129,4505560.37944635,2018_bird_039_21_trip,K18F34,bird_039,18,2018,19377.2398335669,1,4411.20024921901,-1.25153395207473,14.70400083073,2746.9820282488863,NA,Sea,Fast_Homing
2018-05-30T03:15:33Z,141.486622485164,40.662191968101,541134.005891129,4501372.08953205,2018_bird_039_21_trip,K18F34,bird_039,18,2018,14981.1687580366,1,4499.16396957193,-1.28335070532423,14.9972132319064,3179.260647805517,NA,Sea,Fast_Homing
2018-05-30T03:20:33Z,141.501420730442,40.6232598027333,542409.534971308,4497057.52095678,2018_bird_039_21_trip,K18F34,bird_039,18,2018,10535.3918432621,1,4503.80919403038,-1.29010062580668,15.0126973134346,3420.7953623722256,NA,Sea,Fast_Homing
2018-05-30T03:25:33Z,141.5158718609,40.5842101699377,543657.199060021,4492729.97759155,2018_bird_039_21_trip,K18F34,bird_039,18,2018,6175.44029297148,1,3824.05932757385,-1.0538746337621,12.7468644252462,1789.4238889638889,NA,Sea,Fast_Homing
2018-06-01T09:30:36Z,141.54839,40.57198,546417.608945628,4491389.0306289,2018_bird_039_26_trip,K18F34,bird_039,18,2018,3787.26641438874,1,5371.15646147275,1.50139410922148,17.9038548715758,3171.351410360362,Fast_Outbound,Sea,Fast_Outbound
2018-06-01T09:35:36Z,141.553187988946,40.6202283465272,546790.07993537,4496747.25674353,2018_bird_039_26_trip,K18F34,bird_039,18,2018,9071.50091580364,1,4190.37933671099,0.55018553720769,13.96793112237,6718.197092847878,Fast_Outbound,Sea,Fast_Outbound
2018-06-01T09:40:36Z,141.59559207271,40.6397548945757,550362.074640852,4498938.17728283,2018_bird_039_26_trip,K18F34,bird_039,18,2018,11683.4834011661,1,2925.77688457175,1.84276630113224,9.7525896152391809,10888.616665233458,Fast_Outbound,Sea,Fast_Outbound
2018-06-01T09:45:36Z,141.58652,40.66519,549576.124595373,4501756.41306152,2018_bird_039_26_trip,K18F34,bird_039,18,2018,14268.1383534799,1,4085.90504484687,0.76562435412841,13.6196834828229,11492.73451095854,Fast_Outbound,Sea,Fast_Outbound
2018-06-01T09:50:36Z,141.621605045638,40.690514299597,552521.857136832,4504587.89320973,2018_bird_039_26_trip,K18F34,bird_039,18,2018,17716.9982277802,1,4596.55690967321,0.723775615262483,15.3218563655774,14984.756814086732,Fast_Outbound,Sea,Fast_Outbound
2018-06-01T09:55:36Z,141.662637516945,40.7177076157239,555966.106842802,4507631.81820664,2018_bird_039_26_trip,K18F34,bird_039,18,2018,21783.6707251842,1,2251.2036486754,-0.0397885507693625,7.50401216225134,19009.004091941515,Fast_Outbound,Sea,Fast_Outbound
2018-06-01T10:00:36Z,141.68926050567,40.7167450105367,558215.528753922,4507542.26970814,2018_bird_039_26_trip,K18F34,bird_039,18,2018,22702.3449049856,1,3639.61867950975,0.50255644901328,12.1320622650325,21182.14511059989,Fast_Outbound,Sea,Fast_Outbound
2018-06-01T10:05:36Z,141.727193732241,40.7323050545214,561405.123391832,4509295.35560964,2018_bird_039_26_trip,K18F34,bird_039,18,2018,25855.3069980848,1,5008.65362393108,0.861420485538691,16.6955120797703,24675.294463512048,Fast_Outbound,Sea,Fast_Outbound
2018-06-01T10:10:36Z,141.766219003984,40.7662886128211,564667.5615484,4513095.76458751,2018_bird_039_26_trip,K18F34,bird_039,18,2018,30831.1148777994,1,2308.36034788011,-0.295597679728909,7.69453449293371,28666.162321510776,Fast_Middle,Sea,Fast_Middle
2018-06-01T10:15:36Z,141.7923092698,40.7600546602054,566875.804157842,4512423.31230406,2018_bird_039_26_trip,K18F34,bird_039,18,2018,31603.8227423812,1,1149.58811718728,-1.44775394611592,3.83196039062426,30692.948941228173,Fast_Middle,Sea,Fast_Middle
2018-06-01T10:20:36Z,141.793858435887,40.749766250288,567016.895579548,4511282.41526669,2018_bird_039_26_trip,K18F34,bird_039,18,2018,30809.0219719201,0,302.748688983612,2.99436112901253,1.00916229661204,30580.75299517958,Slow,Sea,Slow
2018-06-01T10:25:36Z,141.790316040626,40.7501906596931,566717.422327416,4511326.8285523,2018_bird_039_26_trip,K18F34,bird_039,18,2018,30651.5887133397,0,609.303434813883,-0.90017543204091,2.03101144937961,30298.541515557517,Slow,Sea,Slow
2018-06-01T10:30:36Z,141.79475,40.74586,567096.087679503,4510849.4783383,2018_bird_039_26_trip,K18F34,bird_039,18,2018,30530.0493269521,1,1944.5437153354,-2.0042479499028,6.48181238445132,30563.167939809955,Fast_Homing,Sea,Fast_Homing
2018-06-01T10:35:36Z,141.78489,40.73003,566279.36819598,4509084.76319242,2018_bird_039_26_trip,K18F34,bird_039,18,2018,28663.2141465711,1,2086.9017097712,-2.14237232353079,6.95633903257067,29380.572828848904,Fast_Homing,Sea,Fast_Homing
2018-06-01T10:40:36Z,141.771339701943,40.7143096515824,565150.441580083,4507329.57561209,2018_bird_039_26_trip,K18F34,bird_039,18,2018,26602.9531185569,1,2522.49687469246,-2.49463780386658,8.40832291564154,27741.76251850162,Fast_Homing,Sea,Fast_Homing
2018-06-01T10:45:36Z,141.747358751201,40.700770230151,563137.683336012,4505809.11688731,2018_bird_039_26_trip,K18F34,bird_039,18,2018,24126.5661478173,1,1128.25378767311,-2.05991483050171,3.76084595891038,25218.514048784466,Fast_Homing,Sea,Fast_Homing
2018-06-01T10:50:36Z,141.740984972135,40.6918390845124,562607.575626786,4504813.15382272,2018_bird_039_26_trip,K18F34,bird_039,18,2018,23029.5169986494,1,2795.32638717058,-1.81796916787607,9.31775462390195,24192.636974698427,Fast_Homing,Sea,Fast_Homing
2018-06-01T10:55:36Z,141.732623848595,40.6674757228456,561923.660716828,4502102.78299814,2018_bird_039_26_trip,K18F34,bird_039,18,2018,20596.7473167642,1,1795.7445503836,-1.71708166347374,5.98581516794535,21764.461046793615,Fast_Homing,Sea,Fast_Homing
2018-06-01T11:00:36Z,141.72935291314,40.6514919610995,561661.905524031,4500326.21813603,2018_bird_039_26_trip,K18F34,bird_039,18,2018,19196.3697417835,0,136.993509945693,-0.992779451984903,0.456645033152311,20161.43657676327,Slow,Sea,Slow
2018-06-01T11:05:36Z,141.730226902395,40.650452794625,561736.753852963,4500211.47952255,2018_bird_039_26_trip,K18F34,bird_039,18,2018,19177.6099263836,0,125.310828627059,-0.986128316738658,0.417702762090198,20111.029307896395,Slow,Sea,Slow
2018-06-01T11:10:36Z,141.731034618016,40.649506312311,561805.915727281,4500106.98340343,2018_bird_039_26_trip,K18F34,bird_039,18,2018,19162.1195523197,0,801.797644795192,-1.57657427949965,2.67265881598397,20065.704633945108,Slow,Sea,Slow
2018-06-01T11:15:36Z,141.730901026631,40.6422841391269,561801.283004188,4499305.1991425,2018_bird_039_26_trip,K18F34,bird_039,18,2018,18648.538383816,1,1527.49644449363,-1.54543685773875,5.09165481497875,19407.932355916186,Slow,Sea,Fast_Homing
2018-06-01T11:20:36Z,141.731208973651,40.6285258609812,561840.015351214,4497778.1938402,2018_bird_039_26_trip,K18F34,bird_039,18,2018,17768.8650870972,1,965.500538633195,-0.95562512433374,3.21833512877732,18182.61527431274,Slow,Sea,Slow
2018-06-01T11:25:36Z,141.737718610846,40.621381093162,562397.204116525,4496989.69401781,2018_bird_039_26_trip,K18F34,bird_039,18,2018,17805.803421172,0,787.06786619287,-0.91888253448877,2.62355955397623,17860.82696638649,Slow,Sea,Slow
2018-06-01T11:30:36Z,141.743301392302,40.6157089077315,562874.725145143,4496364.03477092,2018_bird_039_26_trip,K18F34,bird_039,18,2018,17903.2059716612,1,1057.34979130705,-1.46388516000657,3.52449930435683,17625.89197755861,Slow,Sea,Slow
2018-06-01T11:35:36Z,141.74453,40.60623,562987.552422155,4495312.72197886,2018_bird_039_26_trip,K18F34,bird_039,18,2018,17519.2942206823,1,977.750426425564,-2.19405914139891,3.25916808808521,16831.922845978217,Fast_Homing,Sea,Fast_Homing
2018-06-01T11:40:36Z,141.737706062373,40.5991216348819,562416.851624796,4494518.80983242,2018_bird_039_26_trip,K18F34,bird_039,18,2018,16666.1369797201,1,1282.3292965448,-2.30375057790682,4.27443098848267,15852.745705605808,Fast_Homing,Sea,Fast_Homing
2018-06-01T11:45:36Z,141.727473471677,40.5906009310404,561558.885929505,4493565.78134886,2018_bird_039_26_trip,K18F34,bird_039,18,2018,15501.1311160218,1,2553.09704108406,-2.59860297494904,8.51032347028021,14577.274903188882,Fast_Homing,Sea,Fast_Homing
2018-06-01T11:50:36Z,141.701519494278,40.5788772665956,559373.006582639,4492246.60130727,2018_bird_039_26_trip,K18F34,bird_039,18,2018,12983.2739926661,1,2827.10895345719,-2.46757473676313,9.42369651152395,12233.943411432812,Fast_Homing,Sea,Fast_Homing
2018-06-01T11:55:36Z,141.675262539089,40.5631378302523,557164.129035739,4490482.11695836,2018_bird_039_26_trip,K18F34,bird_039,18,2018,10331.7834368754,1,2746.22908718936,-2.63903470857044,9.15409695729788,9513.264841315926,Fast_Homing,Sea,Fast_Homing
2018-06-01T12:00:36Z,141.646720392756,40.5513844857876,554757.46198077,4489159.34415631,2018_bird_039_26_trip,K18F34,bird_039,18,2018,7681.42201922507,1,2488.63851671895,-2.74327389513692,8.29546172239649,7038.868443006311,NA,Sea,Fast_Homing
2018-06-01T12:05:36Z,141.619550394748,40.5428374257326,552463.648027826,4488194.07775983,2018_bird_039_26_trip,K18F34,bird_039,18,2018,5268.94848061357,1,2539.94788309264,-3.05385192723834,8.46649294364215,4921.725446630149,NA,Sea,Fast_Homing
2018-06-01T17:25:36Z,141.56002,40.57658,547398.770561933,4491905.83353339,2018_bird_039_27_trip,K18F34,bird_039,18,2018,4221.78006531709,1,4006.63922525416,1.40014524464247,13.3554640841805,4265.251355711358,Fast_Outbound,Sea,Fast_Outbound
2018-06-01T17:30:36Z,141.56836,40.61211,548079.194101045,4495854.2739456,2018_bird_039_27_trip,K18F34,bird_039,18,2018,8212.94274743852,1,4231.07497307762,1.31781261600631,14.1035832435921,7202.083675211234,Fast_Outbound,Sea,Fast_Outbound
2018-06-01T17:35:36Z,141.581198185904,40.6489495347676,549138.205968629,4499950.6734979,2018_bird_039_27_trip,K18F34,bird_039,18,2018,12414.9105105824,1,3716.18190300538,1.38368307694877,12.3872730100179,10528.863039834216,Fast_Outbound,Sea,Fast_Outbound
2018-06-01T17:40:36Z,141.589663937978,40.6818002011997,549829.502430973,4503601.99067632,2018_bird_039_27_trip,K18F34,bird_039,18,2018,16131.0020369239,1,3446.04269296557,1.32515677788614,11.4868089765519,12144.236644275556,Fast_Outbound,Sea,Fast_Outbound
2018-06-01T17:45:36Z,141.59985,40.71186,550667.499808665,4506944.59005954,2018_bird_039_27_trip,K18F34,bird_039,18,2018,19568.4979082299,1,3740.92970387237,1.32000069271487,12.4697656795746,13693.347062071582,Fast_Outbound,Sea,Fast_Outbound
2018-06-01T17:50:36Z,141.611139323757,40.7444469675129,551595.904217198,4510568.48579528,2018_bird_039_27_trip,K18F34,bird_039,18,2018,23302.2771126737,1,3595.09625918517,1.44146390439127,11.9836541972839,15391.5719028015,Fast_Outbound,Sea,Fast_Outbound
2018-06-01T17:55:36Z,141.616927889079,40.7765322411784,552059.571580504,4514133.55657845,2018_bird_039_27_trip,K18F34,bird_039,18,2018,26893.1617817474,1,3404.29177124414,1.51873650033818,11.3476392374805,16272.14252774429,Fast_Outbound,Sea,Fast_Outbound
2018-06-01T18:00:36Z,141.619311530255,40.8071454436285,552236.718376053,4517533.23619227,2018_bird_039_27_trip,K18F34,bird_039,18,2018,30273.615381601,1,2454.48013727214,1.4146035900312,8.1816004575738,16835.812764141774,Fast_Outbound,Sea,Fast_Outbound
2018-06-01T18:05:36Z,141.624042672476,40.8289618375698,552618.533445004,4519957.83718983,2018_bird_039_27_trip,K18F34,bird_039,18,2018,32728.8741257553,1,3799.09486595969,1.45181592111574,12.663649553199,17491.14212552954,Fast_Outbound,Sea,Fast_Outbound
2018-06-01T18:10:36Z,141.629712120544,40.862912844535,553069.485561831,4523730.07313008,2018_bird_039_27_trip,K18F34,bird_039,18,2018,36525.6402976165,1,3866.53044134928,1.44278538368029,12.8884348044976,18280.22984021967,Fast_Outbound,Sea,Fast_Outbound
2018-06-01T18:15:36Z,141.635899353524,40.8974249508025,553563.093080369,4527564.96677548,2018_bird_039_27_trip,K18F34,bird_039,18,2018,40391.6968019666,1,3463.06271594107,1.35646256093723,11.5435423864702,18945.44183476416,Fast_Outbound,Sea,Fast_Outbound
2018-06-01T18:20:36Z,141.644939639635,40.9278572123991,554299.674350743,4530948.78878715,2018_bird_039_27_trip,K18F34,bird_039,18,2018,43850.9056783585,1,3475.14965013659,1.38940373807989,11.583832167122,19832.51310095015,Fast_Outbound,Sea,Fast_Outbound
2018-06-01T18:25:36Z,141.652688375621,40.9586050024411,554926.589571863,4534366.92313155,2018_bird_039_27_trip,K18F34,bird_039,18,2018,47326.7230895612,1,3451.57052444926,1.59395451797332,11.5052350814975,20611.681982787457,Fast_Outbound,Sea,Fast_Outbound
2018-06-01T18:30:36Z,141.65204466821,40.9896927338844,554846.664586225,4537817.56815559,2018_bird_039_27_trip,K18F34,bird_039,18,2018,50723.5727251428,1,3998.12161092994,1.48809698325459,13.3270720364331,20686.808870047505,Fast_Outbound,Sea,Fast_Outbound
2018-06-01T18:35:36Z,141.656326819315,41.0255609987631,555176.929860894,4541802.02561729,2018_bird_039_27_trip,K18F34,bird_039,18,2018,54714.5176339654,1,1648.63659015942,1.71891369768659,5.49545530053139,21195.083411378862,Fast_Outbound,Sea,Fast_Outbound
2018-06-01T18:40:36Z,141.653578205921,41.0402651004753,554933.630041751,4543432.61072835,2018_bird_039_27_trip,K18F34,bird_039,18,2018,56294.9871450648,0,676.534414910687,2.5251070839646,2.25511471636896,21025.483729309697,Slow,Sea,Slow
2018-06-01T18:45:36Z,141.647045703409,41.043825501839,554381.635171071,4543823.76348279,2018_bird_039_27_trip,K18F34,bird_039,18,2018,56610.115372721,0,726.885390678559,2.20342779969159,2.42295130226186,20492.132877235636,Slow,Sea,Slow
2018-06-01T18:50:36Z,141.641983648163,41.0491344823311,553951.850359804,4544409.97793773,2018_bird_039_27_trip,K18F34,bird_039,18,2018,57139.6366219737,1,2491.13276464026,1.25974391798027,8.30377588213419,20089.49521494613,Fast_Middle,Sea,Fast_Middle
2018-06-01T18:55:36Z,141.651266181994,41.0704458183645,554714.288226355,4546781.5662137,2018_bird_039_27_trip,K18F34,bird_039,18,2018,59587.3357099679,1,1628.83535189769,1.24947395901404,5.4294511729923,20956.507281011534,Fast_Middle,Sea,Fast_Middle
2018-06-01T19:00:36Z,141.657527686923,41.084331901928,555228.709488802,4548327.03551729,2018_bird_039_27_trip,K18F34,bird_039,18,2018,61186.6258764459,1,2208.26457834071,-1.89698831484699,7.36088192780236,21539.081554467713,Fast_Homing,Sea,Fast_Homing
2018-06-01T19:05:36Z,141.648918377687,41.0655374941697,554521.097279034,4546235.21396454,2018_bird_039_27_trip,K18F34,bird_039,18,2018,59020.9472675396,1,1936.26879773724,-2.3371050219968,6.4542293257908,20739.28796156535,Fast_Homing,Sea,Fast_Homing
2018-06-01T19:10:36Z,141.632817079989,41.0530604763141,553178.332673692,4544840.17988907,2018_bird_039_27_trip,K18F34,bird_039,18,2018,57481.6769024775,1,2320.25916594188,-1.64806936723087,7.73419721980627,19336.80001476318,Fast_Homing,Sea,Fast_Homing
2018-06-01T19:15:36Z,141.630486847392,41.0322345018454,552999.21757064,4542526.84455302,2018_bird_039_27_trip,K18F34,bird_039,18,2018,55161.422777118,1,2992.78112470891,-1.24938821162419,9.97593708236302,19054.431820434507,Fast_Homing,Sea,Fast_Homing
2018-06-01T19:20:36Z,141.641484928066,41.0065950004776,553944.645750461,4539687.31916712,2018_bird_039_27_trip,K18F34,bird_039,18,2018,52450.1852693283,1,2525.47986323197,-1.71408261368286,8.41826621077325,19870.666060903983,Fast_Homing,Sea,Fast_Homing
2018-06-01T19:25:36Z,141.636979966417,40.9841031773727,553584.016092644,4537187.72024139,2018_bird_039_27_trip,K18F34,bird_039,18,2018,49924.0723973771,1,2227.72019556243,-1.56494733987528,7.42573398520811,19398.522256274304,Fast_Homing,Sea,Fast_Homing
2018-06-01T19:30:36Z,141.636941817116,40.9640359809598,553597.045924635,4534960.03815159,2018_bird_039_27_trip,K18F34,bird_039,18,2018,47716.3436893108,1,2590.13537580618,-1.70147298784059,8.63378458602059,19311.628032921388,Fast_Homing,Sea,Fast_Homing
2018-06-01T19:35:36Z,141.632710258966,40.9409256674103,553259.538168207,4532391.9864038,2018_bird_039_27_trip,K18F34,bird_039,18,2018,45125.2784917959,1,2853.51742873335,-1.73861229377411,9.51172476244451,18859.50693035232,Fast_Homing,Sea,Fast_Homing
2018-06-01T19:40:36Z,141.626808906543,40.915613741968,552782.916871037,4529578.55542807,2018_bird_039_27_trip,K18F34,bird_039,18,2018,42272.4349014052,1,3205.84834299846,-1.57224813007419,10.6861611433282,18257.3218989274,Fast_Homing,Sea,Fast_Homing
2018-06-01T19:45:36Z,141.626481091973,40.8867362585243,552778.262611534,4526372.71046361,2018_bird_039_27_trip,K18F34,bird_039,18,2018,39094.9248930069,1,3177.22544932542,-1.63997191043153,10.5907514977514,18108.613025634473,Fast_Homing,Sea,Fast_Homing
2018-06-01T19:50:36Z,141.623606481875,40.8581986961968,552558.651434045,4523203.08391044,2018_bird_039_27_trip,K18F34,bird_039,18,2018,35925.8734267144,1,3391.69978716026,-1.66465558242453,11.3056659572009,17746.749876119095,Fast_Homing,Sea,Fast_Homing
2018-06-01T19:55:36Z,141.61955178927,40.8278012143044,552240.776220293,4519826.31284999,2018_bird_039_27_trip,K18F34,bird_039,18,2018,32538.6593557634,1,3494.85489027644,-1.66600357275065,11.6495163009215,17101.245268644823,Fast_Homing,Sea,Fast_Homing
2018-06-01T20:00:36Z,141.615322274154,40.7964831821055,551908.543159117,4516347.28541446,2018_bird_039_27_trip,K18F34,bird_039,18,2018,29049.5061484187,1,3542.76219992224,-1.57922485339374,11.8092073330741,16374.82744070418,Fast_Homing,Sea,Fast_Homing
2018-06-01T20:05:36Z,141.614674077708,40.7645727765254,551878.683247226,4512804.64905282,2018_bird_039_27_trip,K18F34,bird_039,18,2018,25552.9801660268,1,3546.49248588748,-1.67372676223829,11.8216416196249,15940.920646165478,Fast_Homing,Sea,Fast_Homing
2018-06-01T20:10:36Z,141.610066322705,40.7328175434747,551514.285473544,4509276.92695279,2018_bird_039_27_trip,K18F34,bird_039,18,2018,22018.4993930144,1,3806.25074145693,-1.64495615526284,12.6875024715231,15029.408397529818,Fast_Homing,Sea,Fast_Homing
2018-06-01T20:15:36Z,141.606416380505,40.6986420017001,551232.273233594,4505481.13799615,2018_bird_039_27_trip,K18F34,bird_039,18,2018,18245.120417753,1,3979.22231943543,-1.64973991125494,13.2640743981181,13923.37362788354,Fast_Homing,Sea,Fast_Homing
2018-06-01T20:20:36Z,141.602380377502,40.6629273019432,550918.465343955,4501514.30867339,2018_bird_039_27_trip,K18F34,bird_039,18,2018,14316.1671826934,1,4087.51397441961,-1.8104231605752,13.6250465813987,12748.131953047125,Fast_Homing,Sea,Fast_Homing
2018-06-01T20:25:36Z,141.590588636323,40.6272171075674,549948.33420761,4497543.58883067,2018_bird_039_27_trip,K18F34,bird_039,18,2018,10228.4941101593,1,4053.0649230114,-1.7964274303781,13.510216410038,9713.612107685629,Fast_Homing,Sea,Fast_Homing
2018-06-01T20:30:36Z,141.579560141194,40.591685306681,549041.576387852,4493593.25649953,2018_bird_039_27_trip,K18F34,bird_039,18,2018,6180.54189533451,1,4223.47152095937,-1.81412231484007,14.0782384031979,6595.733013370464,NA,Sea,Fast_Homing
2018-05-15T02:18:06Z,141.54088,40.54086,545803.137221038,4487930.72750446,2018_bird_015_3_trip,K18F43,bird_015,27,2018,1438.67915185262,1,2291.24692142455,2.82966216548411,7.63748973808183,583.8331248336588,Fast_Outbound,Sea,Fast_Outbound
2018-05-15T02:23:06Z,141.515178360508,40.5473122952048,543622.459268975,4488633.90324659,2018_bird_015_3_trip,K18F43,bird_015,27,2018,3721.71419962957,0,203.463934852355,-2.15572351611776,0.678213116174516,723.5309075300775,Slow,Land,Slow
2018-05-15T02:28:06Z,141.51384,40.54579,543510.11896102,4488464.26472504,2018_bird_015_3_trip,K18F43,bird_015,27,2018,3792.22792093524,0,6.43264581567329,2.12344266308621,0.021442152718911,915.9149737677988,Slow,Land,Slow
2018-05-15T02:33:06Z,141.5138005,40.5458395,543506.742198517,4488469.73979647,2018_bird_015_3_trip,K18F43,bird_015,27,2018,3796.65709392162,1,1251.68442126754,1.02962247564326,4.17228140422512,915.2086248922042,Slow,Land,Slow
2018-05-15T02:38:06Z,141.52149,40.55547,544151.537989837,4489542.56423595,2018_bird_015_3_trip,K18F43,bird_015,27,2018,3586.75476586155,1,2463.56206676236,0.89631414961343,8.21187355587454,249.03811250700855,Fast_Outbound,Sea,Fast_Outbound
2018-05-15T02:43:06Z,141.5398,40.57272,545690.015169597,4491466.68118254,2018_bird_015_3_trip,K18F43,bird_015,27,2018,4077.25378336051,1,2899.77875317866,0.947700044169074,9.6659291772622,2639.835785540277,Fast_Outbound,Sea,Fast_Outbound
2018-05-15T02:48:06Z,141.5599679953,40.5938383345767,547382.187930752,4493821.52048996,2018_bird_015_3_trip,K18F43,bird_015,27,2018,6136.55064521555,1,3017.66596002035,0.94820292550225,10.0588865334012,5414.560194374108,Fast_Outbound,Sea,Fast_Outbound
2018-05-15T02:53:06Z,141.580954912761,40.6158193461966,549141.921480901,4496272.978358,2018_bird_015_3_trip,K18F43,bird_015,27,2018,8799.21094147633,1,3076.07517559923,0.830377699980272,10.2535839186641,8301.453062194632,Fast_Outbound,Sea,Fast_Outbound
2018-05-15T02:58:06Z,141.605670327208,40.6361486885813,551217.032551602,4498543.69466132,2018_bird_015_3_trip,K18F43,bird_015,27,2018,11570.8484510075,1,2773.20134769703,1.23824294561815,9.24400449232344,11329.477276393538,Fast_Outbound,Sea,Fast_Outbound
2018-05-15T03:03:06Z,141.6165931097,40.6597050827938,552122.365141726,4501164.95745169,2018_bird_015_3_trip,K18F43,bird_015,27,2018,14344.6117579728,1,3377.91072108054,1.13587408278298,11.2597024036018,13639.411647613157,Fast_Outbound,Sea,Fast_Outbound
2018-05-15T03:08:06Z,141.63369,40.68721,553545.613658231,4504228.39416555,2018_bird_015_3_trip,K18F43,bird_015,27,2018,17713.6293394126,1,3526.82153051097,1.21415319619237,11.7560717683699,15903.924336966857,Fast_Outbound,Sea,Fast_Outbound
2018-05-15T03:13:06Z,141.64855,40.7169,554776.934872842,4507533.28723107,2018_bird_015_3_trip,K18F43,bird_015,27,2018,21241.6259777468,1,3562.09971296854,0.900626844631611,11.8736657098951,17828.221764388185,Fast_Outbound,Sea,Fast_Outbound
2018-05-15T03:18:06Z,141.674997862334,40.7418973801489,556989.422050083,4510324.96322511,2018_bird_015_3_trip,K18F43,bird_015,27,2018,24662.5197644342,1,1621.29319708387,0.479953492273284,5.40431065694622,20596.159360140013,Fast_Outbound,Sea,Fast_Outbound
2018-05-15T03:23:06Z,141.6921,40.74854,558427.535702056,4511073.57577838,2018_bird_015_3_trip,K18F43,bird_015,27,2018,25940.3484270025,0,54.9204372116103,-0.0325478643497561,0.183068124038701,22161.944629056845,Slow,Sea,Slow
2018-05-15T03:28:06Z,141.69275,40.74852,558482.427051483,4511071.78855103,2018_bird_015_3_trip,K18F43,bird_015,27,2018,25962.5151852567,1,2752.13075712431,0.852193263044714,9.17376919041436,22215.0494224341,Fast_Outbound,Sea,Fast_Outbound
2018-05-15T03:33:06Z,141.71441,40.76705,560294.247762657,4513143.38924008,2018_bird_015_3_trip,K18F43,bird_015,27,2018,28625.4515341548,1,3127.65032285088,0.691238237587149,10.4255010761696,24331.432462849003,Fast_Outbound,Sea,Fast_Outbound
2018-05-15T03:38:06Z,141.74316,40.78483,562703.968597098,4515137.24029823,2018_bird_015_3_trip,K18F43,bird_015,27,2018,31525.0964913571,1,3308.17537126042,0.783810961054516,11.0272512375347,26950.51987636068,Fast_Outbound,Sea,Fast_Outbound
2018-05-15T03:43:06Z,141.77116934111,40.805685576372,565046.911723878,4517472.75775518,2018_bird_015_3_trip,K18F43,bird_015,27,2018,34723.0065773411,1,2545.41565010274,0.640328788435211,8.48471883367579,29542.203718022287,Fast_Outbound,Sea,Fast_Outbound
2018-05-15T03:48:06Z,141.79553,40.81922,567088.078913739,4518993.53957214,2018_bird_015_3_trip,K18F43,bird_015,27,2018,37089.6846276743,1,1010.19846485581,1.43158361717514,3.36732821618603,31741.363930514333,Fast_Outbound,Sea,Fast_Outbound
2018-05-15T03:53:06Z,141.7973,40.82822,567228.257572204,4519993.96492274,2018_bird_015_3_trip,K18F43,bird_015,27,2018,38012.0975423948,1,2042.35677015946,1.43097101307599,6.80785590053152,31994.553999501633,Fast_Outbound,Sea,Fast_Outbound
2018-05-15T03:58:06Z,141.800894675505,40.8464138347924,567512.901111727,4522016.3890207,2018_bird_015_3_trip,K18F43,bird_015,27,2018,39890.5042796617,1,4061.94420145153,1.48961050278108,13.5398140048384,32507.566630625035,Fast_Outbound,Sea,Fast_Outbound
2018-05-15T04:03:06Z,141.805243661313,40.8828543342512,567842.311255744,4526064.95415575,2018_bird_015_3_trip,K18F43,bird_015,27,2018,43580.8564222006,1,4040.77211967413,2.76027212492287,13.4692403989138,33127.31127485086,Fast_Middle,Sea,Fast_Middle
2018-05-15T04:08:06Z,141.760886229351,40.8967018096304,564091.77157411,4527568.71325202,2018_bird_015_3_trip,K18F43,bird_015,27,2018,43316.7985693657,1,1860.95081094671,3.01684760613823,6.20316936982237,29452.238696493467,Fast_Middle,Sea,Fast_Middle
2018-05-15T04:13:06Z,141.73899,40.89893,562245.281428225,4527800.25603838,2018_bird_015_3_trip,K18F43,bird_015,27,2018,42847.9576969112,1,3066.79835013109,3.03045574193782,10.2226611671036,27620.084718808113,Fast_Middle,Sea,Fast_Middle
2018-05-15T04:18:06Z,141.70284,40.90222,559197.403238542,4528140.38933757,2018_bird_015_3_trip,K18F43,bird_015,27,2018,42202.1492342372,1,2414.80474361255,3.12123844116444,8.04934914537517,24593.799666826995,Fast_Middle,Sea,Fast_Middle
2018-05-15T04:23:06Z,141.6741818303,40.9028338360159,556783.098697174,4528189.5373925,2018_bird_015_3_trip,K18F43,bird_015,27,2018,41628.9496850274,1,1973.05626198326,-2.18251872365658,6.57685420661085,22186.728928498283,Fast_Middle,Sea,Fast_Middle
2018-05-15T04:28:06Z,141.660584915342,40.8883617272495,555650.015165437,4526574.27496086,2018_bird_015_3_trip,K18F43,bird_015,27,2018,39802.6301908559,1,2363.71018690777,-2.1283531760479,7.87903395635924,20983.35611659572,Fast_Middle,Sea,Fast_Middle
2018-05-15T04:33:06Z,141.645564332747,40.8703785000759,554399.34149444,4524568.5478567,2018_bird_015_3_trip,K18F43,bird_015,27,2018,37585.1504888602,1,2081.58387185328,-2.54073435808641,6.93861290617758,19645.072814689745,Fast_Middle,Sea,Fast_Middle
2018-05-15T04:38:06Z,141.62509,40.85989,552682.345620448,4523391.7230676,2018_bird_015_3_trip,K18F43,bird_015,27,2018,36130.9982437755,1,2490.48776377672,-2.36938579393532,8.30162587925573,17878.758814010496,Fast_Middle,Sea,Fast_Middle
2018-05-15T04:43:06Z,141.60378,40.84435,550898.228301589,4521654.06524913,2018_bird_015_3_trip,K18F43,bird_015,27,2018,34175.8385168808,1,2044.14826357726,-1.9016915748462,6.81382754525753,15977.094702671931,Fast_Middle,Sea,Fast_Middle
2018-05-15T04:48:06Z,141.595746331974,40.82697616684,550234.105297273,4519720.80821536,2018_bird_015_3_trip,K18F43,bird_015,27,2018,32184.7805565001,1,2383.03468546492,-2.25475963128837,7.94344895154974,15097.69382909323,Fast_Middle,Sea,Fast_Middle
2018-05-15T04:53:06Z,141.577745331301,40.8104288338704,548728.337563924,4517873.77875016,2018_bird_015_3_trip,K18F43,bird_015,27,2018,30233.2577134129,1,2334.02010939413,-2.02297043106847,7.78006703131378,13392.718716121151,Fast_Middle,Sea,Fast_Middle
2018-05-15T04:58:06Z,141.565494330231,40.7915766678041,547708.552431782,4515774.32926153,2018_bird_015_3_trip,K18F43,bird_015,27,2018,28099.6469169015,1,2634.53126403501,-2.40603084567105,8.7817708801167,12141.221567365086,Fast_Middle,Sea,Fast_Middle
2018-05-15T05:03:06Z,141.542212161773,40.7757633358276,545755.168964099,4514006.54872951,2018_bird_015_3_trip,K18F43,bird_015,27,2018,26367.8020166783,1,3254.71495800168,-2.74719628316012,10.8490498600056,10000.870402836345,Fast_Middle,Sea,Fast_Middle
2018-05-15T05:08:06Z,141.50651966856,40.7646591847696,542750.322776822,4512755.9213475,2018_bird_015_3_trip,K18F43,bird_015,27,2018,25471.6346604031,1,3291.89015891378,-2.77005565367688,10.9729671963793,6875.969799451423,Fast_Middle,Sea,Fast_Middle
2018-05-15T05:13:06Z,141.47010282928,40.7540470029674,539683.036829466,4511560.80723767,2018_bird_015_3_trip,K18F43,bird_015,27,2018,25042.6978734303,1,2042.79325158836,-2.31775278892289,6.80931083862785,3695.418167203852,Fast_Middle,Sea,Fast_Middle
2018-05-15T05:18:06Z,141.45357,40.74061,538295.145355478,4510061.887118,2018_bird_015_3_trip,K18F43,bird_015,27,2018,24096.3941341242,0,58.1356357463094,-0.14947338095905,0.193785452487698,2146.8030476671215,Slow,Sea,Slow
2018-05-15T05:23:06Z,141.454250333334,40.7405293333334,538352.632757828,4510053.22970992,2018_bird_015_3_trip,K18F43,bird_015,27,2018,24067.0912297841,0,21.0872288627181,-1.64712597222143,0.0702907628757271,2202.870249708517,Slow,Sea,Slow
2018-05-15T05:28:06Z,141.45423,40.74034,538351.024739631,4510032.2038806,2018_bird_015_3_trip,K18F43,bird_015,27,2018,24048.1334210406,0,65.5427849694133,-1.52696637108434,0.218475949898044,2199.046614978011,Slow,Sea,Slow
2018-05-15T05:33:06Z,141.45426,40.73975,538353.896557296,4509966.72404153,2018_bird_015_3_trip,K18F43,bird_015,27,2018,23986.2005237053,0,9.23469687050325,1.29811911473311,0.0307823229016775,2194.42859278986,Slow,Sea,Slow
2018-05-15T05:38:06Z,141.45429,40.73983,538356.383559945,4509975.61754726,2018_bird_015_3_trip,K18F43,bird_015,27,2018,23993.5472239113,0,10.2238767073439,2.09438544202568,0.0340795890244797,2197.813708662077,Slow,Sea,Slow
2018-05-15T05:43:06Z,141.45423,40.73991,538351.271707126,4509984.47173359,2018_bird_015_3_trip,K18F43,bird_015,27,2018,24003.6677105836,0,32.0208420884996,-2.32101154954985,0.106736140294999,2193.6821930383485,NA,Sea,Slow
2018-05-15T05:48:06Z,141.45397,40.7397,538329.440018018,4509961.047138,2018_bird_015_3_trip,K18F43,bird_015,27,2018,23989.9849127271,0,7.81619028925917,-1.45739075934139,0.0260539676308639,2169.5508736509746,NA,Sea,Slow
2018-05-15T05:53:06Z,141.45398,40.73963,538330.324518763,4509953.28115518,2018_bird_015_3_trip,K18F43,bird_015,27,2018,23982.4417399632,0,735.144384128039,-2.24793663192081,2.4504812804268,2169.438894682931,NA,Sea,Slow
2018-05-15T05:58:06Z,141.44849,40.73449,537869.707428553,4509380.33337247,2018_bird_015_3_trip,K18F43,bird_015,27,2018,23629.7209584167,1,1933.82362756527,-2.04602598806941,6.4460787585509,1646.8978830769468,NA,Sea,Fast_Middle
2018-05-15T06:03:06Z,141.43791,40.71904,536984.900600336,4507660.80125608,2018_bird_015_3_trip,K18F43,bird_015,27,2018,22450.2598324821,1,1633.26060981088,-1.19810919690406,5.44420203270295,512.3337803453845,NA,Sea,Fast_Middle
2018-05-15T06:08:06Z,141.44486,40.70531,537579.602486816,4506139.66027452,2018_bird_015_3_trip,K18F43,bird_015,27,2018,20825.3419381992,1,1828.52036704082,-1.69386401257412,6.09506789013608,758.4271811980806,NA,Sea,Fast_Middle
2018-05-15T06:13:06Z,141.44209483123,40.6889726670167,537355.1383291,4504324.96950897,2018_bird_015_3_trip,K18F43,bird_015,27,2018,19348.3523762769,1,2401.41014383945,-1.64250869675982,8.00470047946484,142.3372741129703,NA,Sea,Fast_Middle
2018-05-15T06:18:06Z,141.439916668683,40.6674030002098,537183.075082202,4501929.73154209,2018_bird_015_3_trip,K18F43,bird_015,27,2018,17429.138925283,1,2906.80262269322,-1.35127019987457,9.68934207564407,550.1331485681069,NA,Land,Fast_Middle
2018-05-15T06:23:06Z,141.447234919951,40.6418167215037,537816.08119643,4499092.68999381,2018_bird_015_3_trip,K18F43,bird_015,27,2018,14786.8510853154,1,2936.66783896376,-1.25480618705458,9.78889279654587,554.7678906671662,NA,Land,Fast_Middle
2018-05-15T06:28:06Z,141.457855669892,40.6166291672151,538728.673458622,4496301.41907192,2018_bird_015_3_trip,K18F43,bird_015,27,2018,12099.3929567304,1,1694.99057072111,-1.32452556588973,5.64996856907038,277.4988982462418,NA,Land,Fast_Middle
2018-05-15T06:33:06Z,141.462638524592,40.6018009836071,539141.893415199,4494657.56923014,2018_bird_015_3_trip,K18F43,bird_015,27,2018,10672.9398111158,0,10.404879065396,1.89467745313167,0.0346829302179866,634.7242539462806,NA,Land,Slow
2018-05-15T06:38:06Z,141.4626,40.60189,539138.582080283,4494667.43313248,2018_bird_015_3_trip,K18F43,bird_015,27,2018,10681.8944308513,0,199.40652307458,1.28337756243226,0.664688410248601,631.1377877946003,NA,Land,Slow
2018-05-15T06:43:06Z,141.46328,40.60361,539195.109407135,4494858.6597592,2018_bird_015_3_trip,K18F43,bird_015,27,2018,10765.640600405,1,1097.47286288145,-1.1905788550544,3.65824287627151,470.16866637320805,NA,Land,Fast_Middle
2018-05-15T06:48:06Z,141.46803,40.59441,539602.406190745,4493839.56407437,2018_bird_015_3_trip,K18F43,bird_015,27,2018,9794.80800473899,1,2402.74404665672,-1.01333047590966,8.00914682218906,763.7888313618341,NA,Land,Fast_Middle
2018-05-15T06:53:06Z,141.48292,40.57598,540873.547711275,4491800.59909465,2018_bird_015_3_trip,K18F43,bird_015,27,2018,7565.30579030671,1,2274.62049903721,-0.85597063719981,7.58206833012402,988.7385554615483,NA,Land,Fast_Middle
2018-05-15T06:58:06Z,141.50042,40.56043,542364.529117232,4490082.78860984,2018_bird_015_3_trip,K18F43,bird_015,27,2018,5416.1428942274,0,50.7842995800539,-0.451212753761342,0.16928099860018,844.9222480491956,NA,Land,Slow
2018-05-15T07:03:06Z,141.500958333331,40.5602281666674,542410.230869985,4490060.6437486,2018_bird_015_3_trip,K18F43,bird_015,27,2018,5365.34054450779,0,142.03274340855,-0.363529314431804,0.473442478028502,822.3019021520914,NA,Land,Slow
2018-05-15T07:08:06Z,141.502522950976,40.5597663936319,542542.981448489,4490010.14044072,2018_bird_015_3_trip,K18F43,bird_015,27,2018,5223.90442281978,0,30.9068351206396,-0.309789927925012,0.103022783735465,747.1285652444178,NA,Land,Slow
2018-05-15T07:13:06Z,141.50287,40.55968,542572.417045107,4490000.71822714,2018_bird_015_3_trip,K18F43,bird_015,27,2018,5193.33860036782,0,7.80951209060354,-0.148694691356131,0.0260317069686785,729.2174742025305,NA,Land,Slow
2018-05-15T07:18:06Z,141.502961147542,40.5596691803282,542580.140381562,4489999.56126858,2018_bird_015_3_trip,K18F43,bird_015,27,2018,5185.90562233392,0,6.07152268623566,-0.586109019079288,0.0202384089541189,723.8468129344773,NA,Land,Slow
2018-05-15T07:23:06Z,141.503020666667,40.5596386666668,542585.19856209506,4489996.20296582,2018_bird_015_3_trip,K18F43,bird_015,27,2018,5179.87866163129,0,2.64054503880737,-0.896520864180247,0.00880181679602455,721.9786760938467,NA,Land,Slow
2018-05-15T07:28:06Z,141.50304,40.55962,542586.847137544,4489994.14027896,2018_bird_015_3_trip,K18F43,bird_015,27,2018,5177.48299746464,0,12.1449591811926,-1.6280916395329,0.040483197270642,721.9882577716705,NA,Land,Slow
2018-05-15T07:33:06Z,141.503030967741,40.5595108064519,542586.151668964,4489982.01524878,2018_bird_015_3_trip,K18F43,bird_015,27,2018,5172.71647153013,0,12.3377707505374,0.944599751080517,0.0411259025017913,730.0897202457089,NA,Land,Slow
2018-05-15T07:38:06Z,141.503117049177,40.5596004918162,542593.382432124,4489992.01208083,2018_bird_015_3_trip,K18F43,bird_015,27,2018,5170.68127766684,1,2004.44472899856,0.640077905284391,6.68148242999521,718.2645725270296,NA,Land,Fast_Middle
2018-05-15T07:43:06Z,141.522189996245,40.5703010009682,544201.045785137,4491189.18258456,2018_bird_015_3_trip,K18F43,bird_015,27,2018,4624.29024366798,1,2768.69620984834,0.796695892187327,9.22898736616114,1287.3153828705963,NA,Sea,Fast_Middle
2018-05-15T07:48:06Z,141.5452,40.58803,546136.566893642,4493168.93932238,2018_bird_015_3_trip,K18F43,bird_015,27,2018,5587.90194675182,1,2666.10461210345,0.481155895691786,8.88701537367815,4027.8995730871025,NA,Sea,Fast_Middle
2018-05-15T07:53:06Z,141.573222095036,40.5990101638354,548499.963485862,4494402.82357569,2018_bird_015_3_trip,K18F43,bird_015,27,2018,6836.75126897507,1,2411.72622257829,0.18387315877987,8.03908740859428,6656.240637596492,Fast_Middle,Sea,Fast_Middle
2018-05-15T07:58:06Z,141.60128,40.60284,550871.035010563,4494843.78071355,2018_bird_015_3_trip,K18F43,bird_015,27,2018,8034.73220288285,1,1974.76808958089,-0.110227326624359,6.58256029860297,8809.503542925206,Fast_Middle,Sea,Fast_Middle
2018-05-15T08:03:06Z,141.62446,40.60076,552833.81846315,4494626.54782958,2018_bird_015_3_trip,K18F43,bird_015,27,2018,8926.82569704294,1,1581.61117147997,-1.5454129723733,5.27203723826657,10238.44176012908,Fast_Homing,Sea,Fast_Homing
2018-05-15T08:08:06Z,141.624801829266,40.5865143347023,552873.960749038,4493045.44615839,2018_bird_015_3_trip,K18F43,bird_015,27,2018,7790.35105460132,1,1931.46640649169,-2.19037380876942,6.4382213549723,9122.475254870407,Fast_Homing,Sea,Fast_Homing
2018-05-15T08:13:06Z,141.61142,40.57242,551752.375145043,4491472.9932299,2018_bird_015_3_trip,K18F43,bird_015,27,2018,5905.58806765038,0,82.0142758244587,0.142711267233682,0.273380919414862,7188.131435206757,Slow,Sea,Slow
2018-05-15T08:18:06Z,141.61238,40.57252,551833.555665255,4491484.65790208,2018_bird_015_3_trip,K18F43,bird_015,27,2018,5975.55981607827,0,58.9740077777779,0.291580433904478,0.196580025925926,7244.688279445652,Slow,Sea,Slow
2018-05-15T08:23:06Z,141.613048688524,40.5726691803283,551890.040424417,4491501.61094239,2018_bird_015_3_trip,K18F43,bird_015,27,2018,6030.01230988254,0,60.4636113941448,-0.119154648277864,0.201545371313816,7291.252483769393,Slow,Sea,Slow
2018-05-15T08:28:06Z,141.613757333335,40.5726006666685,551950.075317367,4491494.42345804,2018_bird_015_3_trip,K18F43,bird_015,27,2018,6072.14151300527,0,69.7572808556014,0.0863422486368049,0.232524269518671,7320.17133187606,Slow,Sea,Slow
2018-05-15T08:33:06Z,141.614578852459,40.5726504918036,552019.572740016,4491500.43897775,2018_bird_015_3_trip,K18F43,bird_015,27,2018,6130.20401354617,0,60.1805196803718,-0.0495949140463936,0.200601732267906,7365.357887873089,Slow,Sea,Slow
2018-05-15T08:38:06Z,141.615288688524,40.572619836066,552079.679263192,4491497.45555344,2018_bird_015_3_trip,K18F43,bird_015,27,2018,6175.56133549667,0,74.6492032016871,0.0316134671267981,0.248830677338957,7397.748351191897,Slow,Sea,Slow
2018-05-15T08:43:06Z,141.61617032787,40.5726363934427,552154.291166872,4491499.8150805,2018_bird_015_3_trip,K18F43,bird_015,27,2018,6235.92006658362,0,77.6155170392571,-0.249263834182446,0.258718390130857,7442.921794725947,Slow,Sea,Slow
2018-05-15T08:48:06Z,141.617057333331,40.5724591666685,552229.50792121,4491480.66806109,2018_bird_015_3_trip,K18F43,bird_015,27,2018,6284.05902587923,0,60.8211112630499,0.152003966100239,0.2027370375435,7470.887256437945,Slow,Sea,Slow
2018-05-15T08:53:06Z,141.61776833333099,40.5725383333341,552289.627742179,4491489.87755087,2018_bird_015_3_trip,K18F43,bird_015,27,2018,6337.63842358096,0,99.609786099133,-0.392828789446175,0.332032620330443,7513.249989990044,Slow,Sea,Slow
2018-05-15T08:58:06Z,141.618852295083,40.5721890163941,552381.650239688,4491451.74659968,2018_bird_015_3_trip,K18F43,bird_015,27,2018,6388.9830770934,0,7.63040493551378,1.13020587007991,0.0254346831183793,7535.404442299483,Fast_Homing,Sea,Slow
2018-05-15T09:03:06Z,141.618891311474,40.572250983607,552384.904406008,4491458.64830099,2018_bird_015_3_trip,K18F43,bird_015,27,2018,6395.68194836685,1,2565.82720988819,-2.40547577034608,8.55275736629396,7542.925808492096,NA,Sea,Fast_Homing
2018-05-15T18:52:07Z,141.57197,40.54503,548432.929661872,4488410.22355344,2018_bird_015_4_trip,K18F43,bird_015,27,2018,1410.72957687872,1,4958.67407364806,0.132285375481054,16.5289135788269,2762.736887623718,Fast_Outbound,Sea,Fast_Outbound
2018-05-15T18:57:07Z,141.63007,40.55062,553348.280007649,4489064.27213492,2018_bird_015_4_trip,K18F43,bird_015,27,2018,6282.073092109,1,4968.34160224694,0.170554656297306,16.5611386741565,6145.066740228209,Fast_Outbound,Sea,Fast_Outbound
2018-05-15T19:02:07Z,141.687971187004,40.5578866166877,558244.534834914,4489907.5437063,2018_bird_015_4_trip,K18F43,bird_015,27,2018,11248.719427103,1,3870.92764554025,-0.0189484279501988,12.9030921518008,9669.08138130118,Fast_Outbound,Sea,Fast_Outbound
2018-05-15T19:07:07Z,141.733674832881,40.5569446706506,562114.76758666,4489834.20010181,2018_bird_015_4_trip,K18F43,bird_015,27,2018,15052.9912604673,1,2563.75314837672,-0.00568492836146867,8.54584382792241,11863.738624757065,Fast_Outbound,Sea,Fast_Outbound
2018-05-15T19:12:07Z,141.763952373144,40.556617120784,564678.479306935,4489819.62542733,2018_bird_015_4_trip,K18F43,bird_015,27,2018,17593.4412976485,1,3932.69143817104,0.0366134579605358,13.1089714605701,13590.084880874878,Fast_Outbound,Sea,Fast_Outbound
2018-05-15T19:17:07Z,141.810383731671,40.5575976322804,568608.535064044,4489963.5826914,2018_bird_015_4_trip,K18F43,bird_015,27,2018,21515.9317221236,1,3857.42480141963,-0.0948034238000522,12.8580826713988,16741.17751109424,Fast_Outbound,Sea,Fast_Outbound
2018-05-15T19:22:07Z,141.85569533609,40.5539813457893,572448.638177247,4489598.43316234,2018_bird_015_4_trip,K18F43,bird_015,27,2018,25308.8760027602,1,3813.8553545509,-0.0591115954276816,12.7128511818363,19766.296314824347,Fast_Outbound,Sea,Fast_Outbound
2018-05-15T19:27:07Z,141.90063,40.55161,576255.832321847,4489373.12135447,2018_bird_015_4_trip,K18F43,bird_015,27,2018,29093.9765324954,1,2712.04749499094,-0.0797233661578218,9.04015831663647,22848.5743735044,Fast_Outbound,Sea,Fast_Outbound
2018-05-15T19:32:07Z,141.932528333282,40.5494111708738,578959.265744516,4489157.13676178,2018_bird_015_4_trip,K18F43,bird_015,27,2018,31783.4270162782,1,3075.82791331933,-0.0324692438882385,10.2527597110644,25006.64618330488,Fast_Outbound,Sea,Fast_Outbound
2018-05-15T19:37:07Z,141.96881766919,40.548213005387,582033.472451718,4489057.28450217,2018_bird_015_4_trip,K18F43,bird_015,27,2018,34851.5599388527,1,2851.75985451426,0.00648693155669093,9.5058661817142,27538.965604415043,Fast_Outbound,Sea,Fast_Outbound
2018-05-15T19:42:07Z,142.002493996745,40.5480923408495,584885.172305015,4489075.78354342,2018_bird_015_4_trip,K18F43,bird_015,27,2018,37702.7990271911,1,2987.20241059374,0.0520247646923215,9.95734136864581,29947.800307694062,Fast_Outbound,Sea,Fast_Outbound
2018-05-15T19:47:07Z,142.037741333352,40.549180503166,587868.333081927,4489231.12195125,2018_bird_015_4_trip,K18F43,bird_015,27,2018,40690.6011281513,1,3333.66402433251,-0.0443198580913941,11.1122134144417,32540.92869409895,Fast_Outbound,Sea,Fast_Outbound
2018-05-15T19:52:07Z,142.077046067097,40.5474901751108,591198.723567668,4489083.42279885,2018_bird_015_4_trip,K18F43,bird_015,27,2018,44014.8537234684,1,3944.92029006043,-0.104421492029948,13.1497343002014,35261.7836323528,Fast_Outbound,Sea,Fast_Outbound
2018-05-15T19:57:07Z,142.123311167249,40.5433453370761,595122.155987814,4488672.23653999,2018_bird_015_4_trip,K18F43,bird_015,27,2018,47927.4255999659,1,3641.43418528931,-0.0690611354281333,12.1381139509644,38338.081740932015,Fast_Outbound,Sea,Fast_Outbound
2018-05-15T20:02:07Z,142.166163336498,40.5406570107616,598754.909822253,4488420.9548173,2018_bird_015_4_trip,K18F43,bird_015,27,2018,51556.3210949604,1,2977.80873902379,-0.164730039448482,9.92602913007929,41255.9122787131,Fast_Outbound,Sea,Fast_Outbound
2018-05-15T20:07:07Z,142.200765574665,40.5359034503133,601692.406955052,4487932.63578122,2018_bird_015_4_trip,K18F43,bird_015,27,2018,54489.9793662396,1,3526.39583090208,-0.0210366647411098,11.7546527696736,43460.36438908109,Fast_Outbound,Sea,Fast_Outbound
2018-05-15T20:12:07Z,142.242373924741,40.5347952549605,605218.022526897,4487858.45764581,2018_bird_015_4_trip,K18F43,bird_015,27,2018,58016.244111314,1,3483.41436430324,0.124284276734817,11.6113812143441,46383.01603988903,Fast_Outbound,Sea,Fast_Outbound
2018-05-15T20:17:07Z,142.283252132443,40.5382385256571,608674.568082026,4488290.27758369,2018_bird_015_4_trip,K18F43,bird_015,27,2018,61476.3780178517,1,2650.30569830859,-0.115552229120729,8.8343523276953,49521.41091471939,Fast_Outbound,Sea,Fast_Outbound
2018-05-15T20:22:07Z,142.314277333374,40.5351370000065,611307.199597629,4487984.70991927,2018_bird_015_4_trip,K18F43,bird_015,27,2018,64107.4126973596,0,196.078637734076,-1.0476158829891,0.653595459113588,51568.18527134001,Slow,Sea,Slow
2018-05-15T20:27:07Z,142.315403898325,40.5335940678003,611405.167871382,4487814.85983975,2018_bird_015_4_trip,K18F43,bird_015,27,2018,64204.8471963182,0,376.026579214559,-1.89035163281782,1.2534219307152,51559.78254987185,Slow,Sea,Slow
2018-05-15T20:32:07Z,142.313946665066,40.5303946680687,611287.041223415,4487457.86952711,2018_bird_015_4_trip,K18F43,bird_015,27,2018,64086.9870281024,0,445.960994977313,-2.30025529436018,1.48653664992438,51269.67367104952,Slow,Sea,Slow
2018-05-15T20:37:07Z,142.31038,40.52744,610989.823216192,4487125.38995598,2018_bird_015_4_trip,K18F43,bird_015,27,2018,63791.7716454543,0,186.057504737179,-1.15736966930699,0.620191682457265,50841.523085218425,Slow,Sea,Slow
2018-05-15T20:42:07Z,142.311232372891,40.5258954237302,611064.57175184,4486955.00788096,2018_bird_015_4_trip,K18F43,bird_015,27,2018,63868.2687675701,0,200.889462962929,-1.16124882222457,0.669631543209765,50815.24454495971,Slow,Sea,Slow
2018-05-15T20:47:07Z,142.312144166685,40.5242250000043,611144.564789758,4486770.73175604,2018_bird_015_4_trip,K18F43,bird_015,27,2018,63950.6595369385,0,188.293002922585,-1.20349498964239,0.627643343075284,50786.85276770958,Slow,Sea,Slow
2018-05-15T20:52:07Z,142.312911333341,40.5226331666672,611212.180445786,4486594.99792888,2018_bird_015_4_trip,K18F43,bird_015,27,2018,64021.0496117362,1,1257.63534819885,-2.07019257318808,4.19211782732949,50753.097343322705,Slow,Sea,Fast_Middle
2018-05-15T20:57:07Z,142.30561,40.51277,610609.904401547,4485490.95525055,2018_bird_015_4_trip,K18F43,bird_015,27,2018,63447.3863844986,1,1300.3611939847,-2.49905341620924,4.33453731328235,49669.507240285064,Fast_Middle,Sea,Fast_Middle
2018-05-15T21:02:07Z,142.29319,40.50589,609568.865459555,4484711.73951914,2018_bird_015_4_trip,K18F43,bird_015,27,2018,62439.0491603605,0,158.634020493852,-1.11362052186582,0.528780068312841,48377.44911349809,Slow,Sea,Slow
2018-05-15T21:07:07Z,142.293991612911,40.5045987096779,609638.889008786,4484569.39678131,2018_bird_015_4_trip,K18F43,bird_015,27,2018,62515.9573804029,0,757.989137614744,-2.29471670757181,2.52663045871581,48366.189432925195,Slow,Sea,Slow
2018-05-15T21:12:07Z,142.28797,40.49955,609136.85236605,4484001.50001068,2018_bird_015_4_trip,K18F43,bird_015,27,2018,62045.6087715673,1,2927.82366647003,-2.38482887671627,9.75941222156675,47647.52580212341,Fast_Homing,Sea,Fast_Homing
2018-05-15T21:17:07Z,142.262514662355,40.4817220058913,607008.143870735,4481991.33793664,2018_bird_015_4_trip,K18F43,bird_015,27,2018,60077.5871590571,1,2778.04736079524,-2.93553793207729,9.26015786931748,44806.4011207763,Fast_Homing,Sea,Fast_Homing
2018-05-15T21:22:07Z,142.230345407396,40.4769485289793,604288.864064647,4481422.9503268,2018_bird_015_4_trip,K18F43,bird_015,27,2018,57429.7205154306,1,2764.96887064673,-2.91941337090865,9.21656290215577,42160.997958841144,Fast_Homing,Sea,Fast_Homing
2018-05-15T21:27:07Z,142.198436666325,40.4717950074372,601591.859377865,4480813.67323456,2018_bird_015_4_trip,K18F43,bird_015,27,2018,54822.0265957851,1,2907.18189600457,-3.03007977615701,9.69060632001524,39531.15192205227,Fast_Homing,Sea,Fast_Homing
2018-05-15T21:32:07Z,142.164311309488,40.4692293515651,598702.734339153,4480490.15648516,2018_bird_015_4_trip,K18F43,bird_015,27,2018,52000.035227135,1,2714.81984493747,-3.04759058387643,9.04939948312492,36913.97748068356,Fast_Homing,Sea,Fast_Homing
2018-05-15T21:37:07Z,142.132395735987,40.46725082252,595999.90026666,4480235.33347396,2018_bird_015_4_trip,K18F43,bird_015,27,2018,49361.7749062518,1,2798.4808279602,-3.00083517938086,9.32826942653399,34504.913526349366,Fast_Homing,Sea,Fast_Homing
2018-05-15T21:42:07Z,142.09966,40.46403,593229.096380966,4479842.72581804,2018_bird_015_4_trip,K18F43,bird_015,27,2018,46688.2763154856,1,2466.76659081017,-3.10973497677841,8.22255530270057,31963.8138132162,Fast_Homing,Sea,Fast_Homing
2018-05-15T21:47:07Z,142.070572293613,40.4635952495189,590763.581459269,4479764.15365743,2018_bird_015_4_trip,K18F43,bird_015,27,2018,44273.0880944968,1,3125.04182264997,-2.9284927242337,10.4168060754999,29849.32241436269,Fast_Homing,Sea,Fast_Homing
2018-05-15T21:52:07Z,142.03446,40.45797,587709.228065224,4479103.23631192,2018_bird_015_4_trip,K18F43,bird_015,27,2018,41402.9134209821,1,3202.19219109206,-3.039230938531,10.6739739703069,26924.140650970076,Fast_Homing,Sea,Fast_Homing
2018-05-15T21:57:07Z,141.996852331581,40.4553526750196,584523.797388913,4478776.02653958,2018_bird_015_4_trip,K18F43,bird_015,27,2018,38366.2771079981,1,3336.40642885697,-3.10369438101338,11.1213547628566,24069.381616062255,Fast_Homing,Sea,Fast_Homing
2018-05-15T22:02:07Z,141.9575210019,40.4545463410924,581189.786678644,4478649.6127653,2018_bird_015_4_trip,K18F43,bird_015,27,2018,35163.3955358457,1,3317.95451566349,3.13668516181806,11.059848385545,21198.169344026446,Fast_Homing,Sea,Fast_Homing
2018-05-15T22:07:07Z,141.918397666826,40.45501050517,577871.872116839,4478665.89553442,2018_bird_015_4_trip,K18F43,bird_015,27,2018,31962.8406218179,1,3845.96501711056,-3.11118129502529,12.8198833903685,18417.373445192075,Fast_Homing,Sea,Fast_Homing
2018-05-15T22:12:07Z,141.873051962319,40.4543083705777,574027.68543444,4478548.95254101,2018_bird_015_4_trip,K18F43,bird_015,27,2018,28332.318843346002,1,3440.37788095649,-3.0061470806039,11.467926269855,15121.516003035986,Fast_Homing,Sea,Fast_Homing
2018-05-15T22:17:07Z,141.832801635641,40.4504201753351,570618.817069555,4478084.39206631,2018_bird_015_4_trip,K18F43,bird_015,27,2018,25301.6934692489,1,3801.29057183408,-2.8537671557671,12.6709685727803,12003.201037302726,Fast_Homing,Sea,Fast_Homing
2018-05-15T22:22:07Z,141.78970762608,40.441001361768,566973.898617087,4477005.32789473,2018_bird_015_4_trip,K18F43,bird_015,27,2018,22465.3804134386,1,4107.93210766868,-3.0558263746744,13.6931070255623,8353.830590450261,NA,Sea,Fast_Homing
2018-05-15T22:27:07Z,141.741417043957,40.4381509897326,562881.065925897,4476653.43762328,2018_bird_015_4_trip,K18F43,bird_015,27,2018,19165.0591766479,1,3708.33205035223,-3.08454568738066,12.3611068345074,4720.736428141403,NA,Sea,Fast_Homing
2018-05-15T22:32:07Z,141.697747506323,40.4365180017234,559178.766356277,4476442.00325413,2018_bird_015_4_trip,K18F43,bird_015,27,2018,16422.2787123586,1,2167.12160680888,2.20102005659361,7.22373868936293,1491.5821555247046,NA,Sea,Fast_Homing
2018-05-15T22:37:07Z,141.68285,40.45238,557901.62628188,4478192.81143582,2018_bird_015_4_trip,K18F43,bird_015,27,2018,14297.2930143762,0,32.5274368775649,-0.129197042768808,0.108424789591883,1362.767197093733,NA,Sea,Slow
2018-05-15T22:42:07Z,141.68323,40.45234,557933.882624193,4478188.62066854,2018_bird_015_4_trip,K18F43,bird_015,27,2018,14324.2046720443,0,1.96736896617317,0.539257530885989,0.00655789655391055,1388.126000338328,NA,Sea,Slow
2018-05-15T22:47:07Z,141.68325,40.452348983050904,557935.570804173,4478189.63091059,2018_bird_015_4_trip,K18F43,bird_015,27,2018,14324.797734745,0,1.6996984419903,3.08286625510959,0.00566566147330099,1390.0932670588268,NA,Sea,Slow
2018-05-15T22:52:07Z,141.68323,40.45235,557933.87403584,4478189.73067039,2018_bird_015_4_trip,K18F43,bird_015,27,2018,14323.461502663,0,2.25267426111357,1.93752897784975,0.00750891420371188,1388.6897746504844,NA,Sea,Slow
2018-05-15T22:57:07Z,141.683220666667,40.4523690000001,557933.066300584,4478191.83355058,2018_bird_015_4_trip,K18F43,bird_015,27,2018,14321.4612746546,1,3341.16485801646,2.47152388759081,11.1372161933882,1389.0817760535826,NA,Sea,Fast_Homing
2018-05-15T23:02:07Z,141.65252,40.47124,555314.331578616,4480266.8301926,2018_bird_015_4_trip,K18F43,bird_015,27,2018,10985.7552837281,1,2710.30605314668,2.17676053021019,9.03435351048895,305.42729882523656,NA,Sea,Fast_Homing
2018-05-15T23:07:07Z,141.634500000208,40.4914100000172,553770.663563923,4482494.57523235,2018_bird_015_4_trip,K18F43,bird_015,27,2018,8362.84255580766,1,2352.34762619328,2.05140615715673,7.84115875397761,1021.0146133218288,NA,Sea,Fast_Homing
2018-05-15T23:12:07Z,141.621841148456,40.5102701645351,552683.126195088,4484580.43280799,2018_bird_015_4_trip,K18F43,bird_015,27,2018,6287.35435565642,1,2737.4489224985,2.68482409779661,9.12482974166167,2096.177832845867,NA,Sea,Fast_Homing
2018-05-15T23:17:07Z,141.592939677344,40.5212990176775,550226.313938387,4485787.78534085,2018_bird_015_4_trip,K18F43,bird_015,27,2018,3557.81552883304,1,2616.44487667023,2.07297190613057,8.72148292223409,1659.816534139953,NA,Sea,Fast_Homing
2018-05-15T07:48:03Z,141.5519,40.52934,546744.349706877,4486657.77689622,2018_bird_072_1_trip,K18F48,bird_072,12,2018,1136.76959962099,1,1228.53783355854,2.70719051167572,4.09512611186181,352.55686637774653,Fast_Outbound,Sea,Fast_Outbound
2018-05-15T07:53:03Z,141.53878,40.53406,545629.916226659,4487174.82933713,2018_bird_072_1_trip,K18F48,bird_072,12,2018,1672.72912368013,1,1714.78965794588,2.52170413400174,5.71596552648628,24.80357733450366,Fast_Outbound,Land,Fast_Outbound
2018-05-15T07:58:03Z,141.52237,40.54311,544234.174801169,4488171.02682969,2018_bird_072_1_trip,K18F48,bird_072,12,2018,3026.42780703002,0,811.392703760173,2.86068304138237,2.70464234586724,518.2588917024026,Slow,Land,Fast_Outbound
2018-05-15T08:03:03Z,141.513179499999,40.5451776666668,543454.58571822,4488395.96900328,2018_bird_072_1_trip,K18F48,bird_072,12,2018,3833.44174390405,0,4.42963345153116,-1.36602436652934,0.0147654448384372,1001.6731588581716,Slow,Land,Slow
2018-05-15T08:08:03Z,141.513189838709,40.5451385483871,543455.486457116,4488391.63191648,2018_bird_072_1_trip,K18F48,bird_072,12,2018,3831.75828281021,0,681.863500310016,1.25178181790764,2.27287833436672,1003.5093699989616,Slow,Land,Slow
2018-05-15T08:13:03Z,141.51576,40.55096,543669.339951043,4489039.09196636,2018_bird_072_1_trip,K18F48,bird_072,12,2018,3800.79032005178,1,2829.43780066239,1.18659770951395,9.43145933554129,440.5792987581391,Fast_Outbound,Land,Fast_Outbound
2018-05-15T08:18:03Z,141.528470662886,40.5745343340487,544729.859347205,4491662.2612095,2018_bird_072_1_trip,K18F48,bird_072,12,2018,4690.99827810729,1,3545.11290572828,0.930807624949344,11.8170430190943,1994.9344645463148,Fast_Outbound,Sea,Fast_Outbound
2018-05-15T08:23:03Z,141.55369365979,40.6000331685437,546846.952486958,4494505.80515183,2018_bird_072_1_trip,K18F48,bird_072,12,2018,6829.22290794259,1,3813.29241304756,1.14667158477808,12.7109747101585,5403.91434539268,Fast_Outbound,Sea,Fast_Outbound
2018-05-15T08:28:03Z,141.572507367118,40.6312508215914,548416.210897658,4497981.2370772,2018_bird_072_1_trip,K18F48,bird_072,12,2018,10364.8966658727,1,3737.06402976984,1.29789383069367,12.4568800992328,8760.220493009794,Fast_Outbound,Sea,Fast_Outbound
2018-05-15T08:33:03Z,141.5847,40.66361,549423.452985347,4501580.00227368,2018_bird_072_1_trip,K18F48,bird_072,12,2018,14069.3904127108,1,3612.27827163676,1.47091031007331,12.0409275721225,11305.265141699923,Fast_Outbound,Sea,Fast_Outbound
2018-05-15T08:38:03Z,141.589246341487,40.6959665014115,549783.669382404,4505174.27528209,2018_bird_072_1_trip,K18F48,bird_072,12,2018,17678.2755715853,1,3237.02391210003,2.28458107003921,10.7900797070001,12444.072261342862,Fast_Outbound,Sea,Fast_Outbound
2018-05-15T08:43:03Z,141.564349509327,40.718133502526,547664.392091008,4507621.10743197,2018_bird_072_1_trip,K18F48,bird_072,12,2018,19944.0896234826,1,3766.61408970273,2.19246689489559,12.5553802990091,10913.92140853334,Fast_Outbound,Sea,Fast_Outbound
2018-05-15T08:48:03Z,141.5386,40.74584,545470.738688102,4510683.01312103,2018_bird_072_1_trip,K18F48,bird_072,12,2018,23068.7632916499,1,2257.93284374368,0.966715522356209,7.52644281247893,9339.122367941374,Fast_Outbound,Sea,Fast_Outbound
2018-05-15T08:53:03Z,141.553929667951,40.7625083623507,546753.257629896,4512541.34729194,2018_bird_072_1_trip,K18F48,bird_072,12,2018,24865.6403012819,1,1520.09601053322,1.7723067059792,5.06698670177739,10824.182753919722,Fast_Outbound,Sea,Fast_Outbound
2018-05-15T08:58:03Z,141.550435833375,40.7759418333421,546449.011362256,4514030.68475869,2018_bird_072_1_trip,K18F48,bird_072,12,2018,26362.4478412467,0,145.828608876287,-1.17320437453185,0.486095362920957,10692.212028122032,Slow,Sea,Slow
2018-05-15T09:03:03Z,141.551094920575,40.7747274603256,546505.476091197,4513896.23135579,2018_bird_072_1_trip,K18F48,bird_072,12,2018,26226.3992400749,1,1165.55490483684,-2.71902290535568,3.88518301612278,10732.922559307412,Slow,Sea,Slow
2018-05-15T09:08:03Z,141.538463666597,40.7704810052771,545442.445627916,4513418.23086382,2018_bird_072_1_trip,K18F48,bird_072,12,2018,25799.8839709152,1,3632.28254952738,-3.11977734794081,12.1076084984246,9623.347865911472,Fast_Middle,Sea,Fast_Middle
2018-05-15T09:13:03Z,141.49543,40.76996,541811.027359475,4513338.99779475,2018_bird_072_1_trip,K18F48,bird_072,12,2018,26223.7690366128,1,1219.92495602028,-1.85856236690856,4.0664165200676,6010.329812003096,Fast_Homing,Sea,Fast_Middle
2018-05-15T09:18:03Z,141.49125,40.75944,541464.799439103,4512169.23579952,2018_bird_072_1_trip,K18F48,bird_072,12,2018,25156.9379932872,1,3240.98908360053,-2.38598403355057,10.8032969453351,5533.152884984626,NA,Sea,Fast_Middle
2018-05-15T09:23:03Z,141.463164327796,40.7395350033868,539105.831507897,4509946.7865786,2018_bird_072_1_trip,K18F48,bird_072,12,2018,23699.5732432032,0,618.384857863979,-1.32687125299265,2.0612828595466,2938.214785818811,NA,Sea,Slow
2018-05-15T09:28:03Z,141.464895500009,40.7341221666718,539255.179711969,4509346.70746184,2018_bird_072_1_trip,K18F48,bird_072,12,2018,23084.4979691067,0,725.544437855387,-1.37513799045779,2.41848145951796,3018.010497242968,NA,Sea,Slow
2018-05-15T09:33:03Z,141.466521166278,40.7277041669181,539396.234512798,4508635.00648919,2018_bird_072_1_trip,K18F48,bird_072,12,2018,22367.8686999527,1,2975.47764305552,-2.24830993475039,9.91825881018506,3075.4284694643425,NA,Sea,Fast_Homing
2018-05-15T09:38:03Z,141.444295663895,40.7069071670449,537531.033346616,4506316.71146612,2018_bird_072_1_trip,K18F48,bird_072,12,2018,21004.8588131615,1,2575.05905124267,-1.43863460164183,8.5835301708089,749.8183107295526,NA,Sea,Fast_Homing
2018-05-15T09:43:03Z,141.448158503465,40.6838966673561,537870.367733264,4503764.10861973,2018_bird_072_1_trip,K18F48,bird_072,12,2018,18603.5070992403,1,2494.10743673268,-0.669860866482254,8.31369145577561,522.3603920071047,NA,Sea,Fast_Homing
2018-05-15T09:48:03Z,141.471196834177,40.6698546667346,539825.518651082,4502215.57486339,2018_bird_072_1_trip,K18F48,bird_072,12,2018,16306.5047773674,1,1570.76693179482,-1.6515308210489,5.23588977264941,2088.5451816883897,NA,Sea,Fast_Homing
2018-05-15T09:53:03Z,141.469599166664,40.6557566666669,539698.841297041,4500649.92432703,2018_bird_072_1_trip,K18F48,bird_072,12,2018,14990.8697703627,0,78.7224314597786,0.429969240405178,0.262408104865929,1622.183561204041,NA,Sea,Slow
2018-05-15T09:58:03Z,141.470447666664,40.6560488333347,539770.398300375,4500682.73920915,2018_bird_072_1_trip,K18F48,bird_072,12,2018,14983.5336143152,0,167.860102883422,-0.596603202920938,0.559533676278074,1698.9251968233536,NA,Sea,Slow
2018-05-15T10:03:03Z,141.472084237279,40.6551925423775,539909.260373363,4500588.42940677,2018_bird_072_1_trip,K18F48,bird_072,12,2018,14832.7696938421,0,432.9864306313,-0.755613567559854,1.44328810210433,1813.588951126306,NA,Sea,Slow
2018-05-15T10:08:03Z,141.475792999993,40.6525025000024,540224.409951839,4500291.51529074,2018_bird_072_1_trip,K18F48,bird_072,12,2018,14419.4670639194,0,189.608504857393,-0.525932916696749,0.632028349524642,2055.7650323111843,NA,Sea,Slow
2018-05-15T10:13:03Z,141.477726499715,40.6516370000398,540388.394000205,4500196.32801745,2018_bird_072_1_trip,K18F48,bird_072,12,2018,14256.9173383261,1,2564.03564258439,-1.52680556201935,8.54678547528129,2194.7347594226967,NA,Sea,Fast_Homing
2018-05-15T10:18:03Z,141.478895246891,40.6285557377882,540501.151513002,4497634.77291952,2018_bird_072_1_trip,K18F48,bird_072,12,2018,12007.2549478641,1,2080.97565142797,-1.25319961260033,6.93658550475989,1743.1506362000011,NA,Sea,Fast_Homing
2018-05-15T10:23:03Z,141.486449836241,40.61071466758,541151.007684068,4495657.86962933,2018_bird_072_1_trip,K18F48,bird_072,12,2018,10020.7657980874,1,2330.581447754,-1.14442440769437,7.76860482584668,1570.8446131550502,NA,Sea,Fast_Homing
2018-05-15T10:28:03Z,141.497701501901,40.5915506669333,542114.866870468,4493535.93999963,2018_bird_072_1_trip,K18F48,bird_072,12,2018,7765.24088681064,1,2545.91370932854,-1.15793184544627,8.48637903109514,1051.474487524084,NA,Sea,Fast_Homing
2018-05-15T10:33:03Z,141.509613502323,40.5704901669716,543136.375958167,4491203.94604614,2018_bird_072_1_trip,K18F48,bird_072,12,2018,5390.47063952424,1,2367.46442088991,-1.2015154945326,7.89154806963304,449.37963472572505,NA,Sea,Fast_Homing
2018-05-15T10:38:03Z,141.519554666644,40.5505555000059,543990.900021837,4488996.07910976,2018_bird_072_1_trip,K18F48,bird_072,12,2018,3485.59244114833,0,121.575283527422,0.694134963368933,0.405250945091407,210.9269825652102,NA,Land,Slow
2018-05-15T10:43:03Z,141.520663666663,40.5512511666701,544084.343680914,4489073.85334805,2018_bird_072_1_trip,K18F48,bird_072,12,2018,3429.7897720425,1,883.730165554398,-0.590726735658355,2.94576721851466,90.43358099291352,NA,Land,Fast_Homing
2018-05-15T18:34:03Z,141.57198,40.54952,548430.541904067,4488908.62631389,2018_bird_072_2_trip,K18F48,bird_072,12,2018,1718.15022195422,0,708.562316609357,0.617059685562167,2.36187438869786,3168.2883087163545,Fast_Outbound,Sea,Fast_Outbound
2018-05-15T18:39:03Z,141.578836557376,40.5531795081998,549008.433540506,4489318.62852493,2018_bird_072_2_trip,K18F48,bird_072,12,2018,2419.53479276403,1,2968.55198055597,0.746852651540644,9.89517326851991,3838.1826184651577,Fast_Outbound,Sea,Fast_Outbound
2018-05-15T18:44:03Z,141.604727855069,40.5712144320634,551186.847809813,4491335.26238672,2018_bird_072_2_trip,K18F48,bird_072,12,2018,5389.14285302695,1,4110.63583412703,0.806715882229976,13.7021194470901,6747.878913703676,Fast_Outbound,Sea,Fast_Outbound
2018-05-15T18:49:03Z,141.63858,40.59777,554030.887214695,4494303.21906166,2018_bird_072_2_trip,K18F48,bird_072,12,2018,9496.60522001832,1,2888.32812526396,-0.028744431791365,9.62776041754655,10820.260625790514,Fast_Outbound,Sea,Fast_Outbound
2018-05-15T18:54:03Z,141.672692783311,40.596828529919,556918.022192592,4494220.2071433,2018_bird_072_2_trip,K18F48,bird_072,12,2018,11695.5767977559,1,4320.19043608367,0.571883251323982,14.4006347869456,12425.141262233956,Fast_Outbound,Sea,Fast_Outbound
2018-05-15T18:59:03Z,141.71584881986,40.6176330058266,560550.797837652,4496558.36593104,2018_bird_072_2_trip,K18F48,bird_072,12,2018,16016.6279328915,1,2869.44707279373,0.793609399738373,9.56482357597909,16439.37744702189,Fast_Outbound,Sea,Fast_Outbound
2018-05-15T19:04:03Z,141.73984,40.63591,562563.074462884,4498603.96346895,2018_bird_072_2_trip,K18F48,bird_072,12,2018,18835.2949551278,1,3687.62558446561,0.831833259676047,12.292085281552,19276.028940539036,Fast_Outbound,Sea,Fast_Outbound
2018-05-15T19:09:03Z,141.769490484414,40.6602718050823,565046.770709807,4501329.73591071,2018_bird_072_2_trip,K18F48,bird_072,12,2018,22454.0760208141,1,3099.58082580878,0.826967688171577,10.3319360860293,22941.3604464928,Fast_Outbound,Sea,Fast_Outbound
2018-05-15T19:14:03Z,141.79456,40.68065,567145.528787715,4503610.66024661,2018_bird_072_2_trip,K18F48,bird_072,12,2018,25513.6539622673,1,2896.38537867212,0.383110166504153,9.65461792890705,26020.27292451852,Fast_Outbound,Sea,Fast_Outbound
2018-05-15T19:19:03Z,141.826466829681,40.690179502764,569831.945115126,4504693.34929597,2018_bird_072_2_trip,K18F48,bird_072,12,2018,28301.3696304276,1,1358.97732753107,0.452028762362385,4.52992442510357,28459.916739027092,Fast_Middle,Sea,Fast_Middle
2018-05-15T19:24:03Z,141.84100080645,40.6954219354841,571054.430576145,4505286.93894745,2018_bird_072_2_trip,K18F48,bird_072,12,2018,29636.769756141,0,34.3733667290799,0.0345451869981119,0.114577889096933,29652.453201686258,Slow,Sea,Slow
2018-05-15T19:29:03Z,141.841407499995,40.6954296669367,571088.783434843,4505288.12614567,2018_bird_072_2_trip,K18F48,bird_072,12,2018,29665.1266488342,1,2185.83807846019,-2.40458110063936,7.28612692820063,29673.29884351887,Fast_Homing,Sea,Fast_Homing
2018-05-15T19:34:03Z,141.822089342241,40.6823347562572,569470.213329048,4503819.07239653,2018_bird_072_2_trip,K18F48,bird_072,12,2018,27490.7292588487,1,1408.12758278519,-2.7515289299759,4.69375860928397,27536.001984744813,Fast_Homing,Sea,Fast_Homing
2018-05-15T19:39:03Z,141.806620983606,40.6776203278691,568167.857487618,4503283.63561063,2018_bird_072_2_trip,K18F48,bird_072,12,2018,26123.6674375323,0,20.331181004038,-0.782593862110201,0.0677706033467935,26344.717274192975,Slow,Sea,Slow
2018-05-15T19:44:03Z,141.80679,40.67749,568182.274062515,4503269.29966667,2018_bird_072_2_trip,K18F48,bird_072,12,2018,26126.6791264304,1,1311.05613168029,-2.69096320808543,4.37018710560095,26341.340385449366,Fast_Homing,Sea,Fast_Homing
2018-05-15T19:49:03Z,141.792765499973,40.6724431666723,567002.09655182,4502698.29246561,2018_bird_072_2_trip,K18F48,bird_072,12,2018,24839.634964523,1,1013.12901555791,-2.85138634198165,3.37709671852638,25191.632725117437,Fast_Homing,Sea,Fast_Homing
2018-05-15T19:54:03Z,141.78125,40.66991,566031.331668031,4502408.38568306,2018_bird_072_2_trip,K18F48,bird_072,12,2018,23893.3752497812,0,359.742415787257,2.69738812599185,1.19914138595752,24392.78285090358,Slow,Sea,Slow
2018-05-15T19:59:03Z,141.777423278693,40.6713285245929,565706.501247443,4502562.98129611,2018_bird_072_2_trip,K18F48,bird_072,12,2018,23734.9574739786,0,213.590924385537,1.04779356605823,0.71196974795179,24331.081393012595,Slow,Sea,Slow
2018-05-15T20:04:03Z,141.778704832883,40.6729868334018,565813.186442725,4502748.02008147,2018_bird_072_2_trip,K18F48,bird_072,12,2018,23934.2694933747,1,1611.27877810172,-3.00700703692888,5.37092926033908,24544.045957130795,Fast_Homing,Sea,Fast_Homing
2018-05-15T20:09:03Z,141.759791997888,40.6711651691429,564216.478429434,4502531.81920023,2018_bird_072_2_trip,K18F48,bird_072,12,2018,22572.4761721155,1,2402.77680364889,-2.78097924799873,8.00925601216295,23442.90230045367,Fast_Homing,Sea,Fast_Homing
2018-05-15T20:14:03Z,141.73311,40.6637,561968.246882718,4501684.00360677,2018_bird_072_2_trip,K18F48,bird_072,12,2018,20338.0100715122,1,1583.15204611724,-2.17849173947035,5.27717348705747,21448.17059601329,Fast_Homing,Sea,Fast_Homing
2018-05-15T20:19:03Z,141.7222905,40.6520595,561064.303492625,4500384.28950412,2018_bird_072_2_trip,K18F48,bird_072,12,2018,18789.8348909196,0,252.442913434883,-2.42889015746997,0.841476378116277,19862.73891740008,Slow,Sea,Slow
2018-05-15T20:24:03Z,141.720015496967,40.6505866677697,560873.305807713,4500219.22191523,2018_bird_072_2_trip,K18F48,bird_072,12,2018,18537.4135435799,1,1388.72946708964,-1.35210008743469,4.62909822363212,19617.254755481652,Slow,Sea,Slow
2018-05-15T20:29:03Z,141.723447096764,40.6383525806465,561174.600527363,4498863.57040224,2018_bird_072_2_trip,K18F48,bird_072,12,2018,17882.9917508633,0,453.804799778684,-2.13265233775397,1.51268266592895,18684.166500702388,Slow,Sea,Slow
2018-05-15T20:34:03Z,141.720550981786,40.6349109838652,560932.832482019,4498479.53002864,2018_bird_072_2_trip,K18F48,bird_072,12,2018,17454.7019575061,1,1042.63347176103,-1.83706222615994,3.47544490587011,18230.379439860066,Slow,Sea,Slow
2018-05-15T20:39:03Z,141.71721,40.62587,560658.483535902,4497473.63877597,2018_bird_072_2_trip,K18F48,bird_072,12,2018,16628.3541216994,0,814.620929978592,-2.92327813017627,2.71540309992864,17249.606331651208,Slow,Sea,Slow
2018-05-15T20:44:03Z,141.707790666667,40.6243386666668,559863.198542897,4497297.20454046,2018_bird_072_2_trip,K18F48,bird_072,12,2018,15884.6605930905,0,51.817688968733,-1.05042899449181,0.172725629895777,16644.89420129634,Slow,Sea,Slow
2018-05-15T20:49:03Z,141.708090983605,40.623931803279,559888.962239938,4497252.24561693,2018_bird_072_2_trip,K18F48,bird_072,12,2018,15878.0501217365,0,196.219271641697,-0.871433573838995,0.654064238805657,16623.083650288016,Slow,Sea,Slow
2018-05-15T20:54:03Z,141.70957,40.62257,560015.274503664,4497102.08831742,2018_bird_072_2_trip,K18F48,bird_072,12,2018,15889.6066664498,0,94.0758057404964,2.44314132132386,0.313586019134988,16573.554193755535,Slow,Sea,Slow
2018-05-15T20:59:03Z,141.708723999999,40.6231201666708,559943.227587484,4497162.58211127,2018_bird_072_2_trip,K18F48,bird_072,12,2018,15867.6777117612,0,90.134479989708,-1.10449476619004,0.30044826663236,16581.26087348045,Slow,Sea,Slow
2018-05-15T21:04:03Z,141.709195409827,40.6223919672208,559983.750768356,4497082.07064442,2018_bird_072_2_trip,K18F48,bird_072,12,2018,15852.3388821637,0,731.956839464808,-2.0180959242265,2.43985613154936,16538.932774847803,Slow,Sea,Slow
2018-05-15T21:09:03Z,141.70539,40.61647,559667.155733444,4496422.12489005,2018_bird_072_2_trip,K18F48,bird_072,12,2018,15209.8423973311,1,1348.38258656318,-2.48479866876305,4.49460862187726,15816.383565872067,Fast_Homing,Sea,Fast_Homing
2018-05-15T21:14:03Z,141.69269,40.60913,558599.298979598,4495598.82813128,2018_bird_072_2_trip,K18F48,bird_072,12,2018,13862.47433892,0,163.549944698583,-1.49562932609157,0.545166482328611,14525.2669509624,Slow,Sea,Slow
2018-05-15T21:19:03Z,141.69282,40.60766,558611.580965082,4495435.74000405,2018_bird_072_2_trip,K18F48,bird_072,12,2018,13780.163335067,1,2179.37724091988,-2.29830043711863,7.26459080306626,14399.12668529522,Fast_Homing,Sea,Fast_Homing
2018-05-15T21:24:03Z,141.675541998487,40.5930993335642,557162.278347613,4493808.10150572,2018_bird_072_2_trip,K18F48,bird_072,12,2018,11677.7586609438,1,2153.30384802538,-2.16634011972274,7.17767949341795,12229.907711442178,Fast_Homing,Sea,Fast_Homing
2018-05-15T21:29:03Z,141.661109669231,40.5771237718101,555954.363146553,4492025.50274858,2018_bird_072_2_trip,K18F48,bird_072,12,2018,9754.25681771577,1,2241.00722606875,-2.22377286122618,7.47002408689583,10073.868682116694,Fast_Homing,Sea,Fast_Homing
2018-05-15T21:34:03Z,141.64487,40.56118,554592.83182857,4490245.51795722,2018_bird_072_2_trip,K18F48,bird_072,12,2018,7805.40392350921,1,1727.52899260643,-2.63232045562442,5.75842997535477,7831.016536007376,Fast_Homing,Sea,Fast_Homing
2018-05-15T21:39:03Z,141.626983606331,40.5536908198191,553084.527003017,4489403.27513386,2018_bird_072_2_trip,K18F48,bird_072,12,2018,6111.24622652742,0,586.364432041859,-1.96343365147684,1.9545481068062,6269.220893096129,Slow,Sea,Slow
2018-05-15T21:44:03Z,141.624288523436,40.5488249200776,552860.168505609,4488861.53117976,2018_bird_072_2_trip,K18F48,bird_072,12,2018,5761.94391673153,1,1379.4063364183,2.5710004437081,4.59802112139432,5696.669295047592,Fast_Homing,Sea,Fast_Homing
2018-05-15T21:49:03Z,141.61064,40.55561,551699.285993828,4489606.59066382,2018_bird_072_2_trip,K18F48,bird_072,12,2018,4873.33263001718,1,1761.77363972015,-2.44496842093651,5.87257879906718,5632.79055668492,NA,Sea,Fast_Homing
2018-05-16T06:57:03Z,141.55158,40.53004,546716.760382909,4486735.30814149,2018_bird_072_3_trip,K18F48,bird_072,12,2018,1079.46966951735,1,1609.86226423612,3.01496428674459,5.36620754745372,400.1325656124928,Fast_Outbound,Sea,Fast_Outbound
2018-05-16T07:02:03Z,141.53274,40.53196,545119.787745437,4486938.61801576,2018_bird_072_3_trip,K18F48,bird_072,12,2018,2232.030870384,1,2102.6178055746,2.42048894818464,7.00872601858201,562.6858768685242,Fast_Outbound,Land,Fast_Outbound
2018-05-16T07:07:03Z,141.51419,40.54455,543540.558810162,4488326.79581644,2018_bird_072_3_trip,K18F48,bird_072,12,2018,3736.51521820345,0,284.20001948147,1.59152812097513,0.947333398271568,975.4075532136958,Slow,Land,Slow
2018-05-16T07:12:03Z,141.51414,40.547110000000004,543534.667255913,4488610.93476249,2018_bird_072_3_trip,K18F48,bird_072,12,2018,3801.08895197802,0,262.192090352434,-1.94897278070165,0.873973634508112,807.595611377001,Slow,Land,Slow
2018-05-16T07:17:03Z,141.51298,40.54492,543437.859016677,4488367.26930113,2018_bird_072_3_trip,K18F48,bird_072,12,2018,3844.72127589566,0,249.857399153948,2.41803059798049,0.832857997179826,1032.194150921692,Slow,Land,Slow
2018-05-16T07:22:03Z,141.51078,40.54642,543250.602839271,4488532.68950527,2018_bird_072_3_trip,K18F48,bird_072,12,2018,4060.3761492757,1,1909.13772764399,2.34387922363267,6.36379242547997,1080.9532318835604,Fast_Outbound,Land,Fast_Middle
2018-05-16T07:27:03Z,141.495125999936,40.558798667713,541917.365725376,4489899.17611744,2018_bird_072_3_trip,K18F48,bird_072,12,2018,5747.63533084677,0,404.101954038648,-2.80628795052842,1.34700651346216,1312.073862015927,Slow,Land,Slow
2018-05-16T07:32:03Z,141.49061,40.55762,541535.768173265,4489766.20357335,2018_bird_072_3_trip,K18F48,bird_072,12,2018,6054.85597509253,1,1705.12634291309,-0.248722077537914,5.68375447637696,1696.055579563431,Fast_Middle,Land,Fast_Middle
2018-05-16T07:37:03Z,141.510101333479,40.5537541670477,543188.424016319,4489346.4601878,2018_bird_072_3_trip,K18F48,bird_072,12,2018,4361.29627561542,1,4132.8995464579,-0.0232560235309481,13.7763318215263,636.3080902185194,Fast_Middle,Land,Fast_Middle
2018-05-16T07:42:03Z,141.558892775707,40.55266263215,547320.205989016,4489250.35404229,2018_bird_072_3_trip,K18F48,bird_072,12,2018,1564.71696449088,1,2543.83391339337,0.702484003130516,8.47944637797791,2590.959845264882,Fast_Middle,Sea,Fast_Middle
2018-05-16T07:47:03Z,141.581951332016,40.5673558363591,549261.76074347,4490893.96473658,2018_bird_072_3_trip,K18F48,bird_072,12,2018,3800.69659738322,1,2439.49817927538,0.29154003842069,8.13166059758459,5132.446276596332,Fast_Middle,Sea,Fast_Middle
2018-05-16T07:52:03Z,141.60961,40.57353,551598.317861508,4491595.14388689,2018_bird_072_3_trip,K18F48,bird_072,12,2018,5868.767711564,1,2204.60070605067,0.509738095271792,7.34866902016891,7198.571237876861,Fast_Middle,Sea,Fast_Middle
2018-05-16T07:57:03Z,141.63243507809,40.5830983635528,553522.652824545,4492670.87583453,2018_bird_072_3_trip,K18F48,bird_072,12,2018,8035.87293334908,1,3416.56562836346,0.637948345550163,11.3885520945449,9192.40699768796,Fast_Middle,Sea,Fast_Middle
2018-05-16T08:02:03Z,141.665045330046,40.6012456685335,556267.24595944,4494705.60658251,2018_bird_072_3_trip,K18F48,bird_072,12,2018,11452.5287506575,1,2673.64386457097,0.482416402955343,8.91214621523657,12444.725405468926,Fast_Middle,Sea,Fast_Middle
2018-05-16T08:07:03Z,141.693153330341,40.612254502418,558635.764200944,4495945.96655213,2018_bird_072_3_trip,K18F48,bird_072,12,2018,14093.1158019944,1,1129.72372510679,0.744176202760362,3.76574575035598,14830.00799912654,Fast_Middle,Sea,Fast_Middle
2018-05-16T08:12:03Z,141.703049333332,40.6190885000001,559466.841125917,4496711.20301221,2018_bird_072_3_trip,K18F48,bird_072,12,2018,15215.9702096703,1,1531.24976848668,0.663893540385106,5.1041658949556,15936.564669466698,Fast_Middle,Sea,Fast_Middle
2018-05-16T08:17:03Z,141.717397333334,40.6275003333351,560672.851995485,4497654.74084186,2018_bird_072_3_trip,K18F48,bird_072,12,2018,16747.1819049809,1,2699.47318578417,0.294292201240686,8.99824395261391,17405.91099215525,Fast_Middle,Sea,Fast_Middle
2018-05-16T08:22:03Z,141.74802,40.63436,563256.268587669,4498437.75692854,2018_bird_072_3_trip,K18F48,bird_072,12,2018,19311.4309886432,1,1262.03465504391,0.596758506392097,4.20678218347969,19541.499654237472,Fast_Middle,Sea,Fast_Middle
2018-05-16T08:27:03Z,141.760435901382,40.6406680329408,564300.175142542,4499146.97521315,2018_bird_072_3_trip,K18F48,bird_072,12,2018,20573.8843354081,1,1164.46810927328,0.83324757374235,3.88156036424428,20725.367032664373,Fast_Middle,Sea,Fast_Middle
2018-05-16T08:32:03Z,141.769785237461,40.6483701669036,565083.251671432,4500008.82040076,2018_bird_072_3_trip,K18F48,bird_072,12,2018,21706.5178434783,1,2538.28122505313,1.35899216332675,8.46093741684376,21882.991229856,Fast_Middle,Sea,Fast_Middle
2018-05-16T08:37:03Z,141.776355166946,40.6706816666943,565616.859525195,4502490.3792326,2018_bird_072_3_trip,K18F48,bird_072,12,2018,23619.563373159,1,2647.52584390064,1.77705398290183,8.82508614633548,24219.852038871435,Fast_Middle,Sea,Fast_Middle
2018-05-16T08:42:03Z,141.77020916652,40.6940678333872,565074.650678578,4505081.7886292,2018_bird_072_3_trip,K18F48,bird_072,12,2018,24933.9457700573,1,2825.54635128939,1.90921445302874,9.41848783763131,26023.323934487627,Fast_Middle,Sea,Fast_Middle
2018-05-16T08:47:03Z,141.75938,40.71815,564136.582409971,4507747.07287421,2018_bird_072_3_trip,K18F48,bird_072,12,2018,26247.8601636026,1,2378.4816866823,1.92584008513767,7.928272288941,26998.797854272965,Fast_Middle,Sea,Fast_Middle
2018-05-16T08:52:03Z,141.749816500539,40.7383028333971,563309.747503819,4509977.21169766,2018_bird_072_3_trip,K18F48,bird_072,12,2018,27498.1222475419,1,1234.45276645926,1.52706483381506,4.1148425548642,26681.23583444397,Fast_Middle,Sea,Fast_Middle
2018-05-16T08:57:03Z,141.750580500001,40.7494078333334,563363.714760916,4511210.48424166,2018_bird_072_3_trip,K18F48,bird_072,12,2018,28538.1014263904,1,994.780433647112,2.38717379563167,3.31593477882371,27003.83565139143,Slow,Sea,Slow
2018-05-16T09:02:03Z,141.742062950817,40.7556003288992,562638.848430371,4511891.77486541,2018_bird_072_3_trip,K18F48,bird_072,12,2018,28706.5721069637,0,152.519931500567,1.24459249877039,0.508399771668558,26446.327976310306,Slow,Sea,Slow
2018-05-16T09:07:03Z,141.742656393436,40.7568980327903,562687.723345221,4512036.25175699,2018_bird_072_3_trip,K18F48,bird_072,12,2018,28854.7595722689,0,164.575473970469,0.459016434162844,0.548584913234896,26525.58720050448,Slow,Sea,Slow
2018-05-16T09:12:03Z,141.744411475405,40.7575436065581,562835.263400603,4512109.16964705,2018_bird_072_3_trip,K18F48,bird_072,12,2018,28995.5956836665,1,1349.27635708503,-2.29237311680161,4.49758785695011,26685.37305741341,Fast_Middle,Sea,Fast_Homing
2018-05-16T09:17:03Z,141.733752831572,40.7484863338283,561943.972873315,4511096.18006974,2018_bird_072_3_trip,K18F48,bird_072,12,2018,27662.310693083,0,813.3309184051,-2.17696908113089,2.71110306135033,25594.814389937088,Fast_Middle,Sea,Fast_Homing
2018-05-16T09:22:03Z,141.728198688525,40.7425000000004,561480.59687654,4510427.7566497,2018_bird_072_3_trip,K18F48,bird_072,12,2018,26849.5302240468,0,169.443870197657,-1.9692877887645,0.564812900658858,24996.791323970017,Slow,Sea,Slow
2018-05-16T09:27:03Z,141.727404666658,40.741098166674,561414.847835208,4510271.58914761,2018_bird_072_3_trip,K18F48,bird_072,12,2018,26682.2492478101,0,264.831213944452,-2.06697688509037,0.882770713148174,24898.51018321622,Slow,Sea,Slow
2018-05-16T09:32:03Z,141.725888688524,40.7390096721316,561288.769593009,4510038.69464633,2018_bird_072_3_trip,K18F48,bird_072,12,2018,26417.8885167072,0,92.8527694925309,0.362751089994555,0.30950923164177,24724.62476495702,Slow,Sea,Slow
2018-05-16T09:37:03Z,141.72692,40.7393,561375.579889149,4510071.64323183,2018_bird_072_3_trip,K18F48,bird_072,12,2018,26492.1017807411,0,624.196419623686,-2.11762183551104,2.08065473207895,24816.459006272675,Slow,Sea,Slow
2018-05-16T09:42:03Z,141.723024165412,40.734521333651,561051.011315887,4509538.46745264,2018_bird_072_3_trip,K18F48,bird_072,12,2018,25867.7775270546,0,275.149543774128,-2.18669693329669,0.917165145913761,24383.333678370127,Slow,Sea,Slow
2018-05-16T09:47:03Z,141.72112,40.73251,560892.059108452,4509313.87567365,2018_bird_072_3_trip,K18F48,bird_072,12,2018,25592.9007007588,0,125.015826159509,-1.39290002949457,0.416719420531698,24179.20965237413,Slow,Sea,Slow
2018-05-16T09:52:03Z,141.72137,40.7314,560914.181842061,4509190.83282969,2018_bird_072_3_trip,K18F48,bird_072,12,2018,25500.8266623213,0,225.774416611794,-1.95401985999955,0.75258138870598,24173.833618383575,Slow,Sea,Slow
2018-05-16T09:57:03Z,141.72035,40.72952,560829.762051672,4508981.43515495,2018_bird_072_3_trip,K18F48,bird_072,12,2018,25278.811811869,0,370.407265794787,-1.90612222762972,1.23469088598262,24045.68966558973,Slow,Sea,Slow
2018-05-16T10:02:03Z,141.71887274186,40.7263782258132,560707.869563381,4508631.65842066,2018_bird_072_3_trip,K18F48,bird_072,12,2018,24918.4649885674,0,142.443419444189,-1.04997532408174,0.474811398147296,23850.27362755102,Slow,Sea,Slow
2018-05-16T10:07:03Z,141.7197,40.72526,560778.748333762,4508508.10143926,2018_bird_072_3_trip,K18F48,bird_072,12,2018,24853.259681033,0,111.415958350553,-1.15936332841063,0.371386527835176,23892.305538485143,Slow,Sea,Slow
2018-05-16T10:12:03Z,141.720217666638,40.7243368333358,560823.306154889,4508405.98329028,2018_bird_072_3_trip,K18F48,bird_072,12,2018,24792.155280361,0,101.944607356577,0.164743208001061,0.339815357855256,23913.384186321233,Slow,Sea,Slow
2018-05-16T10:17:03Z,141.72141,40.72448,560923.870483388,4508422.70210611,2018_bird_072_3_trip,K18F48,bird_072,12,2018,24861.4626585307,0,416.002298245814,0.995278201423722,1.38667432748605,24015.071992194476,Slow,Sea,Slow
2018-05-16T10:22:03Z,141.724124918019,40.7276068852528,561150.287856441,4508771.69076685,2018_bird_072_3_trip,K18F48,bird_072,12,2018,25277.5976245336,0,139.792518130648,-1.3823021409092,0.465975060435492,24312.211328683097,Slow,Sea,Slow
2018-05-16T10:27:03Z,141.72442166667,40.7263680000007,561176.482173677,4508634.37432257,2018_bird_072_3_trip,K18F48,bird_072,12,2018,25177.6217707775,1,1200.48225598377,-1.22890411507932,4.0016075199459,24307.683972609393,Slow,Sea,Slow
2018-05-16T10:32:03Z,141.7290761667,40.716150000004,561578.968322402,4507503.37363865,2018_bird_072_3_trip,K18F48,bird_072,12,2018,24478.244712643602,0,122.832689178014,-0.0811474677466349,0.409442297260048,24452.29056809981,Slow,Sea,Slow
2018-05-16T10:37:03Z,141.730524590159,40.7160511475465,561701.39681226,4507493.41701262,2018_bird_072_3_trip,K18F48,bird_072,12,2018,24542.2665141317,0,124.85516731636,0.0695809545858843,0.416183891054534,24569.455146713,Slow,Sea,Slow
2018-05-16T10:42:03Z,141.732,40.71612,561825.949857776,4507502.09754591,2018_bird_072_3_trip,K18F48,bird_072,12,2018,24623.0017600902,0,113.870673480707,-0.0492234294161336,0.379568911602358,24692.76338494116,Slow,Sea,Slow
2018-05-16T10:47:03Z,141.733345901634,40.7160609836157,561939.682607862,4507496.49470405,2018_bird_072_3_trip,K18F48,bird_072,12,2018,24686.1799654128,0,115.735219182285,0.0258117471763859,0.38578406394095,24802.421432587693,Slow,Sea,Slow
2018-05-16T10:52:03Z,141.734715901644,40.7160791803369,562055.379275105,4507499.48170056,2018_bird_072_3_trip,K18F48,bird_072,12,2018,24757.7766870563,0,97.9168880052797,0.0319772323487108,0.326389626684266,24915.83667872633,Slow,Sea,Slow
2018-05-16T10:57:03Z,141.735874833333,40.716100000006,562153.246105242,4507502.61227805,2018_bird_072_3_trip,K18F48,bird_072,12,2018,24819.0825825096,0,88.3778540370339,0.263170516113213,0.294592846790113,25011.92131347591,Slow,Sea,Slow
2018-05-16T11:02:03Z,141.736887377045,40.7163006557519,562238.581113681,4507525.60317667,2018_bird_072_3_trip,K18F48,bird_072,12,2018,24888.8864701529,0,122.85383513874,0.270580367062819,0.409512783795799,25100.140137656108,Slow,Sea,Slow
2018-05-16T11:07:03Z,141.738292166671,40.7165875000012,562356.965026519,4507558.44086826,2018_bird_072_3_trip,K18F48,bird_072,12,2018,24986.6695917659,0,89.5395053728121,0.073546346522259,0.298465017909374,25222.73226385953,Slow,Sea,Slow
2018-05-16T11:12:03Z,141.73935,40.71664,562446.262478522,4507565.02023664,2018_bird_072_3_trip,K18F48,bird_072,12,2018,25046.1261023578,0,93.5781565819826,0.18595697194769,0.311927188606609,25311.22201145067,Slow,Sea,Slow
2018-05-16T11:17:03Z,141.740440483871,40.7167888709678,562538.227326058,4507582.32162984,2018_bird_072_3_trip,K18F48,bird_072,12,2018,25115.8873650628,0,75.3108882633611,-0.0895531890939668,0.251036294211204,25404.65973537586,Slow,Sea,Slow
2018-05-16T11:22:03Z,141.741327833338,40.7167225000012,562613.236427951,4507575.58631068,2018_bird_072_3_trip,K18F48,bird_072,12,2018,25156.4065385483,0,74.1379936237821,-0.0862614302731136,0.247126645412607,25476.31081547879,Slow,Sea,Slow
2018-05-16T11:27:03Z,141.742201639345,40.716659344263,562687.098760893,4507569.19898957,2018_bird_072_3_trip,K18F48,bird_072,12,2018,25196.6561422804,0,126.720875772627,0.0192536864597254,0.422402919242089,25546.898355480495,Slow,Sea,Slow
2018-05-16T11:32:03Z,141.743701833331,40.7166716666676,562813.796149396,4507571.63868284,2018_bird_072_3_trip,K18F48,bird_072,12,2018,25276.5980588791,0,67.8279076114306,0.31951339688194,0.226093025371435,25670.944248245814,Slow,Sea,Slow
2018-05-16T11:37:03Z,141.744466333329,40.7168586666702,562878.191176367,4507592.94374216,2018_bird_072_3_trip,K18F48,bird_072,12,2018,25333.1487127311,0,108.23604068958,-0.0522281869730969,0.3607868022986,25738.3779193857,Slow,Sea,Slow
2018-05-16T11:42:03Z,141.745745409834,40.7167995082022,562986.279628366,4507587.29333965,2018_bird_072_3_trip,K18F48,bird_072,12,2018,25395.711490922,0,111.44563995955,-0.2529634090333,0.371485466531833,25842.505938014096,Slow,Sea,Slow
2018-05-16T11:47:03Z,141.74702,40.71654,563094.178511866,4507559.40137655,2018_bird_072_3_trip,K18F48,bird_072,12,2018,25441.0752049994,0,114.062153069757,0.126832874889431,0.38020717689919,25941.584714194007,Slow,Sea,Slow
2018-05-16T11:52:03Z,141.748360967741,40.7166612903228,563207.324459273,4507573.82945156,2018_bird_072_3_trip,K18F48,bird_072,12,2018,25523.1191792683,0,99.9007427405817,-0.070773577327932,0.333002475801939,26055.028514950405,Slow,Sea,Slow
2018-05-16T11:57:03Z,141.74954,40.71659,563306.975110052,4507566.76501957,2018_bird_072_3_trip,K18F48,bird_072,12,2018,25580.2030230419,0,120.365451844754,-0.111177890966382,0.401218172815846,26150.610100591723,Slow,Sea,Slow
2018-05-16T12:02:03Z,141.750954833336,40.7164605000068,563426.597437826,4507553.4105935,2018_bird_072_3_trip,K18F48,bird_072,12,2018,25645.2955982806,0,109.670186100832,0.128603884379133,0.365567287002773,26264.294983116528,Slow,Sea,Slow
2018-05-16T12:07:03Z,141.752243898299,40.7165788135687,563535.361957831,4507567.47575996,2018_bird_072_3_trip,K18F48,bird_072,12,2018,25725.0864727048,0,454.219007044788,2.47379103489738,1.51406335681596,26373.393027944458,Slow,Sea,Slow
2018-05-16T12:12:03Z,141.74805,40.71914,563178.716036441,4507848.75603498,2018_bird_072_3_trip,K18F48,bird_072,12,2018,25720.2681850677,0,82.4976193312288,-0.363300410258834,0.274992064437429,26087.369172243845,Slow,Sea,Slow
2018-05-16T12:17:03Z,141.74896,40.71887,563255.828960184,4507819.43958589,2018_bird_072_3_trip,K18F48,bird_072,12,2018,25745.2707920561,0,42.7104815552844,-1.13401018909773,0.142368271850948,26156.10700234769,Slow,Sea,Slow
2018-05-16T12:22:03Z,141.74917,40.71852,563273.896754826,4507780.73893949,2018_bird_072_3_trip,K18F48,bird_072,12,2018,25726.2785232872,0,102.355924269189,-0.22123405263063,0.341186414230631,26165.24777384441,Slow,Sea,Slow
2018-05-16T12:27:03Z,141.75035,40.71831,563373.757999041,4507758.27859362,2018_bird_072_3_trip,K18F48,bird_072,12,2018,25771.2455239749,0,136.913225167275,-0.187289604738823,0.456377417224251,26257.675576356087,Slow,Sea,Slow
2018-05-16T12:32:03Z,141.75194,40.71807,563508.276955515,4507732.78581866,2018_bird_072_3_trip,K18F48,bird_072,12,2018,25836.0338606743,1,849.730959519894,-1.93462466890988,2.83243653173298,26383.210253592093,Slow,Sea,Fast_Homing
2018-05-16T12:37:03Z,141.74828,40.71094,563205.896304988,4506938.67710712,2018_bird_072_3_trip,K18F48,bird_072,12,2018,25030.1819688246,1,2089.49072507031,-2.04690390926763,6.96496908356769,25914.48212780025,Fast_Homing,Sea,Fast_Homing
2018-05-16T12:42:03Z,141.736758998123,40.6942841670864,562248.234372651,4505081.56776367,2018_bird_072_3_trip,K18F48,bird_072,12,2018,22993.3307683475,1,2033.70046117773,-2.14646023783297,6.77900153725909,24069.713575384503,Fast_Homing,Sea,Fast_Homing
2018-05-16T12:47:03Z,141.72349,40.679,561141.104477621,4503375.63665096,2018_bird_072_3_trip,K18F48,bird_072,12,2018,20979.7856982171,1,2101.98124500873,-2.10193368619149,7.0066041500291,22154.14576836081,Fast_Homing,Sea,Fast_Homing
2018-05-16T12:52:03Z,141.710719031526,40.6627520969039,560076.420843553,4501563.24212611,2018_bird_072_3_trip,K18F48,bird_072,12,2018,18921.1489568214,1,2119.23703457249,-2.13478411744281,7.06412344857496,20207.67203836513,Fast_Homing,Sea,Fast_Homing
2018-05-16T12:57:03Z,141.69715,40.6467,558943.56013509,4499772.21107559,2018_bird_072_3_trip,K18F48,bird_072,12,2018,16841.1152219758,1,1984.55274701135,-2.28892480020894,6.61517582337118,18134.161183784985,Fast_Homing,Sea,Fast_Homing
2018-05-16T13:02:03Z,141.68157,40.63333,557637.771077249,4498277.76651586,2018_bird_072_3_trip,K18F48,bird_072,12,2018,14858.9089273984,1,2222.98340031699,-2.24087106759886,7.40994466772331,16156.817082634385,Fast_Homing,Sea,Fast_Homing
2018-05-16T13:07:03Z,141.66509,40.61773,556257.19931003,4496535.44714398,2018_bird_072_3_trip,K18F48,bird_072,12,2018,12650.1149395894,1,2870.75858435821,-2.24138337328808,9.56919528119403,13933.6683063913,Fast_Homing,Sea,Fast_Homing
2018-05-16T13:12:03Z,141.643805570289,40.597588853281,554473.177814068,4494286.331284,2018_bird_072_3_trip,K18F48,bird_072,12,2018,9807.46649356042,1,2618.23214699365,-2.14050926895086,8.72744048997883,11062.755834502355,Fast_Homing,Sea,Fast_Homing
2018-05-16T13:17:03Z,141.62693,40.57782,553060.928654095,4492081.63359821,2018_bird_072_3_trip,K18F48,bird_072,12,2018,7310.09506251229,1,2077.26011463387,-2.19054035084061,6.92420038211291,8443.55139552588,Fast_Homing,Sea,Fast_Homing
2018-05-16T13:22:03Z,141.612536393455,40.5626637704952,551854.400291933,4490390.68744438,2018_bird_072_3_trip,K18F48,bird_072,12,2018,5365.43115787454,0,388.765705953041,-2.03304922430994,1.29588568651014,6363.180278508942,Slow,Sea,Slow
2018-05-16T13:27:03Z,141.61046,40.55954,551681.024124438,4490042.72267796,2018_bird_072_3_trip,K18F48,bird_072,12,2018,5044.79163464957,0,107.948219795461,-0.439654581584148,0.359827399318202,5978.466519330758,Fast_Homing,Sea,Slow
2018-05-16T13:32:03Z,141.61161,40.55912,551778.706332147,4489996.77700946,2018_bird_072_3_trip,K18F48,bird_072,12,2018,5110.49573192666,1,1205.95324791378,-2.43539581267231,4.01984415971261,5997.5400692650655,NA,Sea,Fast_Homing
2018-05-16T13:37:03Z,141.600709671537,40.5521268856603,550861.174394631,4489214.17980796,2018_bird_072_3_trip,K18F48,bird_072,12,2018,3948.2013182658,0,118.308221639051,-0.796319837743206,0.394360738796836,4826.642088879131,NA,Sea,Slow
2018-05-16T13:42:03Z,141.60168,40.55136,550943.912299685,4489129.61460014,2018_bird_072_3_trip,K18F48,bird_072,12,2018,3993.37503927413,0,88.8920836187936,-0.620410558257141,0.296306945395979,4805.52334992847,NA,Sea,Slow
2018-05-16T13:47:03Z,141.60253,40.55089,551016.238440315,4489077.93547561,2018_bird_072_3_trip,K18F48,bird_072,12,2018,4042.88553610222,0,127.191942813837,-0.524241981051744,0.423973142712789,4805.168270234062,NA,Sea,Slow
2018-05-16T13:52:03Z,141.603825245903,40.5503096721383,551126.34896589,4489014.26866735,2018_bird_072_3_trip,K18F48,bird_072,12,2018,4125.60374679129,0,120.45927925517,0.0782238611171376,0.401530930850568,4817.018249831878,NA,Sea,Slow
2018-05-16T13:57:03Z,141.60524426228,40.550387049189,551246.439889527,4489023.68185059,2018_bird_072_3_trip,K18F48,bird_072,12,2018,4242.49964495782,0,157.761647209016,-0.622901837287879,0.525872157363385,4894.242749089651,NA,Sea,Slow
2018-05-16T14:02:03Z,141.60675,40.54955,551374.57215815,4488931.6445806,2018_bird_072_3_trip,K18F48,bird_072,12,2018,4337.08261164127,0,152.733955237199,-2.7471613601488998,0.509113184123997,4893.290660108454,NA,Sea,Slow
2018-05-16T14:07:03Z,141.60508,40.54903,551233.565840255,4488872.95148563,2018_bird_072_3_trip,K18F48,bird_072,12,2018,4185.14516725481,0,145.510483548704,-2.7169747923199,0.485034945162346,4763.6718034717605,NA,Sea,Slow
2018-05-16T14:12:03Z,141.603509333338,40.5484981666671,551100.977236195,4488813.00515217,2018_bird_072_3_trip,K18F48,bird_072,12,2018,4041.01031411941,1,955.034043945355,-3.05123851038656,3.18344681315118,4637.876168766503,NA,Sea,Fast_Homing
2018-05-16T14:17:03Z,141.59227,40.54778,550149.838928271,4488726.8312333,2018_bird_072_3_trip,K18F48,bird_072,12,2018,3108.41780964541,0,634.112121495501,3.11695258141743,2.11370707165167,4016.303333199134,NA,Sea,Fast_Homing
2018-05-22T18:49:02Z,141.56133,40.54965,547528.691390175,4488917.25844639,2018_bird_072_11_trip,K18F48,bird_072,12,2018,1266.34670772999,1,2918.39933928804,1.40625769202488,9.72799779762681,2554.496487203608,Fast_Outbound,Sea,Fast_Outbound
2018-05-22T18:54:02Z,141.567194263428,40.5755577050071,548006.71707244,4491796.24197372,2018_bird_072_11_trip,K18F48,bird_072,12,2018,4182.92924064315,1,3390.55122015673,1.7403454001946,11.3018374005224,4682.211441302206,Fast_Outbound,Sea,Fast_Outbound
2018-05-22T18:59:02Z,141.560686501451,40.6056963334477,547434.602561083,4495138.17592914,2018_bird_072_11_trip,K18F48,bird_072,12,2018,7454.64098230448,1,3033.4199616541,1.61119554712086,10.1113998721803,6254.976002476463,Fast_Outbound,Sea,Fast_Outbound
2018-05-22T19:04:02Z,141.559466167035,40.6330073333674,547312.088091974,4498169.12080964,2018_bird_072_11_trip,K18F48,bird_072,12,2018,10484.0463460146,1,2797.59500936976,1.07649093899848,9.32531669789921,7995.746117246399,Fast_Outbound,Sea,Fast_Outbound
2018-05-22T19:09:02Z,141.575350485248,40.6551152481221,548639.323954807,4500631.83938895,2018_bird_072_11_trip,K18F48,bird_072,12,2018,13024.800018483,1,931.70000974771,1.19435003830991,3.10566669915903,10333.0086629594,Fast_Outbound,Sea,Fast_Outbound
2018-05-22T19:14:02Z,141.579469344262,40.66290032786901,548981.833581908,4501498.298888,2018_bird_072_11_trip,K18F48,bird_072,12,2018,13925.9237580916,0,39.2423856100833,-0.125957076534582,0.130807952033611,10856.84186252833,Slow,Sea,Slow
2018-05-22T19:19:02Z,141.579929508198,40.6628536065575,549020.765085005,4501493.36909136,2018_bird_072_11_trip,K18F48,bird_072,12,2018,13926.0133532778,0,660.82562959931,0.723680812177939,2.20275209866437,10893.7360765476,Slow,Sea,Slow
2018-05-22T19:24:02Z,141.585822125269,40.6667657398619,549515.970346617,4501930.93309994,2018_bird_072_11_trip,K18F48,bird_072,12,2018,14430.6593201932,1,3029.36006521901,1.43306392104895,10.0978668840634,11472.371909242032,Fast_Outbound,Sea,Fast_Outbound
2018-05-22T19:29:02Z,141.590981336273,40.69377150029,549931.893454862,4504931.60475355,2018_bird_072_11_trip,K18F48,bird_072,12,2018,17460.5311914824,1,3171.62281854614,1.50613374296268,10.5720760618205,12535.374772193423,Fast_Outbound,Sea,Fast_Outbound
2018-05-22T19:34:02Z,141.59366,40.72227,550136.835892298,4508096.5992086,2018_bird_072_11_trip,K18F48,bird_072,12,2018,20622.1449016045,1,2745.8157621904,1.42682197625629,9.15271920730134,13428.238521462505,Fast_Outbound,Sea,Fast_Outbound
2018-05-22T19:39:02Z,141.598543930864,40.7467247547124,550530.798584599,4510814.00561857,2018_bird_072_11_trip,K18F48,bird_072,12,2018,23368.9685938306,1,2640.83400133541,1.26625519355137,8.80278000445137,14375.88232052312,Fast_Outbound,Sea,Fast_Outbound
2018-05-22T19:44:02Z,141.60813,40.76937,551322.667065523,4513333.32071032,2018_bird_072_11_trip,K18F48,bird_072,12,2018,25979.5303841742,1,3262.51545718667,1.20526148060687,10.8750515239556,15449.46880071226,Fast_Outbound,Sea,Fast_Outbound
2018-05-22T19:49:02Z,141.622203599119,40.796743607476,552488.849483153,4516380.29062766,2018_bird_072_11_trip,K18F48,bird_072,12,2018,29181.3123608568,1,3119.88179176338,0.790162603753824,10.3996059725446,16954.529741753555,Fast_Outbound,Sea,Fast_Outbound
2018-05-22T19:54:02Z,141.648422494581,40.8165671691585,554684.403273241,4518596.86590259,2018_bird_072_11_trip,K18F48,bird_072,12,2018,31807.5698130676,1,2361.06005683569,0.469021254015537,7.87020018945231,19386.28729297297,Fast_Outbound,Sea,Fast_Outbound
2018-05-22T19:59:02Z,141.673491186423,40.8260376271383,556790.495102991,4519664.09680387,2018_bird_072_11_trip,K18F48,bird_072,12,2018,33388.2831758041,0,647.843902221564,0.589363143476765,2.15947967407188,21598.135393050783,Slow,Sea,Slow
2018-05-22T20:04:02Z,141.679910666699,40.8292438333554,557329.044391313,4520024.18899442,2018_bird_072_11_trip,K18F48,bird_072,12,2018,33890.355703969,1,1450.1903956752,-0.605733822832587,4.833967985584,22173.651966378977,Slow,Sea,Slow
2018-05-22T20:09:02Z,141.693971147546,40.8217219672196,558521.22344579,4519198.50062355,2018_bird_072_11_trip,K18F48,bird_072,12,2018,33486.44595582,0,261.784209896317,-1.20721886233816,0.872614032987724,23262.699697817843,Slow,Sea,Slow
2018-05-22T20:14:02Z,141.695052033896,40.8195113559333,558614.319175181,4518953.82909329,2018_bird_072_11_trip,K18F48,bird_072,12,2018,33287.926084438,0,434.451784080642,-1.36997701613247,1.44817261360214,23327.198331573974,Slow,Sea,Slow
2018-05-22T20:19:02Z,141.696039508196,40.8156703278804,558700.980247036,4518528.10827948,2018_bird_072_11_trip,K18F48,bird_072,12,2018,32918.2569487291,0,18.929641449483402,1.38524435394574,0.0630988048316114,23364.68041059899,Slow,Sea,Slow
2018-05-22T20:24:02Z,141.69608266668,40.8158376666867,558704.472558786,4518546.71298544,2018_bird_072_11_trip,K18F48,bird_072,12,2018,32936.9179914962,0,413.811962972883,1.27978957356782,1.37937320990961,23370.25002030217,Slow,Sea,Slow
2018-05-22T20:29:02Z,141.697527796026,40.8194000001331,558823.202160994,4518943.12643408,2018_bird_072_11_trip,K18F48,bird_072,12,2018,33350.0081433774,0,217.101906195597,0.0973187057752337,0.723673020651989,23533.287433675556,Slow,Sea,Slow
2018-05-22T20:34:02Z,141.700091833366,40.8195745000169,559039.276799806,4518964.22117598,2018_bird_072_11_trip,K18F48,bird_072,12,2018,33445.5830481417,1,1751.76140392689,-0.815228509882234,5.83920467975632,23750.137183673454,Fast_Middle,Sea,Fast_Middle
2018-05-22T20:39:02Z,141.714211356018,40.8080015254424,560240.463243504,4517689.14504344,2018_bird_072_11_trip,K18F48,bird_072,12,2018,32715.0611332479,0,86.2792072928993,-2.0259152029546,0.287597357642998,24796.82249507835,Slow,Sea,Slow
2018-05-22T20:44:02Z,141.713754262283,40.8073062295107,560202.537570651,4517611.6483019,2018_bird_072_11_trip,K18F48,bird_072,12,2018,32628.8415245809,0,36.5968971975504,-2.28013022767743,0.121989657325168,24750.348210123968,Slow,Sea,Slow
2018-05-22T20:49:02Z,141.713469000018,40.8070578333539,560178.700969143,4517583.87872658,2018_bird_072_11_trip,K18F48,bird_072,12,2018,32593.8687029688,1,2110.34163570982,-1.69675847926563,7.03447211903273,24723.532515888415,Fast_Homing,Sea,Fast_Homing
2018-05-22T20:54:02Z,141.710124996855,40.7882181672413,559913.580182441,4515490.25679608,2018_bird_072_11_trip,K18F48,bird_072,12,2018,30572.4515055228,1,2971.41951857722,-1.60840630571856,9.90473172859072,24221.55794860352,Fast_Homing,Sea,Fast_Homing
2018-05-22T20:59:02Z,141.70851660954,40.7614789831156,559801.851501553,4512520.93858187,2018_bird_072_11_trip,K18F48,bird_072,12,2018,27846.9493876776,1,2875.66705132066,-1.59471380997114,9.58555683773554,23771.68715808843,Fast_Homing,Sea,Fast_Homing
2018-05-22T21:04:02Z,141.707427375634,40.7355875411131,559733.079340477,4509646.09399826,2018_bird_072_11_trip,K18F48,bird_072,12,2018,25280.7933620734,1,1342.0645728716,-1.58604648581116,4.47354857623866,23122.156334165287,Fast_Homing,Sea,Fast_Homing
2018-05-22T21:09:02Z,141.707057049183,40.7235011475432,559712.613435636,4508304.18548257,2018_bird_072_11_trip,K18F48,bird_072,12,2018,24113.0182667852,0,240.932534784117,-1.47043728063206,0.80310844928039,22808.394360151528,Slow,Sea,Slow
2018-05-22T21:14:02Z,141.70732,40.72134,559736.752625945,4508064.46525854,2018_bird_072_11_trip,K18F48,bird_072,12,2018,23920.8791056595,1,2841.49212887037,-1.669994483159,9.47164042956791,22779.41123769385,Fast_Homing,Sea,Fast_Homing
2018-05-22T21:19:02Z,141.70372,40.69589,559455.343899006,4505236.94219995,2018_bird_072_11_trip,K18F48,bird_072,12,2018,21399.3731666792,1,2770.7169228048,-1.60485380508575,9.235723076016,21885.63075058313,Fast_Homing,Sea,Fast_Homing
2018-05-22T21:24:02Z,141.702341499121,40.6709525000753,559360.998508748,4502467.8320155,2018_bird_072_11_trip,K18F48,bird_072,12,2018,19132.4919112275,1,2822.33068841556,-1.91379762058733,9.40776896138521,20187.63955641693,Fast_Homing,Sea,Fast_Homing
2018-05-22T21:29:02Z,141.690864662917,40.6470773341576,558411.806166746,4499809.90342115,2018_bird_072_11_trip,K18F48,bird_072,12,2018,16502.818051425,1,2953.62165933048,-2.06589054644175,9.84540553110158,17819.900586312866,Fast_Homing,Sea,Fast_Homing
2018-05-22T21:34:02Z,141.674032661952,40.6237635014138,557008.497513134,4497210.94098795,2018_bird_072_11_trip,K18F48,bird_072,12,2018,13659.9535080123,1,3067.49907843172,-2.20386261715177,10.2249969281057,14920.765522408052,Fast_Homing,Sea,Fast_Homing
2018-05-22T21:39:02Z,141.652360328449,40.6016086679992,555193.704839005,4494737.87039735,2018_bird_072_11_trip,K18F48,bird_072,12,2018,10645.6787482059,1,3292.79021915484,-2.44160230496986,10.9759673971828,11849.096730746389,Fast_Homing,Sea,Fast_Homing
2018-05-22T21:44:02Z,141.622417660626,40.582664003026,552675.219492416,4492616.62100457,2018_bird_072_11_trip,K18F48,bird_072,12,2018,7353.0571697101,1,3353.93810270078,-2.39038109361742,11.1797936756693,8657.005604618766,NA,Sea,Fast_Homing
2018-05-23T20:33:04Z,141.56436,40.5512,547784.145746523,4489090.94951539,2018_bird_072_12_trip,K18F48,bird_072,12,2018,1511.0828289645,1,2714.6878471153,1.47805390773039,9.04895949038434,2863.1023286013824,Fast_Outbound,Sea,Fast_Outbound
2018-05-23T20:38:04Z,141.567534752809,40.5755355738941,548035.551705503,4491793.97100089,2018_bird_072_12_trip,K18F48,bird_072,12,2018,4186.21772529395,1,2493.65982819129,1.37858449533954,8.31219942730431,4703.780967081049,Fast_Outbound,Sea,Fast_Outbound
2018-05-23T20:43:04Z,141.57335096332,40.5975580652493,548511.916687309,4494241.70786233,2018_bird_072_12_trip,K18F48,bird_072,12,2018,6680.79304535447,1,2311.97284127912,1.3538841405889,7.70657613759708,6567.978915989882,Fast_Outbound,Sea,Fast_Outbound
2018-05-23T20:48:04Z,141.579406996757,40.6178678339505,549009.488379882,4496499.50343093,2018_bird_072_12_trip,K18F48,bird_072,12,2018,8993.1932725258,1,2778.17908758901,1.36747759968988,9.26059695863002,8333.483535884785,Fast_Outbound,Sea,Fast_Outbound
2018-05-23T20:53:04Z,141.586253001213,40.6423456667713,549570.460535668,4499220.45717606,2018_bird_072_12_trip,K18F48,bird_072,12,2018,11772.3911830425,1,2714.91392946584,1.50160306593835,9.04971309821948,10429.997268853966,Fast_Outbound,Sea,Fast_Outbound
2018-05-23T20:58:04Z,141.588687210327,40.6667326233651,549758.16442114406,4501928.87459141,2018_bird_072_12_trip,K18F48,bird_072,12,2018,14469.1546402181,1,2904.62741278759,1.30285774336135,9.68209137595864,11707.988000549478,Fast_Outbound,Sea,Fast_Outbound
2018-05-23T21:03:04Z,141.598010001563,40.6919178689819,550527.147501971,4504729.86110129,2018_bird_072_12_trip,K18F48,bird_072,12,2018,17364.7039905953,1,3153.0075808737,1.76057239666856,10.510025269579,13071.425577649165,Fast_Outbound,Sea,Fast_Outbound
2018-05-23T21:08:04Z,141.591217504782,40.7198471676704,549932.367336734,4507826.26116589,2018_bird_072_12_trip,K18F48,bird_072,12,2018,20326.1586762948,1,1703.80888931137,-3.10905305347594,5.67936296437123,13169.745157601015,Slow,Sea,Slow
2018-05-23T21:13:04Z,141.571051165983,40.7194493334369,548229.460386049,4507770.82968922,2018_bird_072_12_trip,K18F48,bird_072,12,2018,20114.2464307242,0,322.47734143554,-1.44299071791575,1.0749244714518,11497.549376149624,Slow,Sea,Slow
2018-05-23T21:18:04Z,141.571513164535,40.7165656671729,548270.562689372,4507450.98248132,2018_bird_072_12_trip,K18F48,bird_072,12,2018,19796.8274165378,1,2064.34287623928,1.44765758801559,6.8811429207976,11467.607588601422,Fast_Outbound,Sea,Fast_Outbound
2018-05-23T21:23:04Z,141.574673831035,40.7350060003374,548524.121340895,4509499.69415477,2018_bird_072_12_trip,K18F48,bird_072,12,2018,21857.3455590657,1,2688.97374090946,1.04781528829339,8.96324580303154,12163.15913582727,Fast_Outbound,Sea,Fast_Outbound
2018-05-23T21:28:04Z,141.590764495956,40.7559106677835,549867.169418447,4511829.24381955,2018_bird_072_12_trip,K18F48,bird_072,12,2018,24293.493643167,1,2998.47732913408,0.938832823317642,9.99492443044692,13833.219510743167,Fast_Outbound,Sea,Fast_Outbound
2018-05-23T21:33:04Z,141.611947328858,40.777595334916,551638.460489004,4514248.62271437,2018_bird_072_12_trip,K18F48,bird_072,12,2018,26934.088809257,1,2374.01766418181,0.0631291367801134,7.91339221393935,15867.322940732784,Fast_Middle,Sea,Fast_Middle
2018-05-23T21:38:04Z,141.640036165225,40.7787921669817,554007.749152087,4514398.3928744,2018_bird_072_12_trip,K18F48,bird_072,12,2018,27567.9704627143,1,1382.3354657789,-2.06447615018756,4.60778488592965,18235.796205254643,Fast_Middle,Sea,Fast_Middle
2018-05-23T21:43:04Z,141.632169833333,40.7678696666667,553352.70250354,4513181.11508023,2018_bird_072_12_trip,K18F48,bird_072,12,2018,26228.521113509,0,11.516454868965,-1.36315965563705,0.03838818289655,17446.76318099669,Slow,Sea,Slow
2018-05-23T21:48:04Z,141.632196999997,40.7677680000012,553355.076596655,4513169.84598911,2018_bird_072_12_trip,K18F48,bird_072,12,2018,26218.1163601886,0,63.8719639101486,-2.84353961219704,0.212906546367162,17447.841524850275,Slow,Sea,Slow
2018-05-23T21:53:04Z,141.631472000011,40.767603000008,553294.020744843,4513151.08937073,2018_bird_072_12_trip,K18F48,bird_072,12,2018,26185.6371105535,0,33.6103075165493,-3.0246342019459602,0.112034358388498,17385.09028510621,Slow,Sea,Slow
2018-05-23T21:58:04Z,141.631076166418,40.7675698333862,553260.640057787,4513147.1673173,2018_bird_072_12_trip,K18F48,bird_072,12,2018,26174.0926889039,0,140.847732530503,-2.18583966242814,0.469492441768343,17351.51424834942,Slow,Sea,Slow
2018-05-23T22:03:04Z,141.630103499876,40.7665388333473,553179.371772874,4513032.13015102,2018_bird_072_12_trip,K18F48,bird_072,12,2018,26043.4086913082,1,1848.73630039379,-2.13392533171575,6.16245433464596,17257.7334024114,Fast_Middle,Sea,Fast_Middle
2018-05-23T22:08:04Z,141.61828,40.75252,552192.452260976,4511468.85928984,2018_bird_072_12_trip,K18F48,bird_072,12,2018,24302.6080618335,1,1105.17482966613,-2.2311083103352,3.68391609888709,16099.76880429251,Fast_Middle,Sea,Fast_Middle
2018-05-23T22:13:04Z,141.610178360656,40.7446998360663,551514.578595069,4510595.9912029,2018_bird_072_12_trip,K18F48,bird_072,12,2018,23314.1791560868,0,75.8058603907144,2.88155063121233,0.252686201302381,15318.30968485876,Slow,Sea,Slow
2018-05-23T22:18:04Z,141.609312295082,40.7448800000014,551441.321390309,4510615.48249378,2018_bird_072_12_trip,K18F48,bird_072,12,2018,23319.9660298327,0,75.3043596944973,3.02594200363442,0.251014532314991,15251.17399249646,Slow,Sea,Slow
2018-05-23T22:23:04Z,141.608427049184,40.7449629508208,551366.520070205,4510624.17209099,2018_bird_072_12_trip,K18F48,bird_072,12,2018,23315.0898912426,0,58.6005341756216,2.73170955232618,0.195335113918739,15180.141363598192,Slow,Sea,Slow
2018-05-23T22:28:04Z,141.607792380948,40.7451766666673,551312.773569847,4510647.5245278,2018_bird_072_12_trip,K18F48,bird_072,12,2018,23328.585301357,0,60.2172835877428,2.73997749859297,0.200724278625809,15132.861162796666,Slow,Sea,Slow
2018-05-23T22:33:04Z,141.607137833337,40.7453921666679,551257.347726022,4510671.06379455,2018_bird_072_12_trip,K18F48,bird_072,12,2018,23342.1135627546,0,87.0902659351484,2.50009098431968,0.290300886450495,15080.613244554024,Slow,Sea,Slow
2018-05-23T22:38:04Z,141.606315645182,40.7458659677503,551187.571173578,4510723.17854437,2018_bird_072_12_trip,K18F48,bird_072,12,2018,23381.516809198,0,67.0671323458483,2.60190281251101,0.223557107819494,15017.325011632607,Slow,Sea,Slow
2018-05-23T22:43:04Z,141.605637,40.7461800000023,551130.036419913,4510757.64232771,2018_bird_072_12_trip,K18F48,bird_072,12,2018,23405.8096491151,0,70.3944264661646,2.46593294827037,0.234648088220549,14964.15226285972,Slow,Sea,Slow
2018-05-23T22:48:04Z,141.60499,40.74658,551075.108033775,4510801.66786205,2018_bird_072_12_trip,K18F48,bird_072,12,2018,23440.1332435907,0,88.6834402896244,2.44983218369583,0.295611467632081,14914.65932199064,Slow,Sea,Slow
2018-05-23T22:53:04Z,141.604185666681,40.7470938333381,551006.810768859,4510858.23849212,2018_bird_072_12_trip,K18F48,bird_072,12,2018,23484.8418830788,0,189.277909460528,-2.47733001980151,0.630926364868426,14853.340671821034,Slow,Sea,Slow
2018-05-23T22:58:04Z,141.602410960747,40.7460519388453,550857.778724175,4510741.55268893,2018_bird_072_12_trip,K18F48,bird_072,12,2018,23345.9526232587,1,2559.90880193948,-2.27313875167913,8.53302933979828,14692.14171386972,Fast_Homing,Sea,Fast_Homing
2018-05-23T23:03:04Z,141.58267,40.72855,549204.058429653,4508787.49479272,2018_bird_072_12_trip,K18F48,bird_072,12,2018,21198.9931923085,1,2507.7134059068,-1.83779584271664,8.35904468635601,12670.141555194205,Fast_Homing,Sea,Fast_Homing
2018-05-23T23:08:04Z,141.57464799861,40.7067996668248,548542.427183708,4506368.63749628,2018_bird_072_12_trip,K18F48,bird_072,12,2018,18732.9161618001,1,2496.2376938911,-1.99023623525706,8.32079231297033,11495.632196594348,Fast_Homing,Sea,Fast_Homing
2018-05-23T23:13:04Z,141.562441353021,40.6863213565694,547525.836939667,4504088.78072443,2018_bird_072_12_trip,K18F48,bird_072,12,2018,16408.3492896825,1,2586.32754628898,-1.96155884273988,8.62109182096326,10005.323887124852,Fast_Homing,Sea,Fast_Homing
2018-05-23T23:18:04Z,141.550606329299,40.6648353339207,546540.72142694,4501697.41341612,2018_bird_072_12_trip,K18F48,bird_072,12,2018,14029.7720484881,1,2656.93895083479,-1.82240979268853,8.8564631694493,8520.95070524256,Fast_Homing,Sea,Fast_Homing
2018-05-23T23:23:04Z,141.542592998635,40.6416913334558,545879.231456773,4499124.1362045,2018_bird_072_12_trip,K18F48,bird_072,12,2018,11517.4989053657,1,2945.88223415145,-1.74644399317369,9.81960744717151,7311.905709626743,Fast_Homing,Sea,Fast_Homing
2018-05-23T23:28:04Z,141.536296099806,40.6155903391785,545364.450687224,4496223.58058586,2018_bird_072_12_trip,K18F48,bird_072,12,2018,8737.04795270004,1,2969.52157948022,-1.69075760359888,9.89840526493408,5266.4277846776995,NA,Sea,Fast_Homing
2018-05-23T23:33:04Z,141.531884498753,40.5890511667759,545009.076867054,4493275.40015398,2018_bird_072_12_trip,K18F48,bird_072,12,2018,6010.22005924817,1,2853.14867768732,-1.52129570340544,9.51049559229106,3195.66980352221,NA,Sea,Fast_Homing
2018-05-23T23:38:04Z,141.533348835273,40.563372333564,545150.251834957,4490425.7463144,2018_bird_072_12_trip,K18F48,bird_072,12,2018,3432.78861134598,1,912.337584487976,-1.29984828503212,3.04112528162659,1578.8917298810466,NA,Sea,Fast_Homing
2018-05-23T23:43:04Z,141.53617,40.55544,545394.434438473,4489546.69300304,2018_bird_072_12_trip,K18F48,bird_072,12,2018,2605.8799243098,0,9.83771258376275,1.13204019869465,0.0327923752792091,1239.594028412612,NA,Sea,Slow
2018-05-23T23:48:04Z,141.53622,40.55552,545398.613633955,4489555.59889514,2018_bird_072_12_trip,K18F48,bird_072,12,2018,2609.31720375472,0,160.092273701976,-1.05656496097797,0.53364091233992,1248.297825843688,NA,Sea,Fast_Homing
2018-05-29T19:46:03Z,141.56117,40.54875,547515.779990179,4488817.27070986,2018_bird_072_17_trip,K18F48,bird_072,12,2018,1166.24277485522,1,2809.25691763599,1.43950313563266,9.36418972545332,2483.58993521491,Fast_Outbound,Sea,Fast_Outbound
2018-05-29T19:51:03Z,141.565724502152,40.5738181668671,547883.557547947,4491602.3495413,2018_bird_072_17_trip,K18F48,bird_072,12,2018,3970.16687000177,1,3234.53851965879,1.6722477569272,10.7817950655293,4466.5948552496075,Fast_Outbound,Sea,Fast_Outbound
2018-05-29T19:56:03Z,141.562097048885,40.6028254098864,547555.971605335,4494820.25676267,2018_bird_072_17_trip,K18F48,bird_072,12,2018,7141.40805483474,1,3009.56747176318,1.51714747074487,10.0318915725439,6158.644313894537,Fast_Outbound,Sea,Fast_Outbound
2018-05-29T20:01:03Z,141.56423216568,40.6298885000841,547717.354016262,4497825.49420496,2018_bird_072_17_trip,K18F48,bird_072,12,2018,10152.0482016567,1,3141.75108694872,1.47885816425362,10.4725036231624,8109.776544791047,Fast_Outbound,Sea,Fast_Outbound
2018-05-29T20:06:03Z,141.567881472247,40.6580542627998,548005.794091286,4500953.97661908,2018_bird_072_17_trip,K18F48,bird_072,12,2018,13292.7487781067,1,3067.59840302901,1.29724838282771,10.2253280100967,9786.087218642067,Fast_Outbound,Sea,Fast_Outbound
2018-05-29T20:11:03Z,141.577913832168,40.6846120000997,548834.503210379,4503907.51706373,2018_bird_072_17_trip,K18F48,bird_072,12,2018,16304.274907018,1,3059.20173849471,1.70267995840946,10.1973391283157,11241.272684538084,Fast_Outbound,Sea,Fast_Outbound
2018-05-29T20:16:03Z,141.573387500163,40.7119545000457,548432.213137539,4506940.15254695,2018_bird_072_17_trip,K18F48,bird_072,12,2018,19296.0240677973,1,2842.17061599144,1.71373946768014,9.47390205330481,11513.33937966126,Fast_Outbound,Sea,Fast_Outbound
2018-05-29T20:21:03Z,141.56881,40.73732,548027.326460858,4509753.33590206,2018_bird_072_17_trip,K18F48,bird_072,12,2018,22086.9103622921,1,3013.02486161761,1.67553887951982,10.043416205392,11734.344267950924,Fast_Outbound,Sea,Fast_Outbound
2018-05-29T20:26:03Z,141.565307868162,40.7643314754736,547712.311288906,4512749.84791742,2018_bird_072_17_trip,K18F48,bird_072,12,2018,25074.6236609698,1,2708.86291900963,1.28946855254257,9.02954306336544,11799.766016722637,Fast_Outbound,Sea,Fast_Outbound
2018-05-29T20:31:03Z,141.57442,40.78773,548464.376881107,4515352.2190783,2018_bird_072_17_trip,K18F48,bird_072,12,2018,27701.0769265488,1,2821.59105538621,1.335084164196,9.40530351795403,12843.17496957778,Fast_Outbound,Sea,Fast_Outbound
2018-05-29T20:36:03Z,141.582445664694,40.8124051668853,549123.318600636,4518095.78826717,2018_bird_072_17_trip,K18F48,bird_072,12,2018,30477.188536036,1,1916.06010576183,1.2576113573409,6.38686701920611,13810.049678762152,Fast_Outbound,Sea,Fast_Outbound
2018-05-29T20:41:03Z,141.58959,40.82879,549713.638013464,4519918.64572724,2018_bird_072_17_trip,K18F48,bird_072,12,2018,32337.5255546218,0,112.579790283463,-1.54368432504487,0.375265967611544,14603.702933538008,Slow,Sea,Slow
2018-05-29T20:46:03Z,141.58961721313,40.8277760655759,549716.689903016,4519806.10731091,2018_bird_072_17_trip,K18F48,bird_072,12,2018,32225.5181004551,0,177.430613010576,2.12749070002728,0.591435376701921,14593.891051791938,Slow,Sea,Slow
2018-05-29T20:51:03Z,141.588517419364,40.8291387096919,549622.938655872,4519956.74703373,2018_bird_072_17_trip,K18F48,bird_072,12,2018,32368.6672329854,0,405.978447924388,1.43736798957591,1.35326149308129,14518.03854701638,Slow,Sea,Fast_Outbound
2018-05-29T20:56:03Z,141.58919,40.83276,549676.947098507,4520359.11699819,2018_bird_072_17_trip,K18F48,bird_072,12,2018,32774.0945165635,1,2767.69200156299,1.15416213718072,9.22564000520997,14617.503040085505,Fast_Outbound,Sea,Fast_Outbound
2018-05-29T21:01:03Z,141.60268,40.85549,550796.990162333,4522890.05013652,2018_bird_072_17_trip,K18F48,bird_072,12,2018,35394.9703075818,1,2980.72729238788,1.0892489094262,9.93575764129292,15974.70812950236,Fast_Outbound,Sea,Fast_Outbound
2018-05-29T21:06:03Z,141.61928,40.8792,552177.517505621,4525531.80702277,2018_bird_072_17_trip,K18F48,bird_072,12,2018,38179.7723369603,1,3169.68679801701,1.50213796658098,10.5656226600567,17471.2226310086,Fast_Outbound,Sea,Fast_Outbound
2018-05-29T21:11:03Z,141.622127543395,40.907670983837,552394.972063833,4528694.02585021,2018_bird_072_17_trip,K18F48,bird_072,12,2018,41345.0755051101,1,2795.61110597029,2.05161310433499,9.31870368656763,17830.427306552934,Fast_Outbound,Sea,Fast_Outbound
2018-05-29T21:16:03Z,141.60698,40.93008,551101.992145591,4531172.66345721,2018_bird_072_17_trip,K18F48,bird_072,12,2018,43672.3169365985,1,2545.56101923269,1.44876565804558,8.48520339744231,16651.611793923417,Fast_Outbound,Sea,Fast_Outbound
2018-05-29T21:21:03Z,141.61087,40.95282,551411.858259835,4533699.29439462,2018_bird_072_17_trip,K18F48,bird_072,12,2018,46217.5009912626,1,2579.7591427748,2.12378530196823,8.59919714258267,17074.311146549844,Fast_Outbound,Sea,Fast_Outbound
2018-05-29T21:26:03Z,141.59494873761,40.9726787280897,550056.883458488,4535894.56215106,2018_bird_072_17_trip,K18F48,bird_072,12,2018,48306.4526300343,1,2478.76101239896,2.86028070994788,8.26253670799653,15820.67996092232,Fast_Outbound,Sea,Fast_Outbound
2018-05-29T21:31:03Z,141.5667,40.97902,547675.557464249,4536582.70651509,2018_bird_072_17_trip,K18F48,bird_072,12,2018,48913.6539568049,0,399.231417472103,2.30685688520517,1.33077139157368,13475.24872454126,Slow,Sea,Fast_Outbound
2018-05-29T21:36:03Z,141.563536828067,40.9817008368741,547407.524056935,4536878.58455967,2018_bird_072_17_trip,K18F48,bird_072,12,2018,49207.889295743,1,2020.94848317555,1.55255996320973,6.7364949439185,13220.992904619812,Fast_Outbound,Sea,Fast_Outbound
2018-05-29T21:41:03Z,141.56413,40.9999,547444.376765529,4538899.19700383,2018_bird_072_17_trip,K18F48,bird_072,12,2018,51229.3871440233,1,3374.08386723213,1.97975772156275,11.2469462241071,13348.414354269617,Fast_Outbound,Sea,Fast_Outbound
2018-05-29T21:46:03Z,141.548408328208,41.0278636679298,546102.650091712,4541995.03477024,2018_bird_072_17_trip,K18F48,bird_072,12,2018,54337.4486439428,1,2915.14438809528,1.94659652449824,9.7171479603176,12148.314966509884,Fast_Outbound,Sea,Fast_Outbound
2018-05-29T21:51:03Z,141.53588,41.05235,545032.742538569,4544706.74357303,2018_bird_072_17_trip,K18F48,bird_072,12,2018,57080.6754735637,1,1523.85115002123,1.06148263298226,5.07950383340409,11202.33672859238,Fast_Outbound,Sea,Fast_Outbound
2018-05-29T21:56:03Z,141.544820001619,41.0642928334694,545775.739081465,4546037.1865311,2018_bird_072_17_trip,K18F48,bird_072,12,2018,58387.50471385,1,1625.93008688635,2.48452285361198,5.41976695628782,12003.300590003542,Fast_Middle,Sea,Fast_Middle
2018-05-29T22:01:03Z,141.52957,41.07331,544488.351389479,4547030.30363294,2018_bird_072_17_trip,K18F48,bird_072,12,2018,59426.0395061014,1,2073.78415437969,-1.36729860788182,6.9126138479323,10762.928514337877,Fast_Homing,Sea,Fast_Homing
2018-05-29T22:06:03Z,141.534410494868,41.0549922967182,544907.455091656,4544999.31057392,2018_bird_072_17_trip,K18F48,bird_072,12,2018,57378.0603089932,1,2594.32562986362,-1.92219815480967,8.64775209954541,11090.34337187298,Fast_Homing,Sea,Fast_Homing
2018-05-29T22:11:03Z,141.52361,41.0331,544014.451087415,4542563.5213133,2018_bird_072_17_trip,K18F48,bird_072,12,2018,54988.3310218479,1,2699.88900054138,-1.93879631545998,8.99963000180461,10089.941212613336,Fast_Homing,Sea,Fast_Homing
2018-05-29T22:16:03Z,141.51188,41.01046,543043.165898757,4540044.39334959,2018_bird_072_17_trip,K18F48,bird_072,12,2018,52541.1328586424,1,2520.67474823311,-1.82722661966644,8.40224916077702,9007.881829119124,Fast_Homing,Sea,Fast_Homing
2018-05-29T22:21:03Z,141.50411,40.98853,542403.849198911,4537606.14083115,2018_bird_072_17_trip,K18F48,bird_072,12,2018,50167.4764232777,1,2702.59739005964,-2.02368012010846,9.00865796686546,8260.589431740216,Fast_Homing,Sea,Fast_Homing
2018-05-29T22:26:03Z,141.48989,40.9667,541221.299535766,4535175.99496167,2018_bird_072_17_trip,K18F48,bird_072,12,2018,47882.1179083097,1,2819.25939734633,-2.25943326834668,9.39753132448777,6971.155632431225,Fast_Homing,Sea,Fast_Homing
2018-05-29T22:31:03Z,141.46846,40.94718,539429.70152521,4532999.20831202,2018_bird_072_17_trip,K18F48,bird_072,12,2018,45992.1435169253,1,2769.73010581811,-1.86763613596681,9.23243368606036,5085.489087125023,NA,Sea,Fast_Homing
2018-05-29T22:36:03Z,141.45867,40.92336,538619.556326696,4530350.61064223,2018_bird_072_17_trip,K18F48,bird_072,12,2018,43536.1172644973,1,3100.89322091562,-1.70563923728241,10.3363107363854,4158.077407497078,NA,Sea,Fast_Homing
2018-05-29T22:41:03Z,141.45353,40.8957,538202.688834521,4527277.86589828,2018_bird_072_17_trip,K18F48,bird_072,12,2018,40617.9954845825,1,3327.12591780018,-1.59348135335692,11.0904197260006,3604.182696626381,NA,Sea,Fast_Homing
2018-05-29T22:46:03Z,141.45243,40.86574,538127.219367985,4523951.59603061,2018_bird_072_17_trip,K18F48,bird_072,12,2018,37399.1856435723,1,3322.66668883059,-1.66296949820827,11.0755556294353,3378.8340361421892,NA,Sea,Fast_Homing
2018-05-29T22:51:03Z,141.4486,40.83595,537821.3921173,4520643.03386287,2018_bird_072_17_trip,K18F48,bird_072,12,2018,34280.9189662387,1,3408.36004502625,-1.30941291747409,11.3612001500875,2883.613471718396,NA,Sea,Fast_Homing
2018-05-29T22:56:03Z,141.458842170053,40.8062485004791,538702.171039325,4517350.44420015,2018_bird_072_17_trip,K18F48,bird_072,12,2018,30871.7710625639,1,3119.717168254,-1.26546989142019,10.3990572275133,3382.595075329046,NA,Sea,Fast_Homing
2018-05-29T23:01:03Z,141.469771168492,40.7794003334884,539639.972148027,4514375.01745926,2018_bird_072_17_trip,K18F48,bird_072,12,2018,27752.0054648304,1,3509.86671503861,-1.39312231850388,11.6995557167954,3973.838363291244,NA,Sea,Fast_Homing
2018-05-29T23:06:03Z,141.4769,40.74825,540260.308374165,4510920.40498839,2018_bird_072_17_trip,K18F48,bird_072,12,2018,24260.5290116521,1,4039.60559213008,-1.5716382794466,13.4653519737669,4195.173578369417,NA,Sea,Fast_Homing
2018-05-29T23:11:03Z,141.4766,40.71186,540256.907217927,4506880.80082807,2018_bird_072_17_trip,K18F48,bird_072,12,2018,20423.556702824,1,4110.44928182336,-1.45163091990882,13.7014976060779,3530.683878597345,NA,Sea,Fast_Homing
2018-05-29T23:16:03Z,141.48212,40.67507,540745.572121111,4502799.50202612,2018_bird_072_17_trip,K18F48,bird_072,12,2018,16445.3322741555,1,3987.08952251223,-1.29511825939233,13.2902984083741,3113.337406575044,NA,Sea,Fast_Homing
2018-05-29T23:21:03Z,141.494705743214,40.64045442703,541830.855750602,4498962.96161787,2018_bird_072_17_trip,K18F48,bird_072,12,2018,12500.5384315549,1,4104.65886640008,-1.13576306006362,13.6821962213336,3330.4263712622737,NA,Sea,Fast_Homing
2018-05-29T23:26:03Z,141.514905418016,40.6068324609211,543560.725521828,4495240.62700313,2018_bird_072_17_trip,K18F48,bird_072,12,2018,8394.69611209208,1,4252.55154534168,-1.14497378351211,14.1751718178056,3235.288517681294,NA,Sea,Fast_Homing
2018-05-29T23:31:03Z,141.53539,40.57185,545317.327035294,4491367.83140193,2018_bird_072_17_trip,K18F48,bird_072,12,2018,4143.35371519647,1,1943.15065769974,-1.47833924608658,6.47716885899915,2283.501446478432,NA,Sea,Fast_Homing
2018-05-20T11:24:05Z,141.54394,40.54002,546062.842645435,4487839.08089134,2018_bird_095_5_trip,K18F50,bird_095,6,2018,1168.11231418101,1,1521.64579774372,2.24506555736907,5.07215265914574,734.4931231560952,Fast_Outbound,Sea,Fast_Outbound
2018-05-20T11:29:05Z,141.532807049181,40.5507803278711,545112.838647678,4489027.73489399,2018_bird_095_5_trip,K18F50,bird_095,6,2018,2497.94231888599,0,121.987642438609,2.1219638873842,0.406625474795364,701.1364017090016,Slow,Sea,Slow
2018-05-20T11:34:05Z,141.53206,40.55172,545048.955885044,4489131.65783442,2018_bird_095_5_trip,K18F50,bird_095,6,2018,2608.16516652567,0,96.698475564915,0.309125677933674,0.32232825188305,713.2058624388468,Slow,Sea,Slow
2018-05-20T11:39:05Z,141.53315,40.55198,545141.070845649,4489161.07601263,2018_bird_095_5_trip,K18F50,bird_095,6,2018,2548.79800874656,1,942.415358234846,1.28057280399576,3.14138452744949,804.0439271018936,Slow,Sea,Slow
2018-05-20T11:44:05Z,141.5364,40.5601,545410.758462911,4490064.07949908,2018_bird_095_5_trip,K18F50,bird_095,6,2018,2987.04347195956,1,3172.15746148361,0.89476109072627,10.5738582049454,1566.5655683428931,Fast_Outbound,Sea,Fast_Outbound
2018-05-20T11:49:05Z,141.56003,40.58228,547395.593874556,4492538.55143246,2018_bird_095_5_trip,K18F50,bird_095,6,2018,4854.12902797661,0,187.700099341137,1.24470148132085,0.62566699780379,4646.688135958307,Slow,Sea,Slow
2018-05-20T11:54:05Z,141.560753833324,40.5838783333431,547455.722874114,4492716.35984257,2018_bird_095_5_trip,K18F50,bird_095,6,2018,5034.34046231543,0,217.230131678732,0.0286804990847869,0.724100438929105,4802.412634226036,Slow,Sea,Slow
2018-05-20T11:59:05Z,141.563320000018,40.5839219672641,547672.863668311,4492722.58925706,2018_bird_095_5_trip,K18F50,bird_095,6,2018,5055.34779071372,0,636.919943263563,1.11591123066577,2.12306647754521,4978.926864458714,Slow,Sea,Slow
2018-05-20T12:04:05Z,141.56667,40.58906,547952.700239594,4493294.74177824,2018_bird_095_5_trip,K18F50,bird_095,6,2018,5655.03947812428,0,16.2311298484349,-0.130774040521213,0.0541037661614495,5548.633584499085,Slow,Sea,Slow
2018-05-20T12:09:05Z,141.56686,40.58904,547968.792775958,4493292.62521273,2018_bird_095_5_trip,K18F50,bird_095,6,2018,5655.0472824594,0,20.9530606910071,0.564777137785935,0.0698435356366903,5560.18879701587,Slow,Sea,Slow
2018-05-20T12:14:05Z,141.56707,40.58914,547986.491991924,4493303.83986861,2018_bird_095_5_trip,K18F50,bird_095,6,2018,5668.53275633435,0,653.995430873851,1.60052751230656,2.1799847695795,5581.078113598496,Slow,Sea,Slow
2018-05-20T12:19:05Z,141.56689,40.59503,547967.050796893,4493957.54627331,2018_bird_095_5_trip,K18F50,bird_095,6,2018,6314.7754635305,0,35.5874478836386,0.390088255461838,0.118624826278795,5962.201392784857,Slow,Sea,Slow
2018-05-20T12:24:05Z,141.56728,40.59515,547999.964755639,4493971.07911361,2018_bird_095_5_trip,K18F50,bird_095,6,2018,6332.18673855665,0,51.7886785354398,-0.128793494143882,0.172628928451466,5996.59081557066,Slow,Sea,Slow
2018-05-20T12:29:05Z,141.567886451688,40.5950870968458,548051.324498398,4493964.42749364,2018_bird_095_5_trip,K18F50,bird_095,6,2018,6332.11874606538,0,45.7934131520414,-0.0975901510409427,0.152644710506805,6033.418404130011,Slow,Sea,Slow
2018-05-20T12:34:05Z,141.568424712688,40.5950442529007,548096.900020048,4493959.96559781,2018_bird_095_5_trip,K18F50,bird_095,6,2018,6333.84064526588,0,37.687592759449,-0.602668915061157,0.125625309198163,6066.964602018792,Slow,Sea,Slow
2018-05-20T12:39:05Z,141.56879,40.59485,548127.948027324,4493938.60264174,2018_bird_095_5_trip,K18F50,bird_095,6,2018,6317.06251841965,0,41.6022225429059,-0.291430549754216,0.13867407514302,6078.673885045501,Slow,Sea,Slow
2018-05-20T12:44:05Z,141.56926,40.59474,548167.796043323,4493926.64937685,2018_bird_095_5_trip,K18F50,bird_095,6,2018,6311.08895706031,0,39.6918384555523,-0.190571394980138,0.132306128185174,6103.165537635027,Slow,Sea,Slow
2018-05-20T12:49:05Z,141.56972,40.59467,548206.769307157,4493919.13094975,2018_bird_095_5_trip,K18F50,bird_095,6,2018,6309.62941740607,0,68.0204716362776,0.104548050078393,0.226734905454259,6129.548443833686,Slow,Sea,Slow
2018-05-20T12:54:05Z,141.57052,40.59473,548274.418375371,4493926.22940954,2018_bird_095_5_trip,K18F50,bird_095,6,2018,6327.56252349755,0,37.6895873390475,0.673314150443028,0.125631957796825,6187.678855921571,Slow,Sea,Slow
2018-05-20T12:59:05Z,141.57087,40.59494,548303.882561694,4493949.73189277,2018_bird_095_5_trip,K18F50,bird_095,6,2018,6355.70438670998,0,56.1384713761162,0.370386712707258,0.187128237920387,6225.37536013847,Slow,Sea,Slow
2018-05-20T13:04:05Z,141.57149,40.59512,548356.214139309,4493970.05266915,2018_bird_095_5_trip,K18F50,bird_095,6,2018,6384.84017583723,1,1535.08852928398,1.45060885210818,5.11696176427995,6279.3017628010375,Fast_Outbound,Sea,Fast_Outbound
2018-05-20T13:09:05Z,141.573782499958,40.6088381666702,548540.268692939,4495494.06733904,2018_bird_095_5_trip,K18F50,bird_095,6,2018,7918.37035807376,0,117.206014200595,1.25603354806566,0.390686714001984,7350.331123362711,Slow,Sea,Slow
2018-05-20T13:14:05Z,141.57422,40.60984,548576.55460993,4495605.51500385,2018_bird_095_5_trip,K18F50,bird_095,6,2018,8034.36859154097,0,16.620491830991,-0.405787713473329,0.0554016394366365,7446.799228787958,Slow,Sea,Slow
2018-05-20T13:19:05Z,141.5744,40.60978,548591.825380509,4495598.95418724,2018_bird_095_5_trip,K18F50,bird_095,6,2018,8030.49432587256,0,27.4041646480398,-0.455287596052408,0.091347215493466,7454.973249325343,Slow,Sea,Slow
2018-05-20T13:24:05Z,141.57469,40.60967,548616.438009057,4495586.90401064,2018_bird_095_5_trip,K18F50,bird_095,6,2018,8022.86473631557,0,25.9792710740509,-0.208770826630641,0.0865975702468364,7467.259070380305,Slow,Sea,Slow
2018-05-20T13:29:05Z,141.57499,40.60962,548641.853176869,4495581.51960997,2018_bird_095_5_trip,K18F50,bird_095,6,2018,8022.02662726519,0,19.5341917523826,-0.597857565007568,0.0651139725079421,7484.1808601816865,Slow,Sea,Slow
2018-05-20T13:34:05Z,141.57518,40.60952,548657.999034715,4495570.52434181,2018_bird_095_5_trip,K18F50,bird_095,6,2018,8014.08322895352,0,19.5838751360238,-0.107072409355279,0.0652795837867461,7490.3748324271,Slow,Sea,Slow
2018-05-20T13:39:05Z,141.57541,40.6095,548677.470757383,4495568.43145346,2018_bird_095_5_trip,K18F50,bird_095,6,2018,8015.54158863711,0,17.9038425153898,0.130859708321416,0.0596794750512993,7504.61066060432,Slow,Sea,Slow
2018-05-20T13:44:05Z,141.57562,40.60952,548695.221523473,4495570.76766407,2018_bird_095_5_trip,K18F50,bird_095,6,2018,8021.08581225933,0,26.3447421306236,0.746380835016288,0.0878158071020786,7520.1234650277565,Slow,Sea,Slow
2018-05-20T13:49:05Z,141.57585,40.60968,548714.562543166,4495588.65538039,2018_bird_095_5_trip,K18F50,bird_095,6,2018,8042.24803329597,0,27.4041654179233,0.468358510331952,0.0913472180597442,7546.364757297779,Slow,Sea,Slow
2018-05-20T13:54:05Z,141.57614,40.60979,548739.015567571,4495601.02622837,2018_bird_095_5_trip,K18F50,bird_095,6,2018,8058.98221355967,0,23.2233638467176,0.955114549621012,0.0774112128223921,7573.309461520075,Slow,Sea,Slow
2018-05-20T13:59:05Z,141.5763,40.60996,548752.427414248,4495619.98531582,2018_bird_095_5_trip,K18F50,bird_095,6,2018,8080.14255148825,0,17.8066523313454,0.323525619753775,0.0593555077711515,7595.494303856125,Slow,Sea,Slow
2018-05-20T14:04:05Z,141.5765,40.61001,548769.310265982,4495625.64625078,2018_bird_095_5_trip,K18F50,bird_095,6,2018,8088.92006987478,0,35.0863469515348,1.09830755838167,0.116954489838449,7612.344226326586,Slow,Sea,Slow
2018-05-20T14:09:05Z,141.576691166666,40.6102905000004,548785.27819537,4495656.88848139,2018_bird_095_5_trip,K18F50,bird_095,6,2018,8122.66016036315,0,21.7559687441763,0.261881548177173,0.072519895813921,7644.028916032851,Slow,Sea,Slow
2018-05-20T14:14:05Z,141.57694,40.61034,548806.292384751,4495662.521067,2018_bird_095_5_trip,K18F50,bird_095,6,2018,8132.26291640708,0,334.401715642122,1.35804293613575,1.11467238547374,7664.14682493573,Slow,Sea,Slow
2018-05-20T14:19:05Z,141.5778,40.6132803278689,548876.901978302,4495989.38310628,2018_bird_095_5_trip,K18F50,bird_095,6,2018,8466.74501609161,0,22.1663757004201,0.633140424422509,0.0738879190014005,7918.586481071505,Slow,Sea,Slow
2018-05-20T14:24:05Z,141.57801225807,40.6133974193562,548894.77191993,4496002.49849411,2018_bird_095_5_trip,K18F50,bird_095,6,2018,8483.12258496094,0,30.6442272045033,0.507518394174597,0.102147424015011,7940.756075289752,Slow,Sea,Slow
2018-05-20T14:29:05Z,141.57833,40.61353,548921.553542887,4496017.39189307,2018_bird_095_5_trip,K18F50,bird_095,6,2018,8503.04870389517,0,22.423074837106,1.23094643196754,0.0747435827903534,7971.085739145251,Slow,Sea,Slow
2018-05-20T14:34:05Z,141.57842,40.61372,548929.028175685,4496038.53247371,2018_bird_095_5_trip,K18F50,bird_095,6,2018,8525.26612069033,0,33.0097173970033,0.889094724731492,0.110032391323344,7989.884202140955,Slow,Sea,Slow
2018-05-20T14:39:05Z,141.578667868852,40.6139496721323,548949.828101434,4496064.16457334,2018_bird_095_5_trip,K18F50,bird_095,6,2018,8554.57149833447,0,34.8679855200213,0.981600326139192,0.116226618400071,8021.974188820485,Slow,Sea,Slow
2018-05-20T14:44:05Z,141.578899166666,40.6142096666668,548969.203988802,4496093.15338848,2018_bird_095_5_trip,K18F50,bird_095,6,2018,8586.90103437066,0,22.5430212074375,1.43997620370006,0.0751434040247918,8054.946511965964,Slow,Sea,Slow
2018-05-20T14:49:05Z,141.578935666663,40.6144108333416,548972.144665091,4496115.50378508,2018_bird_095_5_trip,K18F50,bird_095,6,2018,8609.39037280309,0,31.5493909782503,0.896302290806865,0.105164636594168,8070.836299732507,Slow,Sea,Slow
2018-05-20T14:54:05Z,141.579170491796,40.6146316393584,548991.847330022,4496140.14458591,2018_bird_095_5_trip,K18F50,bird_095,6,2018,8637.54705174593,0,34.5202203656156,0.923646937546432,0.115067401218719,8101.463794028768,Slow,Sea,Slow
2018-05-20T14:59:05Z,141.579418666665,40.6148785000005,549012.660075735,4496167.68501492,2018_bird_095_5_trip,K18F50,bird_095,6,2018,8668.79480766182,0,29.1286197736038,0.280571929316334,0.0970953992453461,8134.74477933031,Slow,Sea,Slow
2018-05-20T15:04:05Z,141.579750166667,40.6149495,549040.649685651,4496175.75088292,2018_bird_095_5_trip,K18F50,bird_095,6,2018,8682.51682315687,0,29.1747396983768,0.236259302411094,0.0972491323279226,8161.880531793912,Slow,Sea,Slow
2018-05-20T15:09:05Z,141.580086000004,40.6150093333425,549069.013961308,4496182.57974102,2018_bird_095_5_trip,K18F50,bird_095,6,2018,8695.18532083311,0,79.2651120438754,0.363251808214008,0.264217040146251,8188.577456106763,Slow,Sea,Slow
2018-05-20T15:14:05Z,141.58096406779,40.6152586440767,549143.106735414,4496210.74388157,2018_bird_095_5_trip,K18F50,bird_095,6,2018,8738.72769435881,0,28.1881671857283,1.89138830066288,0.0939605572857611,8264.62985052603,Slow,Sea,Slow
2018-05-20T15:19:05Z,141.580861147541,40.6155001639348,549134.223842599,4496237.49583448,2018_bird_095_5_trip,K18F50,bird_095,6,2018,8762.89037884586,0,50.117008422222,1.04868540905945,0.16705669474074,8273.76128229693,Slow,Sea,Slow
2018-05-20T15:24:05Z,141.58116,40.61589,549159.217742195,4496280.93567237,2018_bird_095_5_trip,K18F50,bird_095,6,2018,8810.77088995953,0,125.845935033506,1.33299489073152,0.419486450111688,8320.025468156604,Slow,Sea,Slow
2018-05-20T15:29:05Z,141.58152,40.61699,549188.862829281,4496403.24008021,2018_bird_095_5_trip,K18F50,bird_095,6,2018,8936.64772162347,0,28.694001022296,0.832323516901322,0.0956466700743199,8417.770056886658,Slow,Sea,Slow
2018-05-20T15:34:05Z,141.58175,40.61718,549208.178464182,4496424.45922117,2018_bird_095_5_trip,K18F50,bird_095,6,2018,8961.6211094118,0,139.992106156909,1.53509786593438,0.466640353856363,8446.002488642947,Slow,Sea,Slow
2018-05-20T15:39:05Z,141.58182,40.61844,549213.174905519,4496564.36213522,2018_bird_095_5_trip,K18F50,bird_095,6,2018,9099.23523035505,0,39.8276582869573,0.739360763550628,0.132758860956524,8534.844767351682,Slow,Sea,Slow
2018-05-20T15:44:05Z,141.58217,40.61868,549242.603539814,4496591.19863738,2018_bird_095_5_trip,K18F50,bird_095,6,2018,9131.9064510584,0,44.2214588705233,1.18247090618121,0.147404862901745,8574.530786477659,Slow,Sea,Slow
2018-05-20T15:49:05Z,141.582371147543,40.6190477049184,549259.347510952,4496632.12756181,2018_bird_095_5_trip,K18F50,bird_095,6,2018,9175.5462960798,0,17.4092988504221,0.900932221466557,0.0580309961680737,8612.700408381363,Slow,Sea,Slow
2018-05-20T15:54:05Z,141.5825,40.61917,549270.156587093,4496645.77481646,2018_bird_095_5_trip,K18F50,bird_095,6,2018,9191.26335292908,0,54.5794064109472,1.16268719085221,0.181931354703157,8629.588096383113,Slow,Sea,Slow
2018-05-20T15:59:05Z,141.58276,40.61962,549291.817759846,4496695.87177444,2018_bird_095_5_trip,K18F50,bird_095,6,2018,9244.95482454625,0,34.6978951276985,0.0386216331235776,0.115659650425662,8677.173368379435,Slow,Sea,Slow
2018-05-20T16:04:05Z,141.58317,40.61963,549326.489779971,4496697.21153069,2018_bird_095_5_trip,K18F50,bird_095,6,2018,9254.09399445995,0,472.400369361436,1.07841224753809,1.57466789787145,8705.59838853719,Slow,Sea,Slow
2018-05-20T16:09:05Z,141.585842830219,40.6233666674238,549549.806709096,4497113.49467728,2018_bird_095_5_trip,K18F50,bird_095,6,2018,9711.22467707769,0,536.30081689717,1.02137957536691,1.78766938965723,9135.7168759804,Slow,Sea,Slow
2018-05-20T16:14:05Z,141.58919,40.62747,549829.857582445,4497570.86769195,2018_bird_095_5_trip,K18F50,bird_095,6,2018,10223.9015418567,0,38.7635605900757,0.804631919498391,0.129211868633586,9635.936450005602,Slow,Sea,Slow
2018-05-20T16:19:05Z,141.58951,40.62772,549856.73532487,4497598.79976297,2018_bird_095_5_trip,K18F50,bird_095,6,2018,10257.7992156587,0,33.3843841569175,0.420112292553321,0.111281280523058,9674.247973485868,Slow,Sea,Slow
2018-05-20T16:24:05Z,141.589871475409,40.6278408196727,549887.216708011,4497612.4160175,2018_bird_095_5_trip,K18F50,bird_095,6,2018,10278.8337456313,0,33.4944389490755,0.684366625989239,0.111648129830252,9706.768677070366,Slow,Sea,Slow
2018-05-20T16:29:05Z,141.59018,40.62803,549913.168856147,4497633.59061189,2018_bird_095_5_trip,K18F50,bird_095,6,2018,10306.0459982111,0,41.7670401047982,1.20050000694625,0.139223467015994,9740.253654901197,Slow,Sea,Slow
2018-05-20T16:34:05Z,141.590361803279,40.6283798360664,549928.284000593,4497672.52668832,2018_bird_095_5_trip,K18F50,bird_095,6,2018,10347.5953315287,0,53.9061791477773,0.00941369794001063,0.179687263825924,9775.870998734536,Slow,Sea,Slow
2018-05-20T16:39:05Z,141.590999180329,40.6283811475412,549982.187791237,4497673.03413731,2018_bird_095_5_trip,K18F50,bird_095,6,2018,10362.329112792,0,28.5101352321262,0.318774779310815,0.0950337841070872,9819.087821093515,Slow,Sea,Slow
2018-05-20T16:44:05Z,141.59132,40.62846,550009.261589248,4497681.96930783,2018_bird_095_5_trip,K18F50,bird_095,6,2018,10378.1909479664,0,34.0473618481416,-0.452671909721396,0.113491206160472,9846.025446590244,Slow,Sea,Slow
2018-05-20T16:49:05Z,141.59168083333,40.6283240000003,550039.879758722,4497667.07801685,2018_bird_095_5_trip,K18F50,bird_095,6,2018,10372.1287210832,0,38.3403021289574,0.885791838941812,0.127801007096525,9861.349278106016,Slow,Sea,Slow
2018-05-20T16:54:05Z,141.59197,40.62859,550064.136766383,4497696.76936823,2018_bird_095_5_trip,K18F50,bird_095,6,2018,10407.3208409011,0,40.9540602471352,0.827738113902367,0.136513534157117,9898.64465365559,Slow,Sea,Slow
2018-05-20T16:59:05Z,141.5923,40.62886,550091.843955266,4497726.92806076,2018_bird_095_5_trip,K18F50,bird_095,6,2018,10443.9333458427,0,25.914296070609,0.822435246290291,0.0863809869020301,9938.976010210888,Slow,Sea,Slow
2018-05-20T17:04:05Z,141.59251,40.62903,550109.477044313,4497745.91818744,2018_bird_095_5_trip,K18F50,bird_095,6,2018,10467.0553679073,0,30.9252898722764,0.452045963905622,0.103084299574255,9964.522753635902,Slow,Sea,Slow
2018-05-20T17:09:05Z,141.59284,40.62915,550137.296052554,4497759.42656759,2018_bird_095_5_trip,K18F50,bird_095,6,2018,10487.7515787295,0,43.3823031600948,1.17462209347852,0.144607677200316,9994.844047507328,Slow,Sea,Slow
2018-05-20T17:14:05Z,141.593041129033,40.6295095161294,550154.036924858,4497799.44865427,2018_bird_095_5_trip,K18F50,bird_095,6,2018,10530.8679782779,0,69.024772957179,1.03167965214757,0.23008257652393,10032.459480579231,Slow,Sea,Slow
2018-05-20T17:19:05Z,141.593464838712,40.6300409677454,550189.472735472,4497858.68312572,2018_bird_095_5_trip,K18F50,bird_095,6,2018,10597.6692469194,1,1614.95950103742,1.02186127387355,5.38319833679142,10096.557522540706,Fast_Outbound,Sea,Fast_Outbound
2018-05-20T17:24:05Z,141.60354,40.6424,551032.124752286,4499236.37386335,2018_bird_095_5_trip,K18F50,bird_095,6,2018,12164.2208799075,0,413.01954418121,1.28269942328827,1.37673181393737,11602.509247770233,Slow,Sea,Slow
2018-05-20T17:29:05Z,141.60496,40.64596,551149.475201476,4499632.37135823,2018_bird_095_5_trip,K18F50,bird_095,6,2018,12577.2041155141,1,843.434403901629,1.15180952266169,2.81144801300543,11936.004335790774,Slow,Sea,Slow
2018-05-20T17:34:05Z,141.609081290323,40.6528793548389,551492.613926575,4500402.85004646,2018_bird_095_5_trip,K18F50,bird_095,6,2018,13416.9026784082,0,65.8455974745218,-2.77395675089393,0.219485324915073,12676.242337123364,Slow,Sea,Slow
2018-05-20T17:39:05Z,141.608352580645,40.6526700000009,551431.168156056,4500379.1844598,2018_bird_095_5_trip,K18F50,bird_095,6,2018,13374.9800903553,1,1228.85606108303,0.971935962630453,4.09618687027677,12613.033533944366,Fast_Outbound,Sea,Fast_Outbound
2018-05-20T17:44:05Z,141.61663,40.66177,552123.876191553,4501394.19322647,2018_bird_095_5_trip,K18F50,bird_095,6,2018,14560.839259342,1,3399.09230163476,0.808785445384126,11.3303076721159,13779.635050531288,Fast_Outbound,Sea,Fast_Outbound
2018-05-20T17:49:05Z,141.644602826061,40.6837701694567,554470.533412665,4503853.26385612,2018_bird_095_5_trip,K18F50,bird_095,6,2018,17721.7343758267,1,2310.57081075317,0.757678449612694,7.70190270251057,16723.304835033356,Fast_Outbound,Sea,Fast_Outbound
2018-05-20T17:54:05Z,141.664606721314,40.6979616393456,556149.009273185,4505441.17325441,2018_bird_095_5_trip,K18F50,bird_095,6,2018,19877.8199929605,0,62.1270911425649,0.535358232177387,0.20709030380855,18707.437376774204,Slow,Sea,Slow
2018-05-20T17:59:05Z,141.665241999051,40.6982435002748,556202.443910311,4505472.86733917,2018_bird_095_5_trip,K18F50,bird_095,6,2018,19930.1903167045,1,863.341303116572,1.00100753443775,2.87780434372191,18766.464056616063,Slow,Sea,Fast_Outbound
2018-05-20T18:04:05Z,141.67082,40.70476,556668.177020249,4506199.81360677,2018_bird_095_5_trip,K18F50,bird_095,6,2018,20789.5301748054,1,3747.18505787011,0.804633156777275,12.490616859567,19379.738212550343,Fast_Outbound,Sea,Fast_Outbound
2018-05-20T18:09:05Z,141.70183,40.7289,559266.383783809,4508899.94646863,2018_bird_095_5_trip,K18F50,bird_095,6,2018,24401.165830009,1,3577.85758064643,0.620905056628098,11.9261919354881,22503.85252577849,Fast_Outbound,Sea,Fast_Outbound
2018-05-20T18:14:05Z,141.736494911894,40.7474352488382,562176.44231036,4510981.44214229,2018_bird_095_5_trip,K18F50,bird_095,6,2018,27690.1706324568,1,2970.1640399145,0.815602565255066,9.90054679971499,25796.319855453952,Fast_Outbound,Sea,Fast_Outbound
2018-05-20T18:19:05Z,141.76083,40.76676,564212.28115562,4513144.13366447,2018_bird_095_5_trip,K18F50,bird_095,6,2018,30615.8428458263,1,3063.89166248816,0.792371104299724,10.2129722082939,28219.845493379435,Fast_Outbound,Sea,Fast_Outbound
2018-05-20T18:24:05Z,141.78655,40.78624,566363.620313474,4515325.68631049,2018_bird_095_5_trip,K18F50,bird_095,6,2018,33630.7008119346,1,3274.46546512435,0.669401339019705,10.9148848837478,30603.93658182606,Fast_Outbound,Sea,Fast_Outbound
2018-05-20T18:29:05Z,141.817205567469,40.8043308232249,568931.434144759,4517357.54659362,2018_bird_095_5_trip,K18F50,bird_095,6,2018,36776.5766161815,1,3454.87063215672,0.619934731818783,11.5162354405224,33384.15376094597,Fast_Outbound,Sea,Fast_Outbound
2018-05-20T18:34:05Z,141.85077,40.82217,571743.409936271,4519364.76437774,2018_bird_095_5_trip,K18F50,bird_095,6,2018,40072.7731200617,1,3168.02706486369,0.671341290762534,10.5600902162123,36403.7569975601,Fast_Outbound,Sea,Fast_Outbound
2018-05-20T18:39:05Z,141.880416880047,40.8396996746443,574223.937233042,4521335.39367156,2018_bird_095_5_trip,K18F50,bird_095,6,2018,43157.1242198538,1,2925.26579496607,0.809521640726394,9.75088598322023,39090.152145573,Fast_Outbound,Sea,Fast_Outbound
2018-05-20T18:44:05Z,141.90461,40.85859,576241.916699169,4523453.16109163,2018_bird_095_5_trip,K18F50,bird_095,6,2018,46073.4613543483,1,2749.69642376174,0.80710827666846,9.16565474587248,41334.176557113315,Fast_Outbound,Sea,Fast_Outbound
2018-05-20T18:49:05Z,141.92742,40.8763,578143.57920857,4525439.24017444,2018_bird_095_5_trip,K18F50,bird_095,6,2018,48815.3281399341,1,2865.2816916537,0.806584983764973,9.55093897217901,43378.63023634333,Fast_Outbound,Sea,Fast_Outbound
2018-05-20T18:54:05Z,141.951214493929,40.8947400034395,580126.262049115,4527507.76813566,2018_bird_095_5_trip,K18F50,bird_095,6,2018,51673.3166545955,1,3227.19623661276,0.788902351209825,10.7573207887092,45450.16347871882,Fast_Outbound,Sea,Fast_Outbound
2018-05-20T18:59:05Z,141.97851,40.91514,582400.223938402,4529797.72291156,2018_bird_095_5_trip,K18F50,bird_095,6,2018,54888.8839165615,1,3129.96968815603,0.582036593166097,10.4332322938534,47822.247243805454,Fast_Outbound,Sea,Fast_Outbound
2018-05-20T19:04:05Z,142.00979,40.93037,585014.827885943,4531518.34967128,2018_bird_095_5_trip,K18F50,bird_095,6,2018,57893.6232120679,1,3369.84350241473,0.202356046525133,11.2328116747158,50508.63527182827,Fast_Outbound,Sea,Fast_Outbound
2018-05-20T19:09:05Z,142.04909,40.93612,588315.912373434,4532195.61360596,2018_bird_095_5_trip,K18F50,bird_095,6,2018,60597.9867441486,1,2757.95190571108,0.282602078413308,9.19317301903693,53833.060782499335,Fast_Outbound,Sea,Fast_Outbound
2018-05-20T19:14:05Z,142.080659351752,40.9427562913096,590964.464839446,4532964.68353061,2018_bird_095_5_trip,K18F50,bird_095,6,2018,62976.5443921185,1,1622.74196519226,0.381765445638386,5.40913988397421,56510.49487857102,Fast_Outbound,Sea,Fast_Outbound
2018-05-20T19:19:05Z,142.098636818307,40.9480323837843,592470.382931031,4533569.25129938,2018_bird_095_5_trip,K18F50,bird_095,6,2018,64461.5193224302,1,2533.87042167254,0.423203570705267,8.44623473890848,58040.35345906637,Fast_Outbound,Sea,Fast_Outbound
2018-05-20T19:24:05Z,142.12624,40.95714,594780.710154403,4534609.87007433,2018_bird_095_5_trip,K18F50,bird_095,6,2018,66831.636088482,1,2786.3957617402298,-0.108752094557013,9.28798587246743,60392.39676763336,Fast_Outbound,Sea,Fast_Outbound
2018-05-20T19:29:05Z,142.1591,40.95409,597550.644773082,4534307.44066225,2018_bird_095_5_trip,K18F50,bird_095,6,2018,68625.534533212,1,3045.63528470751,-1.17860681459046,10.1521176156917,63142.77134252379,Fast_Middle,Sea,Fast_Middle
2018-05-20T19:34:05Z,142.172480492798,40.9286024634357,598714.724959613,4531493.04701409,2018_bird_095_5_trip,K18F50,bird_095,6,2018,67627.0010350186,1,3362.75047698731,0.0429419772860257,11.2091682566244,64177.9190180894,Fast_Middle,Sea,Fast_Middle
2018-05-20T19:39:05Z,142.2124,40.92949,602074.375434522,4531637.40579256,2018_bird_095_5_trip,K18F50,bird_095,6,2018,70310.6012632084,1,2929.87297583893,0.120363807744138,9.76624325279643,67536.76866456447,Fast_Middle,Sea,Fast_Middle
2018-05-20T19:44:05Z,142.247,40.93229,604983.050831898,4531989.20557547,2018_bird_095_5_trip,K18F50,bird_095,6,2018,72817.5256382226,1,2755.03935701263,-0.084445764641565,9.18346452337543,70454.94353781563,Fast_Middle,Sea,Fast_Middle
2018-05-20T19:49:05Z,142.27956,40.92984,607728.272812138,4531756.83058135,2018_bird_095_5_trip,K18F50,bird_095,6,2018,74877.8940315091,1,3243.60187448979,-0.0921469693296209,10.8120062482993,73183.70013681459,Fast_Middle,Sea,Fast_Middle
2018-05-20T19:54:05Z,142.31786,40.92672,610958.11361246,4531458.365299,2018_bird_095_5_trip,K18F50,bird_095,6,2018,77343.2156337651,1,3709.00011625885,-0.136128355982037,12.3633337208628,75876.39935478246,Fast_Middle,Sea,Fast_Middle
2018-05-20T19:59:05Z,142.3614,40.92168,614632.801155371,4530955.02314461,2018_bird_095_5_trip,K18F50,bird_095,6,2018,80126.9220726161,1,2247.51341837975,-1.86988032425884,7.49171139459918,78301.02120442277,Fast_Homing,Sea,Fast_Homing
2018-05-20T20:04:05Z,142.353142995326,40.9024303363492,613970.582581839,4528807.28407138,2018_bird_095_5_trip,K18F50,bird_095,6,2018,78422.4751106779,1,3180.15236194494,-2.5673191913136,10.6005078731498,76414.46487195512,Fast_Homing,Sea,Fast_Homing
2018-05-20T20:09:05Z,142.321141140647,40.8872396753451,611300.567373001,4527079.74598794,2018_bird_095_5_trip,K18F50,bird_095,6,2018,75242.3586941481,1,3579.86961312927,-2.43809351467669,11.9328987104309,73254.96483714753,Fast_Homing,Sea,Fast_Homing
2018-05-20T20:14:05Z,142.28834,40.86675,608570.61858141,4524763.96403743,2018_bird_095_5_trip,K18F50,bird_095,6,2018,71705.0919420937,1,2874.24881071243,-2.74176071111717,9.58082936904143,69674.12629330317,Fast_Homing,Sea,Fast_Homing
2018-05-20T20:19:05Z,142.25674,40.85702,605923.072047885,4523645.1237545,2018_bird_095_5_trip,K18F50,bird_095,6,2018,68861.0037501384,1,2666.01937701411,-2.92490184249061,8.88673125671371,66926.33268742317,Fast_Homing,Sea,Fast_Homing
2018-05-20T20:24:05Z,142.22576,40.85219,603319.399486412,4523071.93224092,2018_bird_095_5_trip,K18F50,bird_095,6,2018,66346.4204558413,1,3376.04076888653,-2.60626977030169,11.2534692296218,64582.8426162613,Fast_Homing,Sea,Fast_Homing
2018-05-20T20:29:05Z,142.19104,40.83704,600415.653434135,4521349.75044532,2018_bird_095_5_trip,K18F50,bird_095,6,2018,62970.7972368988,1,3426.55948701875,-2.10251525907674,11.4218649567292,61268.41814547464,Fast_Homing,Sea,Fast_Homing
2018-05-20T20:34:05Z,142.16997,40.81065,598678.333975367,4518396.27266205,2018_bird_095_5_trip,K18F50,bird_095,6,2018,59943.0285338624,1,2917.19844734406,-2.40415714292888,9.7239948244802,58007.40178320145,Fast_Homing,Sea,Fast_Homing
2018-05-20T20:39:05Z,142.14407,40.79324,596519.037300118,4516434.77205042,2018_bird_095_5_trip,K18F50,bird_095,6,2018,57085.7413038474,1,3113.79744538669,-2.64397952351843,10.3793248179556,55089.558914894624,Fast_Homing,Sea,Fast_Homing
2018-05-20T20:44:05Z,142.11142,40.78017,593782.867547597,4514948.46467431,2018_bird_095_5_trip,K18F50,bird_095,6,2018,53972.5580872171,1,2949.26897132169,-2.58507437284972,9.83089657107231,52051.85423166218,Fast_Homing,Sea,Fast_Homing
2018-05-20T20:49:05Z,142.08152,40.76642,591278.64499489,4513390.56324234,2018_bird_095_5_trip,K18F50,bird_095,6,2018,51023.5449176988,1,3067.48188101829,-2.52599860953759,10.2249396033943,49146.6567194281,Fast_Homing,Sea,Fast_Homing
2018-05-20T20:54:05Z,142.0516,40.75074,588774.259032626,4511619.2654011,2018_bird_095_5_trip,K18F50,bird_095,6,2018,47967.6252360387,1,2757.74467745696,-2.54753155479247,9.19248225818987,46101.72819389475,Fast_Homing,Sea,Fast_Homing
2018-05-20T20:59:05Z,142.02432,40.73708,586488.986627478,4510075.67033104,2018_bird_095_5_trip,K18F50,bird_095,6,2018,45216.5246035968,1,2180.52473164385,-2.3344180297791,7.26841577214616,43375.683199751176,Fast_Homing,Sea,Fast_Homing
2018-05-20T21:04:05Z,142.00625,40.72305,584981.062058488,4508500.59839632,2018_bird_095_5_trip,K18F50,bird_095,6,2018,43130.2739041405,1,2085.67829982268,3.1292933527378,6.95226099940892,41197.05699538775,Fast_Homing,Sea,Fast_Homing
2018-05-20T21:09:05Z,141.981562502631,40.7234936685994,582895.541509877,4508526.25013446,2018_bird_095_5_trip,K18F50,bird_095,6,2018,41328.4451867826,1,2480.17735312483,-2.90902824692739,8.26725784374944,39713.95067888959,Fast_Homing,Sea,Fast_Homing
2018-05-20T21:14:05Z,141.952915833785,40.7185843361023,580482.134085033,4507954.63461275,2018_bird_095_5_trip,K18F50,bird_095,6,2018,38962.1608569237,1,2702.67573427947,-2.78457417183015,9.00891911426489,37625.2135761743,Fast_Homing,Sea,Fast_Homing
2018-05-20T21:19:05Z,141.92282,40.71032,577949.881043793,4507010.09733991,2018_bird_095_5_trip,K18F50,bird_095,6,2018,36310.9698175722,1,1781.24157477217,-2.41036170952729,5.93747191590725,35226.33635792823,Fast_Homing,Sea,Fast_Homing
2018-05-20T21:24:05Z,141.90698,40.69973,576624.008607306,4505820.60844552,2018_bird_095_5_trip,K18F50,bird_095,6,2018,34556.1239253989,0,312.809285124591,-2.14267374018289,1.04269761708197,33457.51363248844,Slow,Sea,Slow
2018-05-20T21:29:05Z,141.90494425628,40.6973763964333,576454.712564532,4505557.57137825,2018_bird_095_5_trip,K18F50,bird_095,6,2018,34274.1328207299,1,3213.09132419131,-2.54756821107936,10.710304413971,33147.35484138215,Fast_Homing,Sea,Fast_Homing
2018-05-20T21:34:05Z,141.87322,40.68142,573792.040128571,4503759.20229589,2018_bird_095_5_trip,K18F50,bird_095,6,2018,31063.6311513894,1,3031.71564177013,-2.46065792970998,10.1057188059004,30055.4028688848,Fast_Homing,Sea,Fast_Homing
2018-05-20T21:39:05Z,141.845130814553,40.664435903778,571436.443668457,4501850.67798385,2018_bird_095_5_trip,K18F50,bird_095,6,2018,28062.369170319,1,3156.38839488908,-2.43404923925573,10.5212946496303,27091.58340248125,Fast_Homing,Sea,Fast_Homing
2018-05-20T21:44:05Z,141.81653,40.64616,569037.71199279,4499799.12392716,2018_bird_095_5_trip,K18F50,bird_095,6,2018,24961.2891761845,1,3263.82195237307,-2.44182450509957,10.8794065079102,24003.913883180656,Fast_Homing,Sea,Fast_Homing
2018-05-20T21:49:05Z,141.78678,40.62743,566540.915845201,4497697.0909269,2018_bird_095_5_trip,K18F50,bird_095,6,2018,21766.0027565388,1,2710.31262717373,-2.59628471398568,9.03437542391242,20836.926681554894,Fast_Homing,Sea,Fast_Homing
2018-05-20T21:54:05Z,141.75924,40.61495,564223.686339309,4496291.30219667,2018_bird_095_5_trip,K18F50,bird_095,6,2018,19061.7706511705,1,2752.3678817142,-2.64983049719238,9.17455960571399,18347.107884729263,Fast_Homing,Sea,Fast_Homing
2018-05-20T21:59:05Z,141.730432491856,40.6034279141283,561797.468071474,4494991.68922616,2018_bird_095_5_trip,K18F50,bird_095,6,2018,16309.3163218609,1,2577.79046811919,-2.4391622192408,8.59263489373065,15880.76834960349,Fast_Homing,Sea,Fast_Homing
2018-05-20T22:04:05Z,141.70702,40.58857,559829.907111405,4493326.24407067,2018_bird_095_5_trip,K18F50,bird_095,6,2018,13816.6906616866,1,2195.65908106749,-2.46012713308818,7.3188636035583,13380.769272609385,Fast_Homing,Sea,Fast_Homing
2018-05-20T22:09:05Z,141.686742619351,40.5762321341789,558124.647662728,4491943.12838029,2018_bird_095_5_trip,K18F50,bird_095,6,2018,11708.4050775512,1,2896.05192839278,-2.71277162204583,9.65350642797592,11263.28409429945,Fast_Homing,Sea,Fast_Homing
2018-05-20T22:14:05Z,141.655519996983,40.5655653359167,555490.814135914,4490738.95325807,2018_bird_095_5_trip,K18F50,bird_095,6,2018,8817.52876759995,1,3149.31905924252,-2.67390002504254,10.4977301974751,8754.230384228553,Fast_Homing,Sea,Fast_Homing
2018-05-20T22:19:05Z,141.622195403604,40.5529588559343,552679.697644976,4489319.15235256,2018_bird_095_5_trip,K18F50,bird_095,6,2018,5699.01846710083,1,2842.35108175991,-2.82748732050108,9.47450360586638,5966.010077830275,NA,Sea,Fast_Homing
2018-05-14T05:27:04Z,141.54486,40.54262,546138.968030235,4488128.16576259,2018_bird_042_1_trip,K18F51,bird_042,17,2018,1167.94395331761,1,2664.31987272018,2.9438304715835,8.8810662424006,970.846097651431,Fast_Outbound,Sea,Fast_Outbound
2018-05-14T05:32:04Z,141.514047288129,40.547477118646,543526.579190748,4488651.63967359,2018_bird_042_1_trip,K18F51,bird_042,17,2018,3818.99914646735,0,106.174358733787,1.15538908533802,0.353914529112622,789.1526738587377,Slow,Land,Slow
2018-05-14T05:37:04Z,141.51456,40.54835,543569.427187853,4488748.78412066,2018_bird_042_1_trip,K18F51,bird_042,17,2018,3803.46001245952,0,392.967905408748,-1.97265293263998,1.30989301802916,696.0622431974236,Slow,Land,Slow
2018-05-14T05:42:04Z,141.51272,40.5451,543415.726548002,4488387.12144911,2018_bird_042_1_trip,K18F51,bird_042,17,2018,3870.04947862486,0,25.4065165250581,-2.68202478396193,0.0846883884168605,1037.8533179773988,Slow,Land,Slow
2018-05-14T05:47:04Z,141.512450327869,40.5449996721312,543392.956103468,4488375.85211294,2018_bird_042_1_trip,K18F51,bird_042,17,2018,3890.4513130957,1,1037.59702524148,2.50894057292897,3.45865675080495,1062.7289770729355,Slow,Land,Fast_Outbound
2018-05-14T05:52:04Z,141.50261,40.55057,542556.173314354,4488989.36833166,2018_bird_042_1_trip,K18F51,bird_042,17,2018,4844.28498389363,0,536.090118887996,2.19670085270611,1.78696706295999,1355.9612737763905,Slow,Land,Slow
2018-05-14T05:57:04Z,141.49893,40.5545,542242.115334091,4489423.833751,2018_bird_042_1_trip,K18F51,bird_042,17,2018,5274.21500698748,0,33.5563132313238,2.77600913609257,0.111854377437746,1341.9758707915862,Slow,Land,Slow
2018-05-14T06:02:04Z,141.498560666667,40.5546096666667,542210.776579216,4489435.82994209,2018_bird_042_1_trip,K18F51,bird_042,17,2018,5307.76863748762,0,91.85548810981,-0.0909651014252922,0.306184960366033,1359.6555233125996,Slow,Land,Slow
2018-05-14T06:07:04Z,141.499640508475,40.5545298305085,542302.252293317,4489427.48581687,2018_bird_042_1_trip,K18F51,bird_042,17,2018,5218.65761178729,0,11.2509238504283,-1.35673804391573,0.0375030795014276,1292.0561319283483,Slow,Land,Slow
2018-05-14T06:12:04Z,141.499668000001,40.5544306666672,542304.642296675,4489416.49167427,2018_bird_042_1_trip,K18F51,bird_042,17,2018,5212.74768133727,0,486.545756649089,1.17191927274427,1.62181918883029,1296.872238146093,Slow,Land,Slow
2018-05-14T06:17:04Z,141.50193,40.55846,542493.608784222,4489864.84247431,2018_bird_042_1_trip,K18F51,bird_042,17,2018,5205.77588417373,0,116.691348952247,1.55508844771207,0.388971163174157,874.3857789736207,Slow,Land,Slow
2018-05-14T06:22:04Z,141.5019595,40.5595110000001,542495.441682445,4489981.5194275,2018_bird_042_1_trip,K18F51,bird_042,17,2018,5253.9910521324,0,103.465681188208,1.66648906240993,0.344885603960694,802.4497136674015,Slow,Land,Slow
2018-05-14T06:27:04Z,141.501849661017,40.5604393220339,542485.555872062,4490084.51174729,2018_bird_042_1_trip,K18F51,bird_042,17,2018,5308.59076878936,0,27.0602149466125,2.57666539679026,0.0902007164887082,747.4377419501826,Slow,Land,Slow
2018-05-14T06:32:04Z,141.501580666666,40.5605710000001,542462.700069116,4490098.99855179,2018_bird_042_1_trip,K18F51,bird_042,17,2018,5335.53551164922,1,1668.84527563295,2.40782055957729,5.56281758544318,757.3018463990268,Fast_Outbound,Land,Fast_Outbound
2018-05-14T06:37:04Z,141.487014334582,40.5707015010964,541223.326097415,4491216.58376656,2018_bird_042_1_trip,K18F51,bird_042,17,2018,6960.48063565737,1,2152.02077127102,2.11723863868567,7.17340257090341,1064.7169059854014,Fast_Outbound,Land,Fast_Outbound
2018-05-14T06:42:04Z,141.47392,40.58732,540105.026542889,4493055.22443465,2018_bird_042_1_trip,K18F51,bird_042,17,2018,8915.58023056842,1,2009.21419002419,2.10887144506782,6.69738063341398,839.5203433661826,Fast_Outbound,Land,Fast_Outbound
2018-05-14T06:47:04Z,141.461859500001,40.6029118333334,539075.336312596,4494780.53011511,2018_bird_042_1_trip,K18F51,bird_042,17,2018,10803.8131560265,0,25.1774567826668,1.65172306218928,0.0839248559422227,612.8604336938332,Slow,Land,Slow
2018-05-14T06:52:04Z,141.461837000015,40.6031380000362,539073.301006495,4494805.62517158,2018_bird_042_1_trip,K18F51,bird_042,17,2018,10821.846885994,0,194.534992677205,0.886397851753095,0.648449975590684,599.8683225231607,Slow,Land,Slow
2018-05-14T06:57:04Z,141.4633,40.60449,539196.287403196,4494956.35078188,2018_bird_042_1_trip,K18F51,bird_042,17,2018,10830.1178399994,0,3.34471968139889,1.84896831275647,0.0111490656046629,410.3922784664301,Slow,Land,Slow
2018-05-14T07:02:04Z,141.463289344262,40.6045190163935,539195.368948641,4494959.56692724,2018_bird_042_1_trip,K18F51,bird_042,17,2018,10832.9586843416,1,1437.50639432811,1.69338821585521,4.79168798109371,409.3230600408516,Slow,Land,Fast_Outbound
2018-05-14T07:07:04Z,141.4613,40.61738,539019.583404253,4496386.28486577,2018_bird_042_1_trip,K18F51,bird_042,17,2018,11958.4840426752,1,3901.03660577579,0.786255465119859,13.003455352586,37.948993750015866,NA,Sea,Fast_Outbound
2018-05-14T07:12:04Z,141.494065316123,40.642116008348,541775.667005007,4499147.09811285,2018_bird_042_1_trip,K18F51,bird_042,17,2018,12690.5757298043,1,3565.21010639407,0.733836468321662,11.8840336879802,3317.016491941496,NA,Sea,Fast_Outbound
2018-05-14T07:17:04Z,141.525544580937,40.6634872166739,544423.229466424,4501534.8033115,2018_bird_042_1_trip,K18F51,bird_042,17,2018,14130.5374508965,1,3360.42822745947,0.816590791776428,11.2014274248649,6421.195647972161,Fast_Outbound,Sea,Fast_Outbound
2018-05-14T07:22:04Z,141.552946434467,40.685422713816,546724.147828462,4503983.93633425,2018_bird_042_1_trip,K18F51,bird_042,17,2018,16308.2097121699,1,3714.41761797634,0.926207312459771,12.3813920599211,9200.84184204901,Fast_Outbound,Sea,Fast_Outbound
2018-05-14T07:27:04Z,141.579589656678,40.7120396617156,548956.029828172,4506953.04410934,2018_bird_042_1_trip,K18F51,bird_042,17,2018,19348.8437757927,1,3555.68648488936,1.12278765689353,11.8522882829645,12026.809917807552,Fast_Outbound,Sea,Fast_Outbound
2018-05-14T07:32:04Z,141.598081792113,40.7408159047326,550496.252180281,4510157.82514474,2018_bird_042_1_trip,K18F51,bird_042,17,2018,22714.347334593705,1,3242.58895710627,0.919842151580702,10.8086298570209,14229.734399658146,Fast_Outbound,Sea,Fast_Outbound
2018-05-14T07:37:04Z,141.621568513616,40.7639293499364,552461.085124508,4512737.32405849,2018_bird_042_1_trip,K18F51,bird_042,17,2018,25599.6770304356,1,3254.9586958103,0.768760552207931,10.8498623193677,16511.22369273241,Fast_Outbound,Sea,Fast_Outbound
2018-05-14T07:42:04Z,141.64948507019,40.7841618073452,554800.661359898,4515000.31746331,2018_bird_042_1_trip,K18F51,bird_042,17,2018,28353.6942656836,1,2758.80276000273,1.12269294256075,9.19600920000912,19091.402908477125,Fast_Outbound,Sea,Fast_Outbound
2018-05-14T07:47:04Z,141.663873332366,40.8064788334177,555995.931831132,4517486.744854,2018_bird_042_1_trip,K18F51,bird_042,17,2018,31074.0007440977,1,1010.03808286932,1.36888142761313,3.3667936095644,20561.30551995784,Fast_Middle,Sea,Fast_Middle
2018-05-14T07:52:04Z,141.666363833325,40.8153785000098,556198.49061952,4518476.26335615,2018_bird_042_1_trip,K18F51,bird_042,17,2018,32080.9153994918,0,513.598530000904,-2.63392404226923,1.71199510000301,20875.171196517946,Slow,Sea,Slow
2018-05-14T07:57:04Z,141.66102,40.81316,555749.666999672,4518226.58194257,2018_bird_042_1_trip,K18F51,bird_042,17,2018,31717.5020916408,1,2409.39456208115,-2.04096168619466,8.03131520693718,20401.267513676707,Fast_Homing,Sea,Fast_Homing
2018-05-14T08:02:04Z,141.647890328699,40.7938846672255,554658.130046253,4516078.6226238,2018_bird_042_1_trip,K18F51,bird_042,17,2018,29358.0684411593,1,2241.28018464451,-2.10276284233721,7.47093394881502,19072.987185673526,Fast_Homing,Sea,Fast_Homing
2018-05-14T08:07:04Z,141.63425,40.77656,553521.287546433,4514147.06211564,2018_bird_042_1_trip,K18F51,bird_042,17,2018,27207.5361846844,1,2910.32461270278,-2.10904510962255,9.70108204234259,17724.327036611117,Fast_Homing,Sea,Fast_Homing
2018-05-14T08:12:04Z,141.616362995747,40.7541461675635,552029.358614834,4511648.23490785,2018_bird_042_1_trip,K18F51,bird_042,17,2018,24445.6553195693,1,3106.57441467175,-2.09655603904122,10.3552480489058,15958.399985161812,Fast_Homing,Sea,Fast_Homing
2018-05-14T08:17:04Z,141.597677495468,40.7300383343973,550470.261314439,4508961.22538018,2018_bird_042_1_trip,K18F51,bird_042,17,2018,21526.5750661847,1,3130.46377063086,-2.08444752574681,10.4348792354362,13942.535938822186,Fast_Homing,Sea,Fast_Homing
2018-05-14T08:22:04Z,141.57924999514,40.705570328879,548932.074915504,4506234.72835628,2018_bird_042_1_trip,K18F51,bird_042,17,2018,18631.0531392909,1,3474.00118385898,-1.98697055816056,11.5800039461966,11846.16383524218,Fast_Homing,Sea,Fast_Homing
2018-05-14T08:27:04Z,141.562384828076,40.6770290011619,547527.660569765,4503057.26009193,2018_bird_042_1_trip,K18F51,bird_042,17,2018,15376.6710192453,1,3462.29314329407,-2.15262514616961,11.540977144313599,9781.057999788876,Fast_Homing,Sea,Fast_Homing
2018-05-14T08:32:04Z,141.539661326985,40.6510788354157,545624.947821839,4500164.65607323,2018_bird_042_1_trip,K18F51,bird_042,17,2018,12581.6462312612,1,3531.34685793921,-2.2705215706461,11.7711561931307,7292.238532815094,NA,Sea,Fast_Homing
2018-05-14T08:37:04Z,141.512576322848,40.6268646714788,543350.73389726,4497463.10806212,2018_bird_042_1_trip,K18F51,bird_042,17,2018,10516.0232316445,1,2682.22882518693,-2.00326151153664,8.94076275062309,4415.606825943422,NA,Sea,Fast_Homing
2018-05-14T08:42:04Z,141.499121642489,40.6049845904449,542226.584164392,4495027.81776141,2018_bird_042_1_trip,K18F51,bird_042,17,2018,8880.02935907516,1,3092.24128669902,-1.28822696793585,10.3074709556634,2044.8667727064872,NA,Sea,Fast_Homing
2018-05-14T08:47:04Z,141.50910949712,40.5781883066707,543088.775341548,4492058.20793027,2018_bird_042_1_trip,K18F51,bird_042,17,2018,6015.6566899384,1,3194.08136957951,-0.86444964567937,10.6469378985984,929.867965524315,NA,Sea,Fast_Homing
2018-05-15T17:24:08Z,141.5485,40.5452,546445.424024574,4488416.46134797,2018_bird_042_2_trip,K18F51,bird_042,17,2018,1063.40571275622,1,2343.06417577996,3.03867497494763,7.81021391926654,1389.2373709247097,Fast_Outbound,Sea,Fast_Outbound
2018-05-15T17:29:08Z,141.520993771713,40.5474959030743,544114.757824451,4488657.17860001,2018_bird_042_2_trip,K18F51,bird_042,17,2018,3254.62450974758,0,501.059718925659,3.1326524768440702,1.67019906308553,317.9252814530532,Slow,Land,Slow
2018-05-15T17:34:08Z,141.515077047752,40.5475627873802,543613.718129432,4488661.65810278,2018_bird_042_2_trip,K18F51,bird_042,17,2018,3737.30244871439,0,769.001640051391,-0.266544996765286,2.5633388001713,714.1128486216746,Slow,Land,Slow
2018-05-15T17:39:08Z,141.523823666663,40.5456986666717,544355.563784041,4488459.1030556,2018_bird_042_2_trip,K18F51,bird_042,17,2018,2968.01656166936,0,13.4136531574325,0.81896465712284,0.0447121771914418,248.00511087869913,Slow,Land,Slow
2018-05-15T17:44:08Z,141.523932541062,40.5457864408357,544364.725011742,4488468.90091241,2018_bird_042_2_trip,K18F51,bird_042,17,2018,2961.73225074096,1,5023.74312363202,1.06858395482545,16.7458104121067,234.60943702719928,Fast_Outbound,Land,Fast_Outbound
2018-05-15T17:49:08Z,141.552816426664,40.5853215284746,546782.983655813,4492872.31096629,2018_bird_042_2_trip,K18F51,bird_042,17,2018,5203.34000460743,1,5534.31058252578,1.13092169684444,18.4477019417526,4362.049129767768,Fast_Outbound,Sea,Fast_Outbound
2018-05-15T17:54:08Z,141.581053331355,40.6302941668642,549139.637176328,4497879.78316372,2018_bird_042_2_trip,K18F51,bird_042,17,2018,10373.327508564,0,582.696881189892,1.3668637546368,1.94232293729964,9274.244735364631,Slow,Sea,Slow
2018-05-15T17:59:08Z,141.582493333341,40.6354275000028,549257.646094975,4498450.40523696,2018_bird_042_2_trip,K18F51,bird_042,17,2018,10956.1524856833,0,54.3926704652196,-0.745036442801708,0.181308901550732,9714.180407629068,Slow,Sea,Slow
2018-05-15T18:04:08Z,141.58296322579,40.6350929032487,549297.628145095,4498413.52708261,2018_bird_042_2_trip,K18F51,bird_042,17,2018,10927.4396711451,0,372.514332906554,1.42156232680978,1.24171444302185,9723.628984141627,Slow,Sea,Slow
2018-05-15T18:09:08Z,141.583647049196,40.6384080328239,549353.013833164,4498781.90101461,2018_bird_042_2_trip,K18F51,bird_042,17,2018,11299.7734565275,0,72.9075706102972,-0.608533041543619,0.243025235367657,9991.056904449735,Slow,Sea,Slow
2018-05-15T18:14:08Z,141.584351166668,40.6380290000004,549412.833584116,4498740.22234803,2018_bird_042_2_trip,K18F51,bird_042,17,2018,11270.3210647897,1,1278.47535408404,1.63044699681028,4.26158451361348,10013.371420648207,Fast_Outbound,Sea,Fast_Outbound
2018-05-15T18:19:08Z,141.58355,40.64953,549336.616890488,4500016.42383941,2018_bird_042_2_trip,K18F51,bird_042,17,2018,12511.9405730632,0,37.5965567030665,-0.823672218307374,0.125321855676888,10726.588396253745,Slow,Sea,Slow
2018-05-15T18:24:08Z,141.58385,40.64928,549362.164942063,4499988.84126997,2018_bird_042_2_trip,K18F51,bird_042,17,2018,12489.1042207349,0,37.3490100218151,-1.09431191446671,0.124496700072717,10730.2077481891,Slow,Sea,Slow
2018-05-15T18:29:08Z,141.58405,40.64898,549379.295365045,4499955.65245924,2018_bird_042_2_trip,K18F51,bird_042,17,2018,12459.3546337675,1,2964.78131519524,1.83306757034513,9.88260438398413,10723.714117925352,Fast_Outbound,Sea,Fast_Outbound
2018-05-15T18:34:08Z,141.57518,40.67482,548610.602300502,4502819.04890742,2018_bird_042_2_trip,K18F51,bird_042,17,2018,15199.0138439229,0,389.143528048008,1.63383469540751,1.29714509349336,10784.496848723413,Slow,Sea,Slow
2018-05-15T18:39:08Z,141.57492,40.67832,548586.087571121,4503207.41949522,2018_bird_042_2_trip,K18F51,bird_042,17,2018,15583.7725806667,1,2237.29183361257,1.51877260199473,7.45763944537523,10845.719959990292,Fast_Outbound,Sea,Fast_Outbound
2018-05-15T18:44:08Z,141.57647,40.69844,548702.42733089,4505441.68443229,2018_bird_042_2_trip,K18F51,bird_042,17,2018,17820.6463860829,1,3013.30792435353,1.45739886981935,10.0443597478451,11448.613615830787,Fast_Outbound,Sea,Fast_Outbound
2018-05-15T18:49:08Z,141.58074,40.72539,549043.396935082,4508435.63907056,2018_bird_042_2_trip,K18F51,bird_042,17,2018,20833.8999371499,1,3222.8293168785,1.3892844384788,10.742764389595,12436.513806823416,Fast_Outbound,Sea,Fast_Outbound
2018-05-15T18:54:08Z,141.58788,40.75391,549625.171867092,4511605.52341138,2018_bird_042_2_trip,K18F51,bird_042,17,2018,24045.6186230786,1,2686.01002642879,1.83281808133776,8.95336675476263,13567.503888373536,Fast_Outbound,Sea,Fast_Outbound
2018-05-15T18:59:08Z,141.579841147402,40.7773218033234,548929.404406604,4514199.85521418,2018_bird_042_2_trip,K18F51,bird_042,17,2018,26575.3501482735,1,2779.56614137802,1.58624370966335,9.26522047126006,13173.172826500562,Fast_Outbound,Sea,Fast_Outbound
2018-05-15T19:04:08Z,141.57955,40.80236,548886.469091806,4516979.08972984,2018_bird_042_2_trip,K18F51,bird_042,17,2018,29347.9373638039,1,2563.13762822743,1.36112832580432,8.54379209409142,13447.633638135369,Fast_Outbound,Sea,Fast_Outbound
2018-05-15T19:09:08Z,141.586072788926,40.824911311841,549419.948211287,4519486.09482164,2018_bird_042_2_trip,K18F51,bird_042,17,2018,31884.5086291506,1,2070.21638877257,1.6354021681442,6.90072129590856,14262.94638403,Fast_Outbound,Sea,Fast_Outbound
2018-05-15T19:14:08Z,141.584651310915,40.8435290165197,549286.293162475,4521551.99225962,2018_bird_042_2_trip,K18F51,bird_042,17,2018,33938.1482542916,1,1878.97944770215,1.00434904360719,6.26326482567382,14365.699321753102,Fast_Outbound,Sea,Fast_Outbound
2018-05-15T19:19:08Z,141.59674,40.85775,550294.624209514,4523137.49920204,2018_bird_042_2_trip,K18F51,bird_042,17,2018,35594.3324302473,1,2214.24792713012,2.31058759124259,7.38082642376706,15484.588259376758,Fast_Outbound,Sea,Fast_Outbound
2018-05-15T19:24:08Z,141.579158501434,40.8725725008695,548801.924945882,4524772.96329249,2018_bird_042_2_trip,K18F51,bird_042,17,2018,37131.073709449,1,1227.25194953059,-0.388422977019866,4.09083983176862,14068.592660968588,Fast_Middle,Sea,Fast_Middle
2018-05-15T19:29:08Z,141.592600002215,40.8683171670807,549937.755799312,4524308.16697149,2018_bird_042_2_trip,K18F51,bird_042,17,2018,36733.0650056824,1,2617.11291273835,-1.34044265607411,8.72370970912785,15181.016269663663,Fast_Middle,Sea,Fast_Middle
2018-05-15T19:34:08Z,141.599483602896,40.8453283615348,550535.299904561,4521760.18325091,2018_bird_042_2_trip,K18F51,bird_042,17,2018,34244.3310546943,1,1761.11384995527,-1.42871149379458,5.87037949985091,15629.005850877837,Fast_Middle,Sea,Fast_Middle
2018-05-15T19:39:08Z,141.60229967746,40.8296087096912,550784.686384758,4520016.81628553,2018_bird_042_2_trip,K18F51,bird_042,17,2018,32535.3368383823,0,79.9986513391524,-0.375225997526375,0.266662171130508,15677.85869783338,Slow,Sea,Slow
2018-05-15T19:44:08Z,141.60318,40.82934,550859.119115648,4519987.49815482,2018_bird_042_2_trip,K18F51,bird_042,17,2018,32514.4338222009,0,336.327912954775,0.759231159328961,1.12109304318258,15748.3873013771,Slow,Sea,Slow
2018-05-15T19:49:08Z,141.606092165649,40.8314103334197,551103.079769389,4520219.01416821,2018_bird_042_2_trip,K18F51,bird_042,17,2018,32772.609358132,1,1565.9932505413,2.18055689087874,5.21997750180432,16016.884618393433,Fast_Middle,Sea,Fast_Middle
2018-05-15T19:54:08Z,141.59556,40.84303,550206.280550275,4521502.79219472,2018_bird_042_2_trip,K18F51,bird_042,17,2018,33957.5414726721,1,3304.78929193502,-1.70379849820492,11.0159643064501,15273.122549864564,Fast_Homing,Sea,Fast_Homing
2018-05-15T19:59:08Z,141.5901,40.81355,549768.031144419,4518227.19000239,2018_bird_042_2_trip,K18F51,bird_042,17,2018,30655.232160082,1,3851.98600877936,-1.8122721608875,12.8399533625979,14464.891468573309,Fast_Homing,Sea,Fast_Homing
2018-05-15T20:04:08Z,141.578885721658,40.7799130345681,548846.883000583,4514486.96510154,2018_bird_042_2_trip,K18F51,bird_042,17,2018,26856.8535965221,1,3345.84997354911,-1.77475694719321,11.1528332451637,13124.060494966616,Fast_Homing,Sea,Fast_Homing
2018-05-15T20:09:08Z,141.570602165004,40.7504378334786,548169.18298181,4511210.46777512,2018_bird_042_2_trip,K18F51,bird_042,17,2018,23548.9598814197,1,3273.18086051163,-1.68020936566455,10.9106028683721,12077.439250800786,Fast_Homing,Sea,Fast_Homing
2018-05-15T20:14:08Z,141.566119997335,40.7211494918196,547811.768428611,4507956.85935019,2018_bird_042_2_trip,K18F51,bird_042,17,2018,20283.6440811232,1,3105.8655833484,-1.6409419762052,10.352885277828,11131.065754142386,Fast_Homing,Sea,Fast_Homing
2018-05-15T20:19:08Z,141.563307379742,40.6932524592482,547594.084088927,4504858.6317036,2018_bird_042_2_trip,K18F51,bird_042,17,2018,17179.7072725649,1,2821.31952206865,-1.41210287060879,9.40439840689552,10240.461327068218,Fast_Homing,Sea,Fast_Homing
2018-05-15T20:24:08Z,141.568370834146,40.6681306667316,548039.932177786,4502072.76319858,2018_bird_042_2_trip,K18F51,bird_042,17,2018,14412.0500708113,1,2832.47352497065,-1.57806095979959,9.44157841656882,10064.629134890873,Fast_Homing,Sea,Fast_Homing
2018-05-15T20:29:08Z,141.56791099925,40.6426166667567,548019.355478122,4499240.36441503,2018_bird_042_2_trip,K18F51,bird_042,17,2018,11582.8622960208,1,2843.56342641512,-1.61865274703069,9.47854475471706,9207.967576195915,Fast_Homing,Sea,Fast_Homing
2018-05-15T20:34:08Z,141.566086165635,40.6170380000898,547883.324649502,4496400.05658422,2018_bird_042_2_trip,K18F51,bird_042,17,2018,8739.08517157775,1,2746.77901844866,-1.62941446964547,9.15593006149552,7377.326650871378,Fast_Homing,Sea,Fast_Homing
2018-05-15T20:39:08Z,141.563976165606,40.5923456667587,547722.405756787,4493657.99530005,2018_bird_042_2_trip,K18F51,bird_042,17,2018,5991.88278489882,1,3015.83475334946,-1.66212421998256,10.0527825111649,5585.92561700035,NA,Sea,Fast_Homing
2018-05-20T23:05:12Z,141.56031,40.55355,547439.573531643,4489349.6153514,2018_bird_042_8_trip,K18F51,bird_042,17,2018,1675.20390393821,1,4541.98027444098,1.22467560178852,15.1399342481366,2746.097123772436,Fast_Outbound,Sea,Fast_Outbound
2018-05-20T23:10:12Z,141.57884,40.59195,548980.445569511,4493622.2372837,2018_bird_042_8_trip,K18F51,bird_042,17,2018,6190.58698553896,1,3147.50891358083,1.49371496291286,10.4916963786028,6564.713893068922,Fast_Outbound,Sea,Fast_Outbound
2018-05-20T23:15:12Z,141.581949344274,40.6202054098737,549222.81967049,4496760.40030627,2018_bird_042_8_trip,K18F51,bird_042,17,2018,9292.7579427517,1,2806.64448268556,1.47629636683201,9.35548160895186,8661.459999340383,Fast_Outbound,Sea,Fast_Outbound
2018-05-20T23:20:12Z,141.5853,40.64536,549487.652879881,4499554.52210451,2018_bird_042_8_trip,K18F51,bird_042,17,2018,12084.2177878333,1,2934.20538298571,1.08573875895796,9.78068460995236,10566.695811585078,Fast_Outbound,Sea,Fast_Outbound
2018-05-20T23:25:12Z,141.60169,40.66866,550855.753391129,4502150.26134809,2018_bird_042_8_trip,K18F51,bird_042,17,2018,14916.2414440374,1,2984.88580807103,1.28947358271169,9.94961936023677,12826.429142079318,Fast_Outbound,Sea,Fast_Outbound
2018-05-20T23:30:12Z,141.61173,40.69444,551684.437199331,4505017.80845899,2018_bird_042_8_trip,K18F51,bird_042,17,2018,17900.6946149587,1,3284.50614279819,1.25080409390674,10.9483538093273,14262.663056983069,Fast_Outbound,Sea,Fast_Outbound
2018-05-20T23:35:12Z,141.62422,40.72246,552717.608783897,4508135.5860455,2018_bird_042_8_trip,K18F51,bird_042,17,2018,21180.0067981434,1,3644.75073433709,1.24232871291378,12.149169114457,15952.602426305182,Fast_Outbound,Sea,Fast_Outbound
2018-05-20T23:40:12Z,141.638438330213,40.753460833774,553893.379661988,4511585.48035659,2018_bird_042_8_trip,K18F51,bird_042,17,2018,24819.3450468963,1,3005.01082870724,1.21966379187242,10.0167027623575,17801.12995549971,Fast_Outbound,Sea,Fast_Outbound
2018-05-20T23:45:12Z,141.65093,40.77881,554926.987573117,4514407.13674366,2018_bird_042_8_trip,K18F51,bird_042,17,2018,27817.1152883009,1,3305.51237008668,2.0350685201147,11.0183745669556,19149.08309819223,Fast_Outbound,Sea,Fast_Outbound
2018-05-20T23:50:12Z,141.633643505536,40.8055318341719,553446.871180969,4517362.75300672,2018_bird_042_8_trip,K18F51,bird_042,17,2018,30330.6871822797,1,3045.49256507698,2.10882019690399,10.1516418835899,18017.362622015982,Fast_Outbound,Sea,Fast_Outbound
2018-05-20T23:55:12Z,141.61536,40.82919,551886.238833508,4519977.9875354,2018_bird_042_8_trip,K18F51,bird_042,17,2018,32635.9839753617,1,2914.99263756197,1.16102966116327,9.71664212520656,16766.671655540453,Fast_Outbound,Sea,Fast_Outbound
2018-05-21T00:00:12Z,141.62936,40.8532,553047.558262016,4522651.65903019,2018_bird_042_8_trip,K18F51,bird_042,17,2018,35457.5673325975,1,3630.49678283578,0.581098184993358,12.1016559427859,18209.807542686223,Fast_Outbound,Sea,Fast_Outbound
2018-05-21T00:05:12Z,141.66554,40.87095,556082.146442826,4524644.5919099,2018_bird_042_8_trip,K18F51,bird_042,17,2018,38016.7174044121,1,2563.87324708699,-0.0234051299740687,8.54624415695662,21327.796357692485,Fast_Middle,Sea,Fast_Middle
2018-05-21T00:10:12Z,141.69595,40.87023,558645.317476948,4524584.58960188,2018_bird_042_8_trip,K18F51,bird_042,17,2018,38637.6134584834,1,3152.38603265672,-0.152757917866468,10.5079534421891,23882.8917444134,Fast_Middle,Sea,Fast_Middle
2018-05-21T00:15:12Z,141.732873606615,40.8656801692986,561760.994541728,4524104.90832552,2018_bird_042_8_trip,K18F51,bird_042,17,2018,39225.2898711841,1,1947.34896426907,-0.321861075225726,6.49116321423024,26970.5084415147,Fast_Middle,Sea,Fast_Middle
2018-05-21T00:20:12Z,141.75473,40.85999,563608.343908955,4523488.89833855,2018_bird_042_8_trip,K18F51,bird_042,17,2018,39386.2582392274,1,2680.95698189116,-2.42269763453391,8.93652327297053,28786.245606023607,Fast_Middle,Sea,Fast_Middle
2018-05-21T00:25:12Z,141.730618849895,40.8442404921184,561590.83295591,4521723.34463133,2018_bird_042_8_trip,K18F51,bird_042,17,2018,36956.7153325435,1,3302.55857314294,-2.07896657710174,11.0085285771431,26596.897666199107,Fast_Middle,Sea,Fast_Middle
2018-05-21T00:30:12Z,141.71128,40.81837,559983.875568906,4518838.10961743,2018_bird_042_8_trip,K18F51,bird_042,17,2018,33674.3818067224,1,2950.79016023212,-2.67955491096021,9.83596720077374,24673.202652088217,Fast_Middle,Sea,Fast_Middle
2018-05-21T00:35:12Z,141.67984,40.80671,557342.487602073,4517522.72671562,2018_bird_042_8_trip,K18F51,bird_042,17,2018,31515.124195936,0,670.414658948989,-2.98526078518986,2.23471552982996,21901.798181958955,Slow,Sea,Slow
2018-05-21T00:40:12Z,141.671979672237,40.8058157378117,556680.248622701,4517418.34592651,2018_bird_042_8_trip,K18F51,bird_042,17,2018,31209.0596200506,1,1874.03391618543,-3.05068784862107,6.24677972061809,21232.64337845319,Fast_Middle,Sea,Fast_Middle
2018-05-21T00:45:12Z,141.64984,40.80441,554813.952587335,4517248.22177364,2018_bird_042_8_trip,K18F51,bird_042,17,2018,30529.7515921444,1,3013.40836675754,-2.39651997647397,10.0446945558585,19361.062978900285,Fast_Middle,Sea,Fast_Middle
2018-05-21T00:50:12Z,141.62341,40.78615,552598.981037625,4515205.05486445,2018_bird_042_8_trip,K18F51,bird_042,17,2018,28046.7002231307,1,958.800755556732,-1.70586785454628,3.19600251852244,16929.73107412593,Fast_Middle,Sea,Fast_Middle
2018-05-21T00:55:12Z,141.6218,40.7776,552469.867789203,4514254.98715216,2018_bird_042_8_trip,K18F51,bird_042,17,2018,27089.2145012429,0,481.331466313256,2.28369045384598,1.60443822104419,16693.181957424385,Slow,Sea,Slow
2018-05-21T01:00:12Z,141.6181,40.7809,552155.064575657,4514619.10103161,2018_bird_042_8_trip,K18F51,bird_042,17,2018,27388.1464411689,1,2361.77628903458,-1.75379425061029,7.87258763011525,16422.305563714697,Fast_Middle,Sea,Fast_Middle
2018-05-21T01:05:12Z,141.61281449966,40.7600073333712,551725.272652774,4512296.76037131,2018_bird_042_8_trip,K18F51,bird_042,17,2018,25025.5077295403,1,2914.00174438987,-2.5555102056992,9.71333914796622,15730.656893366207,Fast_Middle,Sea,Fast_Middle
2018-05-21T01:10:12Z,141.583926832403,40.7456376721846,549297.577380804,4510685.0216106,2018_bird_042_8_trip,K18F51,bird_042,17,2018,23097.8026948359,1,1067.79422818591,-2.15329175270578,3.55931409395305,13137.273908818115,Fast_Middle,Sea,Fast_Middle
2018-05-21T01:15:12Z,141.5769,40.73764,548710.173568959,4509793.3146657,2018_bird_042_8_trip,K18F51,bird_042,17,2018,22162.2902411443,1,3521.48028365251,2.13926912134585,11.738267612175,12408.77284715773,Fast_Middle,Sea,Fast_Middle
2018-05-21T01:20:12Z,141.554670491786,40.7644831148247,546814.399926795,4512760.95104603,2018_bird_042_8_trip,K18F51,bird_042,17,2018,25084.2204513257,1,3136.37854691523,0.787306704707716,10.4545951563841,10909.927870422747,Fast_Middle,Sea,Fast_Middle
2018-05-21T01:25:12Z,141.58107,40.78437,549027.917752985,4514982.93421939,2018_bird_042_8_trip,K18F51,bird_042,17,2018,27363.476968129,1,1927.64880724158,-0.462981704101747,6.42549602413861,13360.302188604128,Fast_Middle,Sea,Fast_Middle
2018-05-21T01:30:12Z,141.60144,40.77651,550752.632935709,4514122.01177077,2018_bird_042_8_trip,K18F51,bird_042,17,2018,26677.4183421577,1,1671.08983570811,0.308448098776048,5.57029945236036,14973.754625036454,Fast_Middle,Sea,Fast_Middle
2018-05-21T01:35:12Z,141.62035,40.78098,552344.857096634,4514629.32179469,2018_bird_042_8_trip,K18F51,bird_042,17,2018,27433.0413665192,1,2889.47156077963,0.820974171436892,9.63157186926542,16611.84005773951,Fast_Middle,Sea,Fast_Middle
2018-05-21T01:40:12Z,141.64387,40.7999,554314.056879194,4516743.86621771,2018_bird_042_8_trip,K18F51,bird_042,17,2018,29918.8165901331,0,589.113892067033,-1.1389702841276,1.96371297355678,18807.409779070735,Slow,Sea,Slow
2018-05-21T01:45:12Z,141.64674592986,40.7950640681661,554560.618667389,4516208.83120724,2018_bird_042_8_trip,K18F51,bird_042,17,2018,29459.6293978596,1,2665.31944189441,-1.98137736458933,8.88439813964805,18991.067951899873,Fast_Homing,Sea,Fast_Homing
2018-05-21T01:50:12Z,141.633926848098,40.7731202263196,553496.777354829,4513765.02896708,2018_bird_042_8_trip,K18F51,bird_042,17,2018,26830.1563088412,1,2817.50817801618,-2.295205570489,9.3916939267206,17656.406224293525,Fast_Homing,Sea,Fast_Homing
2018-05-21T01:55:12Z,141.611628497812,40.7542325002997,551629.633995836,4511655.02232961,2018_bird_042_8_trip,K18F51,bird_042,17,2018,24376.8087433949,1,2716.98264367243,-1.68389574879211,9.05660881224143,15562.460792837188,Fast_Homing,Sea,Fast_Homing
2018-05-21T02:00:12Z,141.607774753705,40.7299331147983,551322.999524228,4508955.39828415,2018_bird_042_8_trip,K18F51,bird_042,17,2018,21666.0665288392,1,3038.39647501965,-1.90519581371043,10.1279882500655,14772.549574387464,Fast_Homing,Sea,Fast_Homing
2018-05-21T02:05:12Z,141.595735759089,40.7041403395752,550325.791785465,4506085.30597463,2018_bird_042_8_trip,K18F51,bird_042,17,2018,18663.0348946395,1,3190.4856036371,-2.08025099326428,10.6349520121237,13172.071447189455,Fast_Homing,Sea,Fast_Homing
2018-05-21T02:10:12Z,141.57710081623,40.6791429513206,548769.788008429,4503299.97823218,2018_bird_042_8_trip,K18F51,bird_042,17,2018,15693.0878776463,1,3096.86653726632,-2.063531831702,10.3228884575544,11045.05210108446,Fast_Homing,Sea,Fast_Homing
2018-05-21T02:15:12Z,141.559561328331,40.6546493346984,547304.853229025,4500571.50825035,2018_bird_042_8_trip,K18F51,bird_042,17,2018,12887.2058201641,1,3032.4193382793,-1.97509656153656,10.108064460931,9018.97774643505,Fast_Homing,Sea,Fast_Homing
2018-05-21T02:20:12Z,141.545247162812,40.6296020006361,546111.973731278,4497783.56894918,2018_bird_042_8_trip,K18F51,bird_042,17,2018,10158.7110123292,1,3701.60343028239,-2.43535695683301,12.3386781009413,6807.057886658093,NA,Sea,Fast_Homing
2018-05-21T02:25:12Z,141.51178315993,40.6081138386244,543295.756095549,4495381.32287866,2018_bird_042_8_trip,K18F51,bird_042,17,2018,8638.78361118366,1,4239.87968936955,-2.97807996331495,14.1329322978985,3109.7649059879836,NA,Sea,Fast_Homing
2018-05-21T02:30:12Z,141.462292372559,40.6021047474683,539112.429794136,4494691.13389278,2018_bird_042_8_trip,K18F51,bird_042,17,2018,10717.1917283224,0,33.6895654827453,-1.58591461766046,0.112298551609151,637.9469478299316,NA,Land,Slow
2018-05-21T02:35:12Z,141.462284262293,40.6018013114778,539111.920484888,4494657.44817732,2018_bird_042_8_trip,K18F51,bird_042,17,2018,10695.5844074759,0,9.67446677105377,-0.953058349636462,0.0322482225701792,658.3222744024101,NA,Land,Slow
2018-05-21T02:40:12Z,141.46235,40.60173,539117.523865069,4494649.56164209,2018_bird_042_8_trip,K18F51,bird_042,17,2018,10686.1912892454,0,3.56168818571531,2.82990363973063,0.0118722939523843,658.7522265816781,NA,Land,Slow
2018-05-21T02:45:12Z,141.46231,40.60174,539114.133789835,4494650.65389327,2018_bird_042_8_trip,K18F51,bird_042,17,2018,10689.4759841905,0,9.34359943524512,2.15041751913134,0.031145331450817,660.7400252795537,NA,Land,Slow
2018-05-21T02:50:12Z,141.46225,40.6018106666667,539109.016234655,4494658.47140435,2018_bird_042_8_trip,K18F51,bird_042,17,2018,10698.455154333,0,13.9474499201571,0.781163678251546,0.0464914997338569,660.0083117487864,NA,Land,Slow
2018-05-21T02:55:12Z,141.462367666664,40.6018986666681,539118.920244446,4494668.29189055,2018_bird_042_8_trip,K18F51,bird_042,17,2018,10697.3509820589,0,16.0154436885878,-2.17057510754573,0.0533848122952928,646.1766998401091,NA,Land,Slow
2018-05-21T03:00:12Z,141.46226,40.60178,539109.880169032,4494655.07177433,2018_bird_042_8_trip,K18F51,bird_042,17,2018,10695.5835581913,0,21.6930730743554,1.81224837071503,0.0723102435811845,661.3893125600248,NA,Land,Slow
2018-05-21T03:05:12Z,141.4622,40.60197,539104.693077573,4494676.13557032,2018_bird_042_8_trip,K18F51,bird_042,17,2018,10713.256137061,0,15.5635591856,-1.51115713870272,0.0518785306186667,652.9561975269264,NA,Land,Slow
2018-05-21T03:10:12Z,141.46221,40.60183,539105.620725463,4494660.59968142,2018_bird_042_8_trip,K18F51,bird_042,17,2018,10702.4191313571,0,9.18409973443288,-1.83906941634015,0.0306136657814429,661.4311558922211,NA,Land,Slow
2018-05-21T03:15:12Z,141.462180677966,40.6017503389832,539103.186326511,4494651.74409619,2018_bird_042_8_trip,K18F51,bird_042,17,2018,10698.4970754313,0,5.61412447830248,0.216672539832376,0.0187137482610083,668.7280660063076,NA,Land,Slow
2018-05-21T03:20:12Z,141.462245555558,40.6017609523835,539108.66918263,4494652.95102719,2018_bird_042_8_trip,K18F51,bird_042,17,2018,10695.1206614974,0,9.49549186140254,-0.61416254858604,0.0316516395380085,663.6438586369555,NA,Land,Slow
2018-05-21T03:25:12Z,141.462336935488,40.6017112903251,539116.42943351,4494647.47901915,2018_bird_042_8_trip,K18F51,bird_042,17,2018,10685.6645890521,1,1430.4901594898,-1.08545571376637,4.76830053163266,660.9045300316321,NA,Land,Fast_Homing
2018-05-21T03:30:12Z,141.470144432976,40.5902809845874,539783.766917472,4493382.18744054,2018_bird_042_8_trip,K18F51,bird_042,17,2018,9369.35970120593,1,2322.13304335531,-1.14069193068668,7.74044347785102,897.0870578345764,NA,Land,Fast_Homing
2018-05-21T03:35:12Z,141.48145,40.57122,540752.016730307,4491271.54910796,2018_bird_042_8_trip,K18F51,bird_042,17,2018,7397.25238067801,1,2532.8021435048,-0.577832697723866,8.44267381168268,1406.351101664121,NA,Land,Fast_Homing
2018-05-21T03:40:12Z,141.50642,40.55865,542873.61443891,4489888.10779695,2018_bird_042_8_trip,K18F51,bird_042,17,2018,4873.49666485212,1,2037.27093515164,-1.16858756038285,6.79090311717213,557.9619569282947,NA,Land,Fast_Homing
2018-05-21T03:45:12Z,141.51571,40.54172,543671.107812186,4488013.41390653,2018_bird_042_8_trip,K18F51,bird_042,17,2018,3565.86951728214,0,15.1939767189843,-1.47565112763333,0.050646589063281,1061.710899516485,NA,Land,Slow
2018-05-21T03:50:12Z,141.515726000013,40.5415836666708,543672.551265988,4487998.28865051,2018_bird_042_8_trip,K18F51,bird_042,17,2018,3563.0873172779,0,39.6631933833781,-0.561517629253508,0.13221064461126,1069.6580090589227,NA,Land,Slow
2018-05-21T03:55:12Z,141.516120983605,40.5413916393445,543706.12409638,4487977.16913421,2018_bird_042_8_trip,K18F51,bird_042,17,2018,3527.84262006158,0,11.9903035446015,0.815295202228968,0.0399676784820051,1055.7557659368042,NA,Land,Slow
2018-05-21T04:00:12Z,141.516218666666,40.5414698333338,543714.345290419,4487985.89721233,2018_bird_042_8_trip,K18F51,bird_042,17,2018,3520.37078881064,0,4.10608195304826,-2.19751100929437,0.0136869398434942,1043.890257617465,NA,Land,Slow
2018-05-21T04:05:12Z,141.51619,40.54144,543711.937126912,4487982.57145564,2018_bird_042_8_trip,K18F51,bird_042,17,2018,3522.4927106205,0,12.318796160232,2.00428100293177,0.04106265386744,1047.8421611999806,NA,Land,Slow
2018-05-21T04:10:12Z,141.516129672131,40.5415409836066,543706.762792543,4487993.75085646,2018_bird_042_8_trip,K18F51,bird_042,17,2018,3528.59849850348,0,10.6612564816323,-1.23886392991317,0.035537521605441,1045.0447322163143,NA,Land,Slow
2018-05-21T04:15:12Z,141.51617,40.54145,543710.236982073,4487983.67155108,2018_bird_042_8_trip,K18F51,bird_042,17,2018,3524.27935406857,0,7.46473353745584,0.869641729307012,0.0248824451248528,1048.497067065475,NA,Land,Slow
2018-05-21T04:20:12Z,141.516227258067,40.5415011290342,543715.052484235,4487989.37533805,2018_bird_042_8_trip,K18F51,bird_042,17,2018,3519.96079312501,0,12.7769366531247,1.97053183503234,0.042589788843749,1041.18405795843,NA,Land,Slow
2018-05-21T04:25:12Z,141.516169354837,40.541607419355,543710.080023546,4488001.14499161,2018_bird_042_8_trip,K18F51,bird_042,17,2018,3525.93899791554,0,16.0746367985323,-2.8021301754539,0.0535821226617742,1037.9076587602606,NA,Land,Slow
2018-05-21T04:30:12Z,141.51599,40.54156,543694.922705412,4487995.79245434,2018_bird_042_8_trip,K18F51,bird_042,17,2018,3540.57524766027,0,11.9075460867247,0.0992110792240004,0.0396918202890824,1053.2157380961708,NA,Land,Slow
2018-05-21T04:35:12Z,141.51613,40.54157,543706.771697526,4487996.9718778,2018_bird_042_8_trip,K18F51,bird_042,17,2018,3528.86913533815,1,1570.53197982266,-0.258631195316019,5.23510659940885,1043.0735515550618,NA,Land,Fast_Homing
2018-05-21T19:04:13Z,141.56339,40.54784,547704.400056529,4488717.45851972,2018_bird_042_9_trip,K18F51,bird_042,17,2018,1136.53109659096,1,4410.38519040159,1.17954544613749,14.7012839680053,2572.8333366804263,Fast_Outbound,Sea,Fast_Outbound
2018-05-21T19:09:13Z,141.583570993512,40.5844698344012,549386.278697899,4492794.5631006,2018_bird_042_9_trip,K18F51,bird_042,17,2018,5547.49638924195,1,4407.4793963937,1.26715740603672,14.691597987979,6385.122535912107,Fast_Outbound,Sea,Fast_Outbound
2018-05-21T19:14:13Z,141.599480489171,40.6222780334852,550704.091396455,4497000.42143406,2018_bird_042_9_trip,K18F51,bird_042,17,2018,9944.9266651139,1,3697.66245158944,1.2217093530935,12.3255415052981,9985.270845176685,Fast_Outbound,Sea,Fast_Outbound
2018-05-21T19:19:13Z,141.61472,40.6535,551968.839834259,4500475.06083909,2018_bird_042_9_trip,K18F51,bird_042,17,2018,13643.8423900807,1,4493.62335400678,1.15824483924882,14.9787445133559,13098.895690378364,Fast_Outbound,Sea,Fast_Outbound
2018-05-21T19:24:13Z,141.636382995457,40.69046783391,553770.549356888,4504591.67275227,2018_bird_042_9_trip,K18F51,bird_042,17,2018,18133.6178313362,1,3632.75093727318,1.47820862205073,12.1091697909106,16202.798328526776,Fast_Outbound,Sea,Fast_Outbound
2018-05-21T19:29:13Z,141.64067,40.72303,554106.417077656,4508208.86396181,2018_bird_042_9_trip,K18F51,bird_042,17,2018,21651.9111379361,1,2573.67755670265,2.06761531821986,8.57892518900883,17322.505202065917,Fast_Outbound,Sea,Fast_Outbound
2018-05-21T19:34:13Z,141.626336724008,40.7434908210568,552879.721231686,4510471.39207597,2018_bird_042_9_trip,K18F51,bird_042,17,2018,23482.9666568454,1,1229.05096849975,2.82608938010432,4.09683656166584,16621.875796440043,Slow,Sea,Slow
2018-05-21T19:39:13Z,141.612529999992,40.7470005001023,551711.335805914,4510852.76037567,2018_bird_042_9_trip,K18F51,bird_042,17,2018,23603.3589173675,0,578.151372438619,-3.12921329764746,1.92717124146206,15551.920562545189,Slow,Sea,Slow
2018-05-21T19:44:13Z,141.605681999996,40.7469721666677,551133.22873331106,4510845.60341684,2018_bird_042_9_trip,K18F51,bird_042,17,2018,23493.1028030269,0,291.193922320966,-2.96920799041213,0.970646407736554,14977.3805264033,Slow,Sea,Slow
2018-05-21T19:49:13Z,141.60228,40.74654,550846.350735288,4510795.65429626,2018_bird_042_9_trip,K18F51,bird_042,17,2018,23397.6399079618,0,150.328002398114,-0.0190372691013347,0.501093341327047,14686.962614172868,Slow,Sea,Slow
2018-05-21T19:54:13Z,141.604059999913,40.7465049181375,550996.651497751,4510792.79263448,2018_bird_042_9_trip,K18F51,bird_042,17,2018,23418.5899220805,1,881.065059340372,0.86643224084775,2.93688353113457,14835.78269791776,Slow,Sea,Fast_Outbound
2018-05-21T19:59:13Z,141.610872999202,40.7525173334052,551567.184629831,4511464.18490729,2018_bird_042_9_trip,K18F51,bird_042,17,2018,24177.7643327437,1,2098.73124147248,1.3721613778618,6.99577080490827,15478.701678596197,Fast_Outbound,Sea,Fast_Outbound
2018-05-21T20:04:13Z,141.615949835054,40.7710250820957,551981.330004946,4513521.64849925,2018_bird_042_9_trip,K18F51,bird_042,17,2018,26276.9588329149,1,1923.1068756791,1.35484559750872,6.41035625226368,16124.631661584728,Fast_Outbound,Sea,Fast_Outbound
2018-05-21T20:09:13Z,141.62099,40.78792,552393.405984247,4515400.08759663,2018_bird_042_9_trip,K18F51,bird_042,17,2018,28199.7511294219,1,1910.75995599075,1.3572001296646,6.36919985330251,16747.98840707374,Fast_Outbound,Sea,Fast_Outbound
2018-05-21T20:14:13Z,141.625948359729,40.8047150820772,552798.440732749,4517267.42539733,2018_bird_042_9_trip,K18F51,bird_042,17,2018,30110.4538891081,1,1891.18787085374,1.25171907555466,6.30395956951246,17362.979971194516,Fast_Outbound,Sea,Fast_Outbound
2018-05-21T20:19:13Z,141.633134916365,40.8208526232945,553391.688441293,4519063.1560896,2018_bird_042_9_trip,K18F51,bird_042,17,2018,31986.6759514321,1,1897.93458123833,1.23518253482211,6.32644860412777,18156.47811537689,Fast_Outbound,Sea,Fast_Outbound
2018-05-21T20:24:13Z,141.640702257142,40.836954354945,554016.770878956,4520855.20174214,2018_bird_042_9_trip,K18F51,bird_042,17,2018,33867.4037985383,1,1782.69762198655,1.3459983616587201,5.94232540662185,18981.114826139776,Fast_Outbound,Sea,Fast_Outbound
2018-05-21T20:29:13Z,141.64556725894,40.8525824194944,554414.150963325,4522593.04519884,2018_bird_042_9_trip,K18F51,bird_042,17,2018,35650.3133287313,0,382.243973843953,2.13254005522663,1.27414657947984,19570.970250429134,Slow,Sea,Slow
2018-05-21T20:34:13Z,141.64318,40.85551,554210.543828469,4522916.54881578,2018_bird_042_9_trip,K18F51,bird_042,17,2018,35927.1429255452,1,1382.38618792377,-3.09819830899084,4.60795395974591,19382.309044277248,Slow,Sea,Slow
2018-05-21T20:39:13Z,141.62679,40.85506,552829.459000701,4522856.57989824,2018_bird_042_9_trip,K18F51,bird_042,17,2018,35624.7831548797,0,441.925925423877,-1.2873805696484,1.47308641807959,18001.393892000488,Slow,Sea,Slow
2018-05-21T20:44:13Z,141.62822,40.85123,552953.037735525,4522432.2842232,2018_bird_042_9_trip,K18F51,bird_042,17,2018,35225.6017716907,1,1275.9596646121,2.89775965147182,4.25319888204032,18105.064344889313,Slow,Sea,Slow
2018-05-21T20:49:13Z,141.613556558579,40.8540839366897,551714.821306106,4522740.33152417,2018_bird_042_9_trip,K18F51,bird_042,17,2018,35350.9429940087,1,1536.63880023967,2.78294461655759,5.12212933413224,16883.846422166618,Slow,Sea,Slow
2018-05-21T20:54:13Z,141.59653000004,40.8590321312513,550275.955406124,4523279.70497946,2018_bird_042_9_trip,K18F51,bird_042,17,2018,35734.459561442,0,164.890129540247,2.54591094005929,0.549633765134155,15472.35780056887,Slow,Sea,Slow
2018-05-21T20:59:13Z,141.594918064561,40.8598738709848,550139.464930171,4523372.22040949,2018_bird_042_9_trip,K18F51,bird_042,17,2018,35815.2847333865,0,221.24483765063,-0.63548187861503,0.737482792168765,15340.18898952188,Slow,Sea,Slow
2018-05-21T21:04:13Z,141.59702,40.85868,550317.51962575,4523240.89713063,2018_bird_042_9_trip,K18F51,bird_042,17,2018,35699.3628262664,0,741.820663401005,1.01434192328041,2.47273554467001,15511.968606098391,Slow,Sea,Slow
2018-05-21T21:09:13Z,141.60172,40.86433,550709.333603705,4523870.80164985,2018_bird_042_9_trip,K18F51,bird_042,17,2018,36362.6779266647,0,615.331476146788,1.82815866687617,2.05110492048929,15931.433480987189,Slow,Sea,Slow
2018-05-21T21:14:13Z,141.59991,40.8697,550552.712881608,4524465.86700336,2018_bird_042_9_trip,K18F51,bird_042,17,2018,36940.7976519859,0,307.249005807478,-1.21399329715228,1.02416335269159,15801.817472686143,Slow,Sea,Slow
2018-05-21T21:19:13Z,141.60116,40.8671,550660.028938405,4524177.96907783,2018_bird_042_9_trip,K18F51,bird_042,17,2018,36663.892616538,1,1222.31340974929,-1.35373625840581,4.07437803249762,15895.972159808827,Fast_Middle,Sea,Fast_Middle
2018-05-21T21:24:13Z,141.604185833339,40.8563315000044,550923.265880503,4522984.33748309,2018_bird_042_9_trip,K18F51,bird_042,17,2018,35501.7644599474,0,116.690096579292,-1.13793972378133,0.388966988597641,16104.90926493818,Slow,Sea,Slow
2018-05-21T21:29:13Z,141.604757868861,40.8553742622963,550972.213367985,4522878.40957312,2018_bird_042_9_trip,K18F51,bird_042,17,2018,35401.5333034015,0,121.117918114992,-0.999353764172254,0.403726393716641,16149.095522791598,Slow,Sea,Slow
2018-05-21T21:34:13Z,141.605526666674,40.8544525000028,551037.719507311,4522776.53467043,2018_bird_042_9_trip,K18F51,bird_042,17,2018,35307.2216901495,1,2765.81918651346,-1.70356017366531,9.2193972883782,16209.774567914274,Fast_Homing,Sea,Fast_Homing
2018-05-21T21:39:13Z,141.60096,40.82978,550671.596490228,4520035.05519598,2018_bird_042_9_trip,K18F51,bird_042,17,2018,32541.2795054891,1,3083.17112049114,-1.77397086382869,10.2772370683038,15567.694812286072,Fast_Homing,Sea,Fast_Homing
2018-05-21T21:44:13Z,141.593339671493,40.8026161297938,550049.475509827,4517015.30195374,2018_bird_042_9_trip,K18F51,bird_042,17,2018,29472.9544181818,1,3559.62071227862,-1.76579499430594,11.8654023742621,14606.015204633164,Fast_Homing,Sea,Fast_Homing
2018-05-21T21:49:13Z,141.584887209712,40.7712001643694,549359.744791891,4513523.14343042,2018_bird_042_9_trip,K18F51,bird_042,17,2018,25931.7855375765,1,3455.61872824609,-1.76049383225751,11.5187290941536,13523.025215448872,Fast_Homing,Sea,Fast_Homing
2018-05-21T21:54:13Z,141.57690216352,40.7406686670123,548708.146981968,4510129.51394429,2018_bird_042_9_trip,K18F51,bird_042,17,2018,22497.7309462745,1,3921.24365304697,-1.66678499130352,13.0708121768232,12480.36320628094,Fast_Homing,Sea,Fast_Homing
2018-05-21T21:59:13Z,141.57215,40.70553,548332.329780382,4506226.32124888,2018_bird_042_9_trip,K18F51,bird_042,17,2018,18577.1439419791,1,3874.25944445739,-1.64984591869195,12.9141981481913,11259.685941273236,Fast_Homing,Sea,Fast_Homing
2018-05-21T22:04:13Z,141.568232903458,40.6707564516811,548026.390012843,4502364.16031209,2018_bird_042_9_trip,K18F51,bird_042,17,2018,14702.3449083066,1,3416.36774102085,-1.54506293624083,11.3878924700695,10115.317995695805,Fast_Homing,Sea,Fast_Homing
2018-05-21T22:09:13Z,141.569011474558,40.6399857377855,548114.295035557,4498948.92368063,2018_bird_042_9_trip,K18F51,bird_042,17,2018,11299.1398853246,1,3550.54264322034,-1.61743312649626,11.8351421440678,9106.797528192692,Fast_Homing,Sea,Fast_Homing
2018-05-21T22:14:13Z,141.56678386818,40.6080454841386,547948.769107606,4495402.24153693,2018_bird_042_9_trip,K18F51,bird_042,17,2018,7750.01917532995,1,3659.9820399106,-1.76026181668975,12.1999401330353,6824.132653480998,NA,Sea,Fast_Homing
2018-06-01T10:34:21Z,141.56526,40.55137,547860.227753711,4489110.30818763,2018_bird_042_22_trip,K18F51,bird_042,17,2018,1558.72278856783,1,4119.60876189099,1.15988139571808,13.7320292063033,2935.2492764815393,Fast_Outbound,Sea,Fast_Outbound
2018-06-01T10:39:21Z,141.584990476361,40.58529524982741,549505.798319419,4492886.98316231,2018_bird_042_22_trip,K18F51,bird_042,17,2018,5679.77979466364,1,3897.19421975475,0.964073004037198,12.9906473991825,6536.257511099606,Fast_Outbound,Sea,Fast_Outbound
2018-06-01T10:44:21Z,141.61150949205,40.6140006692948,551727.895326916,4496088.60894865,2018_bird_042_22_trip,K18F51,bird_042,17,2018,9535.59190819033,1,3985.63996187317,0.833197536573119,13.2854665395772,10246.322971757489,Fast_Outbound,Sea,Fast_Outbound
2018-06-01T10:49:21Z,141.643449321549,40.6404003389681,554408.28902417,4499038.32343202,2018_bird_042_22_trip,K18F51,bird_042,17,2018,13438.3909942308,1,3359.11859720912,0.6120196694139,11.1970619906971,14167.838329561,Fast_Outbound,Sea,Fast_Outbound
2018-06-01T10:54:21Z,141.676137959631,40.6575993250373,557157.691801374,4500968.20998796,2018_bird_042_22_trip,K18F51,bird_042,17,2018,16591.2403439527,1,3358.11717737128,0.765371023749055,11.1937239245709,17525.433396379136,Fast_Outbound,Sea,Fast_Outbound
2018-06-01T10:59:21Z,141.705002831492,40.678385501772,559579.31526022,4503294.72901873,2018_bird_042_22_trip,K18F51,bird_042,17,2018,19913.490465098,1,3057.18702206806,0.667220813003925,10.1906234068935,20862.949415762047,Fast_Outbound,Sea,Fast_Outbound
2018-06-01T11:04:21Z,141.733605159127,40.6952498353023,561980.871627626,4505186.53225958,2018_bird_042_22_trip,K18F51,bird_042,17,2018,22899.529486807,1,2618.39230704604,0.961776164579996,8.72797435682014,23920.739074428227,Fast_Outbound,Sea,Fast_Outbound
2018-06-01T11:09:21Z,141.75155016122,40.7144815010251,563478.759769665,4507334.1610421,2018_bird_042_22_trip,K18F51,bird_042,17,2018,25508.9626350041,1,2403.13763736252,0.885782857604531,8.0104587912084,26267.10660057213,Fast_Outbound,Sea,Fast_Outbound
2018-06-01T11:14:21Z,141.769742661547,40.7311266694235,564999.185162288,4509195.17612253,2018_bird_042_22_trip,K18F51,bird_042,17,2018,27912.8959943287,1,2149.50136900771,0.578463933010075,7.16500456335904,28156.84917845473,Fast_Middle,Sea,Fast_Outbound
2018-06-01T11:19:21Z,141.791179833431,40.7415686666911,566798.970104959,4510370.39112222,2018_bird_042_22_trip,K18F51,bird_042,17,2018,29972.9198680249,0,569.327329455728,0.341616568194075,1.89775776485243,30168.629154063885,Slow,Sea,Slow
2018-06-01T11:24:21Z,141.797553333199,40.7432430000249,567335.398472829,4510561.12185968,2018_bird_042_22_trip,K18F51,bird_042,17,2018,30469.2846599068,0,199.476792238228,-0.493555450203587,0.664922640794094,30733.30247661511,Slow,Sea,Slow
2018-06-01T11:29:21Z,141.799623666675,40.7423773333367,567511.068507491,4510466.61773509,2018_bird_042_22_trip,K18F51,bird_042,17,2018,30514.9625937323,0,595.49667725571,0.782110477472447,1.9849889241857,30883.850879288828,Slow,Sea,Slow
2018-06-01T11:34:21Z,141.804672542393,40.7461230508613,567933.53034589,4510886.31082262,2018_bird_042_22_trip,K18F51,bird_042,17,2018,31109.5775551144,0,323.350587343073,0.639142076458435,1.07783529114358,31387.56257483494,Slow,Sea,Slow
2018-06-01T11:39:21Z,141.807767333281,40.7478390000045,568193.054052875,4511079.19173885,2018_bird_042_22_trip,K18F51,bird_042,17,2018,31426.4783381517,0,166.833164952111,0.246686905448383,0.556110549840371,31682.778257546102,Slow,Sea,Slow
2018-06-01T11:44:21Z,141.809687966153,40.7481925423886,568354.836639928,4511119.93114796,2018_bird_042_22_trip,K18F51,bird_042,17,2018,31564.9968469886,0,753.703297948569,-2.13013826946742,2.51234432649523,31849.40507655528,Slow,Sea,Fast_Middle
2018-06-01T11:49:21Z,141.804881636327,40.7424711482016,567954.900158957,4510481.08885715,2018_bird_042_22_trip,K18F51,bird_042,17,2018,30822.7698351309,1,2559.9653350507,-2.08356725903134,8.53321778350232,31319.66777278604,Fast_Homing,Sea,Fast_Homing
2018-06-01T11:54:21Z,141.78977,40.72248,566698.99733035,4508250.36462459,2018_bird_042_22_trip,K18F51,bird_042,17,2018,28332.4640405709,1,2233.50490822451,-2.17199581723801,7.44501636074836,29531.993533054258,Fast_Homing,Sea,Fast_Homing
2018-06-01T11:59:21Z,141.77462,40.70599,565435.655372341,4506408.48751897,2018_bird_042_22_trip,K18F51,bird_042,17,2018,26128.0562102833,1,2361.98201035866,-2.07298776429582,7.87327336786221,27316.30773426391,Fast_Homing,Sea,Fast_Homing
2018-06-01T12:04:21Z,141.76095,40.68743,564298.721110939,4504338.13984225,2018_bird_042_22_trip,K18F51,bird_042,17,2018,23858.8619506382,1,2676.06905918478,-1.91718318801585,8.92023019728261,24966.3622200621,Fast_Homing,Sea,Fast_Homing
2018-06-01T12:09:21Z,141.749944664336,40.6648261670337,563390.191670939,4501821.01452431,2018_bird_042_22_trip,K18F51,bird_042,17,2018,21482.1757114593,1,2737.18083526552,-2.05318167744712,9.12393611755173,22383.645752989487,Fast_Homing,Sea,Fast_Homing
2018-06-01T12:14:21Z,141.734684161959,40.6430796682017,562120.430852389,4499396.17094408,2018_bird_042_22_trip,K18F51,bird_042,17,2018,18955.3782764062,1,3034.95820188963,-2.16869530330305,10.1165273396321,19667.068562145712,Fast_Homing,Sea,Fast_Homing
2018-06-01T12:19:21Z,141.71424,40.62061,560412.031092868,4496887.71692837,2018_bird_042_22_trip,K18F51,bird_042,17,2018,16087.3964726873,1,2872.41143014229,-2.30502222032219,9.57470476714096,16628.150358914994,Fast_Homing,Sea,Fast_Homing
2018-06-01T12:24:21Z,141.69129,40.60154,558487.478958536,4494755.38334606,2018_bird_042_22_trip,K18F51,bird_042,17,2018,13303.9090502239,1,2752.99300205412,-2.33454621455982,9.1766433401804,13771.37589174284,Fast_Homing,Sea,Fast_Homing
2018-06-01T12:29:21Z,141.668608029562,40.583760984358,556583.413610561,4492767.0409158,2018_bird_042_22_trip,K18F51,bird_042,17,2018,10654.713243154,1,2563.55924156094,-2.26144998298654,8.54519747186981,11044.06723500008,Fast_Homing,Sea,Fast_Homing
2018-06-01T12:34:21Z,141.64914,40.56607,554950.320816742,4490790.97312552,2018_bird_042_22_trip,K18F51,bird_042,17,2018,8331.57664352644,1,2682.11271561181,-2.37470537560856,8.94037571870605,8483.687601546451,Fast_Homing,Sea,Fast_Homing
2018-06-01T12:39:21Z,141.626169992458,40.5494303264148,553019.001014396,4488929.862586,2018_bird_042_22_trip,K18F51,bird_042,17,2018,5931.52131572072,1,2646.35926669995,-2.69417155025713,8.82119755566651,5844.483969487737,NA,Sea,Fast_Homing
2018-06-01T22:32:22Z,141.56323,40.54858,547690.32723152,4488799.51311856,2018_bird_042_23_trip,K18F51,bird_042,17,2018,1205.76260142588,1,3972.70096708958,1.1807440500658,13.2423365569653,2611.512201843798,Fast_Outbound,Sea,Fast_Outbound
2018-06-01T22:37:22Z,141.581355495283,40.5815915004243,549200.894198832,4492473.82127264,2018_bird_042_23_trip,K18F51,bird_042,17,2018,5179.89206714297,1,3323.93551962606,1.45434524705624,11.0797850654202,6043.091745900759,Fast_Outbound,Sea,Fast_Outbound
2018-06-01T22:42:22Z,141.586178308512,40.6113089833384,549587.095825485,4495775.24454787,2018_bird_042_23_trip,K18F51,bird_042,17,2018,8428.1043569909,1,3108.90292259776,1.31690376324147,10.3630097419925,8353.584352627104,Fast_Outbound,Sea,Fast_Outbound
2018-06-01T22:47:22Z,141.595649485128,40.6383700028925,550367.970253434,4498784.48240984,2018_bird_042_23_trip,K18F51,bird_042,17,2018,11537.0790467507,1,3646.27398673988,1.17284705427192,12.1542466224663,10800.070275488708,Fast_Outbound,Sea,Fast_Outbound
2018-06-01T22:52:22Z,141.612635991605,40.668562500968,551781.005997334,4502145.82796971,2018_bird_042_23_trip,K18F51,bird_042,17,2018,15164.2263294619,1,3636.91152339693,1.30824472445745,12.1230384113231,13727.346647227409,Fast_Outbound,Sea,Fast_Outbound
2018-06-01T22:57:22Z,141.624098509111,40.7001420010952,552724.950218106,4505658.10568325,2018_bird_042_23_trip,K18F51,bird_042,17,2018,18799.7587614489,1,2797.04462119263,1.97122930791543,9.3234820706421,15417.205407029182,Fast_Outbound,Sea,Fast_Outbound
2018-06-01T23:02:22Z,141.611405257369,40.7234141015243,551634.614373444,4508233.88252894,2018_bird_042_23_trip,K18F51,bird_042,17,2018,21021.0514221954,1,3083.40220468132,1.93451645846064,10.2780073489377,14918.383031328096,Fast_Outbound,Sea,Fast_Outbound
2018-06-01T23:07:22Z,141.59864983941,40.7494408489831,550537.683410553,4511115.56808058,2018_bird_042_23_trip,K18F51,bird_042,17,2018,23668.6023334244,1,1738.32966242769,1.956918110222,5.7944322080923,14417.160887720587,Fast_Outbound,Sea,Fast_Outbound
2018-06-01T23:12:22Z,141.59102393443,40.7639870491816,549883.030950101,4512725.91592229,2018_bird_042_23_trip,K18F51,bird_042,17,2018,25187.0191002585,0,157.438438372351,-1.08110457750153,0.524794794574503,13951.356373424907,Slow,Sea,Slow
2018-06-01T23:17:22Z,141.591890166667,40.762731,549957.082731409,4512586.97998179,2018_bird_042_23_trip,K18F51,bird_042,17,2018,25056.798114394802,1,933.417700968392,0.0654329710715662,3.11139233656131,14009.006040037675,Slow,Sea,Slow
2018-06-01T23:22:22Z,141.602929999954,40.7632236667801,550888.502943543,4512648.01270178,2018_bird_042_23_trip,K18F51,bird_042,17,2018,25236.0180389556,1,2148.01334681739,0.35202124530686,7.16004448939131,14940.328349055226,Fast_Middle,Sea,Fast_Middle
2018-06-01T23:27:22Z,141.626880504589,40.7697680009892,552904.795201282,4513388.63870017,2018_bird_042_23_trip,K18F51,bird_042,17,2018,26330.0329403284,1,1613.81253663988,2.46549010652534,5.37937512213293,17025.937622140525,Fast_Middle,Sea,Fast_Middle
2018-06-01T23:32:22Z,141.612048982401,40.7789449157202,551645.993184127,4514398.494326,2018_bird_042_23_trip,K18F51,bird_042,17,2018,27083.2257455815,1,1351.26273253851,3.00796769556162,4.5042091084617,15891.919841667745,Fast_Middle,Sea,Fast_Middle
2018-06-01T23:37:22Z,141.596193451693,40.7806496845973,550306.776334965,4514578.51988882,2018_bird_042_23_trip,K18F51,bird_042,17,2018,27075.6756032458,1,3419.4912264036,2.6946687004606,11.398304088012,14583.384753561544,Fast_Middle,Sea,Fast_Middle
2018-06-01T23:42:22Z,141.559762346719,40.7941456715501,547223.144751397,4516056.40232808,2018_bird_042_23_trip,K18F51,bird_042,17,2018,28377.5979276857,1,3071.6558400898102,2.23436265687545,10.2388528002994,11691.646464791,Fast_Middle,Sea,Fast_Middle
2018-06-01T23:47:22Z,141.537513097326,40.8160506663435,545331.21878677,4518476.25475009,2018_bird_042_23_trip,K18F51,bird_042,17,2018,30856.3454070169,1,3802.35612844976,0.439659469687808,12.6745204281659,10089.90854563359,Fast_Middle,Sea,Fast_Middle
2018-06-01T23:52:22Z,141.57843626292,40.8304320463201,548771.958132547,4520094.65670325,2018_bird_042_23_trip,K18F51,bird_042,17,2018,32454.4413196979,1,3826.20340896548,0.335796491846351,12.7540113632183,13689.165394857797,Fast_Middle,Sea,Fast_Middle
2018-06-01T23:57:22Z,141.621384332023,40.8415666683212,552384.460995493,4521355.47215049,2018_bird_042_23_trip,K18F51,bird_042,17,2018,34072.3665641219,1,1505.01512612966,-0.143855716149497,5.01671708709887,17418.095120150647,Slow,Sea,Fast_Middle
2018-06-02T00:02:22Z,141.639032712012,40.8395266102099,553873.930215922,4521139.71309211,2018_bird_042_23_trip,K18F51,bird_042,17,2018,34118.1155335471,0,430.928808148034,-1.02466258904987,1.43642936049345,18871.74901770239,Slow,Sea,Slow
2018-06-02T00:07:22Z,141.641655423933,40.8361947458222,554097.749143328,4520771.46762312,2018_bird_042_23_trip,K18F51,bird_042,17,2018,33801.7400999156,1,1479.98326337448,-1.54824609859747,4.93327754458161,19051.91713707678,Fast_Homing,Sea,Fast_Homing
2018-06-02T00:12:22Z,141.641922666101,40.8228643334045,554131.120275203,4519291.86063901,2018_bird_042_23_trip,K18F51,bird_042,17,2018,32361.0834359591,1,3238.00742697835,-1.47515117439439,10.7933580899278,18916.40762227504,Fast_Homing,Sea,Fast_Homing
2018-06-02T00:17:22Z,141.645308135372,40.7938093220868,554440.348016381,4516068.652563,2018_bird_042_23_trip,K18F51,bird_042,17,2018,29293.9533132672,1,3379.43393348801,-1.65314439140413,11.2647797782934,18855.7155076913,Fast_Homing,Sea,Fast_Homing
2018-06-02T00:22:22Z,141.641721317078,40.7634888530101,554162.372589213,4512700.6704709,2018_bird_042_23_trip,K18F51,bird_042,17,2018,25966.2413243676,1,3376.29308108344,-1.50378259569224,11.2543102702781,18195.44049586113,Fast_Homing,Sea,Fast_Homing
2018-06-02T00:27:22Z,141.644107005117,40.7331283338141,554388.461275812,4509331.95574936,2018_bird_042_23_trip,K18F51,bird_042,17,2018,22806.9805926532,1,3638.39814111134,-1.58257456756949,12.1279938037045,17843.32062609743,Fast_Homing,Sea,Fast_Homing
2018-06-02T00:32:22Z,141.643283993224,40.700358334065,554345.608337297,4505693.80997728,2018_bird_042_23_trip,K18F51,bird_042,17,2018,19370.0176411182,1,3994.43686840383,-1.78930976588941,13.3147895613461,17004.84523096182,Fast_Homing,Sea,Fast_Homing
2018-06-02T00:37:22Z,141.632702655269,40.6652880019364,553479.699699501,4501794.35769181,2018_bird_042_23_trip,K18F51,bird_042,17,2018,15436.936109375,1,4056.07398788633,-1.90560735970175,13.5202466262878,15100.954482308296,Fast_Homing,Sea,Fast_Homing
2018-06-02T00:42:22Z,141.6166179864,40.6308640024253,552146.911502347,4497963.50767951,2018_bird_042_23_trip,K18F51,bird_042,17,2018,11398.2255149413,1,4133.15990134686,-1.97375823887878,13.7771996711562,11717.145760883765,Fast_Homing,Sea,Fast_Homing
2018-06-02T00:47:22Z,141.597148654706,40.5967140020597,550526.11462118,4494161.39928546,2018_bird_042_23_trip,K18F51,bird_042,17,2018,7269.85554629612,1,3957.63512288525,-2.07415481491963,13.1921170762842,8121.090840029976,NA,Sea,Fast_Homing
2018-05-14T04:34:12Z,141.54458,40.54115,546116.265527389,4487964.84712378,2018_bird_068_5_trip,K18F58,bird_068,13,2018,1138.8726492064,1,2750.90387119626,2.92028500549776,9.16967957065419,853.5490539174534,Fast_Outbound,Sea,Fast_Outbound
2018-05-14T04:39:12Z,141.512929999593,40.5467347621499,543432.452769867,4488568.68583662,2018_bird_068_5_trip,K18F58,bird_068,13,2018,3890.59468336491,0,123.581931769664,-1.45478424614445,0.411939772565548,914.2261307565376,Slow,Land,Slow
2018-05-14T04:44:12Z,141.513090492168,40.5456281967998,543446.757628735,4488445.93460496,2018_bird_068_5_trip,K18F58,bird_068,13,2018,3850.65047594773,0,89.963445788599,-1.39081092044748,0.299878152628663,977.391741585658,Slow,Land,Slow
2018-05-14T04:49:12Z,141.513274590164,40.5448300000013,543462.862454373,4488357.4244012,2018_bird_068_5_trip,K18F58,bird_068,13,2018,3818.3670993565,0,25.7155659060907,1.9600985561044,0.0857185530203022,1018.3411076108624,Slow,Land,Slow
2018-05-14T04:54:12Z,141.513160967707,40.5450448387177,543453.102292674,4488381.21577724,2018_bird_068_5_trip,K18F58,bird_068,13,2018,3832.20738030676,0,12.668941879066,0.960223591167805,0.0422298062635534,1011.6277855491768,Slow,Land,Slow
2018-05-14T04:59:12Z,141.513247457626,40.5451379661022,543460.365863369,4488391.59569193,2018_bird_068_5_trip,K18F58,bird_068,13,2018,3826.95322989476,0,6.28734122500324,2.92729808475304,0.0209578040833441,999.6029732449264,Slow,Land,Slow
2018-05-14T05:04:12Z,141.513174999999,40.5451503333365,543454.222334681,4488392.93274651,2018_bird_068_5_trip,K18F58,bird_068,13,2018,3833.24017403973,1,1291.82874469777,1.15658443222838,4.30609581565925,1003.7587898355116,Slow,Land,Fast_Outbound
2018-05-14T05:09:12Z,141.519397096779,40.5557762903233,543974.142837257,4489575.51643345,2018_bird_068_5_trip,K18F58,bird_068,13,2018,3756.24891176092,0,327.391763276128,0.919215900285418,1.09130587758709,129.2494605107334,Slow,Sea,Slow
2018-05-14T05:14:12Z,141.521760304975,40.5581108124193,544172.687542709,4489835.8342519,2018_bird_068_5_trip,K18F58,bird_068,13,2018,3729.50182563262,1,3667.41360584543,0.698819319996058,12.2247120194848,443.6206779245736,Fast_Outbound,Sea,Fast_Outbound
2018-05-14T05:19:12Z,141.555099483012,40.5792100049315,546980.467720531,4492195.13351849,2018_bird_068_5_trip,K18F58,bird_068,13,2018,4513.84853071654,1,3331.08130073573,0.953993629662,11.1036043357858,4108.230246536949,Fast_Outbound,Sea,Fast_Outbound
2018-05-14T05:24:12Z,141.578075313388,40.6035766741233,548907.265007906,4494912.40325952,2018_bird_068_5_trip,K18F58,bird_068,13,2018,7420.03404545246,1,3203.8682743078,0.813669458351296,10.6795609143593,7289.382366554421,Fast_Outbound,Sea,Fast_Outbound
2018-05-14T05:29:12Z,141.60427283245,40.6244205002864,551107.797255063,4497241.01437955,2018_bird_068_5_trip,K18F58,bird_068,13,2018,10316.0396702986,1,1817.31212032339,0.788006665939456,6.05770706774465,10452.33403892532,Fast_Outbound,Sea,Fast_Outbound
2018-05-14T05:34:12Z,141.619533163529,40.6359463343917,552389.474597077,4498529.39574143,2018_bird_068_5_trip,K18F58,bird_068,13,2018,12013.6163168199,1,2497.55460218645,0.966574080479274,8.32518200728816,12253.394178792953,Fast_Outbound,Sea,Fast_Outbound
2018-05-14T05:39:12Z,141.636487495913,40.6543701675746,553808.390812951,4500584.74382952,2018_bird_068_5_trip,K18F58,bird_068,13,2018,14485.8690381377,1,3018.41314207985,1.02837820987482,10.0613771402662,14628.805039041485,Fast_Outbound,Sea,Fast_Outbound
2018-05-14T05:44:12Z,141.655144995702,40.6775546678076,555366.521412959,4503169.90280521,2018_bird_068_5_trip,K18F58,bird_068,13,2018,17499.2337597819,1,2912.49704301444,0.83365150210264,9.70832347671479,17436.17785733639,Fast_Outbound,Sea,Fast_Outbound
2018-05-14T05:49:12Z,141.678505829498,40.6968458344934,557324.234089996,4505326.28869363,2018_bird_068_5_trip,K18F58,bird_068,13,2018,20333.2529918728,1,2644.68046349175,0.964270896141887,8.81560154497251,19827.84823504923,Fast_Outbound,Sea,Fast_Outbound
2018-05-14T05:54:12Z,141.696551829846,40.7163136676929,558831.744491087,4507499.2468489,2018_bird_068_5_trip,K18F58,bird_068,13,2018,22970.1640039873,1,2542.79148521898,1.08561589673179,8.47597161739661,21773.41288516738,Fast_Outbound,Sea,Fast_Outbound
2018-05-14T05:59:12Z,141.710806822632,40.7364900002386,560017.621003885,4509748.57684552,2018_bird_068_5_trip,K18F58,bird_068,13,2018,25511.5489229081,1,2421.39150244105,1.51109566755679,8.07130500813682,23421.976330720652,Fast_Outbound,Sea,Fast_Outbound
2018-05-14T06:04:12Z,141.712750165532,40.7582523334663,560162.093816242,4512165.65450554,2018_bird_068_5_trip,K18F58,bird_068,13,2018,27696.9676437782,1,1206.2130819663,1.30285806956914,4.020710273221,24088.62131160035,Fast_Outbound,Sea,Fast_Outbound
2018-05-14T06:09:12Z,141.716645666683,40.7687066666748,560481.431279526,4513328.8284322,2018_bird_068_5_trip,K18F58,bird_068,13,2018,28876.1279404843,0,113.975122742194,-0.543636864150376,0.379917075807313,24538.382141551378,Slow,Sea,Slow
2018-05-14T06:14:12Z,141.717795662967,40.7681684338061,560578.974970166,4513269.87457719,2018_bird_068_5_trip,K18F58,bird_068,13,2018,28868.7930334302,0,125.381211196206,-0.722484979123839,0.417937370654021,24628.45063036714,Slow,Sea,Slow
2018-05-14T06:19:12Z,141.718902000025,40.7674146666959,560673.03154796106,4513186.966144,2018_bird_068_5_trip,K18F58,bird_068,13,2018,28839.0833821392,0,674.366904495861,2.1778045890433,2.24788968165287,24712.321646964,Slow,Sea,Fast_Middle
2018-05-14T06:24:12Z,141.714397931244,40.7724324138133,560288.364082215,4513740.86294185,2018_bird_068_5_trip,K18F58,bird_068,13,2018,29155.7571990229,0,547.740231439927,1.31012457012035,1.82580077146642,24393.80990284145,Slow,Sea,Fast_Middle
2018-05-14T06:29:12Z,141.71612180328,40.7771893442709,560429.532992819,4514270.0989004,2018_bird_068_5_trip,K18F58,bird_068,13,2018,29692.5115846419,0,131.217532770971,-0.423995998286727,0.437391775903237,24594.32783920098,Slow,Sea,Slow
2018-05-14T06:34:12Z,141.717533770538,40.7766942623067,560549.131507579,4514216.11523459,2018_bird_068_5_trip,K18F58,bird_068,13,2018,29697.6793786136,0,139.447856444512,-0.485794283761233,0.464826188148373,24706.858355650435,Slow,Sea,Slow
2018-05-14T06:39:12Z,141.718988666711,40.7760986666876,560672.44585619,4514151.0055111,2018_bird_068_5_trip,K18F58,bird_068,13,2018,29695.1878192308,0,149.127513641201,-0.46202387624777,0.497091712137335,24821.81309404372,Slow,Sea,Slow
2018-05-14T06:44:12Z,141.720564000029,40.7754900000118,560805.93767318,4514084.53032685,2018_bird_068_5_trip,K18F58,bird_068,13,2018,29696.7942559871,0,123.480947478653,-0.396502530401668,0.411603158262177,24946.71289186617,Slow,Sea,Slow
2018-05-14T06:49:12Z,141.72190900002,40.7750520000066,560919.838639886,4514036.84265366,2018_bird_068_5_trip,K18F58,bird_068,13,2018,29706.7733616077,0,131.17174403178,-0.459252084415347,0.437239146772601,25054.311606503055,Slow,Sea,Slow
2018-05-14T06:54:12Z,141.723296557392,40.7745195081994,561037.418929556,4513978.69713007,2018_bird_068_5_trip,K18F58,bird_068,13,2018,29709.713102684,0,177.666312108087,1.65167574263143,0.59222104036029,25164.355601958006,Slow,Sea,Slow
2018-05-14T06:59:12Z,141.723143773037,40.7761157379257,561023.065043247,4514155.78265858,2018_bird_068_5_trip,K18F58,bird_068,13,2018,29859.9970141509,1,1958.46877320177,1.74911870904879,6.52822924400592,25170.315382395875,Fast_Middle,Sea,Fast_Middle
2018-05-14T07:04:12Z,141.719214664553,40.7935033337106,560675.674185515,4516083.19530967,2018_bird_068_5_trip,K18F58,bird_068,13,2018,31431.8220861772,0,658.234679787,1.18980270015789,2.19411559929,25045.54660146753,Slow,Sea,Fast_Middle
2018-05-14T07:09:12Z,141.722175335922,40.7989893335326,560920.434164665,4516694.23168033,2018_bird_068_5_trip,K18F58,bird_068,13,2018,32089.0705916708,0,421.070759401299,1.65309157339789,1.40356919800433,25358.16816669163,Slow,Sea,Fast_Middle
2018-05-14T07:14:12Z,141.72180600001,40.802772000001,560885.821143066,4517113.87739181,2018_bird_068_5_trip,K18F58,bird_068,13,2018,32454.5547600728,0,738.571688854234,3.05094351695049,2.46190562951411,25371.678670108213,Slow,Sea,Fast_Middle
2018-05-14T07:19:12Z,141.713093220345,40.8034284745904,560150.28189683,4517180.73662321,2018_bird_068_5_trip,K18F58,bird_068,13,2018,32212.8187929708,0,14.7730843567881,-0.753183196375282,0.0492436145226271,24649.335947000236,Slow,Sea,Slow
2018-05-14T07:24:12Z,141.713220002233,40.8033366672685,560161.059089012,4517170.63235925,2018_bird_068_5_trip,K18F58,bird_068,13,2018,32207.8930473106,0,133.099147756058,1.81765976205167,0.443663825853526,24658.874748041344,Slow,Sea,Slow
2018-05-14T07:29:12Z,141.712846885352,40.8045016393884,560128.534490036,4517299.69642704,2018_bird_068_5_trip,K18F58,bird_068,13,2018,32313.1440385569,0,140.269710371096,-0.60561597013359,0.467565701236986,24641.31906770928,Slow,Sea,Slow
2018-05-14T07:34:12Z,141.714206271214,40.8037738983263,560243.857457012,4517219.84528469,2018_bird_068_5_trip,K18F58,bird_068,13,2018,32286.3095854264,0,130.211941750457,-0.662839048004744,0.434039805834857,24746.66949397334,Slow,Sea,Slow
2018-05-14T07:39:12Z,141.715415245926,40.8030445901833,560346.496809404,4517139.7184283,2018_bird_068_5_trip,K18F58,bird_068,13,2018,32254.6442893496,0,132.379978734875,-0.518752091381337,0.441266595782918,24839.388137152815,Slow,Sea,Slow
2018-05-14T07:44:12Z,141.716771694932,40.8024449152652,560461.460688145,4517074.08485949,2018_bird_068_5_trip,K18F58,bird_068,13,2018,32241.7572968413,0,99.3411582322152,-0.892184222995464,0.331137194107384,24945.989707564397,Slow,Sea,Slow
2018-05-14T07:49:12Z,141.717503390336,40.8017437301065,560523.818447305,4516996.75326445,2018_bird_068_5_trip,K18F58,bird_068,13,2018,32196.9744642311,0,325.68405900898,-3.00380662910708,1.08561353002993,24999.059285009655,Slow,Sea,Slow
2018-05-14T07:54:12Z,141.713675000024,40.8013645000184,560201.221054362,4516952.02040898,2018_bird_068_5_trip,K18F58,bird_068,13,2018,32024.0318226912,0,116.33048156292,-0.551621246838754,0.387768271876401,24673.806699985947,Slow,Sea,Slow
2018-05-14T07:59:12Z,141.714843548363,40.8008080647938,560300.296933229,4516891.05524542,2018_bird_068_5_trip,K18F58,bird_068,13,2018,32008.6763885256,0,449.036691061794,2.6865415614525,1.49678897020598,24765.186241630843,Slow,Sea,Slow
2018-05-14T08:04:12Z,141.710081335553,40.8026153354784,559896.954856205,4517088.41055653,2018_bird_068_5_trip,K18F58,bird_068,13,2018,32027.0773096936,0,712.857826802435,2.86261040086994,2.37619275600812,24387.39485288188,Slow,Sea,Slow
2018-05-14T08:09:12Z,141.701976333352,40.8044333333383,559211.658821321,4517284.7154872,2018_bird_068_5_trip,K18F58,bird_068,13,2018,31943.8185822161,0,232.348433939427,-2.9031913009611,0.77449477979809,23729.690163738615,Slow,Sea,Slow
2018-05-14T08:14:12Z,141.699294666636,40.8039553333632,558985.881959442,4517229.84652153,2018_bird_068_5_trip,K18F58,bird_068,13,2018,31808.6991770927,0,75.8036606208262,-0.928644163377524,0.252678868736087,23499.342274410857,Slow,Sea,Slow
2018-05-14T08:19:12Z,141.699827118659,40.8034052542435,559031.28231046,4517169.14229522,2018_bird_068_5_trip,K18F58,bird_068,13,2018,31769.1516883812,0,147.270485124389,-0.614232908719346,0.490901617081297,23537.474784344948,Slow,Sea,Slow
2018-05-14T08:24:12Z,141.701245762707,40.8026320339024,559151.634075775,4517084.26562956,2018_bird_068_5_trip,K18F58,bird_068,13,2018,31735.4293507184,0,66.5443853571668,-0.907742508108623,0.221814617857223,23647.25639715894,Slow,Sea,Slow
2018-05-14T08:29:12Z,141.701726333286,40.8021566667007,559192.593907215,4517031.82092124,2018_bird_068_5_trip,K18F58,bird_068,13,2018,31702.278524185,0,94.2143566177177,-0.1194399428635,0.314047855392392,23681.914558826644,Slow,Sea,Slow
2018-05-14T08:34:12Z,141.702834137935,40.8020487931077,559286.137036082,4517020.59470038,2018_bird_068_5_trip,K18F58,bird_068,13,2018,31727.3589548697,0,505.982633951339,-2.05928669594227,1.6866087798378,23773.463757577396,Slow,Sea,Fast_Middle
2018-05-14T08:39:12Z,141.699977047359,40.7980411479041,559048.682747971,4516573.79061925,2018_bird_068_5_trip,K18F58,bird_068,13,2018,31223.6767817672,0,368.542789081889,-2.60264355333436,1.2284759636063,23486.83046841679,Slow,Sea,Fast_Middle
2018-05-14T08:44:12Z,141.69621,40.79636,558732.381447256,4516384.64180336,2018_bird_068_5_trip,K18F58,bird_068,13,2018,30929.4628489382,0,130.26938162856,-0.583980598748023,0.434231272095199,23151.36005444996,Slow,Sea,Slow
2018-05-14T08:49:12Z,141.697491428533,40.7957052381023,558841.061878992,4516312.81788292,2018_bird_068_5_trip,K18F58,bird_068,13,2018,30903.5186747234,0,122.674706226695,-1.09281471569592,0.408915687422318,23251.006441522997,Slow,Sea,Slow
2018-05-14T08:54:12Z,141.69815,40.79472,558897.490763839,4516203.89192411,2018_bird_068_5_trip,K18F58,bird_068,13,2018,30823.9291915508,0,154.499180307307,-0.631000397621484,0.514997267691024,23294.592215479905,Slow,Sea,Slow
2018-05-14T08:59:12Z,141.69962,40.79389,559022.23923051,4516112.74469827,2018_bird_068_5_trip,K18F58,bird_068,13,2018,30787.2036436811,0,59.6440734493427,2.00145008558965,0.198813578164476,23407.987176701376,Slow,Sea,Slow
2018-05-14T09:04:12Z,141.69933,40.79438,558997.339919913,4516166.94285165,2018_bird_068_5_trip,K18F58,bird_068,13,2018,30827.7572792985,0,89.4845387351396,-0.765801860092123,0.298281795783799,23389.466369660444,Slow,Sea,Slow
2018-05-14T09:09:12Z,141.700088666719,40.7938166666876,559061.842774316,4516104.91975557,2018_bird_068_5_trip,K18F58,bird_068,13,2018,30795.190772126,0,106.831037712702,-1.10206480377321,0.356103459042339,23446.408993218603,Slow,Sea,Slow
2018-05-14T09:14:12Z,141.70065166667,40.7929546666671,559110.104228421,4516009.61129495,2018_bird_068_5_trip,K18F58,bird_068,13,2018,30725.8596683942,1,1326.54583425962,-2.26711846769136,4.42181944753207,23483.41547090782,Fast_Homing,Sea,Fast_Homing
2018-05-14T09:19:12Z,141.690472029548,40.7838477971325,558259.257259761,4514991.87690607,2018_bird_068_5_trip,K18F58,bird_068,13,2018,29460.2579505534,1,2763.27289853621,-1.93449490578612,9.21090966178738,22522.870616065626,Fast_Homing,Sea,Fast_Homing
2018-05-14T09:24:12Z,141.678585993212,40.7606536683997,557276.269061018,4512409.35656483,2018_bird_068_5_trip,K18F58,bird_068,13,2018,26696.6333326166,1,2748.58999153961,-2.04509577460885,9.16196663846536,21252.49576768999,Fast_Homing,Sea,Fast_Homing
2018-05-14T09:29:12Z,141.66349541647,40.7387139006366,556020.945851137,4509964.17547126,2018_bird_068_5_trip,K18F58,bird_068,13,2018,23958.9059485921,1,2778.56622041004,-2.20529516368596,9.26188740136681,19573.09635582223,Fast_Homing,Sea,Fast_Homing
2018-05-14T09:34:12Z,141.643794991778,40.7186663351234,554373.884128297,4507726.40472287,2018_bird_068_5_trip,K18F58,bird_068,13,2018,21283.3603056486,1,2866.03008499583,-2.08451940280151,9.55343361665276,17477.591875319948,Fast_Homing,Sea,Fast_Homing
2018-05-14T09:39:12Z,141.626908992251,40.6962730019499,552965.450595555,4505230.31910095,2018_bird_068_5_trip,K18F58,bird_068,13,2018,18464.4615854769,1,2982.08873249123,-2.10700740571914,9.94029577497076,15557.950060339805,Fast_Homing,Sea,Fast_Homing
2018-05-14T09:44:12Z,141.608667451199,40.673276442331,551441.953593554,4502666.76490934,2018_bird_068_5_trip,K18F58,bird_068,13,2018,15566.5954810698,1,2861.60650025796,-2.08364483899258,9.53868833419321,13511.059007057336,Fast_Homing,Sea,Fast_Homing
2018-05-14T09:49:12Z,141.591856488492,40.6509010032322,550037.874067089,4500173.30296945,2018_bird_068_5_trip,K18F58,bird_068,13,2018,12802.5549821578,1,2725.28058438875,-2.22184640367229,9.08426861462918,11379.673626557094,Fast_Homing,Sea,Fast_Homing
2018-05-14T09:54:12Z,141.57215549009,40.6314710029257,548386.294019235,4498005.48434023,2018_bird_068_5_trip,K18F58,bird_068,13,2018,10385.5893837247,1,2554.10691075501,-2.24169632402492,8.51368970251669,8751.160764046956,Fast_Homing,Sea,Fast_Homing
2018-05-14T09:59:12Z,141.553231520539,40.6135408484963,546798.428298503,4496004.94827095,2018_bird_068_5_trip,K18F58,bird_068,13,2018,8329.4008251841,1,2393.31626189585,-2.02033071633501,7.97772087298617,6274.640077879606,NA,Sea,Fast_Homing
2018-05-14T10:04:12Z,141.540780995854,40.5941810004894,545758.421741163,4493849.40910635,2018_bird_068_5_trip,K18F58,bird_068,13,2018,6333.6200928716,1,2375.28562567496,-1.73403717550277,7.91761875224987,4139.949815025021,NA,Sea,Fast_Homing
2018-05-14T10:09:12Z,141.536050504879,40.5730889837053,545372.397877983,4491505.70106553,2018_bird_068_5_trip,K18F58,bird_068,13,2018,4242.01268895613,1,2080.3222310996,-1.91628103900871,6.93440743699867,2410.9109351551433,NA,Sea,Fast_Homing
2018-05-14T10:14:12Z,141.527588995679,40.555494001257,544667.890953927,4489548.30213348,2018_bird_068_5_trip,K18F58,bird_068,13,2018,3159.24597423975,1,1428.40076188269,-2.40758692727563,4.7613358729423,662.9562569212727,NA,Sea,Fast_Homing
2018-05-14T10:19:12Z,141.51499649894,40.5469310003437,543607.307482346,4488591.48896658,2018_bird_068_5_trip,K18F58,bird_068,13,2018,3725.87316222745,0,184.107736082232,-2.28854624800103,0.61369245360744,761.7661554529011,NA,Land,Slow
2018-05-14T10:24:12Z,141.51355699999,40.545688000001,543486.221410949,4488452.80291177,2018_bird_068_5_trip,K18F58,bird_068,13,2018,3813.31990657643,0,13.6152285538289,-1.38884497423274,0.0453840951794298,941.814342562046,NA,Land,Slow
2018-05-14T10:29:12Z,141.513585172431,40.5455672414071,543488.68507372,4488439.41243701,2018_bird_068_5_trip,K18F58,bird_068,13,2018,3808.24341215455,0,2.73150688439179,-2.60353050043883,0.00910502294797263,948.1593622631292,NA,Land,Slow
2018-05-14T10:34:12Z,141.513557377046,40.5455547540988,543486.339519507,4488438.0126137,2018_bird_068_5_trip,K18F58,bird_068,13,2018,3810.26839623207,0,32.9374390509986,0.12935006882490999,0.109791463503329,950.86733891416,NA,Land,Fast_Homing
2018-05-15T18:31:04Z,141.56731,40.54518,548038.223795731,4488424.32348571,2018_bird_033_1_trip,K18F60,bird_033,18,2018,1099.58762302261,1,3441.78749539693,-0.512902312825148,11.4726249846564,2545.4426743083977,Fast_Outbound,Sea,Fast_Outbound
2018-05-15T18:36:04Z,141.602587672142,40.5297861690836,551037.135811727,4486735.41026006,2018_bird_033_1_trip,K18F60,bird_033,18,2018,3935.13728681402,1,3248.64092240881,-0.720414896841448,10.828803074696,2903.6634260560036,Fast_Outbound,Sea,Fast_Outbound
2018-05-15T18:41:04Z,141.631230851687,40.510326103749,553478.593706734,4484592.29309348,2018_bird_033_1_trip,K18F60,bird_033,18,2018,6984.75827994147,1,2913.96441487749,-0.567253129299145,9.71321471625831,2566.3877828364807,Fast_Outbound,Sea,Fast_Outbound
2018-05-15T18:46:04Z,141.660098648391,40.4960593244547,555936.173296346,4483026.5692443,2018_bird_033_1_trip,K18F60,bird_033,18,2018,9887.86367229972,1,3176.91497981483,-0.449923599286154,10.5897165993828,2708.803041734352,Fast_Outbound,Sea,Fast_Outbound
2018-05-15T18:51:04Z,141.693727669658,40.4834153357497,558796.922750205,4481644.93928255,2018_bird_033_1_trip,K18F60,bird_033,18,2018,13063.8655618042,1,3329.55514859413,-0.248892773650971,11.0985171619804,3980.817776648201,Fast_Outbound,Sea,Fast_Outbound
2018-05-15T18:56:04Z,141.731718498888,40.4757921696824,562023.880187085,4480824.76662506,2018_bird_033_1_trip,K18F60,bird_033,18,2018,16323.1442178486,1,2665.69138263319,-0.650971734279916,8.88563794211063,6253.669602056884,Fast_Outbound,Sea,Fast_Outbound
2018-05-15T19:01:04Z,141.75657,40.46108,564144.425266265,4479209.46506974,2018_bird_033_1_trip,K18F60,bird_033,18,2018,18936.0615450616,1,3387.94240197797,-1.00091681716978,11.2931413399266,7165.11671316895,Fast_Outbound,Sea,Fast_Outbound
2018-05-15T19:06:04Z,141.777831503198,40.4352405004499,565972.323876223,4476356.93279283,2018_bird_033_1_trip,K18F60,bird_033,18,2018,21917.7291400023,1,2442.74098138696,-1.39997597395774,8.14246993795655,7160.736949354871,Fast_Outbound,Sea,Fast_Outbound
2018-05-15T19:11:04Z,141.782475575485,40.4135227870693,566387.567417006,4473949.74432825,2018_bird_033_1_trip,K18F60,bird_033,18,2018,23591.0964569987,1,2736.01623756354,-1.06799101931676,9.12005412521181,6207.648073632567,Fast_Outbound,Sea,Fast_Outbound
2018-05-15T19:16:04Z,141.79775900307,40.3918201675434,567706.01407313,4471552.3533991,2018_bird_033_1_trip,K18F60,bird_033,18,2018,26087.01899677,1,2379.10667016145,-0.78357362443401,7.93035556720482,6018.708790571878,Fast_Outbound,Sea,Fast_Outbound
2018-05-15T19:21:04Z,141.81743216993,40.3765546683675,569391.363120849,4469873.14312777,2018_bird_033_1_trip,K18F60,bird_033,18,2018,28452.19379331,1,1869.8580841659,-1.1671746307515,6.23286028055301,6526.459636247983,Fast_Outbound,Sea,Fast_Outbound
2018-05-15T19:26:04Z,141.825893332007,40.3610025001222,570125.752845333,4468153.53823492,2018_bird_033_1_trip,K18F60,bird_033,18,2018,30115.2727137076,1,2855.34989678718,-1.16641635802634,9.51783298929059,6212.159438482787,Fast_Outbound,Sea,Fast_Outbound
2018-05-15T19:31:04Z,141.83883,40.33726,571249.186871433,4465528.48223131,2018_bird_033_1_trip,K18F60,bird_033,18,2018,32699.0254172135,0,553.930308378244,-0.822750832279831,1.84643436126081,5733.833110860541,Slow,Sea,Slow
2018-05-15T19:36:04Z,141.84322,40.33357,571625.974349141,4465122.44038226,2018_bird_033_1_trip,K18F60,bird_033,18,2018,33251.496736193,0,702.538620861334,-2.13955006690044,2.34179540287111,5830.30149244863,Slow,Sea,Slow
2018-05-15T19:41:04Z,141.8387,40.32827,571247.599410856,4464530.50041919,2018_bird_033_1_trip,K18F60,bird_033,18,2018,33382.7870668578,1,1054.50049109775,1.8571524052828,3.5150016369925,5191.44778577187,Fast_Middle,Sea,Fast_Middle
2018-05-15T19:46:04Z,141.835306499297,40.3374078334213,570949.746711234,4465542.06112179,2018_bird_033_1_trip,K18F60,bird_033,18,2018,32470.2026674856,0,211.096927406126,1.07734744346584,0.703656424687087,5489.50451693049,Slow,Sea,Slow
2018-05-15T19:51:04Z,141.836504262317,40.3390740983653,571049.736179319,4465727.97513157,2018_bird_033_1_trip,K18F60,bird_033,18,2018,32417.0677750362,0,142.02278840208,-1.44481001487634,0.473409294673601,5674.420212264502,Fast_Homing,Sea,Slow
2018-05-15T19:56:04Z,141.836698666601,40.337803333367,571067.581809791,4465587.07798505,2018_bird_033_1_trip,K18F60,bird_033,18,2018,32525.8441524226,1,967.854275037506,2.99092347648721,3.22618091679169,5613.12240713162,NA,Sea,Fast_Homing
2018-05-15T20:01:04Z,141.825450003992,40.3391929545227,570110.692495223,4465732.35268132,2018_bird_033_1_trip,K18F60,bird_033,18,2018,31729.6895938462,1,2559.01499870154,2.80593589295765,8.5300499956718,4887.447598548255,NA,Sea,Fast_Homing
2018-05-15T20:06:04Z,141.79709475824,40.346985740522,567694.485418416,4466575.2649695,2018_bird_033_1_trip,K18F60,bird_033,18,2018,29421.0025592287,1,2113.63947969973,3.06594128528069,7.04546493233242,3313.5589801682345,NA,Sea,Fast_Homing
2018-05-15T20:11:04Z,141.772296666648,40.3485931666782,565586.891370916,4466735.01221075,2018_bird_033_1_trip,K18F60,bird_033,18,2018,27873.9257978211,0,12.2145328009801,-1.40834439138092,0.0407151093366004,1628.8657787674013,NA,Sea,Slow
2018-05-15T20:16:04Z,141.77231868853,40.34848442623,565588.866929209,4466722.95849842,2018_bird_033_1_trip,K18F60,bird_033,18,2018,27884.297107761,0,7.1326058240809,2.04748261970918,0.0237753527469363,1623.7381369647826,NA,Sea,Slow
2018-05-15T20:21:04Z,141.77228080645,40.3485417741937,565585.594222868,4466729.29596314,2018_bird_033_1_trip,K18F60,bird_033,18,2018,27877.3712442592,0,6.25520418507834,2.16139479726413,0.0208506806169278,1624.575723572895,NA,Sea,Slow
2018-05-15T20:26:04Z,141.772240327869,40.348588852459,565582.11096102,4466734.49158305,2018_bird_033_1_trip,K18F60,bird_033,18,2018,27871.1657771247,0,12.3557545253243,0.29234045195308,0.0411858484177478,1624.6251078804155,NA,Sea,Slow
2018-05-15T20:31:04Z,141.77238,40.34862,565593.94248552,4466738.05243939,2018_bird_033_1_trip,K18F60,bird_033,18,2018,27876.2887564679,0,204.310594575633,1.95847858269801,0.68103531525211,1636.405133993961,NA,Sea,Slow
2018-05-15T20:36:04Z,141.77149,40.35033,565516.704153756,4466927.20068591,2018_bird_033_1_trip,K18F60,bird_033,18,2018,27683.1636227588,1,3865.62910434071,2.11204369578174,12.8854303478024,1673.394259016222,NA,Sea,Fast_Homing
2018-05-15T20:41:04Z,141.74837,40.38033,563525.11089187,4470240.30265409,2018_bird_033_1_trip,K18F60,bird_033,18,2018,23889.5614265364,1,2024.45493080387,2.18408482592099,6.74818310267958,1793.3664891321273,NA,Sea,Fast_Homing
2018-05-15T20:46:04Z,141.734806340607,40.3953316695184,562359.916078581,4471895.82034169,2018_bird_033_1_trip,K18F60,bird_033,18,2018,21885.4802785949,1,3656.18352980043,2.22052885994218,12.1872784326681,1709.1876498527963,NA,Sea,Fast_Homing
2018-05-15T20:51:04Z,141.70902,40.42172,560148.022085243,4474807.04052673,2018_bird_033_1_trip,K18F60,bird_033,18,2018,18256.7345847022,0,174.358827721207,3.07930141682613,0.581196092404023,1423.008816178365,NA,Sea,Slow
2018-05-15T20:56:04Z,141.706969830509,40.4218303389831,559974.001421558,4474817.89453129,2018_bird_033_1_trip,K18F60,bird_033,18,2018,18126.1288338577,1,951.242792862435,1.73081216406603,3.17080930954145,1282.9037095409433,NA,Sea,Fast_Homing
2018-05-15T21:01:04Z,141.705271678521,40.4303010024004,559822.436253096,4475756.98496926,2018_bird_033_1_trip,K18F60,bird_033,18,2018,17360.9000850396,1,3713.17104931386,2.27513744749473,12.3772368310462,1662.4802708638877,NA,Sea,Fast_Homing
2018-05-15T21:06:04Z,141.6771829173,40.4559606501555,557418.039627143,4478586.56375533,2018_bird_033_1_trip,K18F60,bird_033,18,2018,13674.0678581616,1,3539.53609209896,2.36066127079969,11.7984536403299,1168.6512602712,NA,Sea,Fast_Homing
2018-05-15T21:11:04Z,141.647750671856,40.4785763353527,554904.055067306,4481078.18920474,2018_bird_033_1_trip,K18F60,bird_033,18,2018,10139.7516455278,1,2832.45795780079,2.22858458746554,9.44152652600265,519.354402452549,NA,Sea,Fast_Homing
2018-05-15T21:16:04Z,141.627509839018,40.4988811682982,553172.380636123,4483319.64447913,2018_bird_033_1_trip,K18F60,bird_033,18,2018,7386.14486912099,1,2630.82164474346,2.35987597314622,8.76940548247821,1349.18270923457,NA,Sea,Fast_Homing
2018-05-15T21:21:04Z,141.605626669977,40.5156951684262,551305.272873901,4485173.05515427,2018_bird_033_1_trip,K18F60,bird_033,18,2018,4799.07931347321,1,2755.33922183614,2.3165714596627,9.18446407278712,1782.6421324460302,NA,Sea,Fast_Homing
2018-05-23T17:15:09Z,141.56745,40.54495,548050.243034098,4488398.86944098,2018_bird_033_9_trip,K18F60,bird_033,18,2018,1091.83586317022,1,3178.43121400295,0.629775677152791,10.5947707133432,2531.5176468735212,Fast_Outbound,Sea,Fast_Outbound
2018-05-23T17:20:09Z,141.597933324536,40.5616606719441,550618.922880781,4490270.84936272,2018_bird_033_9_trip,K18F60,bird_033,18,2018,4268.97896136707,1,2979.19689796205,0.61833183746769,9.93065632654018,5549.338561708421,Fast_Outbound,Sea,Fast_Outbound
2018-05-23T17:25:09Z,141.626752618335,40.577065903918,553046.511298775,4491997.82030331,2018_bird_033_9_trip,K18F60,bird_033,18,2018,7248.40710197264,1,2753.32960254019,0.636667212407441,9.17776534180065,8366.732381212076,Fast_Outbound,Sea,Fast_Outbound
2018-05-23T17:30:09Z,141.653052030592,40.5916667813872,555260.413040111,4493634.72683086,2018_bird_033_9_trip,K18F60,bird_033,18,2018,10002.7389858825,1,2493.71351978681,0.56921216632056,8.31237839928935,10986.5979297061,Fast_Outbound,Sea,Fast_Outbound
2018-05-23T17:35:09Z,141.677996063197,40.6036311494893,557360.932410657,4494978.76012387,2018_bird_033_9_trip,K18F60,bird_033,18,2018,12492.7985984705,1,2442.08607408064,0.512119649708493,8.14028691360212,13301.415105434004,Fast_Outbound,Sea,Fast_Outbound
2018-05-23T17:40:09Z,141.703269163847,40.6142606682996,559489.717848382,4496175.44594452,2018_bird_033_9_trip,K18F60,bird_033,18,2018,14923.1412043969,1,2421.39872527231,0.586316222609076,8.07132908424104,15512.07260965834,Fast_Outbound,Sea,Fast_Outbound
2018-05-23T17:45:09Z,141.727242452855,40.6261816432133,561506.705567706,4497515.19678959,2018_bird_033_9_trip,K18F60,bird_033,18,2018,17345.0310851347,1,2509.11739482629,0.545676980322354,8.36372464942096,17774.722604849278,Fast_Outbound,Sea,Fast_Outbound
2018-05-23T17:50:09Z,141.752731013846,40.637749663133,563651.439239246,4498817.42087905,2018_bird_033_9_trip,K18F60,bird_033,18,2018,19851.4921218412,1,2644.07862731504,0.559279988325303,8.81359542438346,20080.52898010941,Fast_Outbound,Sea,Fast_Outbound
2018-05-23T17:55:09Z,141.779379993331,40.6502110037115,565892.659044401,4500220.30561145,2018_bird_033_9_trip,K18F60,bird_033,18,2018,22494.9763172726,1,2700.51923977983,0.650077357563431,9.00173079926611,22524.295949841424,Fast_Outbound,Sea,Fast_Outbound
2018-05-23T18:00:09Z,141.804981467877,40.6647598408419,568042.372225605,4501854.78944526,2018_bird_033_9_trip,K18F60,bird_033,18,2018,25192.2315084346,1,2772.822520243,0.58643014217934,9.24274173414333,25104.242538766273,Fast_Outbound,Sea,Fast_Outbound
2018-05-23T18:05:09Z,141.832473927318,40.6783882011337,570351.915745933,4503389.24487194,2018_bird_033_9_trip,K18F60,bird_033,18,2018,27965.8493794995,1,2816.88727528376,0.497571609110493,9.38962425094587,27694.788008020005,Fast_Outbound,Sea,Fast_Outbound
2018-05-23T18:10:09Z,141.861917329583,40.6902840024691,572827.239117394,4504733.72548852,2018_bird_033_9_trip,K18F60,bird_033,18,2018,30771.2111959896,1,2661.56234631633,0.58876814306261,8.8718744877211,30233.234984341103,Fast_Outbound,Sea,Fast_Outbound
2018-05-23T18:15:09Z,141.88828728365,40.7033993240126,575040.661983308,4506211.7895399,2018_bird_033_9_trip,K18F60,bird_033,18,2018,33433.6567330743,1,2877.5955410101,0.790935070466444,9.59198513670033,32754.32013777889,Fast_Outbound,Sea,Fast_Outbound
2018-05-23T18:20:09Z,141.912488658785,40.7216420028981,577064.131853676,4508257.79193026,2018_bird_033_9_trip,K18F60,bird_033,18,2018,36257.4596010565,1,2866.81306343421,0.850415673297013,9.55604354478069,35618.004355956706,Fast_Outbound,Sea,Fast_Outbound
2018-05-23T18:25:09Z,141.93515,40.74087,578955.28472548,4510412.35869788,2018_bird_033_9_trip,K18F60,bird_033,18,2018,39044.501075156,1,2506.1627079455898,0.682089339606644,8.35387569315197,38485.409386139945,Fast_Outbound,Sea,Fast_Outbound
2018-05-23T18:30:09Z,141.958392997663,40.7549120037903,580900.711723149,4511992.28442887,2018_bird_033_9_trip,K18F60,bird_033,18,2018,41547.1363091545,1,2395.00226162146,0.450034975982802,7.98334087207153,40941.9253385919,Fast_Outbound,Sea,Fast_Outbound
2018-05-23T18:35:09Z,141.984075328225,40.7640810014834,583057.248132435,4513034.10329441,2018_bird_033_9_trip,K18F60,bird_033,18,2018,43908.2671035788,1,2310.42556614363,0.565210606376638,7.70141855381209,43131.880165485105,Fast_Outbound,Sea,Fast_Outbound
2018-05-23T18:40:09Z,142.007357210508,40.7750275419981,585008.346656279,4514271.55262547,2018_bird_033_9_trip,K18F60,bird_033,18,2018,46216.6306242542,1,2151.7399878265,0.518343206520773,7.17246662608835,45351.10302785149,Fast_Outbound,Sea,Fast_Outbound
2018-05-23T18:45:09Z,142.029651014867,40.7844342398816,586877.436695836,4515337.61425561,2018_bird_033_9_trip,K18F60,bird_033,18,2018,48359.814138029,1,2430.27044231449,0.371968454674218,8.10090147438162,47397.013947902895,Fast_Outbound,Sea,Fast_Outbound
2018-05-23T18:50:09Z,142.056606097398,40.7921474595601,589141.509973927,4516220.89598542,2018_bird_033_9_trip,K18F60,bird_033,18,2018,50726.1379231289,1,2572.56482115406,0.650652749304589,8.57521607051353,49591.19205855121,Fast_Outbound,Sea,Fast_Outbound
2018-05-23T18:55:09Z,142.081092622957,40.8059575409853,591188.470459376,4517779.11372696,2018_bird_033_9_trip,K18F60,bird_033,18,2018,53296.0313278331,0,634.005211828628,2.65298539535729,2.11335070609543,52135.71640470831,Slow,Sea,Slow
2018-05-23T19:00:09Z,142.0745,40.8087,590628.651805863,4518076.71359894,2018_bird_033_9_trip,K18F60,bird_033,18,2018,53005.0238269587,0,247.362414216535,-0.862591864935165,0.824541380721783,51962.65904848885,Slow,Sea,Slow
2018-05-23T19:05:09Z,142.07638,40.80699,590789.553895995,4517888.83416591,2018_bird_033_9_trip,K18F60,bird_033,18,2018,53029.6629711151,0,281.759763077494,1.93496559459819,0.939199210258315,51937.637544130055,Slow,Sea,Slow
2018-05-23T19:10:09Z,142.075228690874,40.8093724597901,590689.198629491,4518152.11611473,2018_bird_033_9_trip,K18F60,bird_033,18,2018,53097.9024335262,1,1385.41347176341,-0.210995515527108,4.61804490587805,52059.11580885077,Fast_Middle,Sea,Fast_Middle
2018-05-23T19:15:09Z,142.091244574218,40.8066083069135,592043.887655149,4517861.96420364,2018_bird_033_9_trip,K18F60,bird_033,18,2018,54050.5588370811,1,1385.01493861811,1.6838752053977,4.6167164620603804,52794.49619105605,Fast_Middle,Sea,Fast_Middle
2018-05-23T19:20:09Z,142.089594836726,40.8190208347483,591887.605276011,4519238.13359662,2018_bird_033_9_trip,K18F60,bird_033,18,2018,54703.4293433555,1,2226.99676795134,2.16042804911832,7.42332255983781,53673.2509634341,Fast_Middle,Sea,Fast_Middle
2018-05-23T19:25:09Z,142.075182544833,40.835830000553,590649.272658831,4521089.09197911,2018_bird_033_9_trip,K18F60,bird_033,18,2018,54805.1603321601,1,2048.02970288485,2.06197981896192,6.82676567628284,54203.77516361682,Fast_Middle,Sea,Fast_Middle
2018-05-23T19:30:09Z,142.063987002333,40.8522018337963,589683.278914119,4522894.99390033,2018_bird_033_9_trip,K18F60,bird_033,18,2018,55177.5628388364,1,2011.47051279795,1.77098700386823,6.7049017093265,54609.766242370206,Fast_Middle,Sea,Fast_Middle
2018-05-23T19:35:09Z,142.059525251348,40.8700008207959,589283.285524675,4524866.2926885,2018_bird_033_9_trip,K18F60,bird_033,18,2018,56156.1946888937,1,2269.406739914,2.10133940659622,7.56468913304666,54437.469188754214,Fast_Middle,Sea,Fast_Middle
2018-05-23T19:40:09Z,142.046177836351,40.8877556673477,588134.961539196,4526823.7295267,2018_bird_033_9_trip,K18F60,bird_033,18,2018,56636.1412137789,0,749.512475775799,2.01530133339081,2.49837491925266,53411.06048997254,Fast_Middle,Sea,Fast_Middle
2018-05-23T19:45:09Z,142.042448360652,40.8938850819677,587812.662899051,4527500.40709978,2018_bird_033_9_trip,K18F60,bird_033,18,2018,56875.5160023398,1,1099.69293649571,1.46763097924591,3.66564312165237,53119.86290373056,Fast_Middle,Sea,Fast_Middle
2018-05-23T19:50:09Z,142.043947457733,40.9037250847666,587925.911966672,4528594.25315991,2018_bird_033_9_trip,K18F60,bird_033,18,2018,57726.8391406933,1,2105.91626937797,1.62182470337592,7.01972089792658,53282.03560915545,Fast_Middle,Sea,Fast_Middle
2018-05-23T19:55:09Z,142.042969999867,40.922679666683,587818.497108568,4530697.42823153,2018_bird_033_9_trip,K18F60,bird_033,18,2018,59162.9440303291,1,1615.02630160706,1.3907360161958,5.38342100535685,53269.39956864414,Fast_Middle,Sea,Fast_Middle
2018-05-23T20:00:09Z,142.04663033467,40.9369596667808,588107.730407418,4532286.34423111,2018_bird_033_9_trip,K18F60,bird_033,18,2018,60523.7845453139,1,2359.19036680781,1.60129670729216,7.86396788935935,53629.40218202314,Fast_Middle,Sea,Fast_Middle
2018-05-23T20:05:09Z,142.046111002845,40.9582063336461,588035.785359534,4534644.43733718,2018_bird_033_9_trip,K18F60,bird_033,18,2018,62235.7041461685,1,2446.15058361214,2.06848802398102,8.15383527870714,53663.54471636078,Fast_Middle,Sea,Fast_Middle
2018-05-23T20:10:09Z,142.032538337371,40.9776906673063,586867.996649993,4536793.83776697,2018_bird_033_9_trip,K18F60,bird_033,18,2018,63133.7951928348,1,2257.97871354384,2.26102019181479,7.52659571181279,52594.709611731174,Fast_Middle,Sea,Fast_Middle
2018-05-23T20:15:09Z,142.015692883427,40.993524576614,585430.31942685,4538534.97304973,2018_bird_033_9_trip,K18F60,bird_033,18,2018,63624.077130517,1,1608.056009185,2.79597521737441,5.36018669728334,51238.26589144938,Fast_Middle,Sea,Fast_Middle
2018-05-23T20:20:09Z,141.997781639358,40.9985883606571,583917.353464641,4539079.74651263,2018_bird_033_9_trip,K18F60,bird_033,18,2018,63169.2928668228,0,110.60932481026,-2.44378106281003,0.368697749367534,49752.92870484911,Slow,Sea,Slow
2018-05-23T20:25:09Z,141.996764406765,40.9979569491606,583832.599051076,4539008.67533622,2018_bird_033_9_trip,K18F60,bird_033,18,2018,63062.1750249749,0,136.746888831689,-2.68929920842193,0.455822962772298,49665.18975393281,Slow,Sea,Slow
2018-05-23T20:30:09Z,141.995294098368,40.9974313114844,583709.602449525,4538948.91290979,2018_bird_033_9_trip,K18F60,bird_033,18,2018,62942.091240916,1,967.706936358438,2.6173178661475,3.22568978786146,49539.74679934405,Slow,Sea,Slow
2018-05-23T20:35:09Z,141.9854,41.00188,582871.870941364,4539433.33280504,2018_bird_033_9_trip,K18F60,bird_033,18,2018,62858.3216489597,1,2593.02198884665,2.52244877235028,8.64340662948883,48725.553782454444,Fast_Middle,Sea,Fast_Middle
2018-05-23T20:40:09Z,141.960490830054,41.0156458364265,580760.17712039,4540938.1624436,2018_bird_033_9_trip,K18F60,bird_033,18,2018,62952.9890285451,1,3274.02029500655,-2.4798679338087,10.9134009833552,46685.81324477203,Fast_Homing,Sea,Fast_Homing
2018-05-23T20:45:09Z,141.929520312347,40.9977772175055,578177.19249511,4538926.34751233,2018_bird_033_9_trip,K18F60,bird_033,18,2018,59883.508715399,1,3615.39092829539,-2.19090061733541,12.051303094318,44018.12984149328,Fast_Homing,Sea,Fast_Homing
2018-05-23T20:50:09Z,141.904180827698,40.9714745010103,576076.216384361,4535984.07781931,2018_bird_033_9_trip,K18F60,bird_033,18,2018,56278.2384374158,1,3536.01103237711,-1.89663186924218,11.786703441257,41789.579634502305,Fast_Homing,Sea,Fast_Homing
2018-05-23T20:55:09Z,141.890324260867,40.9414054099675,574944.337567237,4532634.1189592,2018_bird_033_9_trip,K18F60,bird_033,18,2018,52826.0469198412,1,3638.72513826866,-1.93943010020454,12.1290837942289,40509.665968953486,Fast_Homing,Sea,Fast_Homing
2018-05-23T21:00:09Z,141.874346316631,40.9109513393227,573633.154531569,4529239.84146924,2018_bird_033_9_trip,K18F60,bird_033,18,2018,49252.0865460859,1,3871.13717065216,-2.29784472027592,12.9037905688405,39048.675934596606,Fast_Homing,Sea,Fast_Homing
2018-05-23T21:05:09Z,141.843465593434,40.8851269494484,571060.136349984,4526347.56201676,2018_bird_033_9_trip,K18F60,bird_033,18,2018,45433.8673629252,1,2887.75481062714,-2.4940516680081,9.62584936875714,36351.08336009879,Fast_Homing,Sea,Fast_Homing
2018-05-23T21:10:09Z,141.815937365647,40.8696327890242,568756.951038556,4524605.59035582,2018_bird_033_9_trip,K18F60,bird_033,18,2018,42754.1591333886,1,3369.83804451565,-2.16478524216168,11.2327934817188,33974.29793090273,Fast_Homing,Sea,Fast_Homing
2018-05-23T21:15:09Z,141.793258159644,40.844634002259,566870.949938842,4521812.95570407,2018_bird_033_9_trip,K18F60,bird_033,18,2018,39391.1079758176,1,1165.79943385976,-2.20381505583991,3.88599811286585,31847.291334005415,Fast_Homing,Sea,Fast_Homing
2018-05-23T21:20:09Z,141.784977833321,40.8362235000015,566181.284810551,4520873.03531872,2018_bird_033_9_trip,K18F60,bird_033,18,2018,38232.2437747508,0,269.186377311811,-1.90637832782401,0.897287924372703,31055.731903555923,Slow,Sea,Slow
2018-05-23T21:25:09Z,141.783899499996,40.8339411666672,566092.636686045,4520618.86447902,2018_bird_033_9_trip,K18F60,bird_033,18,2018,37967.5169691002,0,404.739041126378,-2.01984937680104,1.34913013708793,30938.774225068857,Slow,Sea,Slow
2018-05-23T21:30:09Z,141.781777166644,40.8306710000027,565916.934343956,4520254.25183745,2018_bird_033_9_trip,K18F60,bird_033,18,2018,37563.6781967444,0,221.308296600716,-1.99316602297218,0.737694322002388,30722.843277344833,Slow,Sea,Slow
2018-05-23T21:35:09Z,141.78068,40.82886,565826.214972128,4520052.3920898,2018_bird_033_9_trip,K18F60,bird_033,18,2018,37343.378689412,0,177.643558644786,-1.96625407224106,0.592145195482619,30609.801332345676,Slow,Sea,Slow
2018-05-23T21:40:09Z,141.779851166677,40.8273888333342,565757.781229282,4519888.45900355,2018_bird_033_9_trip,K18F60,bird_033,18,2018,37167.0951360122,0,781.820775925186,-1.95213107036908,2.60606925308395,30523.182058651757,Slow,Sea,Slow
2018-05-23T21:45:09Z,141.776324590142,40.8208755737784,565466.819069038,4519162.79741095,2018_bird_033_9_trip,K18F60,bird_033,18,2018,36392.9304204527,0,473.424620851772,-2.16134859593281,1.57808206950591,30151.694090081015,Slow,Sea,Slow
2018-05-23T21:50:09Z,141.773157739744,40.8173543560544,565203.20684696,4518769.55515991,2018_bird_033_9_trip,K18F60,bird_033,18,2018,35920.3606651206,0,325.585866774362,-2.09880490479583,1.08528622258121,29845.22644488152,Slow,Sea,Slow
2018-05-23T21:55:09Z,141.771183499965,40.8148340000113,565039.172087745,4518488.31015211,2018_bird_033_9_trip,K18F60,bird_033,18,2018,35594.6635451869,0,300.076610151246,-2.08831397155805,1.00025536717082,29650.36089476987,Slow,Sea,Slow
2018-05-23T22:00:09Z,141.769396247198,40.8124967051403,564890.716874737,4518227.52859278,2018_bird_033_9_trip,K18F60,bird_033,18,2018,35294.4897622057,1,3039.05229534524,-2.25778540232035,10.1301743178175,29473.283742191757,Fast_Homing,Sea,Fast_Homing
2018-05-23T22:05:09Z,141.746308160277,40.7914815022431,562963.313024314,4515877.85771131,2018_bird_033_9_trip,K18F60,bird_033,18,2018,32298.1501908372,1,3484.70378483722,-2.19826387589187,11.6156792827907,27292.420543489046,Fast_Homing,Sea,Fast_Homing
2018-05-23T22:10:09Z,141.721785233889,40.7662252491414,560917.455346598,4513056.93112053,2018_bird_033_9_trip,K18F60,bird_033,18,2018,28839.4522792645,1,3422.20877487906,-2.1987311517378,11.4073625829302,24940.058366092373,Fast_Homing,Sea,Fast_Homing
2018-05-23T22:15:09Z,141.697704993609,40.7414251686021,558906.993983934,4510287.53443386,2018_bird_033_9_trip,K18F60,bird_033,18,2018,25450.2443934433,1,3563.22905897617,-2.23602593013897,11.8774301965872,22457.28620394785,Fast_Homing,Sea,Fast_Homing
2018-05-23T22:20:09Z,141.671403160987,40.7163260019995,556707.627209368,4507484.07458616,2018_bird_033_9_trip,K18F60,bird_033,18,2018,21958.6412994307,1,3193.82504324723,-2.10279783050708,10.6460834774908,19699.495442939027,Fast_Homing,Sea,Fast_Homing
2018-05-23T22:25:09Z,141.651981012408,40.6916418653542,555087.52994837,4504731.65687227,2018_bird_033_9_trip,K18F60,bird_033,18,2018,18777.1860465828,1,3124.34683484264,-1.91470936849153,10.4144894494755,17517.27298329095,Fast_Homing,Sea,Fast_Homing
2018-05-23T22:30:09Z,141.639260660577,40.6652150009124,554034.082778753,4501790.26397005,2018_bird_033_9_trip,K18F60,bird_033,18,2018,15666.3819747832,1,2988.09813997702,-1.96490329305739,9.96032713325672,15539.513437989386,Fast_Homing,Sea,Fast_Homing
2018-05-23T22:35:09Z,141.625454994256,40.6404353343424,552886.701594609,4499031.23390272,2018_bird_033_9_trip,K18F60,bird_033,18,2018,12682.9792534146,1,2803.85379059286,-1.94904730383798,9.34617930197621,12953.32416068399,Fast_Homing,Sea,Fast_Homing
2018-05-23T22:40:09Z,141.612995420335,40.6170284753743,551851.250594536,4496425.57903197,2018_bird_033_9_trip,K18F60,bird_033,18,2018,9891.10098508413,1,2899.6572330092,-2.13713361394885,9.66552411003066,10548.90621192539,Fast_Homing,Sea,Fast_Homing
2018-05-23T22:45:09Z,141.594408131387,40.5950816959363,550295.454600597,4493978.63994524,2018_bird_033_9_trip,K18F60,bird_033,18,2018,7003.15519325856,1,3109.42681914033,-2.14346625354875,10.3647560638011,7826.740960403365,NA,Sea,Fast_Homing
2018-05-29T18:40:12Z,141.56392,40.54895,547748.489045593,4488840.95732509,2018_bird_033_16_trip,K18F60,bird_033,18,2018,1267.16286899896,1,3295.34217499851,1.0853608906138,10.9844739166617,2682.903136403037,Fast_Outbound,Sea,Fast_Outbound
2018-05-29T18:45:12Z,141.582305827569,40.5751163352842,549286.074399138,4491755.59475209,2018_bird_033_16_trip,K18F60,bird_033,18,2018,4562.30227428981,1,3215.21068371953,0.754199883810505,10.7173689457318,5674.837120824241,Fast_Outbound,Sea,Fast_Outbound
2018-05-29T18:50:12Z,141.610170328483,40.5948051692885,551629.383029692,4493957.06798669,2018_bird_033_16_trip,K18F60,bird_033,18,2018,7665.6569022433,1,3194.10600412069,0.710185940315879,10.6470200137356,8874.396056007236,Fast_Outbound,Sea,Fast_Outbound
2018-05-29T18:55:12Z,141.63897,40.61341,554051.284076616,4496039.54451344,2018_bird_033_16_trip,K18F60,bird_033,18,2018,10791.9173855203,1,2970.22569759303,0.568234842036584,9.90075232531009,12064.162870233162,Fast_Outbound,Sea,Fast_Outbound
2018-05-29T19:00:12Z,141.668706496155,40.6276413362701,556554.745337019,4497637.95697971,2018_bird_033_16_trip,K18F60,bird_033,18,2018,13646.6782313513,1,2867.66652901961,0.517842072358099,9.55888843006536,15006.65673727688,Fast_Outbound,Sea,Fast_Outbound
2018-05-29T19:05:12Z,141.698299496742,40.6402541697629,559046.430357181,4499057.46995321,2018_bird_033_16_trip,K18F60,bird_033,18,2018,16409.5616901901,1,2666.58084396407,0.133519436484913,8.88860281321357,17609.8933069597,Fast_Outbound,Sea,Fast_Outbound
2018-05-29T19:10:12Z,141.729586999364,40.6432586686065,561689.277337207,4499412.45338602,2018_bird_033_16_trip,K18F60,bird_033,18,2018,18628.3938980314,1,2547.56837027021,0.184598586563436,8.49189456756735,19430.696359993737,Fast_Outbound,Sea,Fast_Outbound
2018-05-29T19:15:12Z,141.75925,40.64728,564193.562546461,4499880.06454062,2018_bird_033_16_trip,K18F60,bird_033,18,2018,20904.560123634,1,1891.80053483635,0.097127028553459,6.30600178278782,21262.771556403695,Fast_Outbound,Sea,Fast_Outbound
2018-05-29T19:20:12Z,141.781537169452,40.6487840019223,566076.446792831,4500063.52074352,2018_bird_033_16_trip,K18F60,bird_033,18,2018,22561.4340411247,1,2167.73045905222,-0.519931033281109,7.22576819684074,22502.506870928813,Fast_Outbound,Sea,Fast_Outbound
2018-05-29T19:25:12Z,141.80367,40.63893,567957.719141299,4498986.5482768305,2018_bird_033_16_trip,K18F60,bird_033,18,2018,23622.9291756544,1,2001.55799633831,-0.331151410787608,6.67185998779435,22710.682775543115,Fast_Outbound,Sea,Fast_Outbound
2018-05-29T19:30:12Z,141.82598,40.63291,569850.529709262,4498335.77752879,2018_bird_033_16_trip,K18F60,bird_033,18,2018,25017.872823927,1,2090.50731308135,-0.166494566156025,6.96835771027116,23356.25385878779,Fast_Outbound,Sea,Fast_Outbound
2018-05-29T19:35:12Z,141.850316230411,40.629612295896,571912.129001735,4497989.32524734,2018_bird_033_16_trip,K18F60,bird_033,18,2018,26762.9602713353,1,1462.69521717995,-0.418923306371605,4.87565072393316,24486.472010781577,Fast_Outbound,Sea,Fast_Outbound
2018-05-29T19:40:12Z,141.866045168319,40.6241353347631,573248.341224912,4497394.33432893,2018_bird_033_16_trip,K18F60,bird_033,18,2018,27787.8101865439,0,141.249387666014,-2.94367445310112,0.470831292220047,25031.514162066775,Slow,Sea,Slow
2018-05-29T19:45:12Z,141.864404673358,40.6238974217759,573109.849301646,4497366.56065963,2018_bird_033_16_trip,K18F60,bird_033,18,2018,27648.3048278885,1,1913.91636179784,-2.58148888090168,6.37972120599279,24910.955771178164,Fast_Middle,Sea,Fast_Middle
2018-05-29T19:50:12Z,141.84512,40.61488,571488.379390876,4496349.7464345,2018_bird_033_16_trip,K18F60,bird_033,18,2018,25775.694061109,1,2222.91517139483,-2.25551335539934,7.40971723798278,23031.591466546375,Fast_Middle,Sea,Fast_Middle
2018-05-29T19:55:12Z,141.82831,40.59949,570082.488137503,4494627.88068976,2018_bird_033_16_trip,K18F60,bird_033,18,2018,23899.869214676,1,2510.02406727486,-2.27132626368236,8.36674689091621,20826.291163455902,Fast_Middle,Sea,Fast_Middle
2018-05-29T20:00:12Z,141.80898,40.58234,568464.469106918,4492708.96557049,2018_bird_033_16_trip,K18F60,bird_033,18,2018,21836.3898929669,1,1204.94484156492,-2.0146030985743,4.01648280521641,18335.18901062999,Fast_Middle,Sea,Fast_Middle
2018-05-29T20:05:12Z,141.80275,40.57258,567947.089223793,4491620.75137845,2018_bird_033_16_trip,K18F60,bird_033,18,2018,21103.3367605611,1,1506.88754141159,-2.03503895443032,5.02295847137198,17227.969353267115,Fast_Middle,Sea,Fast_Middle
2018-05-29T20:10:12Z,141.794635994753,40.5604976675024,567272.386780904,4490273.35140962,2018_bird_033_16_trip,K18F60,bird_033,18,2018,20224.5786147325,1,2602.65305053952,-2.02702515743883,8.67551016846507,15850.519365545137,Fast_Middle,Sea,Fast_Middle
2018-05-29T20:15:12Z,141.780848324253,40.539543002217,566125.746877334,4487936.89686629,2018_bird_033_16_trip,K18F60,bird_033,18,2018,18913.2951839962,1,2830.3197984817,-1.771311258856,9.43439932827233,13548.57062478104,Fast_Middle,Sea,Fast_Middle
2018-05-29T20:20:12Z,141.773904662052,40.5146026672992,565562.020840653,4485163.28494008,2018_bird_033_16_trip,K18F60,bird_033,18,2018,18520.9550129131,1,2934.77719718303,-2.1810370401761,9.78259065727677,11574.997338844289,Fast_Middle,Sea,Fast_Middle
2018-05-29T20:25:12Z,141.753811282343,40.4930683901756,563880.203498194,4482758.20539384,2018_bird_033_16_trip,K18F60,bird_033,18,2018,17380.1011532472,1,3072.22811961547,-2.3412273988331,10.2407603987182,8860.394338021892,Fast_Homing,Sea,Fast_Middle
2018-05-29T20:30:12Z,141.72835,40.47337,561740.566675595,4480553.54218003,2018_bird_033_16_trip,K18F60,bird_033,18,2018,16184.3015157816,1,2433.20343511566,-2.22837183959046,8.1106781170522,5868.75204005494,NA,Sea,Fast_Middle
2018-05-29T20:35:12Z,141.710624334105,40.4561306668261,560253.393403234,4478627.71907948,2018_bird_033_16_trip,K18F60,bird_033,18,2018,15879.0315545691,1,1840.42175671543,-1.9980584228215,6.13473918905142,3576.846569496724,NA,Sea,Fast_Middle
2018-05-29T20:40:12Z,141.70147360909,40.4410967241995,559490.758364293,4476952.74444087,2018_bird_033_16_trip,K18F60,bird_033,18,2018,16310.0942707927,1,1683.57629454095,-1.22243771492316,5.61192098180316,2029.7731297637447,NA,Sea,Fast_Middle
2018-05-29T20:45:12Z,141.7081,40.4268,560065.456343313,4475370.29337608,2018_bird_033_16_trip,K18F60,bird_033,18,2018,17803.7597391804,0,551.514194308929,-1.71150469432269,1.83838064769643,1657.996350993733,NA,Sea,Slow
2018-05-29T20:50:12Z,141.707136721301,40.4218863934456,559988.109501826,4474824.22985172,2018_bird_033_16_trip,K18F60,bird_033,18,2018,18131.5657654149,0,17.6744734810444,-1.15592992398083,0.0589149116034814,1298.2614942944322,NA,Sea,Slow
2018-05-29T20:55:12Z,141.707219166667,40.4217401666668,559995.233510668,4474808.05470069,2018_bird_033_16_trip,K18F60,bird_033,18,2018,18148.0721226087,0,20.5834830932556,1.82514220924424,0.0686116103108521,1296.1944901152117,NA,Sea,Slow
2018-05-29T21:00:12Z,141.70716,40.42192,559990.054451309,4474827.9759737505,2018_bird_033_16_trip,K18F60,bird_033,18,2018,18130.2767320834,0,2.7941960525549,2.23136690550496,0.00931398684184966,1301.854949343589,NA,Sea,Slow
2018-05-29T21:05:12Z,141.70714,40.42194,559988.340023409,4474830.18238907,2018_bird_033_16_trip,K18F60,bird_033,18,2018,18127.5020565844,0,132.069474075442,2.02976210551053,0.440231580251473,1301.52352181135,NA,Sea,Slow
2018-05-29T21:10:12Z,141.706461499999,40.4230108333339,559929.83045271,4474948.58414632,2018_bird_033_16_trip,K18F60,bird_033,18,2018,18002.2599163097,1,1020.61382961537,1.65295267912273,3.40204609871789,1316.0300962193578,NA,Sea,Fast_Middle
2018-05-29T21:15:12Z,141.70557,40.43218,559846.074837988,4475965.75551153,2018_bird_033_16_trip,K18F60,bird_033,18,2018,17235.2928641542,1,1974.3159731413,2.39484449565849,6.58105324380432,1795.705017635591,NA,Sea,Fast_Middle
2018-05-29T21:20:12Z,141.688611642138,40.4443639353022,558397.121229923,4477306.82113389,2018_bird_033_16_trip,K18F60,bird_033,18,2018,15260.2748858648,1,2564.2814543078,2.41222642217094,8.54760484769267,1301.466592089164,NA,Sea,Fast_Middle
2018-05-29T21:25:12Z,141.66622,40.45989,556485.200943058,4479015.65119963,2018_bird_033_16_trip,K18F60,bird_033,18,2018,12695.6422100822,1,1711.5258655701,2.90736214932192,5.705086218567,615.025428772918,NA,Sea,Fast_Middle
2018-05-29T21:30:12Z,141.64662,40.46358,554820.411329078,4479412.88706118,2018_bird_033_16_trip,K18F60,bird_033,18,2018,11240.3765062773,1,1645.14367217498,-2.25886976459115,5.48381224058328,572.7571378498981,NA,Land,Fast_Middle
2018-05-29T21:35:12Z,141.63419,40.4522,553775.662595891,4478142.06142932,2018_bird_033_16_trip,K18F60,bird_033,18,2018,11585.1320394979,1,1267.14811728377,-2.12230869974833,4.22382705761257,2137.3494115448543,NA,Land,Fast_Middle
2018-05-29T21:40:12Z,141.62627,40.44252,553111.707437446,4477062.7894994,2018_bird_033_16_trip,K18F60,bird_033,18,2018,12154.6359724935,1,1852.97885094191,0.927046866073939,6.17659616980638,3279.401811910955,NA,Land,Fast_Middle
2018-05-29T21:45:12Z,141.639509832515,40.455799833405,554223.862866417,4478544.89641992,2018_bird_033_16_trip,K18F60,bird_033,18,2018,11522.1968099228,1,3008.14250073481,1.73876957741102,10.027141669116,1542.6570312069146,NA,Land,Fast_Homing
2018-05-29T21:50:12Z,141.63383,40.48255,553720.948157832,4481510.70121805,2018_bird_033_16_trip,K18F60,bird_033,18,2018,8971.41044252343,1,2835.947843203,2.09754669398229,9.45315947734332,188.03309186492945,NA,Sea,Fast_Homing
2018-05-29T21:55:12Z,141.617211971338,40.5047255751062,552295.240973065,4483962.22302963,2018_bird_033_16_trip,K18F60,bird_033,18,2018,6298.42019891037,0,771.889103820384,2.52428928462518,2.57296367940128,1366.4540379031669,NA,Sea,Fast_Homing
2018-05-29T22:00:12Z,141.60982,40.50879,551665.80992141,4484409.02202226,2018_bird_033_16_trip,K18F60,bird_033,18,2018,5526.36353658684,1,2017.3107435006,2.27760322943831,6.724369145002,1366.9593529133308,NA,Sea,Fast_Homing
2018-05-29T22:05:12Z,141.59448,40.52269,550355.750312354,4485943.06454336,2018_bird_033_16_trip,K18F60,bird_033,18,2018,3589.7845642942,1,2785.78049285914,2.24824577561154,9.28593497619714,1861.5687397281197,NA,Sea,Fast_Homing
2018-05-30T20:25:13Z,141.57318,40.5427,548537.071751015,4488152.25554149,2018_bird_033_18_trip,K18F60,bird_033,18,2018,1395.72876851692,1,2478.23062367434,-0.289301364051519,8.26076874558114,2612.30342542643,Fast_Outbound,Sea,Fast_Outbound
2018-05-30T20:30:13Z,141.601171164485,40.536188500696,550912.315580921,4487445.25923838,2018_bird_033_18_trip,K18F60,bird_033,18,2018,3700.86656901893,1,2053.78201463877,-0.127900519012781,6.84594004879591,3411.233052134188,Fast_Outbound,Sea,Fast_Outbound
2018-05-30T20:35:13Z,141.625200808368,40.5337009703276,552949.322042453,4487183.29504363,2018_bird_033_18_trip,K18F60,bird_033,18,2018,5752.87425359371,1,1562.9579818583,-0.598000421333062,5.20985993952767,4377.149395969911,Fast_Outbound,Sea,Fast_Outbound
2018-05-30T20:40:13Z,141.640376560894,40.5256906568793,554241.04900256,4486303.36373178,2018_bird_033_18_trip,K18F60,bird_033,18,2018,7158.3169624415405,1,1592.55600447756,-1.14498994719976,5.30852001492521,4406.104302104275,Fast_Outbound,Sea,Fast_Outbound
2018-05-30T20:45:13Z,141.648016501893,40.5125820014835,554898.862685871,4484853.01350323,2018_bird_033_18_trip,K18F60,bird_033,18,2018,8188.1407737535,1,1853.3765069986,-0.753345302342897,6.17792168999534,3601.47960553587,Fast_Outbound,Sea,Fast_Outbound
2018-05-30T20:50:13Z,141.66386,40.50107,556250.723833974,4483585.15076896,2018_bird_033_18_trip,K18F60,bird_033,18,2018,9922.44669639009,1,1803.10623585823,-1.41275690439929,6.01035411952744,3347.404457626399,Fast_Outbound,Sea,Fast_Outbound
2018-05-30T20:55:13Z,141.66705,40.48501,556534.500959438,4481804.51530912,2018_bird_033_18_trip,K18F60,bird_033,18,2018,11021.0781971965,1,2015.57555985831,-0.0882631010434804,6.71858519952772,2169.7486610618657,Fast_Outbound,Sea,Fast_Outbound
2018-05-30T21:00:13Z,141.69072116809,40.4832703349102,558542.230570123,4481626.84525571,2018_bird_033_18_trip,K18F60,bird_033,18,2018,12847.0936686998,1,1308.10233793409,-0.502367137023056,4.36034112644698,3756.684758201444,Fast_Outbound,Sea,Fast_Outbound
2018-05-30T21:05:13Z,141.704187868948,40.4775147542248,559688.710635432,4480996.99195028,2018_bird_033_18_trip,K18F60,bird_033,18,2018,14155.5948625064,1,1561.92735461612,-1.62725050053539,5.20642451538705,4381.69663999261,Fast_Outbound,Sea,Fast_Outbound
2018-05-30T21:10:13Z,141.703001697111,40.4634730514285,559600.580147657,4479437.55292351,2018_bird_033_18_trip,K18F60,bird_033,18,2018,14883.2475659634,1,1682.13195456742,-0.291842811860953,5.60710651522473,3464.856536936483,Fast_Outbound,Sea,Fast_Outbound
2018-05-30T21:15:13Z,141.721955740272,40.458996066947,561211.583644688,4478953.57395172,2018_bird_033_18_trip,K18F60,bird_033,18,2018,16500.058128091,1,1547.52971178369,-1.41147698849048,5.15843237261229,4559.178681396284,Fast_Outbound,Sea,Fast_Outbound
2018-05-30T21:20:13Z,141.724703281817,40.445213771238,561457.093355888,4477425.64293543,2018_bird_033_18_trip,K18F60,bird_033,18,2018,17556.7064181747,1,1577.32005477495,-0.692515978927717,5.25773351591651,3940.1293640966783,Fast_Outbound,Sea,Fast_Outbound
2018-05-30T21:25:13Z,141.73891800186,40.436051000961,562671.065214489,4476418.56256042,2018_bird_033_18_trip,K18F60,bird_033,18,2018,19131.2510018755,1,1071.84405550088,-0.286871191900348,3.57281351833626,4416.800636913486,Fast_Middle,Sea,Fast_Outbound
2018-05-30T21:30:13Z,141.751007667057,40.4332408339101,563699.107155079,4476115.28142402,2018_bird_033_18_trip,K18F60,bird_033,18,2018,20144.1104411495,1,1263.68347848524,-0.506805576898726,4.21227826161748,5117.609871734675,Fast_Middle,Sea,Fast_Outbound
2018-05-30T21:35:13Z,141.76397,40.42763,564803.94498441,4475501.9060865,2018_bird_033_18_trip,K18F60,bird_033,18,2018,21401.6171341676,1,1123.47951118375,-2.66009514574052,3.74493170394583,5715.337170941723,Fast_Homing,Sea,Slow
2018-05-30T21:40:13Z,141.75218,40.42302,563808.202385454,4474981.6149289,2018_bird_033_18_trip,K18F60,bird_033,18,2018,20903.1692118448,0,801.291273527745,2.63565432061413,2.67097091175915,4596.569508909912,NA,Sea,Slow
2018-05-30T21:45:13Z,141.743956833353,40.4265716667107,563107.296789134,4475369.94346259,2018_bird_033_18_trip,K18F60,bird_033,18,2018,20110.6831958819,0,72.7573932937545,1.25917648015092,0.242524644312515,4217.054118938075,NA,Sea,Slow
2018-05-30T21:50:13Z,141.744226666491,40.4271938336187,563129.604269209,4475439.19672686,2018_bird_033_18_trip,K18F60,bird_033,18,2018,20085.9799335406,1,926.108631495178,-1.06614062382425,3.08702877165059,4272.954176521679,NA,Sea,Fast_Middle
2018-05-30T21:55:13Z,141.749423996485,40.4198570015197,563577.383434097,4474628.53587495,2018_bird_033_18_trip,K18F60,bird_033,18,2018,20938.9112812926,1,2251.78838679797,-2.58961923870594,7.50596128932657,4211.158899979674,NA,Sea,Fast_Middle
2018-05-30T22:00:13Z,141.726710034286,40.409364429044,561660.005024257,4473447.76876311,2018_bird_033_18_trip,K18F60,bird_033,18,2018,20288.1905541653,1,2165.3575755335,2.45580737119583,7.21785858511165,1960.2724077723424,NA,Sea,Fast_Middle
2018-05-30T22:05:13Z,141.70709,40.42184,559984.187198991,4474819.04847434,2018_bird_033_18_trip,K18F60,bird_033,18,2018,18132.4821749888,0,17.0048874981421,0.269957866826617,0.0566829583271404,1292.2387653263502,NA,Sea,Slow
2018-05-30T22:10:13Z,141.707283606558,40.4218796721345,560000.576205748,4474823.5835219,2018_bird_033_18_trip,K18F60,bird_033,18,2018,18140.8112401171,0,36.4153394538294,-0.237307236871089,0.121384464846098,1308.6475143656958,NA,Sea,Slow
2018-05-30T22:15:13Z,141.7077,40.4218,560035.970988176,4474815.02277868,2018_bird_033_18_trip,K18F60,bird_033,18,2018,18171.8495021545,0,13.3289857626403,1.44474438130789,0.0444299525421344,1333.6072624903434,NA,Sea,Slow
2018-05-30T22:20:13Z,141.707721000001,40.4219190000003,560037.646686967,4474828.24601184,2018_bird_033_18_trip,K18F60,bird_033,18,2018,18163.6599195392,1,1217.01537480477,1.72858705261286,4.05671791601592,1342.5394628222864,NA,Sea,Fast_Middle
2018-05-30T22:25:13Z,141.70558,40.43276,559846.408829436,4476030.14222381,2018_bird_033_18_trip,K18F60,bird_033,18,2018,17191.7746650802,0,611.699218141399,0.697745135104042,2.03899739380466,1830.4662275992357,NA,Sea,Slow
2018-05-30T22:30:13Z,141.711143278787,40.436266557449,560315.149576139,4476423.15373236,2018_bird_033_18_trip,K18F60,bird_033,18,2018,17280.1936427276,1,1081.32917785757,1.98379003447619,3.60443059285856,2437.776008790762,NA,Sea,Fast_Homing
2018-05-30T22:35:13Z,141.70612,40.44522,559881.15472679,4477413.56842411,2018_bird_033_18_trip,K18F60,bird_033,18,2018,16311.6115631116,1,1505.88509430169,2.22439418101381,5.01961698100564,2607.760411515613,NA,Sea,Fast_Homing
2018-05-30T22:40:13Z,141.69543442625601,40.4560552459096,558965.506300642,4478609.09252547,2018_bird_033_18_trip,K18F60,bird_033,18,2018,14850.8850353,0,230.40616794713,1.79468318337255,0.768020559823766,2482.8144302168566,NA,Sea,Slow
2018-05-30T22:45:13Z,141.69485199964,40.4580826675286,558914.351260921,4478833.74818228,2018_bird_033_18_trip,K18F60,bird_033,18,2018,14673.6702976574,1,1081.40419942612,-3.07307585843462,3.60468066475372,2561.262760106713,NA,Sea,Slow
2018-05-30T22:50:13Z,141.682121666665,40.4574915000007,557835.484422315,4478759.71179195,2018_bird_033_18_trip,K18F60,bird_033,18,2018,13876.2233769856,0,434.059030413484,2.55722126964947,1.44686343471161,1613.2658629162993,NA,Sea,Slow
2018-05-30T22:55:13Z,141.677873778526,40.4596737776144,557473.453563003,4478999.17138936,2018_bird_033_18_trip,K18F60,bird_033,18,2018,13444.9705750405,1,2688.84298019317,2.25166803182804,8.96280993397722,1438.8384372380865,NA,Sea,Fast_Homing
2018-05-30T23:00:13Z,141.658095902595,40.4786104918862,555780.905961415,4481088.46772748,2018_bird_033_18_trip,K18F60,bird_033,18,2018,10813.5042666058,1,3547.50897606907,2.39393274476084,11.8250299202302,1141.7829844273451,NA,Sea,Fast_Homing
2018-05-30T23:05:13Z,141.62761,40.50051,553179.581623171,4483500.50662073,2018_bird_033_18_trip,K18F60,bird_033,18,2018,7286.41846667156,1,4251.18404970676,2.43302525859685,14.1706134990225,1501.029433362509,NA,Sea,Fast_Homing
2018-06-01T19:56:14Z,141.5427,40.54582,545953.870399342,4488482.24204594,2018_bird_033_23_trip,K18F60,bird_033,18,2018,1495.2004399263,1,2555.01772817873,-3.09516275445315,8.51672576059578,1038.5439242478903,Fast_Outbound,Sea,Fast_Outbound
2018-06-01T20:01:14Z,141.512551639345,40.544889344263,543401.606147715,4488363.65544814,2018_bird_033_23_trip,K18F60,bird_033,18,2018,3879.79431419473,0,8.69052063384041,-0.518299297940115,0.0289684021128014,1063.5376472140615,Slow,Land,Slow
2018-06-01T20:06:14Z,141.512640491803,40.5448501639345,543409.155281174,4488359.35013364,2018_bird_033_23_trip,K18F60,bird_033,18,2018,3871.60966054343,0,27.3105618937295,1.06277693280821,0.0910352063124318,1059.9770506367506,Slow,Land,Slow
2018-06-01T20:11:14Z,141.512799016391,40.5450644262297,543422.440441944,4488383.21163599,2018_bird_033_23_trip,K18F60,bird_033,18,2018,3862.73865650731,0,15.6090063435681,-1.78007679902766,0.0520300211452269,1035.0342314038442,Slow,Land,Slow
2018-06-01T20:16:14Z,141.512759672131,40.5449270491804,543419.197575262,4488367.94320795,2018_bird_033_23_trip,K18F60,bird_033,18,2018,3863.21686364077,0,7.53640570105118,-1.77634999907187,0.0251213523368372,1046.7937302832418,Slow,Land,Slow
2018-06-01T20:21:14Z,141.512740999999,40.5448606666669,543417.659325466,4488360.56545772,2018_bird_033_23_trip,K18F60,bird_033,18,2018,3863.44224190497,0,4.37215149064994,1.7682349925918,0.0145738383021665,1052.406803565989,Slow,Land,Slow
2018-06-01T20:26:14Z,141.512731166667,40.5448993333337,543416.801691209,4488364.85266802,2018_bird_033_23_trip,K18F60,bird_033,18,2018,3865.03465856636,0,632.535770293782,1.33342904136263,2.10845256764594,1050.554189224059,Slow,Land,Slow
2018-06-01T20:31:14Z,141.51453,40.55043,543565.539030251,4488979.65239531,2018_bird_033_23_trip,K18F60,bird_033,18,2018,3877.83617389396,1,3058.95318894848,1.06790881863977,10.1965106298283,559.558567302094,Fast_Outbound,Land,Fast_Outbound
2018-06-01T20:36:14Z,141.532132496753,40.5744961671861,545039.82465524494,4491659.89053923,2018_bird_033_23_trip,K18F60,bird_033,18,2018,4531.81481350758,1,3207.54377561772,1.09541237651029,10.6918125853924,2239.9649625520055,Fast_Outbound,Sea,Fast_Outbound
2018-06-01T20:41:14Z,141.549686388309,40.6001060667904,546507.852833889,4494511.77243356,2018_bird_033_23_trip,K18F60,bird_033,18,2018,6862.11440355165,1,3140.18365493279,1.07464528919372,10.467278849776,5137.81129238096,Fast_Outbound,Sea,Fast_Outbound
2018-06-01T20:46:14Z,141.56756418472,40.6248977434957,548002.719091954,4497273.31697551,2018_bird_033_23_trip,K18F60,bird_033,18,2018,9619.35700763545,1,3455.12367761396,1.0157275516236,11.5170789253799,8001.944726807923,Fast_Outbound,Sea,Fast_Outbound
2018-06-01T20:51:14Z,141.589324739107,40.6512418683807,549823.575319997,4500209.70288755,2018_bird_033_23_trip,K18F60,bird_033,18,2018,12792.7319664261,1,3611.01501072868,0.634716121413659,12.0367167024289,11231.258947788629,Fast_Outbound,Sea,Fast_Outbound
2018-06-01T20:56:14Z,141.62389588769,40.6703491881983,552731.30924377,4502350.85043881,2018_bird_033_23_trip,K18F60,bird_033,18,2018,15668.5951830565,1,4069.13583736655,0.73401954507604,13.5637861245552,14698.617250079657,Fast_Outbound,Sea,Fast_Outbound
2018-06-01T21:01:14Z,141.659882441857,40.6947044345673,555752.593273767,4505076.59974368,2018_bird_033_23_trip,K18F60,bird_033,18,2018,19374.7597300526,1,4010.23340932497,0.706896834185145,13.3674446977499,18241.150841975017,Fast_Outbound,Sea,Fast_Outbound
2018-06-01T21:06:14Z,141.696215557062,40.7179544341335,558801.898442061,4507681.15536564,2018_bird_033_23_trip,K18F60,bird_033,18,2018,23112.3628168416,1,3742.89748827107,0.583965503667294,12.4763249609036,21784.15908893027,Fast_Outbound,Sea,Fast_Outbound
2018-06-01T21:11:14Z,141.733388854079,40.7363142626006,561924.533767723,4509744.75179679,2018_bird_033_23_trip,K18F60,bird_033,18,2018,26516.9283893506,1,1773.67101710937,-0.241283762113695,5.91223672369791,25280.019872124045,Fast_Outbound,Sea,Fast_Outbound
2018-06-01T21:16:14Z,141.753741666674,40.7323651666674,563646.825119888,4509320.93417659,2018_bird_033_23_trip,K18F60,bird_033,18,2018,27171.1267680504,1,1075.77453981609,0.161336982902542,3.5859151327203,26866.12207431948,Fast_Outbound,Sea,Fast_Outbound
2018-06-01T21:21:14Z,141.76633294717,40.733839021743,564708.62900109,4509493.74441465,2018_bird_033_23_trip,K18F60,bird_033,18,2018,27960.9782788245,1,3797.16413049343,0.365954917819741,12.6572137683114,27939.008926529423,Fast_Outbound,Sea,Fast_Outbound
2018-06-01T21:26:14Z,141.808468656997,40.745792170401,568254.354332522,4510852.52596735,2018_bird_033_23_trip,K18F60,bird_033,18,2018,31299.2127808205,1,2757.83308176501,0.569242719332221,9.1927769392167,31692.915672423544,Fast_Outbound,Sea,Fast_Outbound
2018-06-01T21:31:14Z,141.836148827333,40.7589856683511,570577.303024072,4512338.98238558,2018_bird_033_23_trip,K18F60,bird_033,18,2018,33969.8190972463,1,3976.1896801046,0.703353821984377,13.2539656003487,34282.753452402954,Fast_Outbound,Sea,Fast_Outbound
2018-06-01T21:36:14Z,141.872375326845,40.7818846714313,573609.852627131,4514910.69918126,2018_bird_033_23_trip,K18F60,bird_033,18,2018,37926.2096088051,1,4013.8330232307,0.681769597132629,13.379443410769,37747.787003948426,Fast_Outbound,Sea,Fast_Outbound
2018-06-01T21:41:14Z,141.909617493177,40.8043828389839,576726.428565733,4517440.08842716,2018_bird_033_23_trip,K18F60,bird_033,18,2018,41915.607578455,1,4205.74789721902,0.507148860679196,14.0191596573967,41129.37428974882,Fast_Outbound,Sea,Fast_Outbound
2018-06-01T21:46:14Z,141.95346,40.82243,580402.810834659,4519482.76529532,2018_bird_033_23_trip,K18F60,bird_033,18,2018,45971.0095431599,1,4126.81756997823,0.691640435684143,13.7560585665941,45010.846081771335,Fast_Outbound,Sea,Fast_Outbound
2018-06-01T21:51:14Z,141.9915,40.84582,583581.288943641,4522114.85575094,2018_bird_033_23_trip,K18F60,bird_033,18,2018,50089.2066407155,1,2678.09199667634,1.43144567923564,8.92697332225446,48465.28503615394,Fast_Outbound,Sea,Fast_Outbound
2018-06-01T21:56:14Z,141.99627,40.86967,583953.276152552,4524766.98739531,2018_bird_033_23_trip,K18F60,bird_033,18,2018,52210.1728500511,1,3051.46969575268,1.56036732731594,10.1715656525089,49136.675260915224,Fast_Outbound,Sea,Fast_Outbound
2018-06-01T22:01:14Z,141.99706,40.89715,583985.099351542,4527818.2911475,2018_bird_033_23_trip,K18F60,bird_033,18,2018,54442.501866611,1,2515.7612448824,1.06000792359189,8.38587081627466,49314.758503380675,Fast_Outbound,Sea,Fast_Outbound
2018-06-01T22:06:14Z,142.01196,40.91679,585214.967399336,4530012.93900678,2018_bird_033_23_trip,K18F60,bird_033,18,2018,56895.2079122925,1,1565.36970973271,1.14289018812898,5.21789903244236,50640.66933579848,Fast_Outbound,Sea,Fast_Outbound
2018-06-01T22:11:14Z,142.01987,40.92955,585864.543610879,4531437.16970212,2018_bird_033_23_trip,K18F60,bird_033,18,2018,58391.3270809529,1,3156.09891599201,1.19034417864095,10.5203297199734,51352.88938388891,Fast_Outbound,Sea,Fast_Outbound
2018-06-01T22:16:14Z,142.0342,40.95582,587036.530409604,4534367.59753968,2018_bird_033_23_trip,K18F60,bird_033,18,2018,61373.6504136831,1,3465.01363925122,1.53920754371333,11.5500454641707,52653.97387154131,Fast_Outbound,Sea,Fast_Outbound
2018-06-01T22:21:14Z,142.035988033792,40.9870014754868,587145.967771343,4537830.88253865,2018_bird_033_23_trip,K18F60,bird_033,18,2018,64117.0893271674,1,1982.90818548237,1.74058751049323,6.6096939516079,52918.61869556047,Fast_Outbound,Sea,Fast_Outbound
2018-06-01T22:26:14Z,142.03228,41.00464,586810.902808581,4539785.27665007,2018_bird_033_23_trip,K18F60,bird_033,18,2018,65454.5032755143,1,2638.48649032876,1.71106821765559,8.79495496776252,52671.94130180517,Fast_Outbound,Sea,Fast_Outbound
2018-06-01T22:31:14Z,142.02826,41.02821,586442.009837881,4542397.84797653,2018_bird_033_23_trip,K18F60,bird_033,18,2018,67338.160107001,1,3215.24674022117,1.57500135095264,10.7174891340706,52420.98975332735,Fast_Outbound,Sea,Fast_Outbound
2018-06-01T22:36:14Z,142.02855,41.05717,586428.489687509,4545613.06629043,2018_bird_033_23_trip,K18F60,bird_033,18,2018,69969.6555451135,1,2987.07316882461,1.7967972061975,9.95691056274869,52551.533446193826,Fast_Outbound,Sea,Fast_Outbound
2018-06-01T22:41:14Z,142.020991131838,41.0834603235499,585759.140651732,4548524.17913335,2018_bird_033_23_trip,K18F60,bird_033,18,2018,72039.1632801865,1,3406.91177399148,1.33689107546634,11.3563725799716,51983.110548992794,Fast_Outbound,Sea,Fast_Outbound
2018-06-01T22:46:14Z,142.030857328311,41.1132258340328,586548.788487386,4551838.31614491,2018_bird_033_23_trip,K18F60,bird_033,18,2018,75270.5825101387,1,2660.80620407496,1.59642630123661,8.86935401358321,52463.231252231366,Fast_Outbound,Sea,Fast_Outbound
2018-06-01T22:51:14Z,142.03042,41.13719,586480.599558454,4554498.2484609,2018_bird_033_23_trip,K18F60,bird_033,18,2018,77516.9471174273,1,3044.12960737187,1.6676221463966,10.1470986912396,52150.60805986336,Fast_Outbound,Sea,Fast_Outbound
2018-06-01T22:56:14Z,142.02734,41.16451,586186.309557573,4557528.11949146,2018_bird_033_23_trip,K18F60,bird_033,18,2018,80000.9559616563,1,3350.77906663536,0.744794093243561,11.1692635554512,51579.24852003746,Fast_Outbound,Sea,Fast_Outbound
2018-06-01T23:01:14Z,142.05703,41.1847,588649.894426119,4559799.34602109,2018_bird_033_23_trip,K18F60,bird_033,18,2018,83192.163151899,1,3913.34828737677,0.296516713022933,13.0444942912559,53820.06666864435,Fast_Outbound,Sea,Fast_Outbound
2018-06-01T23:06:14Z,142.10182,41.19458,592392.464480107,4560942.7900334,2018_bird_033_23_trip,K18F60,bird_033,18,2018,86090.3172268219,1,2723.90712545933,0.0352659711608593,9.07969041819777,57315.05172904568,Fast_Outbound,Sea,Fast_Outbound
2018-06-01T23:11:14Z,142.134292500114,41.1951298333724,595114.677934825,4561038.83135306,2018_bird_033_23_trip,K18F60,bird_033,18,2018,87630.5142898459,0,138.188783131889,-1.17995528396732,0.460629277106296,59980.10690240946,Slow,Sea,Slow
2018-06-01T23:16:14Z,142.134900327868,41.1939729508198,595167.323186092,4560911.06352729,2018_bird_033_23_trip,K18F60,bird_033,18,2018,87552.3587654302,1,1351.11528271087,-0.891227498076892,4.50371760903623,60053.296684878136,Slow,Sea,Slow
2018-06-01T23:21:14Z,142.144859500755,41.184407666899,596016.441987145,4559860.10693024,2018_bird_033_23_trip,K18F60,bird_033,18,2018,87147.5750483435,1,2214.31683788675,0.259060750555372,7.38105612628918,61065.14632976339,Fast_Outbound,Sea,Fast_Outbound
2018-06-01T23:26:14Z,142.170466992906,41.1892598367242,598156.869318787,4560427.35458032,2018_bird_033_23_trip,K18F60,bird_033,18,2018,88828.6636421938,1,3872.8851510273,0.300584222482156,12.909617170091,63078.47795003251,Fast_Outbound,Sea,Fast_Outbound
2018-06-01T23:31:14Z,142.21476,41.19913,601856.108538502,4561574.03177481,2018_bird_033_23_trip,K18F60,bird_033,18,2018,91921.1702505835,1,3965.09411936869,0.119999343531671,13.2169803978956,66530.32809448257,Fast_Outbound,Sea,Fast_Outbound
2018-06-01T23:36:14Z,142.26178,41.2029,605792.688533789,4562048.69935971,2018_bird_033_23_trip,K18F60,bird_033,18,2018,94687.8139168858,1,3386.77624172871,-0.417335145606205,11.2892541390957,70328.20050091171,Fast_Middle,Sea,Fast_Middle
2018-06-01T23:41:14Z,142.29845355894,41.1901271016819,608888.785625085,4560675.95170889,2018_bird_033_23_trip,K18F60,bird_033,18,2018,95581.5711583837,1,2939.8247782931,-0.677151552450793,9.79941592764367,73606.63437755127,Fast_Middle,Sea,Fast_Middle
2018-06-01T23:46:14Z,142.325433496388,41.1732274617266,611179.969362838,4558833.92923158,2018_bird_033_23_trip,K18F60,bird_033,18,2018,95698.2069023673,1,2591.33386720847,-0.992791905050053,8.63777955736156,76170.73364233767,Fast_Middle,Sea,Fast_Middle
2018-06-01T23:51:14Z,142.341908550269,41.1534866131172,612595.754001863,4556663.54560945,2018_bird_033_23_trip,K18F60,bird_033,18,2018,95063.3412836868,1,1458.47676257234,-1.9933020097552,4.86158920857447,77926.37610939221,Fast_Homing,Sea,Fast_Homing
2018-06-01T23:56:14Z,142.33454,41.14159,611997.709861185,4555333.32093941,2018_bird_033_23_trip,K18F60,bird_033,18,2018,93687.3345753357,1,2112.93603969291,-2.44747781459867,7.04312013230969,77453.82199091099,Fast_Homing,Sea,Fast_Homing
2018-06-02T00:01:14Z,142.31495,41.12964,610373.664444579,4553981.66447691,2018_bird_033_23_trip,K18F60,bird_033,18,2018,91587.6649783631,1,1790.89478830544,-2.62753395584603,5.96964929435146,75962.82998793814,Fast_Homing,Sea,Fast_Homing
2018-06-02T00:06:14Z,142.29622,41.12192,608814.232132438,4553101.05388951,2018_bird_033_23_trip,K18F60,bird_033,18,2018,89875.5604003593,1,1822.68439152294,-2.01871381441347,6.07561463840981,74492.81338320221,Fast_Homing,Sea,Fast_Homing
2018-06-02T00:11:14Z,142.28653,41.10723,608024.846842859,4551458.17554475,2018_bird_033_23_trip,K18F60,bird_033,18,2018,88139.5751353223,1,1791.24305698193,-2.21156959994349,5.97081018993976,73858.86577877075,Fast_Homing,Sea,Fast_Homing
2018-06-02T00:16:14Z,142.27353,41.09444,606954.013975785,4550022.25470432,2018_bird_033_23_trip,K18F60,bird_033,18,2018,86361.1887315593,1,1746.28401145994,-2.50542386212761,5.82094670486647,72926.01788905614,Fast_Homing,Sea,Fast_Homing
2018-06-02T00:21:14Z,142.25663,41.08528,605549.341804277,4548984.75581792,2018_bird_033_23_trip,K18F60,bird_033,18,2018,84640.3223014461,1,1971.42323169902,-2.36982022850874,6.57141077233006,71624.46768491191,Fast_Homing,Sea,Fast_Homing
2018-06-02T00:26:14Z,142.23958,41.07308,604136.470689469,4547609.87226961,2018_bird_033_23_trip,K18F60,bird_033,18,2018,82669.8720947864,1,2037.86130148224,-2.15216410580563,6.79287100494082,70310.72906797382,Fast_Homing,Sea,Fast_Homing
2018-06-02T00:31:14Z,142.225976555083,41.0578845910392,603017.343452707,4545906.80653042,2018_bird_033_23_trip,K18F60,bird_033,18,2018,80664.5741753763,1,1977.28170868098,-2.43046683707681,6.59093902893661,69117.7701234512,Fast_Homing,Sea,Fast_Homing
2018-06-02T00:36:14Z,142.20794,41.04645,601519.300355458,4544616.26019871,2018_bird_033_23_trip,K18F60,bird_033,18,2018,78696.0061441524,1,1948.1252501924,-2.593929621098,6.49375083397465,67565.17902180376,Fast_Homing,Sea,Fast_Homing
2018-06-02T00:41:14Z,142.18799,41.03752,599856.100704041,4543601.88408012,2018_bird_033_23_trip,K18F60,bird_033,18,2018,76815.2032971978,1,1947.88870605617,-2.56129902811872,6.49296235352056,65860.16428767685,Fast_Homing,Sea,Fast_Homing
2018-06-02T00:46:14Z,142.168443276065,41.0280996735727,598227.078067614,4542533.91607443,2018_bird_033_23_trip,K18F60,bird_033,18,2018,74921.8575612079,1,1805.80677642059,-2.16962836185631,6.01935592140196,64186.81121271701,Fast_Homing,Sea,Fast_Homing
2018-06-02T00:51:14Z,142.156102498453,41.0147880010247,597209.184288998,4541042.32954686,2018_bird_033_23_trip,K18F60,bird_033,18,2018,73136.3955755616,1,1873.33285959861,-2.1699320379989,6.24444286532869,63104.26431759306,Fast_Homing,Sea,Fast_Homing
2018-06-02T00:56:14Z,142.1433,41.00098,596152.757685958,4539495.28758387,2018_bird_033_23_trip,K18F60,bird_033,18,2018,71285.185743439,1,1889.80162376664,-2.65657072081009,6.29933874588881,61980.71669662966,Fast_Homing,Sea,Fast_Homing
2018-06-02T01:01:14Z,142.12329,40.99324,594480.916854714,4538614.20960085,2018_bird_033_23_trip,K18F60,bird_033,18,2018,69498.8776299929,1,1944.58093103056,-2.03003075887678,6.48193643676852,60272.97266967589,Fast_Homing,Sea,Fast_Homing
2018-06-02T01:06:14Z,142.11278,40.97764,593618.958045613,4536871.1026022,2018_bird_033_23_trip,K18F60,bird_033,18,2018,67636.5594283404,1,2021.42601385042,-2.02980026086462,6.73808671283474,59334.6646405784,Fast_Homing,Sea,Fast_Homing
2018-06-02T01:11:14Z,142.101864916113,40.9614204921658,592723.354416308,4535058.90579483,2018_bird_033_23_trip,K18F60,bird_033,18,2018,65705.8739869501,1,1988.190153181,-2.17656358321392,6.62730051060335,58359.63555959658,Fast_Homing,Sea,Fast_Homing
2018-06-02T01:16:14Z,142.088172785099,40.9468275413803,591591.292902566,4533424.48332364,2018_bird_033_23_trip,K18F60,bird_033,18,2018,63743.1183763565,1,2054.95646118842,-2.363282101062,6.84985487062808,57156.62504049642,Fast_Homing,Sea,Fast_Homing
2018-06-02T01:21:14Z,142.070580325435,40.9339959033275,590127.957016318,4531981.74490612,2018_bird_033_23_trip,K18F60,bird_033,18,2018,61688.0754162478,1,2234.03832442464,-2.39570311059348,7.44679441474881,55631.6113836629,Fast_Homing,Sea,Fast_Homing
2018-06-02T01:26:14Z,142.050876163836,40.9205201677562,588487.090435303,4530465.66967767,2018_bird_033_23_trip,K18F60,bird_033,18,2018,59456.9241076692,1,2313.42815462539,-2.19328440835157,7.71142718208462,53926.13719125603,Fast_Homing,Sea,Fast_Homing
2018-06-02T01:31:14Z,142.034595570628,40.9037365582058,587138.226818829,4528586.17060325,2018_bird_033_23_trip,K18F60,bird_033,18,2018,57168.0200491871,1,2244.06527749837,-2.64474660671515,7.48021759166123,52495.67714591851,Fast_Homing,Sea,Fast_Homing
2018-06-02T01:36:14Z,142.01103,40.89431,585165.490845197,4527516.52498529,2018_bird_033_23_trip,K18F60,bird_033,18,2018,55028.0073549943,0,643.038208952879,-2.71073865375374,2.1434606965096,50479.06631928296,Slow,Sea,Fast_Homing
2018-06-02T01:41:14Z,142.004058360463,40.8919516394349,584581.220277129,4527247.96206629,2018_bird_033_23_trip,K18F60,bird_033,18,2018,54430.8837727333,1,2361.72156764776,-2.3650468265728,7.87240522549253,49883.984910465886,Fast_Homing,Sea,Fast_Homing
2018-06-02T01:46:14Z,141.983841330039,40.8772160012585,582896.513260075,4525592.82127778,2018_bird_033_23_trip,K18F60,bird_033,18,2018,52070.1533584564,1,2660.7677701353,-2.37659897089982,8.869225900451,48128.42676772144,Fast_Homing,Sea,Fast_Homing
2018-06-02T01:51:14Z,141.960823926681,40.860810821537,580977.07069272,4523750.15327806,2018_bird_033_23_trip,K18F60,bird_033,18,2018,49412.1456949159,1,2767.78602899834,-2.06065593607755,9.22595342999448,46067.22842878649,Fast_Homing,Sea,Fast_Homing
2018-06-02T01:56:14Z,141.945061636195,40.8389401660081,579674.821796763,4521307.86187134,2018_bird_033_23_trip,K18F60,bird_033,18,2018,46743.8465311039,1,2716.65060156507,-2.46978680395043,9.05550200521691,44496.52182621172,Fast_Homing,Sea,Fast_Homing
2018-06-02T02:01:14Z,141.91963300014,40.8239140000225,577548.50213888,4519617.0173476,2018_bird_033_23_trip,K18F60,bird_033,18,2018,44051.1218318988,1,2566.37251128512,-2.01585091383184,8.55457503761705,42193.54337890829,Fast_Homing,Sea,Fast_Homing
2018-06-02T02:06:14Z,141.906248495903,40.8031531684248,576443.660421922,4517300.64245412,2018_bird_033_23_trip,K18F60,bird_033,18,2018,41617.5102203044,1,2802.03340270956,-2.25638149926832,9.34011134236519,40832.85299111476,Fast_Homing,Sea,Fast_Homing
2018-06-02T02:11:14Z,141.88496,40.78378,574669.620020394,4515131.73216467,2018_bird_033_23_trip,K18F60,bird_033,18,2018,38827.5901835868,1,2964.67285603526,-2.93864060825874,9.88224285345086,38824.72902649085,Fast_Homing,Sea,Fast_Homing
2018-06-02T02:16:14Z,141.85047983008,40.7786561698081,571765.794621772,4514534.16777682,2018_bird_033_23_trip,K18F60,bird_033,18,2018,36387.3271266711,1,2918.30799505449,-2.55344648474222,9.7276933168483,35874.74444890254,Fast_Homing,Sea,Fast_Homing
2018-06-02T02:21:14Z,141.82153,40.76428,569337.848022041,4512915.03317375,2018_bird_033_23_trip,K18F60,bird_033,18,2018,33560.3858373514,1,2839.74269633153,-2.26818618117786,9.46580898777176,33200.615824556146,Fast_Homing,Sea,Fast_Homing
2018-06-02T02:26:14Z,141.7996890122,40.7448244276007,567514.110894049,4510738.31052965,2018_bird_033_23_trip,K18F60,bird_033,18,2018,30720.4505938878,1,2879.76319565019,-2.16831588908659,9.59921065216729,30946.31080376159,Fast_Homing,Sea,Fast_Homing
2018-06-02T02:31:14Z,141.78025,40.72351,565893.9747093,4508357.513435,2018_bird_033_23_trip,K18F60,bird_033,18,2018,27864.2348338299,1,2893.05853673008,-2.22466776519364,9.64352845576693,28845.59709119183,Fast_Homing,Sea,Fast_Homing
2018-06-02T02:36:14Z,141.759179667364,40.7029639361682,564134.231779248,4506061.19191634,2018_bird_033_23_trip,K18F60,bird_033,18,2018,24980.7152279363,1,3041.64927024162,-2.34014180298718,10.1388309008054,26164.010687332393,Fast_Homing,Sea,Fast_Homing
2018-06-02T02:41:14Z,141.733918161852,40.6834433351086,562018.262231569,4503876.17403164,2018_bird_033_23_trip,K18F60,bird_033,18,2018,21939.1039556508,1,2462.55172214253,-2.37828723260007,8.2085057404751,23155.44129168875,Fast_Homing,Sea,Fast_Homing
2018-06-02T02:46:14Z,141.7127,40.66824,560238.933468033,4502173.77862061,2018_bird_033_23_trip,K18F60,bird_033,18,2018,19481.8897067035,1,3066.40432433489,-2.39580949784511,10.2213477477829,20707.40665348642,Fast_Homing,Sea,Fast_Homing
2018-06-02T02:51:14Z,141.685860650797,40.649658198855,557986.485566917,4500093.07827384,2018_bird_033_23_trip,K18F60,bird_033,18,2018,16430.0787749452,1,2948.66297679857,-2.36462740713499,9.82887658932857,17653.532325203087,Fast_Homing,Sea,Fast_Homing
2018-06-02T02:56:14Z,141.66081,40.63118,555883.957528684,4498025.71541281,2018_bird_033_23_trip,K18F60,bird_033,18,2018,13491.5685377124,1,2975.0520478318,-2.38510995650538,9.91684015943932,14726.956533796678,Fast_Homing,Sea,Fast_Homing
2018-06-02T03:01:14Z,141.635053161998,40.6129288353134,553720.33704075,4495983.73571861,2018_bird_033_23_trip,K18F60,bird_033,18,2018,10541.4042473494,1,2996.71975731217,-2.39774918645143,9.9890658577072209,11767.139888596805,Fast_Homing,Sea,Fast_Homing
2018-06-02T03:06:14Z,141.60882,40.59479,551515.136356072,4493954.59322875,2018_bird_033_23_trip,K18F60,bird_033,18,2018,7598.4385452181205,1,3208.12651367057,-2.39939473974904,10.6937550455686,8782.057279504885,Fast_Homing,Sea,Fast_Homing
2018-06-02T03:11:14Z,141.58071,40.5754,549150.796041083,4491786.19045191,2018_bird_033_23_trip,K18F60,bird_033,18,2018,4530.30813122083,1,3193.40930549197,-2.25256324911174,10.6446976849732,5585.83221765068,NA,Sea,Fast_Homing
2018-06-02T15:30:13Z,141.56307,40.54676,547678.070185185,4488597.40364075,2018_bird_033_24_trip,K18F60,bird_033,18,2018,1017.00708115876,1,3047.05420042037,1.53050176800206,10.1568473347346,2477.9094348998856,Fast_Outbound,Sea,Fast_Outbound
2018-06-02T15:35:13Z,141.56475,40.57418,547800.816667265,4491641.98449883,2018_bird_033_24_trip,K18F60,bird_033,18,2018,3996.41333417848,1,3045.68535257993,1.94249342978934,10.1522845085998,4424.852560790317,Fast_Outbound,Sea,Fast_Outbound
2018-06-02T15:40:13Z,141.551891501943,40.5998065004417,546694.632378739,4494479.6870179,2018_bird_033_24_trip,K18F60,bird_033,18,2018,6813.21244625976,1,3282.41333120541,2.12727310961223,10.9413777706847,5266.941776745623,Fast_Outbound,Sea,Fast_Outbound
2018-06-02T15:45:13Z,141.531599671329,40.6250106675873,544960.868735682,4497266.85420107,2018_bird_033_24_trip,K18F60,bird_033,18,2018,9844.19540551027,1,2314.29881557381,1.24865270181225,7.71432938524602,5577.862650681913,Fast_Outbound,Sea,Fast_Outbound
2018-06-02T15:50:13Z,141.540421998276,40.6447461675429,545693.577224338,4499462.10299754,2018_bird_033_24_trip,K18F60,bird_033,18,2018,11875.8183659768,1,1872.000033505,0.281725209291316,6.24000011168333,7205.073902791602,Fast_Outbound,Sea,Fast_Outbound
2018-06-02T15:55:13Z,141.561727832267,40.6493330013391,547491.777844182,4499982.54382629,2018_bird_033_24_trip,K18F60,bird_033,18,2018,12300.7323119989,1,1846.17564666309,1.43757278287988,6.15391882221029,9072.047598951618,Fast_Outbound,Sea,Fast_Outbound
2018-06-02T16:00:13Z,141.564767213641,40.6658024590659,547737.004998765,4501812.36025451,2018_bird_033_24_trip,K18F60,bird_033,18,2018,14137.6740518937,0,412.22186796228,2.1530968169717,1.3740728932076,9712.257612215708,Slow,Sea,Slow
2018-06-02T16:05:13Z,141.562111333024,40.6689170006756,547510.304918464,4502156.64784072,2018_bird_033_24_trip,K18F60,bird_033,18,2018,14475.5563754207,0,652.583349367534,2.16228753069773,2.17527783122511,9566.739235580164,Slow,Sea,Slow
2018-06-02T16:10:13Z,141.557847000308,40.6738178333576,547146.424765331,4502698.36387522,2018_bird_033_24_trip,K18F60,bird_033,18,2018,15014.7663707226,0,485.79777860094,0.349462332515559,1.6193259286698,9330.813977064005,Slow,Sea,Slow
2018-06-02T16:15:13Z,141.56326,40.67529,547602.859440653,4502864.69748234,2018_bird_033_24_trip,K18F60,bird_033,18,2018,15185.7815647605,0,66.0803964633249,-0.964390877484805,0.220267988211083,9812.191175438042,Slow,Sea,Slow
2018-06-02T16:20:13Z,141.563701475405,40.6747986885339,547640.519814948,4502810.39909374,2018_bird_033_24_trip,K18F60,bird_033,18,2018,15132.4781484419,0,65.9497214894462,-0.72923662967112,0.219832404964821,9837.001814954354,Slow,Sea,Slow
2018-06-02T16:25:13Z,141.56428,40.6744,547689.697417847,4502766.45675495,2018_bird_033_24_trip,K18F60,bird_033,18,2018,15089.984837623,0,74.7583080386876,-0.944165400014189,0.249194360128959,9875.28335843476,Slow,Sea,Slow
2018-06-02T16:30:13Z,141.564794098366,40.6738519672175,547733.537118735,4502705.90194303,2018_bird_033_24_trip,K18F60,bird_033,18,2018,15030.8689028773,0,74.7319866037794,-0.702136246502116,0.249106622012598,9904.758542923826,Slow,Sea,Slow
2018-06-02T16:35:13Z,141.565465483879,40.6734138709704,547790.592317744,4502657.63628145,2018_bird_033_24_trip,K18F60,bird_033,18,2018,14984.6752350486,0,84.0496169627848,-0.847077431898998,0.280165389875949,9949.78751469928,Slow,Sea,Slow
2018-06-02T16:40:13Z,141.566119180344,40.6728432787034,547846.247956261,4502594.65383935,2018_bird_033_24_trip,K18F60,bird_033,18,2018,14923.9448472026,0,66.5890060327455,-0.825085322368287,0.221963353442485,9990.26311568327,Slow,Sea,Slow
2018-06-02T16:45:13Z,141.56665,40.6724,547891.428216617,4502545.73717758,2018_bird_033_24_trip,K18F60,bird_033,18,2018,14877.0221145602,0,90.2178604648809,-0.824029749843519,0.300726201549603,10023.565830276526,Slow,Sea,Slow
2018-06-02T16:50:13Z,141.56737,40.6718,547952.710443261,4502479.52727618,2018_bird_033_24_trip,K18F60,bird_033,18,2018,14813.7578399182,0,74.0637023301502,-0.612402566797985,0.246879007767167,10068.785925533117,Slow,Sea,Slow
2018-06-02T16:55:13Z,141.5680837705,40.6714129508246,548013.314497211,4502436.95286311,2018_bird_033_24_trip,K18F60,bird_033,18,2018,14774.3481429398,1,1262.93762921786,0.214456056422955,4.20979209739288,10118.55159565343,Slow,Sea,Slow
2018-06-02T17:00:13Z,141.582704654567,40.673761381113,549247.321128374,4502705.72616822,2018_bird_033_24_trip,K18F60,bird_033,18,2018,15158.094430594,1,2616.91801410958,0.382788570381014,8.72306004703194,11380.333377474311,Fast_Outbound,Sea,Fast_Outbound
2018-06-02T17:05:13Z,141.61150655127,40.6824178736907,551674.844119561,4503683.16773672,2018_bird_033_24_trip,K18F60,bird_033,18,2018,16608.5263637888,1,2747.58865893948,0.350355972499974,9.15862886313159,13960.840844814858,Fast_Outbound,Sea,Fast_Outbound
2018-06-02T17:10:13Z,141.64212532783,40.6907473386464,554255.518391688,4504626.22857247,2018_bird_033_24_trip,K18F60,bird_033,18,2018,18346.4142157328,1,2821.16464138924,0.441478061638222,9.40388213796414,16683.11801859595,Fast_Outbound,Sea,Fast_Outbound
2018-06-02T17:15:13Z,141.672420326299,40.701434004593,556806.192899813,4505831.64530017,2018_bird_033_24_trip,K18F60,bird_033,18,2018,20526.2990012431,1,2826.01129169099,0.538258358212348,9.42003763896996,19433.625082266142,Fast_Outbound,Sea,Fast_Outbound
2018-06-02T17:20:13Z,141.70127699153,40.7143133386034,559232.614166439,4507280.37566074,2018_bird_033_24_trip,K18F60,bird_033,18,2018,22988.576107206,1,3071.08089873649,0.535234162047347,10.2369363291216,22116.253577376563,Fast_Outbound,Sea,Fast_Outbound
2018-06-02T17:25:13Z,141.732704064055,40.7282289859112,561874.20200687,4508846.75734087,2018_bird_033_24_trip,K18F60,bird_033,18,2018,25745.5989264262,0,270.980860642095,-0.875145842880647,0.903269535473651,25034.338969045995,Slow,Sea,Slow
2018-06-02T17:30:13Z,141.73473983612,40.7263421311607,562047.869551515,4508638.74241167,2018_bird_033_24_trip,K18F60,bird_033,18,2018,25674.7735962876,0,208.213295778229,-0.881591282691087,0.694044319260763,25158.064031063383,Slow,Sea,Slow
2018-06-02T17:35:13Z,141.736291666783,40.7248846667084,562180.277357307,4508478.0534279,2018_bird_033_24_trip,K18F60,bird_033,18,2018,25620.8699214478,0,211.439097448273,-0.836087146130118,0.704796991494244,25251.93839635682,Slow,Sea,Slow
2018-06-02T17:40:13Z,141.737954333406,40.7234606666972,562322.020078659,4508321.16017479,2018_bird_033_24_trip,K18F60,bird_033,18,2018,25577.128268523305,0,93.8495489358204,-1.45630336098599,0.312831829786068,25355.742148388068,Slow,Sea,Slow
2018-06-02T17:45:13Z,141.738072000455,40.7226200003368,562332.741731603,4508227.92507413,2018_bird_033_24_trip,K18F60,bird_033,18,2018,25508.2798708965,0,157.2322230049,-0.965772281832286,0.524107410016333,25345.78324213521,Slow,Sea,Slow
2018-06-02T17:50:13Z,141.739117966114,40.7214483051006,562422.172566775,4508098.60339122,2018_bird_033_24_trip,K18F60,bird_033,18,2018,25457.5308831219,0,298.278621432015,-0.80274217563855,0.99426207144005,25404.621762620132,Slow,Sea,Slow
2018-06-02T17:55:13Z,141.74155,40.7195,562629.397754223,4507884.06235158,2018_bird_033_24_trip,K18F60,bird_033,18,2018,25410.9403081029,1,930.478502667236,0.360349108162022,3.10159500889079,25559.62771920355,Slow,Sea,Fast_Outbound
2018-06-02T18:00:13Z,141.751891960157,40.7223886936157,563500.115144375,4508212.14994722,2018_bird_033_24_trip,K18F60,bird_033,18,2018,26204.86057394,1,2836.19176409154,0.471744927462313,9.45397254697181,26480.260764371054,Fast_Outbound,Sea,Fast_Outbound
2018-06-02T18:05:13Z,141.78194,40.7338,566026.528620941,4509501.03266808,2018_bird_033_24_trip,K18F60,bird_033,18,2018,28809.6934448533,1,2880.04540486937,0.411052538081814,9.60015134956455,29225.285177314763,Fast_Outbound,Sea,Fast_Outbound
2018-06-02T18:10:13Z,141.81333,40.74395,568666.668442173,4510651.82511611,2018_bird_033_24_trip,K18F60,bird_033,18,2018,31430.9302981137,1,2599.10900611088,0.518618815972115,8.66369668703626,32050.87775500512,Fast_Outbound,Sea,Fast_Outbound
2018-06-02T18:15:13Z,141.840210666757,40.7553633335525,570924.006659847,4511940.15418769,2018_bird_033_24_trip,K18F60,bird_033,18,2018,33922.8327178569,0,496.034690070772,-1.46798474818819,1.65344896690257,34533.40212582583,Slow,Sea,Slow
2018-06-02T18:20:13Z,141.84075770534,40.7509144264976,570974.914973303,4511446.73878727,2018_bird_033_24_trip,K18F60,bird_033,18,2018,33607.6081377365,1,914.962896541089,1.27295031888386,3.04987632180363,34474.99989034552,Slow,Sea,Fast_Middle
2018-06-02T18:25:13Z,141.844037704918,40.7587700000014,571243.421572797,4512321.41661829,2018_bird_033_24_trip,K18F60,bird_033,18,2018,34418.9428980748,1,1929.54914213311,-1.78317569224464,6.43183047377702,34928.237202741715,Fast_Middle,Sea,Fast_Middle
2018-06-02T18:30:13Z,141.839006063779,40.7418149182556,570836.698854476,4510435.22030764,2018_bird_033_24_trip,K18F60,bird_033,18,2018,32800.1098560352,1,2870.96457887825,-1.79663835862541,9.56988192959417,33733.98066445682,Fast_Middle,Sea,Fast_Middle
2018-06-02T18:35:13Z,141.831078685491,40.7166659020956,570193.812109089,4507637.16129365,2018_bird_033_24_trip,K18F60,bird_033,18,2018,30435.685457141,1,3039.1640739236,-1.76057710554402,10.1305469130787,31075.303241102894,Fast_Middle,Sea,Fast_Middle
2018-06-02T18:40:13Z,141.82396,40.68983,569620.493213906,4504652.56354644,2018_bird_033_24_trip,K18F60,bird_033,18,2018,28107.9528736376,1,2936.11548705516,-1.83433276356763,9.7870516235172,28304.2155371525,Fast_Middle,Sea,Fast_Middle
2018-06-02T18:45:13Z,141.814597998,40.6643593335844,568855.645364088,4501817.81806933,2018_bird_033_24_trip,K18F60,bird_033,18,2018,25848.6789870869,1,2764.28977283828,-1.91768602687455,9.21429924279428,25544.578658326427,Fast_Middle,Sea,Fast_Middle
2018-06-02T18:50:13Z,141.8032,40.64102,567915.857544384,4499218.18409468,2018_bird_033_24_trip,K18F60,bird_033,18,2018,23698.0649256545,1,1974.46181858942,-1.83004631710972,6.58153939529806,22875.79282199006,Fast_Middle,Sea,Fast_Middle
2018-06-02T18:55:13Z,141.79701,40.62387,567409.693046567,4497309.70381598,2018_bird_033_24_trip,K18F60,bird_033,18,2018,22371.8170886368,1,2492.42112466595,-1.73482704826384,8.30807041555315,21030.571969178716,Fast_Middle,Sea,Fast_Middle
2018-06-02T19:00:13Z,141.791936719287,40.6017527871246,567002.690298033,4494850.73821529,2018_bird_033_24_trip,K18F60,bird_033,18,2018,21045.7447808162,1,2589.11184892578,-1.79122776423913,8.6303728297526,18851.12001763294,Fast_Middle,Sea,Fast_Middle
2018-06-02T19:05:13Z,141.78498,40.57904,566436.579331457,4492324.27457221,2018_bird_033_24_trip,K18F60,bird_033,18,2018,19773.8880719889,1,2854.95059360018,-1.99966244732868,9.51650197866727,16601.148303473423,Fast_Middle,Sea,Fast_Middle
2018-06-02T19:10:13Z,141.770685499075,40.5557458334249,565249.377027576,4489727.87445252,2018_bird_033_24_trip,K18F60,bird_033,18,2018,18149.9231376714,1,2516.23600592735,-2.0734360689835,8.38745335309116,13948.61099269659,Fast_Middle,Sea,Fast_Middle
2018-06-02T19:15:13Z,141.756145830017,40.535977334182,564037.204343528,4487522.86174925,2018_bird_033_24_trip,K18F60,bird_033,18,2018,16823.2296702904,1,2656.81241496838,-2.33504971414253,8.85604138322795,11606.4296171373,Fast_Homing,Sea,Fast_Homing
2018-06-02T19:20:13Z,141.73425,40.51884,562198.694901694,4485604.91095723,2018_bird_033_24_trip,K18F60,bird_033,18,2018,15127.6546546126,1,2813.63854607788,-2.81773607726964,9.37879515359292,8988.888937215506,Fast_Homing,Sea,Fast_Homing
2018-06-02T19:25:13Z,141.70268,40.51097,559531.322758732,4484709.54079974,2018_bird_033_24_trip,K18F60,bird_033,18,2018,12670.5745930445,1,3400.09172192204,-3.07169874936033,11.3336390730735,6336.288376591308,NA,Sea,Fast_Homing
2018-06-02T19:30:13Z,141.662626453363,40.5090674299939,556139.532648808,4484472.08855674,2018_bird_033_24_trip,K18F60,bird_033,18,2018,9484.68691914821,1,3415.83309305746,3.05304799481657,11.3861103101915,4008.127694553295,NA,Sea,Fast_Homing
2018-06-02T19:35:13Z,141.622494102628,40.5120118072531,552737.081142691,4484774.14727313,2018_bird_033_24_trip,K18F60,bird_033,18,2018,6241.45570542818,1,3296.10506711727,2.6597890497599,10.9870168903909,2285.669476243425,NA,Sea,Fast_Homing
2018-05-20T21:39:19Z,141.64422,40.61654,554492.847978282,4496390.22171786,2018_bird_070_7_trip,K18F62,bird_070,12,2018,11343.7605914069,1,4764.70003988455,1.27960296286536,15.8823334662818,12628.125820999336,Fast_Outbound,Sea,Fast_Outbound
2018-05-20T21:44:19Z,141.660796000806,40.6575631671718,555860.772180143,4500954.33716864,2018_bird_070_7_trip,K18F62,bird_070,12,2018,15836.3830587792,1,4424.38054107476,1.33740403870621,14.7479351369159,16485.51292729449,Fast_Outbound,Sea,Fast_Outbound
2018-05-20T21:49:19Z,141.673289777953,40.696268045347,556884.039205717,4505258.76137713,2018_bird_070_7_trip,K18F62,bird_070,12,2018,20058.7833566038,1,3815.00104323927,1.29241407148511,12.7166701441309,19383.97802104401,Fast_Outbound,Sea,Fast_Outbound
2018-05-20T21:54:19Z,141.686036646014,40.7292376693088,557932.403572663,4508926.88966196,2018_bird_070_7_trip,K18F62,bird_070,12,2018,23794.597030721,1,3477.7864951391,1.08334012232166,11.5926216504637,21209.36615766668,Fast_Outbound,Sea,Fast_Outbound
2018-05-20T21:59:19Z,141.705617505088,40.7568003363848,559561.32884097,4511999.60855182,2018_bird_070_7_trip,K18F62,bird_070,12,2018,27272.9996951811,1,3132.94702934146,1.09208106436487,10.4431567644715,23469.828771419732,Fast_Outbound,Sea,Fast_Outbound
2018-05-20T22:04:19Z,141.72298463586,40.7817433441755,561004.487176576,4514780.3730343,2018_bird_070_7_trip,K18F62,bird_070,12,2018,30406.9461607641,1,3953.32089316854,0.808084227254818,13.1777363105618,25223.17710919566,Fast_Outbound,Sea,Fast_Outbound
2018-05-20T22:09:19Z,141.755643294923,40.8072812502274,563735.776239909,4517638.48537234,2018_bird_070_7_trip,K18F62,bird_070,12,2018,34213.1225828103,1,3501.83780657179,0.901780222854513,11.6727926885726,28259.90195870879,Fast_Outbound,Sea,Fast_Outbound
2018-05-20T22:14:19Z,141.781681141289,40.8318534431739,565907.666780557,4520385.43995933,2018_bird_070_7_trip,K18F62,bird_070,12,2018,37672.9461729757,1,3496.51028308472,1.20687539621588,11.6550342769491,30728.602985413123,Fast_Outbound,Sea,Fast_Outbound
2018-05-20T22:19:19Z,141.796792954564,40.8611850122158,567152.218505524,4523652.9581557,2018_bird_070_7_trip,K18F62,bird_070,12,2018,41132.141047739,1,4086.4263923171,0.889070251939625,13.6214213077237,32330.069800955123,Fast_Outbound,Sea,Fast_Outbound
2018-05-20T22:24:19Z,141.827699456345,40.8895511864195,569727.215675675,4526826.01192668,2018_bird_070_7_trip,K18F62,bird_070,12,2018,45162.693936659,1,2763.07801500562,1.19923501660973,9.21026005001872,35042.4469906163,Fast_Outbound,Sea,Fast_Outbound
2018-05-20T22:29:19Z,141.839899996357,40.9126550003659,570730.408186693,4529400.54196202,2018_bird_070_7_trip,K18F62,bird_070,12,2018,47897.3392665332,1,953.213465710895,1.25668688901763,3.17737821903632,36159.27473570372,Fast_Outbound,Sea,Fast_Outbound
2018-05-20T22:34:19Z,141.843500689164,40.9207953496848,571024.922174812,4530307.11651605,2018_bird_070_7_trip,K18F62,bird_070,12,2018,48832.4018171505,1,2951.69376411822,2.05259595615696,9.83897921372741,36493.94537403695,Fast_Outbound,Sea,Fast_Outbound
2018-05-20T22:39:19Z,141.827552821905,40.9444735011344,569657.181994803,4532922.79671001,2018_bird_070_7_trip,K18F62,bird_070,12,2018,50510.1316096698,1,2632.24241244934,1.6296259473941,8.77414137483114,35246.58803875109,Fast_Outbound,Sea,Fast_Outbound
2018-05-20T22:44:19Z,141.826009340569,40.9681552462427,569502.417479789,4535550.48544021,2018_bird_070_7_trip,K18F62,bird_070,12,2018,52812.3734676015,1,1682.25938031402,2.04004330540138,5.60753126771341,35210.191620982245,Fast_Middle,Sea,Fast_Outbound
2018-05-20T22:49:19Z,141.81713584831,40.9817345099815,568741.674912366,4537050.90783699,2018_bird_070_7_trip,K18F62,bird_070,12,2018,53868.204144116,1,914.968715147216,0.906125794928669,3.04989571715739,34518.38495134055,Fast_Middle,Sea,Fast_Outbound
2018-05-20T22:54:19Z,141.823924416047,40.9881737573644,569306.027465116,4537771.09805207,2018_bird_070_7_trip,K18F62,bird_070,12,2018,54754.6983209068,0,533.018298549892,1.93848774977673,1.77672766183297,35113.84554391323,Fast_Middle,Sea,Slow
2018-05-20T22:59:19Z,141.821702483699,40.9926701782383,569114.427577108,4538268.48923566,2018_bird_070_7_trip,K18F62,bird_070,12,2018,55133.9204390598,1,1367.47707376279,2.45360268079391,4.55825691254263,34944.9613317175,Fast_Middle,Sea,Fast_Middle
2018-05-20T23:04:19Z,141.809239679765,41.0005803481818,568058.018836886,4539136.81758418,2018_bird_070_7_trip,K18F62,bird_070,12,2018,55526.9008045178,1,2653.91359112448,2.9301383623135,8.84637863708158,33929.72821818945,Fast_Middle,Sea,Fast_Middle
2018-05-20T23:09:19Z,141.778448154538,41.0058100084312,565463.216608481,4539693.82633153,2018_bird_070_7_trip,K18F62,bird_070,12,2018,55131.0901773504,1,1070.31858521778,2.34522572871453,3.56772861739258,31365.34495061553,Fast_Middle,Sea,Fast_Middle
2018-05-20T23:14:19Z,141.769628620674,41.0127612069002,564714.733923006,4540458.91164926,2018_bird_070_7_trip,K18F62,bird_070,12,2018,55613.7765106104,1,1253.41671397602,-3.03106498705789,4.17805571325341,30652.811071278327,Fast_Middle,Sea,Fast_Middle
2018-05-20T23:19:19Z,141.754800179784,41.011613847111,563468.965516143,4540320.65632264,2018_bird_070_7_trip,K18F62,bird_070,12,2018,55102.1761528797,1,1733.01906011837,-2.46595284177059,5.77673020039458,29403.384395183024,Fast_Homing,Sea,Fast_Homing
2018-05-20T23:24:19Z,141.738610472398,41.0019555059639,562116.678656286,4539236.83193124,2018_bird_070_7_trip,K18F62,bird_070,12,2018,53676.0293006421,1,2431.90450941191,-2.61408136173233,8.10634836470635,28005.336600041257,Fast_Homing,Sea,Fast_Homing
2018-05-20T23:29:19Z,141.713507315719,40.9910860086396,560015.361112159,4538012.6488887,2018_bird_070_7_trip,K18F62,bird_070,12,2018,51943.2062622184,1,2939.77276637822,-2.26046793853296,9.79924255459405,25853.485304750306,Fast_Homing,Sea,Fast_Homing
2018-05-20T23:34:19Z,141.691057366302,40.9707931160109,558144.831090736,4535744.74647526,2018_bird_070_7_trip,K18F62,bird_070,12,2018,49299.3771550157,1,2790.20320567856,-1.95527797914262,9.30067735226186,23885.16823369712,Fast_Homing,Sea,Fast_Homing
2018-05-20T23:39:19Z,141.678381315587,40.9475686713048,557098.285348377,4533158.24769542,2018_bird_070_7_trip,K18F62,bird_070,12,2018,46546.4149886353,1,3019.2587731993,-1.65113484324921,10.0641959106643,22724.60353917442,Fast_Homing,Sea,Fast_Homing
2018-05-20T23:44:19Z,141.675226653068,40.9204766684051,556855.983421448,4530148.72724928,2018_bird_070_7_trip,K18F62,bird_070,12,2018,43554.8179032265,1,3546.1318857647,-1.72054175605814,11.8204396192157,22347.59537311044,Fast_Homing,Sea,Fast_Homing
2018-05-20T23:49:19Z,141.668625998169,40.8889280001759,556326.94871669,4526642.27981171,2018_bird_070_7_trip,K18F62,bird_070,12,2018,40017.7970817116,1,1346.105319597,-2.00362018185742,4.48701773199002,21661.958505849743,Fast_Homing,Sea,Fast_Homing
2018-05-20T23:54:19Z,141.661814651787,40.877959335319,555762.34378755,4525420.30566901,2018_bird_070_7_trip,K18F62,bird_070,12,2018,38699.8647137542,1,3501.19263744456,-2.06621566806376,11.6706421248152,21043.54949924206,Fast_Homing,Sea,Fast_Homing
2018-05-20T23:59:19Z,141.641793204643,40.8503245206066,554097.874648561,4522340.0634107,2018_bird_070_7_trip,K18F62,bird_070,12,2018,35339.5391608783,1,2276.31519090151,-2.06038438062173,7.5877173030050304,19230.75701192402,Fast_Homing,Sea,Fast_Homing
2018-05-21T00:04:19Z,141.628923335062,40.8322983354849,553027.40926154,4520331.15457665,2018_bird_070_7_trip,K18F62,bird_070,12,2018,33166.4464193017,1,2537.49059394261,-1.78374812979353,8.4583019798087,17939.479903490883,Fast_Homing,Sea,Fast_Homing
2018-05-21T00:09:19Z,141.622354265341,40.8099914767936,552491.120921467,4517850.98254015,2018_bird_070_7_trip,K18F62,bird_070,12,2018,30629.9011735891,1,2729.89828833571,-1.72462995082383,9.09966096111903,17124.503017467243,Fast_Homing,Sea,Fast_Homing
2018-05-21T00:14:19Z,141.617169963777,40.7857175064167,552072.825154046,4515153.32182842,2018_bird_070_7_trip,K18F62,bird_070,12,2018,27899.5513428832,1,3552.00443776031,-1.9303693964035,11.8400147925344,16401.65373279896,Fast_Homing,Sea,Fast_Homing
2018-05-21T00:19:19Z,141.602086925464,40.7558452581784,550822.964876966,4511828.4782511,2018_bird_070_7_trip,K18F62,bird_070,12,2018,24415.4203251065,1,3470.23312590688,-1.89408599584402,11.5674437530229,14781.708752352528,Fast_Homing,Sea,Fast_Homing
2018-05-21T00:24:19Z,141.588765720423,40.7262716411997,549720.515110085,4508538.01894279,2018_bird_070_7_trip,K18F62,bird_070,12,2018,21005.7481396164,1,3469.51955188851,-1.80535170612373,11.5650651729617,13119.028195584016,Fast_Homing,Sea,Fast_Homing
2018-05-21T00:29:19Z,141.578954398542,40.6959215261289,548914.162119313,4505163.5025663,2018_bird_070_7_trip,K18F62,bird_070,12,2018,17562.5008758854,1,3704.45128549575,-1.69088956548199,12.3481709516525,11594.08415952146,Fast_Homing,Sea,Fast_Homing
2018-05-21T00:34:19Z,141.573417678777,40.6628173348431,548470.35116677,4501485.73270332,2018_bird_070_7_trip,K18F62,bird_070,12,2018,13857.972323188,1,3375.91029342898,-1.65355132254076,11.2530343114299,10355.520378883204,Fast_Homing,Sea,Fast_Homing
2018-05-21T00:39:19Z,141.569858678635,40.6325263942892,548191.296491977,4498121.37558825,2018_bird_070_7_trip,K18F62,bird_070,12,2018,10480.9357832719,1,3159.61504562044,-1.55678390577214,10.5320501520681,8666.272765811116,Fast_Homing,Sea,Fast_Homing
2018-05-21T00:44:19Z,141.570140161061,40.6040635600835,548235.568899434,4494962.07072951,2018_bird_070_7_trip,K18F62,bird_070,12,2018,7345.86979457262,1,2962.88614192131,-1.79697205371242,9.87628713973769,6785.273869541758,NA,Sea,Fast_Homing
2018-05-21T00:49:19Z,141.562069131345,40.578090851062,547571.134869441,4492074.64597555,2018_bird_070_7_trip,K18F62,bird_070,12,2018,4400.87309948543,1,2284.69348041038,-1.90551568559577,7.61564493470128,4504.825637794306,NA,Sea,Fast_Homing
2018-05-21T00:54:19Z,141.553041694949,40.5586942373009,546820.603656211,4489916.74718335,2018_bird_070_7_trip,K18F62,bird_070,12,2018,2263.89559581046,1,1287.42240473418,-1.79008971289664,4.29140801578061,2598.280473024837,NA,Sea,Fast_Homing
2018-05-21T00:59:19Z,141.5496411496,40.5473900004943,546540.537804366,4488660.15673024,2018_bird_070_7_trip,K18F62,bird_070,12,2018,1185.88864195637,0,167.404657938191,-1.18087210364347,0.558015526460636,1612.7749559120457,NA,Sea,Slow
2018-05-21T01:04:19Z,141.550381206858,40.5459915517306,546604.17138293,4488505.31782305,2018_bird_070_7_trip,K18F62,bird_070,12,2018,1023.16833262071,0,24.283981215137,0.725845522561384,0.0809466040504566,1569.3261670469271,NA,Sea,Fast_Homing
2018-05-22T16:33:15Z,141.56521,40.54707,547859.055379964,4488632.97400496,2018_bird_070_9_trip,K18F62,bird_070,12,2018,1139.56431165083,1,3878.84761090652,1.14730435598426,12.9294920363551,2612.0054741537365,Fast_Outbound,Sea,Fast_Outbound
2018-05-22T16:38:15Z,141.584310975937,40.5788319689479,549453.053998606,4492169.16223417,2018_bird_070_9_trip,K18F62,bird_070,12,2018,5006.96292714023,1,3790.36964432954,1.03313528040102,12.6345654810985,6058.662655092781,Fast_Outbound,Sea,Fast_Outbound
2018-05-22T16:43:15Z,141.607510827125,40.6080411683521,551394.210115561,4495424.74435881,2018_bird_070_9_trip,K18F62,bird_070,12,2018,8792.5981893243,1,3904.39944879442,1.19434015307072,13.0146648293147,9578.102269602434,Fast_Outbound,Sea,Fast_Outbound
2018-05-22T16:48:15Z,141.624781471987,40.640659672455,552829.573244259,4499055.73151721,2018_bird_070_9_trip,K18F62,bird_070,12,2018,12679.5154606941,1,4274.87191404167,1.28609930386106,14.2495730468056,12922.741487515928,Fast_Outbound,Sea,Fast_Outbound
2018-05-22T16:53:15Z,141.639332944652,40.6775408206372,554030.242338678,4503158.52612664,2018_bird_070_9_trip,K18F62,bird_070,12,2018,16907.7662658675,1,4220.79557120449,1.27787621620472,14.0693185706816,16141.837304990457,Fast_Outbound,Sea,Fast_Outbound
2018-05-22T16:58:15Z,141.654109326945,40.71386200106,555248.993599039,4507199.53597806,2018_bird_070_9_trip,K18F62,bird_070,12,2018,21105.0780338202,1,1784.7293671885,1.06108847668595,5.94909789062835,18215.285581315748,Fast_Outbound,Sea,Fast_Outbound
2018-05-22T17:03:15Z,141.664557999994,40.7278365000011,556119.802774372,4508757.4032042,2018_bird_070_9_trip,K18F62,bird_070,12,2018,22878.7393358203,1,4112.26713440292,1.20487259833887,13.7075571146764,19405.294923157628,Fast_Outbound,Sea,Fast_Outbound
2018-05-22T17:08:15Z,141.682334492719,40.7623256678996,557591.221379438,4512597.41209395,2018_bird_070_9_trip,K18F62,bird_070,12,2018,26990.5063777777,1,1165.8233501197,0.814801534522404,3.88607783373234,21586.54022905743,Fast_Outbound,Sea,Fast_Outbound
2018-05-22T17:13:15Z,141.691888666667,40.7699101666671,558390.991129902,4513445.65287929,2018_bird_070_9_trip,K18F62,bird_070,12,2018,28084.4018303564,0,83.4533536650805,-0.303273655359405,0.278177845550268,22477.10593272707,Slow,Sea,Slow
2018-05-22T17:18:15Z,141.69283,40.76968,558470.63600135,4513420.72986403,2018_bird_070_9_trip,K18F62,bird_070,12,2018,28093.3499078769,0,91.0926193070773,-0.22576073364499,0.303642064356924,22553.309915331974,Slow,Sea,Slow
2018-05-22T17:23:15Z,141.69388,40.76949,558559.417063505,4513400.33897649,2018_bird_070_9_trip,K18F62,bird_070,12,2018,28110.3783630125,0,80.6998615055681,-0.401925650045487,0.268999538351894,22639.082499555727,Slow,Sea,Slow
2018-05-22T17:28:15Z,141.694757000001,40.7692003333356,558633.685904895,4513368.76989595,2018_bird_070_9_trip,K18F62,bird_070,12,2018,28111.5761026829,0,89.8228252671009,0.0569672714646034,0.299409417557003,22709.187903723116,Slow,Sea,Slow
2018-05-22T17:33:15Z,141.69582,40.76924,558723.363019913,4513373.88409002,2018_bird_070_9_trip,K18F62,bird_070,12,2018,28152.7968601423,1,3521.98167486862,1.09962063033226,11.7399389162287,22798.766799679623,Fast_Outbound,Sea,Fast_Outbound
2018-05-22T17:38:15Z,141.715065493771,40.7973928342263,560322.110903955,4516512.09379005,2018_bird_070_9_trip,K18F62,bird_070,12,2018,31672.0983956239,1,4341.59884908637,1.17741893681686,14.4719961636212,24743.591890440905,Fast_Outbound,Sea,Fast_Outbound
2018-05-22T17:43:15Z,141.73519,40.83339,561986.289243096,4520522.08020174,2018_bird_070_9_trip,K18F62,bird_070,12,2018,36013.1263292125,1,1156.28839743604,1.26707627589996,3.85429465812013,26852.46623256047,Fast_Outbound,Sea,Fast_Outbound
2018-05-22T17:48:15Z,141.73940163934,40.8433026229516,562332.102789144,4521625.44589335,2018_bird_070_9_trip,K18F62,bird_070,12,2018,37161.9125312444,0,414.682646198944,1.21598161599146,1.38227548732981,27321.4006670814,Slow,Sea,Slow
2018-05-22T17:53:15Z,141.741149498199,40.8467943336085,562476.170433913,4522014.29832138,2018_bird_070_9_trip,K18F62,bird_070,12,2018,37575.8990283765,1,4236.23243530436,1.21820983808854,14.1207747843478,27508.701154267157,Fast_Outbound,Sea,Fast_Outbound
2018-05-22T17:58:15Z,141.758910825421,40.8824926680417,563939.053053648,4525989.92904956,2018_bird_070_9_trip,K18F62,bird_070,12,2018,41805.4249761039,1,4774.04680497821,1.24125637194113,15.9134893499274,29228.818377544227,Fast_Outbound,Sea,Fast_Outbound
2018-05-22T18:03:15Z,141.777722826048,40.9230591676681,565483.971703303,4530507.09068736,2018_bird_070_9_trip,K18F62,bird_070,12,2018,46566.7321809326,1,3930.52898451352,1.04997279379141,13.1017632817117,30973.669153028794,Fast_Outbound,Sea,Fast_Outbound
2018-05-22T18:08:15Z,141.80132,40.95361,567439.781885894,4533916.46960848,2018_bird_070_9_trip,K18F62,bird_070,12,2018,50473.5325226609,1,1531.85171180988,1.05926093889103,5.10617237269961,33078.492509909076,Fast_Outbound,Sea,Fast_Outbound
2018-05-22T18:13:15Z,141.810376229507,40.9655795082004,568189.648838314,4535252.23501477,2018_bird_070_9_trip,K18F62,bird_070,12,2018,51998.5895162319,1,1793.69868393095,1.1911836424752,5.97899561310317,33886.74839363474,Fast_Outbound,Sea,Fast_Outbound
2018-05-22T18:18:15Z,141.81846,40.98053,568854.323177278,4536918.23711317,2018_bird_070_9_trip,K18F62,bird_070,12,2018,53791.804429421,1,4957.78236983799,1.2991151837854,16.5259412327933,34624.84973854046,Fast_Outbound,Sea,Fast_Outbound
2018-05-22T18:23:15Z,141.834815658269,41.023434834907,570184.750500058,4541694.17358317,2018_bird_070_9_trip,K18F62,bird_070,12,2018,58705.3477986684,1,3481.03244364369,1.11751078325828,11.6034414788123,36166.71940876905,Fast_Outbound,Sea,Fast_Outbound
2018-05-22T18:28:15Z,141.85331,41.05149,571709.169934116,4544823.66751395,2018_bird_070_9_trip,K18F62,bird_070,12,2018,62183.2371486576,1,2106.98532419443,1.02764773227586,7.02328441398142,37828.099207753134,Fast_Outbound,Sea,Fast_Outbound
2018-05-22T18:33:15Z,141.86648,41.06764,572798.131619955,4546627.4273658,2018_bird_070_9_trip,K18F62,bird_070,12,2018,64271.4703333547,1,1380.60313627009,1.07023573999528,4.60201045423364,38995.57443339427,Fast_Outbound,Sea,Fast_Outbound
2018-05-22T18:38:15Z,141.87451,41.07849,573460.707121297,4547838.64936233,2018_bird_070_9_trip,K18F62,bird_070,12,2018,65646.9201931322,1,2876.10408307762,0.640540550099163,9.58701361025874,39710.99708641835,Fast_Outbound,Sea,Fast_Outbound
2018-05-22T18:43:15Z,141.90217,41.09376,575766.689221757,4549557.49235954,2018_bird_070_9_trip,K18F62,bird_070,12,2018,68160.1251279445,1,2907.44783721822,0.701494223609964,9.6914927907274,41948.85873936256,Fast_Outbound,Sea,Fast_Outbound
2018-05-22T18:48:15Z,141.92885,41.11045,577987.626778923,4551433.84235177,2018_bird_070_9_trip,K18F62,bird_070,12,2018,70805.8344179443,1,3207.47420356461,0.871810540130362,10.6915806785487,43985.074842024456,Fast_Outbound,Sea,Fast_Outbound
2018-05-22T18:53:15Z,141.953747494915,41.1323636674843,580051.449250006,4553889.14835599,2018_bird_070_9_trip,K18F62,bird_070,12,2018,73919.3459658763,1,2751.69154545353,1.47690899832847,9.17230515151176,45811.84270647108,Fast_Outbound,Sea,Fast_Outbound
2018-05-22T18:58:15Z,141.957179339939,41.1570128363461,580309.41883483,4556628.72096036,2018_bird_070_9_trip,K18F62,bird_070,12,2018,76495.5302566753,1,2337.13479005869,2.70968040196893,7.79044930019564,45816.421325987845,Fast_Middle,Sea,Fast_Middle
2018-05-22T19:03:15Z,141.932010001292,41.1660320000978,578186.910315999,4557607.06477232,2018_bird_070_9_trip,K18F62,bird_070,12,2018,76494.9711260831,0,603.286894936459,2.55705470647627,2.01095631645486,43615.267914441734,Slow,Sea,Slow
2018-05-22T19:08:15Z,141.926055622258,41.1690787517968,577683.788868301,4557939.9669899,2018_bird_070_9_trip,K18F62,bird_070,12,2018,76597.994098608,1,842.691230311785,-1.59445938077403,2.80897076770595,43084.20899753326,Slow,Sea,Fast_Homing
2018-05-22T19:13:15Z,141.925711165229,41.1614928346486,577663.850081107,4557097.51167689,2018_bird_070_9_trip,K18F62,bird_070,12,2018,75817.5359929136,1,2286.71028175477,-3.0607197785844,7.62236760584922,43141.82972313404,Fast_Homing,Sea,Fast_Homing
2018-05-22T19:18:15Z,141.898524417322,41.1600441023816,575384.61374947,4556912.78036598,2018_bird_070_9_trip,K18F62,bird_070,12,2018,74759.747012216,1,1783.57925707004,-2.7786354969169,5.94526419023347,40891.72876486073,Fast_Homing,Sea,Fast_Homing
2018-05-22T19:23:15Z,141.878576662127,41.1544938368753,573717.232892076,4556279.53788269,2018_bird_070_9_trip,K18F62,bird_070,12,2018,73556.0992278046,1,2014.08116031015,-1.57418803063675,6.7136038677005,39291.46746065919,Fast_Homing,Sea,Fast_Homing
2018-05-22T19:28:15Z,141.878253167076,41.1363538333684,573710.401738364,4554265.46830702,2018_bird_070_9_trip,K18F62,bird_070,12,2018,71677.8232464192,1,2672.77460294114,-1.73414744982378,8.90924867647046,39469.96234469349,Fast_Homing,Sea,Fast_Homing
2018-05-22T19:33:15Z,141.87276,41.11264,573275.740095582,4551628.27409073,2018_bird_070_9_trip,K18F62,bird_070,12,2018,69068.234713776,1,2305.88185569404,-1.87555608244808,7.68627285231346,39280.424659385535,Fast_Homing,Sea,Fast_Homing
2018-05-22T19:38:15Z,141.86426,41.09289,572583.827938898,4549428.64941824,2018_bird_070_9_trip,K18F62,bird_070,12,2018,66769.6271294997,1,2407.61579790711,-1.94090070410009,8.0253859930237,38794.85870413393,Fast_Homing,Sea,Fast_Homing
2018-05-22T19:43:15Z,141.85363,41.07275,571712.962622595,4547184.05425848,2018_bird_070_9_trip,K18F62,bird_070,12,2018,64361.6839769892,1,3084.08769468295,-2.32772041030442,10.2802923156098,37937.64787539219,Fast_Homing,Sea,Fast_Homing
2018-05-22T19:48:15Z,141.82817,41.05274,569595.154592996,4544942.07164074,2018_bird_070_9_trip,K18F62,bird_070,12,2018,61491.3178555176,1,3070.64027574052,-2.07071292026086,10.2354675858017,35723.90725597255,Fast_Homing,Sea,Fast_Homing
2018-05-22T19:53:15Z,141.810358327717,41.0285911687421,568123.235989014,4542247.20850391,2018_bird_070_9_trip,K18F62,bird_070,12,2018,58445.8291356167,1,899.761853337099,-2.37948769593109,2.99920617779033,34134.26310094202,Fast_Homing,Sea,Fast_Homing
2018-05-22T19:58:15Z,141.802548663202,41.0230496691988,567472.362430591,4541625.97183108,2018_bird_070_9_trip,K18F62,bird_070,12,2018,57633.8783969583,1,2977.45816406439,-2.36643610665394,9.9248605468813,33456.91429482503,Fast_Homing,Sea,Fast_Homing
2018-05-22T20:03:15Z,141.777032782633,41.0044542633876,565345.529862251,4539542.26351536,2018_bird_070_9_trip,K18F62,bird_070,12,2018,54949.0887546458,1,2847.78780256282,-1.92785527453197,9.49262600854274,31241.10866015068,Fast_Homing,Sea,Fast_Homing
2018-05-22T20:08:15Z,141.76492,40.9805,564350.170522085,4536874.08901725,2018_bird_070_9_trip,K18F62,bird_070,12,2018,52100.9606702595,1,3397.95386413813,-1.88153515278484,11.3265128804604,30128.209419580984,Fast_Homing,Sea,Fast_Homing
2018-05-22T20:13:15Z,141.75224,40.95144,563311.20480251,4533638.87021532,2018_bird_070_9_trip,K18F62,bird_070,12,2018,48702.8961226927,1,3429.63566665121,-1.86264472461548,11.4321188888374,28946.094967415596,Fast_Homing,Sea,Fast_Homing
2018-05-22T20:18:15Z,141.740185995872,40.9219295006267,562324.419905935,4530354.26120147,2018_bird_070_9_trip,K18F62,bird_070,12,2018,45275.7828484498,1,3451.34025217699,-1.80291446030281,11.5044675072566,27813.849399833125,Fast_Homing,Sea,Fast_Homing
2018-05-22T20:23:15Z,141.730424587762,40.8917349182668,561530.47578247206,4526995.48132403,2018_bird_070_9_trip,K18F62,bird_070,12,2018,41845.0321107013,1,3442.64003551017,-1.86484587796176,11.4754667850339,26870.496106987634,Fast_Homing,Sea,Fast_Homing
2018-05-22T20:28:15Z,141.71826,40.86213,560532.694293651,4523700.60613448,2018_bird_070_9_trip,K18F62,bird_070,12,2018,38406.8602310663,1,3487.11484243655,-1.79611783556598,11.6237161414552,25726.564834614313,Fast_Homing,Sea,Fast_Homing
2018-05-22T20:33:15Z,141.70869,40.83157,559753.603948325,4520301.63744411,2018_bird_070_9_trip,K18F62,bird_070,12,2018,34950.2401929144,1,3435.29762101278,-1.68085571694408,11.4509920700426,24611.517481870553,Fast_Homing,Sea,Fast_Homing
2018-05-22T20:38:15Z,141.70389,40.80084,559376.280023541,4516887.12482871,2018_bird_070_9_trip,K18F62,bird_070,12,2018,31638.4661640274,1,3587.64978694597,-1.77467856186475,11.9588326231532,23847.6925369821,Fast_Homing,Sea,Fast_Homing
2018-05-22T20:43:15Z,141.694949330561,40.7692443336307,558649.878981636,4513373.78275597,2018_bird_070_9_trip,K18F62,bird_070,12,2018,28122.740103705,1,3820.85584392382,-1.74526978847746,12.7361861464127,22725.83305716999,Fast_Homing,Sea,Fast_Homing
2018-05-22T20:48:15Z,141.686741964847,40.7353957379181,557986.618078208,4509610.93485125,2018_bird_070_9_trip,K18F62,bird_070,12,2018,24431.3815613348,1,3823.01417703649,-1.84470383823389,12.7433805901216,21411.987816245935,Fast_Homing,Sea,Fast_Homing
2018-05-22T20:53:15Z,141.674161161457,40.7023138341091,556952.510571579,4505930.43772959,2018_bird_070_9_trip,K18F62,bird_070,12,2018,20682.2238972497,1,3789.21482031622,-1.83213747352018,12.6307160677207,19597.897177270163,Fast_Homing,Sea,Fast_Homing
2018-05-22T20:58:15Z,141.662246225995,40.6694062299346,555973.466921369,4502269.88825096,2018_bird_070_9_trip,K18F62,bird_070,12,2018,17012.0994254983,1,3796.20630358912,-1.90978347795786,12.6540210119637,17373.1662851588,Fast_Homing,Sea,Fast_Homing
2018-05-22T21:03:15Z,141.647,40.63724,554711.106644557,4498689.71663064,2018_bird_070_9_trip,K18F62,bird_070,12,2018,13313.2020898951,1,4174.74419151496,-2.07560522497409,13.9158139717165,14197.167727646776,Fast_Homing,Sea,Fast_Homing
2018-05-22T21:08:15Z,141.622818492019,40.6044548350329,552692.032595389,4495035.70116152,2018_bird_070_9_trip,K18F62,bird_070,12,2018,9163.18511141386,1,4121.63750878994,-2.06442304775807,13.7387916959665,10374.05582005554,Fast_Homing,Sea,Fast_Homing
2018-05-22T21:13:15Z,141.599444159229,40.5718801685795,550739.106930562,4491406.10378695,2018_bird_070_9_trip,K18F62,bird_070,12,2018,5119.70500709908,1,3968.49316138503,-2.3121393492207,13.2283105379501,6546.1736418488135,NA,Sea,Fast_Homing
2018-05-25T17:32:20Z,141.5682,40.5493,548110.63851881,4488882.13556575,2018_bird_070_13_trip,K18F62,bird_070,12,2018,1488.61943601688,1,4153.62868446215,0.920548684831298,13.8454289482072,2961.274492301216,Fast_Outbound,Sea,Fast_Outbound
2018-05-25T17:37:20Z,141.598160971394,40.5789321346186,550625.176917991,4492188.14946279,2018_bird_070_13_trip,K18F62,bird_070,12,2018,5643.73773787408,1,3272.18809121723,1.02431701931439,10.9072936373908,7002.136023135046,Fast_Outbound,Sea,Fast_Outbound
2018-05-25T17:42:20Z,141.61848409346,40.6040103287167,552325.67586788,4494983.77429916,2018_bird_070_13_trip,K18F62,bird_070,12,2018,8906.5009015537,1,3451.04367522466,1.23551151522497,11.5034789174155,10051.243010465883,Fast_Outbound,Sea,Fast_Outbound
2018-05-25T17:47:20Z,141.632181800537,40.6332945904931,553461.200844369,4498242.65224656,2018_bird_070_13_trip,K18F62,bird_070,12,2018,12264.7510833914,1,3056.70147200707,1.35624339142326,10.1890049066902,12931.833448417756,Fast_Outbound,Sea,Fast_Outbound
2018-05-25T17:52:20Z,141.640134164564,40.6601563335453,554112.005097021,4501229.26867887,2018_bird_070_13_trip,K18F62,bird_070,12,2018,15198.2361637278,1,3291.14029964533,1.31321756107021,10.9704676654844,15261.25334764214,Fast_Outbound,Sea,Fast_Outbound
2018-05-25T17:57:20Z,141.65033,40.68877,554950.389992942,4504411.83293403,2018_bird_070_13_trip,K18F62,bird_070,12,2018,18429.2058617147,1,3243.41218268946,1.51261038233103,10.8113739422982,17313.475870551323,Fast_Outbound,Sea,Fast_Outbound
2018-05-25T18:02:20Z,141.65284683128,40.7179250002362,555139.004523002,4507649.75621074,2018_bird_070_13_trip,K18F62,bird_070,12,2018,21481.4499251309,1,3012.3812080401,1.46966577250034,10.041270693467,18206.663670086127,Fast_Outbound,Sea,Fast_Outbound
2018-05-25T18:07:20Z,141.65671283212,40.7449016667703,555443.129284723,4510646.74614597,2018_bird_070_13_trip,K18F62,bird_070,12,2018,24394.3324775346,1,2982.60617081927,1.32466572620538,9.94202056939757,19159.18787151559,Fast_Outbound,Sea,Fast_Outbound
2018-05-25T18:12:20Z,141.66558,40.77091,556169.850248018,4513539.46393582,2018_bird_070_13_trip,K18F62,bird_070,12,2018,27365.3180651105,0,801.57526866186,1.56364401847585,2.6719175622062,20283.49311815182,Fast_Outbound,Sea,Fast_Outbound
2018-05-25T18:17:20Z,141.66572,40.77813,556175.583312601,4514341.01870207,2018_bird_070_13_trip,K18F62,bird_070,12,2018,28126.0957932937,1,1599.65710937894,1.58155085301377,5.33219036459646,20380.702005355302,Fast_Outbound,Sea,Fast_Outbound
2018-05-25T18:22:20Z,141.66566,40.79254,556158.380089902,4515940.5833043,2018_bird_070_13_trip,K18F62,bird_070,12,2018,29642.1053199471,1,2033.86109569001,1.51905768100857,6.77953698563338,20546.14702774092,Fast_Outbound,Sea,Fast_Outbound
2018-05-25T18:27:20Z,141.667089836065,40.8108291803279,556263.562367197,4517971.72279855,2018_bird_070_13_trip,K18F62,bird_070,12,2018,31615.2492766221,0,74.8839951738704,-1.19425774217834,0.249613317246235,20882.222127362984,Slow,Sea,Slow
2018-05-25T18:32:20Z,141.66741,40.8102,556291.097493764,4517902.08495297,2018_bird_070_13_trip,K18F62,bird_070,12,2018,31556.4132805325,0,76.357670954418,-1.09234711199927,0.25452556984806,20901.603779634377,Slow,Sea,Slow
2018-05-25T18:37:20Z,141.667820666668,40.8095870000001,556326.252800823,4517834.3014867,2018_bird_070_13_trip,K18F62,bird_070,12,2018,31501.6246730786,0,86.4907594225402,-0.398742997368866,0.288302531408467,20928.76221194058,Slow,Sea,Slow
2018-05-25T18:42:20Z,141.668762580658,40.8092790322591,556405.958339938,4517800.72056206,2018_bird_070_13_trip,K18F62,bird_070,12,2018,31492.6376566473,1,1824.23655094299,1.22300347946508,6.08078850314331,21004.04749010582,Fast_Outbound,Sea,Fast_Outbound
2018-05-25T18:47:20Z,141.676290504322,40.8246847464562,557027.701272203,4519515.73505761,2018_bird_070_13_trip,K18F62,bird_070,12,2018,33315.2232853058,0,80.7015711341828,1.73595166314274,0.269005237113943,21816.638844870577,Slow,Sea,Slow
2018-05-25T18:52:20Z,141.676140455106,40.8254027273362,557014.43348556,4519595.33850868,2018_bird_070_13_trip,K18F62,bird_070,12,2018,33387.436423394,1,1684.96329668296,1.19742819057814,5.61654432227652,21812.534398376316,Fast_Outbound,Sea,Fast_Outbound
2018-05-25T18:57:20Z,141.683573664907,40.8394920001912,557629.029880841,4521164.21472498,2018_bird_070_13_trip,K18F62,bird_070,12,2018,35068.4260651098,1,2861.53353446443,1.52360667476892,9.53844511488144,22601.29681336134,Fast_Outbound,Sea,Fast_Outbound
2018-05-25T19:02:20Z,141.68544,40.86523,557764.014540844,4524022.56272871,2018_bird_070_13_trip,K18F62,bird_070,12,2018,37845.8216042074,1,2206.69901230872,1.80740430056683,7.35566337436241,22978.192456473134,Fast_Outbound,Sea,Fast_Outbound
2018-05-25T19:07:20Z,141.6795,40.88459,557246.750034048,4526167.7801911,2018_bird_070_13_trip,K18F62,bird_070,12,2018,39777.6892001541,1,2347.50388042617,1.47360301435817,7.82501293475391,22558.552763243955,Fast_Outbound,Sea,Fast_Outbound
2018-05-25T19:12:20Z,141.68242,40.90562,557474.552658709,4528504.20490266,2018_bird_070_13_trip,K18F62,bird_070,12,2018,42098.5226563498,0,449.182078011786,1.67220386070864,1.49727359337262,22890.89182301019,Fast_Outbound,Sea,Slow
2018-05-25T19:17:20Z,141.681921475412,40.9096485245907,557429.080241346,4528951.07937997,2018_bird_070_13_trip,K18F62,bird_070,12,2018,42521.2813642285,0,80.8343198670283,-1.26964495775468,0.269447732890094,22865.605434031393,Slow,Sea,Slow
2018-05-25T19:22:20Z,141.682199016395,40.9089514754101,557453.057313699,4528873.88295991,2018_bird_070_13_trip,K18F62,bird_070,12,2018,42452.0971767434,0,80.5793392073799,-1.25396786736109,0.268597797357933,22886.16369900068,Slow,Sea,Slow
2018-05-25T19:27:20Z,141.68249,40.90826,557478.162165002,4528797.31419116,2018_bird_070_13_trip,K18F62,bird_070,12,2018,42383.8366367161,0,101.054601527714,-1.41240874059591,0.336848671759045,22907.670062422883,Slow,Sea,Slow
2018-05-25T19:32:20Z,141.68267,40.90736,557494.101121404,4528697.52450152,2018_bird_070_13_trip,K18F62,bird_070,12,2018,42290.858370239,1,2264.64334705056,0.8377461050324,7.5488111568352,22919.120250951837,Fast_Outbound,Sea,Fast_Outbound
2018-05-25T19:37:20Z,141.70082182779,40.9224115038563,559009.463384955,4530380.4643993,2018_bird_070_13_trip,K18F62,bird_070,12,2018,44304.9975742785,1,3836.71019974981,0.507927764933888,12.789033999166,24507.01117159692,Fast_Outbound,Sea,Fast_Outbound
2018-05-25T19:42:20Z,141.740820322316,40.9389713141617,562361.80523215,4532246.5161929,2018_bird_070_13_trip,K18F62,bird_070,12,2018,47076.4703711949,1,3550.07014777814,-0.00917306317848682,11.8335671592605,27936.18057625552,Fast_Middle,Sea,Fast_Middle
2018-05-25T19:47:20Z,141.782984101754,40.938399353227,565911.726020493,4532213.95163184,2018_bird_070_13_trip,K18F62,bird_070,12,2018,48305.9665203767,1,3600.75983963031,-1.06268164633938,12.0025327987677,31477.18472274475,Fast_Middle,Sea,Fast_Middle
2018-05-25T19:52:20Z,141.80345,40.90992,567663.607226755,4529068.09981368,2018_bird_070_13_trip,K18F62,bird_070,12,2018,46169.6196741199,1,3325.67513269619,-1.22330797249344,11.085583775654,33084.01125763324,Fast_Middle,Sea,Fast_Middle
2018-05-25T19:57:20Z,141.81655,40.88166,568796.123846488,4525941.19700191,2018_bird_070_13_trip,K18F62,bird_070,12,2018,43932.6175460587,1,3976.94602978202,-0.717484613104547,13.2564867659401,34073.52664945565,Fast_Middle,Sea,Fast_Middle
2018-05-25T20:02:20Z,141.85181,40.85785,571792.601383198,4523326.38876883,2018_bird_070_13_trip,K18F62,bird_070,12,2018,43302.4256028866,1,3854.74600870387,0.509332259892553,12.8491533623463,36904.1321467956,Fast_Middle,Sea,Fast_Middle
2018-05-25T20:07:20Z,141.891963434665,40.8744780390122,575158.065593422,4525205.94122655,2018_bird_070_13_trip,K18F62,bird_070,12,2018,46792.3588193297,1,4436.39949518417,0.461568406195784,14.7879983172806,40388.94679781441,Fast_Middle,Sea,Fast_Middle
2018-05-25T20:12:20Z,141.93935,40.8919,579130.218528149,4527181.70476098,2018_bird_070_13_trip,K18F62,bird_070,12,2018,50790.296983242,1,3068.51437324821,1.10030751536643,10.2283812441607,44441.56752256614,Fast_Middle,Sea,Fast_Middle
2018-05-25T20:17:20Z,141.956215399532,40.9163998385975,580521.243723675,4529916.81524582,2018_bird_070_13_trip,K18F62,bird_070,12,2018,53796.7314888714,1,1681.24613639838,1.91259442282656,5.6041537879946,45952.647661847346,Fast_Middle,Sea,Fast_Middle
2018-05-25T20:22:20Z,141.949728501779,40.9307223342869,579957.720759425,4531500.80717759,2018_bird_070_13_trip,K18F62,bird_070,12,2018,54710.4351123794,1,1823.71576624864,2.62886017480434,6.07905255416215,45461.472156302545,Fast_Middle,Sea,Fast_Middle
2018-05-25T20:27:20Z,141.930967704622,40.9389344272428,578368.521496242,4532395.44950722,2018_bird_070_13_trip,K18F62,bird_070,12,2018,54505.8750504762,1,1751.30624135958,2.75543757225276,5.83768747119861,43915.862723420454,Fast_Middle,Sea,Fast_Middle
2018-05-25T20:32:20Z,141.911779323347,40.945029492162,576746.174418247,4533055.04294984,2018_bird_070_13_trip,K18F62,bird_070,12,2018,54146.5522931035,1,1758.56560982883,2.5243114561415,5.86188536609608,42326.565024909345,Fast_Middle,Sea,Fast_Middle
2018-05-25T20:37:20Z,141.894868165335,40.9543313350628,575312.143006002,4534072.93631987,2018_bird_070_13_trip,K18F62,bird_070,12,2018,54246.0191285831,1,2050.11557619595,2.94695250441568,6.83371858731984,40941.31293392687,Fast_Middle,Sea,Fast_Middle
2018-05-25T20:42:20Z,141.871018035472,40.9580859033676,573300.739079386,4534469.45633167,2018_bird_070_13_trip,K18F62,bird_070,12,2018,53577.7029386553,1,2312.08898546273,2.73604781744489,7.70696328487576,38951.934118780955,Fast_Middle,Sea,Fast_Middle
2018-05-25T20:47:20Z,141.84588,40.96649,571176.189215003,4535381.62043448,2018_bird_070_13_trip,K18F62,bird_070,12,2018,53389.4892488656,1,1145.09049995689,2.89575611947012,3.81696833318963,36872.81389137706,Fast_Middle,Sea,Fast_Middle
2018-05-25T20:52:20Z,141.83271344193,40.9690962303484,570065.52691566,4535660.298582,2018_bird_070_13_trip,K18F62,bird_070,12,2018,53151.7135917498,1,2265.3291928021,-2.38288240138314,7.55109730934034,35777.007121700604,Fast_Homing,Sea,Fast_Homing
2018-05-25T20:57:20Z,141.813004424473,40.9551975415499,568421.523282699,4534101.78377406,2018_bird_070_13_trip,K18F62,bird_070,12,2018,51043.5685409839,1,1917.01828153613,-2.41383800409074,6.39006093845378,34066.49355656826,Fast_Homing,Sea,Fast_Homing
2018-05-25T21:02:20Z,141.79586,40.94383,566990.143474918,4532826.59322453,2018_bird_070_13_trip,K18F62,bird_070,12,2018,49294.4075703973,1,2545.85665590423,-2.00118538209756,8.48618885301408,32580.852695793892,Fast_Homing,Sea,Fast_Homing
2018-05-25T21:07:20Z,141.782995900468,40.9230759024145,565927.949936729,4530512.90979764,2018_bird_070_13_trip,K18F62,bird_070,12,2018,46748.0868772164,1,1977.13477033582,-2.27711996809362,6.59044923445275,31416.950747722272,Fast_Homing,Sea,Fast_Homing
2018-05-25T21:12:20Z,141.7676,40.90963,564644.707692417,4529008.79835148,2018_bird_070_13_trip,K18F62,bird_070,12,2018,44859.086789527,0,452.537967591314,-1.73561151851062,1.50845989197105,30068.760200671222,Fast_Homing,Sea,Slow
2018-05-25T21:17:20Z,141.766672000034,40.9056148333495,564570.459774542,4528562.3928645,2018_bird_070_13_trip,K18F62,bird_070,12,2018,44418.875344654,0,380.842914893373,-1.74260173708639,1.26947638297791,29974.585912034418,Fast_Homing,Sea,Slow
2018-05-25T21:22:20Z,141.76586,40.90224,564505.350314826,4528187.15682668,2018_bird_070_13_trip,K18F62,bird_070,12,2018,44047.9818948641,1,2334.8082384385,-1.96473781870344,7.78269412812835,29892.816219684228,Fast_Homing,Sea,Fast_Homing
2018-05-25T21:27:20Z,141.755,40.88289,563609.178594372,4526031.1870315,2018_bird_070_13_trip,K18F62,bird_070,12,2018,41712.4669217144,1,2710.74652712439,-2.08643355877096,9.0358217570813,28901.51883911598,Fast_Homing,Sea,Fast_Homing
2018-05-25T21:32:20Z,141.7389,40.86175,562272.538412698,4523672.89532795,2018_bird_070_13_trip,K18F62,bird_070,12,2018,39018.8505170284,1,2788.40239823928,-2.01586337503075,9.2946746607976,27461.59433849207,Fast_Homing,Sea,Fast_Homing
2018-05-25T21:37:20Z,141.72441,40.83917,561072.079879825,4521156.13406685,2018_bird_070_13_trip,K18F62,bird_070,12,2018,36233.0559383484,1,2961.70530525637,-1.78139247146932,9.87235101752125,26017.420705156022,Fast_Homing,Sea,Fast_Homing
2018-05-25T21:42:20Z,141.716785811297,40.8131268367397,560452.956382206,4518259.86329051,2018_bird_070_13_trip,K18F62,bird_070,12,2018,33323.4303799548,1,2749.69668385764,-1.81786324843163,9.16565561285882,25072.804853556267,Fast_Homing,Sea,Fast_Homing
2018-05-25T21:47:20Z,141.708557537473,40.7891593448022,559780.487803068,4515593.66414879,2018_bird_070_13_trip,K18F62,bird_070,12,2018,30611.6995124588,1,2434.66849084767,-1.93137870803766,8.1155616361589,24101.280351673144,Fast_Homing,Sea,Fast_Homing
2018-05-25T21:52:20Z,141.69816196516,40.7687004922143,558921.489959668,4513315.56551937,2018_bird_070_13_trip,K18F62,bird_070,12,2018,28181.300920433,1,2820.07825920318,-1.84630762300221,9.40026086401058,22988.732746125104,Fast_Homing,Sea,Fast_Homing
2018-05-25T21:57:20Z,141.68882,40.74431,558154.318730175,4510601.84304044,2018_bird_070_13_trip,K18F62,bird_070,12,2018,25396.7087102119,1,3165.55157765294,-1.9884255758397,10.5518385921765,21792.3456026297,Fast_Homing,Sea,Fast_Homing
2018-05-25T22:02:20Z,141.673350437249,40.7183351623708,556870.38809568,4507708.36089662,2018_bird_070_13_trip,K18F62,bird_070,12,2018,22231.3957250462,1,2897.13345895439,-1.83329926244234,9.65711152984796,19907.271461423057,Fast_Homing,Sea,Fast_Homing
2018-05-25T22:07:20Z,141.664199161262,40.6931831067346,556118.586146461,4504910.47310256,2018_bird_070_13_trip,K18F62,bird_070,12,2018,19391.010162801,1,2830.04966240778,-1.77719748871902,9.43349887469261,18561.49421297911,Fast_Homing,Sea,Fast_Homing
2018-05-25T22:12:20Z,141.65709,40.66827,555538.599213944,4502140.4918301,2018_bird_070_13_trip,K18F62,bird_070,12,2018,16680.034752731,1,3247.03965945506,-1.78364700532272,10.8234655315169,16948.751841352678,Fast_Homing,Sea,Fast_Homing
2018-05-25T22:17:20Z,141.648698164235,40.6397260002678,554852.671499741,4498966.729123,2018_bird_070_13_trip,K18F62,bird_070,12,2018,13622.0182505574,1,2412.47287281731,-1.7474233048728,8.04157624272436,14477.830244447565,Fast_Homing,Sea,Fast_Homing
2018-05-25T22:22:20Z,141.64348,40.61836,554428.775806964,4496591.78958615,2018_bird_070_13_trip,K18F62,bird_070,12,2018,11458.7669793285,1,3288.58737259477,-1.98527833800442,10.9619579086492,12699.522151898993,Fast_Homing,Sea,Fast_Homing
2018-05-25T22:27:20Z,141.62757,40.59133,553104.409527125,4493581.66319943,2018_bird_070_13_trip,K18F62,bird_070,12,2018,8329.83345728511,1,3735.23483903167,-2.03185108616049,12.4507827967722,9693.970945960376,Fast_Homing,Sea,Fast_Homing
2018-05-25T22:32:20Z,141.60766,40.5613,551442.629770067,4490236.4476097,2018_bird_070_13_trip,K18F62,bird_070,12,2018,4932.41525534517,1,3279.92304722823,-2.4862268831097,10.9330768240941,5998.564839174532,NA,Sea,Fast_Homing
2018-05-29T23:10:33Z,141.67021,40.66827,556647.536271271,4502148.86280964,2018_bird_070_17_trip,K18F62,bird_070,12,2018,17267.2282848696,1,3353.70084250159,0.740711785437151,11.1790028083386,17835.935635003207,Fast_Outbound,Sea,Fast_Outbound
2018-05-29T23:15:33Z,141.699703298586,40.6884826895121,559122.528668536,4504411.98498365,2018_bird_070_17_trip,K18F62,bird_070,12,2018,20532.9629451256,1,3340.76487085884,0.630786688901369,11.1358829028628,21177.379232684656,Fast_Outbound,Sea,Fast_Outbound
2018-05-29T23:20:33Z,141.731823958195,40.706033348648,561820.409391379,4506382.30209713,2018_bird_070_17_trip,K18F62,bird_070,12,2018,23727.2103361641,1,2568.89379909384,0.617031428835906,8.5629793303128,24442.0239904688,Fast_Outbound,Sea,Fast_Outbound
2018-05-29T23:25:33Z,141.756776165979,40.7192628449981,563915.598434689,4507868.70655885,2018_bird_070_17_trip,K18F62,bird_070,12,2018,26199.5298278068,0,468.922575706926,0.457232776332413,1.56307525235642,26810.04657948863,Fast_Middle,Sea,Slow
2018-05-29T23:30:33Z,141.761778833213,40.7210948335007,564336.352143419,4508075.72032312,2018_bird_070_17_trip,K18F62,bird_070,12,2018,26628.0814575028,0,68.844207054797,1.72246886384867,0.229480690182657,27265.526896303854,Slow,Sea,Slow
2018-05-29T23:35:33Z,141.76166266858,40.7217086670437,564325.950356589,4508143.77418176,2018_bird_070_17_trip,K18F62,bird_070,12,2018,26673.5805753258,0,343.697765664443,2.05257864858468,1.14565921888148,27270.29818631456,Slow,Sea,Slow
2018-05-29T23:40:33Z,141.75980833334,40.7244646666711,564166.694782737,4508448.34899411,2018_bird_070_17_trip,K18F62,bird_070,12,2018,26806.9950599834,0,139.000626328783,0.30836336996013,0.463335421095942,27181.788663198215,Slow,Sea,Slow
2018-05-29T23:45:33Z,141.761380825719,40.724834345252,564299.138966689,4508490.53563011,2018_bird_070_17_trip,K18F62,bird_070,12,2018,26923.5760303958,1,1778.52876415478,-0.576008713569879,5.92842921384925,27320.12290570687,Fast_Middle,Sea,Slow
2018-05-29T23:50:33Z,141.778939356042,40.7159903267786,565790.690202234,4507521.80477137,2018_bird_070_17_trip,K18F62,bird_070,12,2018,27178.9483447688,0,432.361065711064,0.0387726957846091,1.44120355237021,28367.58173140062,Fast_Middle,Sea,Slow
2018-05-29T23:55:33Z,141.784055833309,40.7161066666688,566222.726319719,4507538.56437553,2018_bird_070_17_trip,K18F62,bird_070,12,2018,27488.2574148287,0,548.920021560815,0.723897386966423,1.82973340520272,28695.432070818388,Fast_Middle,Sea,Slow
2018-05-30T00:00:33Z,141.788963333274,40.7193483333476,566633.993749044,4507902.11944927,2018_bird_070_17_trip,K18F62,bird_070,12,2018,28035.4994780771,1,1161.6105725349,-0.15081648694009,3.87203524178299,29230.641819570745,Fast_Middle,Sea,Slow
2018-05-30T00:05:33Z,141.802540833307,40.7176825000045,567782.418571079,4507727.59280271,2018_bird_070_17_trip,K18F62,bird_070,12,2018,28721.0518599136,0,464.818953293047,1.10089987660775,1.54939651097682,29753.132668319293,Fast_Middle,Sea,Slow
2018-05-30T00:10:33Z,141.805077499976,40.7213983333411,567992.885786191,4508142.03243728,2018_bird_070_17_trip,K18F62,bird_070,12,2018,29161.5710518913,0,196.263881529155,-1.60847274979051,0.654212938430518,30213.63327000664,Slow,Sea,Slow
2018-05-30T00:15:33Z,141.804968689676,40.7196322953789,567985.493014484,4507945.90783883,2018_bird_070_17_trip,K18F62,bird_070,12,2018,29018.9617399172,0,541.199779101845,-1.15435150305856,1.80399926367282,30049.106359856905,Fast_Middle,Sea,Slow
2018-05-30T00:20:33Z,141.807506666816,40.7151558333669,568204.41465223,4507450.96287479,2018_bird_070_17_trip,K18F62,bird_070,12,2018,28834.4414769201,1,1501.39742615907,-1.6484779216498,5.00465808719691,29771.45990947433,Fast_Middle,Sea,Fast_Middle
2018-05-30T00:25:33Z,141.805964745076,40.7016819680167,568087.900970485,4505954.09321004,2018_bird_070_17_trip,K18F62,bird_070,12,2018,27741.3812035536,1,2559.5185100308,-1.50118416711326,8.53172836676932,28480.84761109572,Fast_Middle,Sea,Fast_Middle
2018-05-30T00:30:33Z,141.807794098342,40.6786673770511,568265.930716061,4503400.77372104,2018_bird_070_17_trip,K18F62,bird_070,12,2018,26272.359302849,1,1034.92366889686,-1.33918779912528,3.44974556298953,26497.20933443297,Fast_Middle,Sea,Fast_Middle
2018-05-30T00:35:33Z,141.810495000757,40.669574166735,568503.490610931,4502393.48414163,2018_bird_070_17_trip,K18F62,bird_070,12,2018,25877.4030841754,0,490.410111593536,-1.38951207470846,1.63470037197845,25811.384357630013,Fast_Middle,Sea,Slow
2018-05-30T00:40:33Z,141.811488333371,40.6652216666704,568591.908086242,4501911.11039897,2018_bird_070_17_trip,K18F62,bird_070,12,2018,25679.7753442087,0,561.237999020802,-1.24580715778522,1.87079333006934,25468.246029246857,Fast_Middle,Sea,Slow
2018-05-30T00:45:33Z,141.813549999998,40.6604158333344,568771.110549732,4501379.25086053,2018_bird_070_17_trip,K18F62,bird_070,12,2018,25540.0097034166,0,166.560070317928,-1.70884458014571,0.555200234393093,25137.17551295707,Slow,Sea,Slow
2018-05-30T00:50:33Z,141.813260833275,40.658931666685,568748.190185254,4501214.27536564,2018_bird_070_17_trip,K18F62,bird_070,12,2018,25432.4806025938,1,2313.72790939833,-2.88752256344599,7.7124263646611,24989.051819710236,Fast_Homing,Sea,Fast_Homing
2018-05-30T00:55:33Z,141.786709984542,40.6538766882153,566508.738858501,4500632.73035978,2018_bird_070_17_trip,K18F62,bird_070,12,2018,23236.6153119242,1,3503.36591909068,-2.76215549197741,11.6778863969689,23217.914322005556,Fast_Homing,Sea,Fast_Homing
2018-05-30T01:00:33Z,141.748089980045,40.6424433542928,563254.555947648,4499335.09160198,2018_bird_070_17_trip,K18F62,bird_070,12,2018,19823.8736693853,1,3562.11887317856,-2.64422078855122,11.8737295772619,20273.807417104657,Fast_Homing,Sea,Fast_Homing
2018-05-30T01:05:33Z,141.710906633332,40.6273675183016,560124.025090259,4497635.54242128,2018_bird_070_17_trip,K18F62,bird_070,12,2018,16297.5711197787,1,3849.17633424895,-2.43478106079862,12.8305877808298,17072.39139836388,Fast_Homing,Sea,Fast_Homing
2018-05-30T01:10:33Z,141.676072461552,40.6050575132541,557196.971568061,4495135.83921283,2018_bird_070_17_trip,K18F62,bird_070,12,2018,12453.3434862073,1,3596.31355906387,-2.14748454976816,11.9877118635462,13334.768988896249,Fast_Homing,Sea,Fast_Homing
2018-05-30T01:15:33Z,141.652631925948,40.578033617408,555236.0788713,4492121.14668342,2018_bird_070_17_trip,K18F62,bird_070,12,2018,9162.18677703501,1,3576.29591560135,-2.39599467181639,11.9209863853378,9735.974176013922,Fast_Homing,Sea,Fast_Homing
2018-05-30T01:20:33Z,141.62138746012,40.5563486856618,552608.637361584,4489694.94727097,2018_bird_070_17_trip,K18F62,bird_070,12,2018,5751.0554452181,1,3926.82664227081,-2.76840063703437,13.0894221409027,6231.868912292158,NA,Sea,Fast_Homing
2018-06-01T03:36:29Z,141.56279,40.54947,547652.440094964,4488898.06656093,2018_bird_070_21_trip,K18F62,bird_070,12,2018,1283.90041558309,1,3711.42801188324,1.0303545313115,12.3714267062775,2641.18675097446,Fast_Outbound,Sea,Fast_Outbound
2018-06-01T03:41:29Z,141.585591494712,40.5780271677171,549562.025008212,4492080.5472516,2018_bird_070_21_trip,K18F62,bird_070,12,2018,4978.12411794686,1,3255.39124820368,0.936445047480848,10.8513041606789,6091.486422215286,Fast_Outbound,Sea,Fast_Outbound
2018-06-01T03:46:29Z,141.6086,40.60153,551491.349308547,4494702.6227507,2018_bird_070_21_trip,K18F62,bird_070,12,2018,8214.16009457463,1,2800.81134155892,1.03541929526065,9.3360378051964,9217.151669398125,Fast_Outbound,Sea,Fast_Outbound
2018-06-01T03:51:29Z,141.62569,40.62314,552920.226211335,4497111.53432394,2018_bird_070_21_trip,K18F62,bird_070,12,2018,11015.8584461953,1,3320.30347696445,1.18796784205482,11.0676782565482,11815.299129495284,Fast_Outbound,Sea,Fast_Outbound
2018-06-01T03:56:29Z,141.640618520998,40.6508045906848,554160.511284302,4500191.48693996,2018_bird_070_21_trip,K18F62,bird_070,12,2018,14304.2618008099,1,3356.03815357151,1.22038055491698,11.1867938452384,14670.348901869824,Fast_Outbound,Sea,Fast_Outbound
2018-06-01T04:01:29Z,141.654522292753,40.6791227870977,555312.600059621,4503343.57887105,2018_bird_070_21_trip,K18F62,bird_070,12,2018,17628.3395126096,1,3862.81646390365,1.51023727170575,12.8760548796788,17432.424349977915,Fast_Outbound,Sea,Fast_Outbound
2018-06-01T04:06:29Z,141.65763,40.71384,555546.385616002,4507199.31425453,2018_bird_070_21_trip,K18F62,bird_070,12,2018,21219.8609584161,1,4170.66229865039,1.62881673639379,13.902207662168,18505.138411012485,Fast_Outbound,Sea,Fast_Outbound
2018-06-01T04:11:29Z,141.655134661158,40.751362667537,555304.537825887,4511362.95853037,2018_bird_070_21_trip,K18F62,bird_070,12,2018,25024.873117345,1,3926.85357059706,1.18170342793521,13.0895119019902,19176.19124625439,Fast_Outbound,Sea,Fast_Outbound
2018-06-01T04:16:29Z,141.673109992797,40.7839901688355,556794.186872127,4514996.29373153,2018_bird_070_21_trip,K18F62,bird_070,12,2018,28947.0232553915,1,2712.87811857396,1.25511336231333,9.0429270619132,21069.41291243227,Fast_Outbound,Sea,Fast_Outbound
2018-06-01T04:21:29Z,141.683329671761,40.8071613115114,557636.442636495,4517575.11379381,2018_bird_070_21_trip,K18F62,bird_070,12,2018,31660.3046374928,1,2860.51825330805,1.37948355723218,9.53506084436016,22199.49652387032,Fast_Outbound,Sea,Fast_Outbound
2018-06-01T04:26:29Z,141.69004,40.83242,558180.364109882,4520383.44320973,2018_bird_070_21_trip,K18F62,bird_070,12,2018,34494.6709400563,1,2153.27465987329,1.73511350680791,7.17758219957764,23059.48813554047,Fast_Outbound,Sea,Fast_Outbound
2018-06-01T04:31:29Z,141.68606,40.85158,557828.13413997,4522507.71386319,2018_bird_070_21_trip,K18F62,bird_070,12,2018,36411.5435995019,1,3002.16820443809,1.57877813005177,10.007227348127,22951.972185317507,Fast_Outbound,Sea,Fast_Outbound
2018-06-01T04:36:29Z,141.686054754151,40.8786237705519,557804.171678458,4525509.78643529,2018_bird_070_21_trip,K18F62,bird_070,12,2018,39287.6428264974,1,1010.7508414107,3.05481350764741,3.369169471369,23085.15078434443,Fast_Middle,Sea,Fast_Middle
2018-06-01T04:41:29Z,141.674112496532,40.8794833363234,556797.224239654,4525597.38848377,2018_bird_070_21_trip,K18F62,bird_070,12,2018,39113.2355387559,1,3337.11412829752,-2.54987889924098,11.1237137609917,22084.259265960944,Fast_Homing,Sea,Fast_Homing
2018-06-01T04:46:29Z,141.641079174077,40.8629036097255,554027.466255366,4523735.9988379,2018_bird_070_21_trip,K18F62,bird_070,12,2018,36697.1473756825,1,3863.36954659393,-2.50458223255469,12.8778984886464,19236.57637583023,Fast_Homing,Sea,Fast_Homing
2018-06-01T04:51:29Z,141.604041824601,40.8424030042925,550921.790272252,4521438.08653725,2018_bird_070_21_trip,K18F62,bird_070,12,2018,33963.6038822202,1,4091.57564634125,-2.36304329800302,13.6385854878042,15975.864217321709,Fast_Homing,Sea,Fast_Homing
2018-06-01T04:56:29Z,141.56926851598,40.8166959039283,548008.862555798,4518564.78819067,2018_bird_070_21_trip,K18F62,bird_070,12,2018,30896.9615997584,1,4154.85479695698,-2.25749095529993,13.8495159898566,12757.456331192085,Fast_Homing,Sea,Fast_Homing
2018-06-01T05:01:29Z,141.537801992298,40.7879013358771,545374.749201595,4515351.64872576,2018_bird_070_21_trip,K18F62,bird_070,12,2018,27734.1694068676,1,3762.07469381893,-2.29795581798936,12.5402489793964,9776.779421943074,Fast_Homing,Sea,Fast_Homing
2018-06-01T05:06:29Z,141.507969171963,40.7627178715885,542873.909021513,4512541.13197691,2018_bird_070_21_trip,K18F62,bird_070,12,2018,25238.5335336366,1,3799.39384307778,-2.15807920340612,12.6646461435926,6974.091048094518,NA,Sea,Fast_Homing
2018-06-01T05:11:29Z,141.482820976975,40.7343334440256,540768.660320119,4509378.32918822,2018_bird_070_21_trip,K18F62,bird_070,12,2018,22636.8558997368,1,3567.13963137681,-1.82956795487397,11.8904654379227,4523.574032216491,NA,Sea,Fast_Homing
2018-06-01T05:16:29Z,141.471791637549,40.703313934582,539855.85328844,4505929.95732999,2018_bird_070_21_trip,K18F62,bird_070,12,2018,19678.7722074806,1,3435.42939088536,-1.64353573171366,11.4514313029512,2931.546571711198,NA,Sea,Fast_Homing
2018-06-01T05:21:29Z,141.46862,40.67246,539606.182503785,4502503.61239711,2018_bird_070_21_trip,K18F62,bird_070,12,2018,16662.9651635476,1,3305.73158857603,-1.63407150588213,11.0191052952534,1937.9278894943193,NA,Sea,Fast_Homing
2018-06-01T05:26:29Z,141.46594,40.64275,539397.151295409,4499204.49625947,2018_bird_070_21_trip,K18F62,bird_070,12,2018,13926.769492828,1,3233.36628300642,-1.65293430657877,10.7778876100214,1011.324303145648,NA,Sea,Fast_Homing
2018-06-01T05:31:29Z,141.462602294374,40.6137329508877,539131.867651862,4495982.03103723,2018_bird_070_21_trip,K18F62,bird_070,12,2018,11588.8533280744,1,2905.1919288968,-1.31932186856992,9.68397309632265,46.441281603817885,NA,Sea,Fast_Homing
2018-06-01T05:36:29Z,141.47097,40.58835,539854.773272541,4493168.21732497,2018_bird_070_21_trip,K18F62,bird_070,12,2018,9183.72355839328,1,3091.5852045079,-0.928476788872279,10.3052840150263,970.2325978259069,NA,Land,Fast_Homing
2018-06-01T05:41:29Z,141.492691319252,40.5659583644586,541706.800759451,4490692.75913214,2018_bird_070_21_trip,K18F62,bird_070,12,2018,6281.32481008788,1,2766.03256352046,-0.788973640008253,9.2201085450682,997.889278751665,NA,Land,Fast_Homing
2018-06-01T05:46:29Z,141.515577258102,40.5481753225836,543655.675450432,4488729.89806184,2018_bird_070_21_trip,K18F62,bird_070,12,2018,3715.33664853006,0,88.2408699387253,1.10492423344914,0.294136233129084,638.8546709340802,NA,Land,Slow
2018-06-01T05:51:29Z,141.51605081967,40.5488834426232,543695.313436867,4488808.73511631,2018_bird_070_21_trip,K18F62,bird_070,12,2018,3700.38609296286,0,760.292295637219,-0.519184976777348,2.53430765212406,559.7592891807163,NA,Land,Slow
2018-06-01T05:56:29Z,141.52382,40.54545,544355.417348706,4488431.4988503195,2018_bird_070_21_trip,K18F62,bird_070,12,2018,2961.11423299772,0,25.8471965328539,1.91051402770353,0.0861573217761795,263.6596703836964,NA,Land,Slow
2018-06-01T06:01:29Z,141.52372,40.54567,544346.804521579,4488455.86884781,2018_bird_070_21_trip,K18F62,bird_070,12,2018,2975.64459492511,0,697.970690085894,-0.3193898613855,2.32656896695298,256.628623596415,NA,Land,Fast_Homing
2018-05-22T20:52:16Z,141.51284,40.54505,543425.920155636,4488381.63049609,2018_bird_086_2_trip,K18F71,bird_086,8,2018,3859.03018137562,0,22.3356492242982,-2.18407579887393,0.0744521640809941,1033.3049795216616,Fast_Outbound,Land,Fast_Outbound
2018-05-22T20:57:16Z,141.512686935543,40.5448861290413,543413.064819399,4488363.3651859,2018_bird_086_2_trip,K18F71,bird_086,8,2018,3868.45578788544,0,16.4349965739752,1.0514729369868001,0.0547833219132506,1054.44866561533,Slow,Land,Slow
2018-05-22T21:02:16Z,141.51278423725,40.545014237299704,543421.221390669,4488377.63331323,2018_bird_086_2_trip,K18F71,bird_086,8,2018,3862.9397920838,0,11.5945011364608,0.915260443313483,0.0386483371215361,1039.456010523839,Slow,Land,Slow
2018-05-22T21:07:16Z,141.512868333335,40.5450966666682,543428.28921464,4488386.82452212,2018_bird_086_2_trip,K18F71,bird_086,8,2018,3857.63510651559,1,1587.71669011713,0.909951862548224,5.2923889670571,1028.2082672341005,Fast_Outbound,Land,Slow
2018-05-22T21:12:16Z,141.524464545686,40.5563368972527,544402.803924156,4489640.28587733,2018_bird_086_2_trip,K18F71,bird_086,8,2018,3428.76224104361,1,1183.31906893055,-0.164258830542587,3.94439689643516,507.82471643427266,Fast_Outbound,Sea,Slow
2018-05-22T21:17:16Z,141.538238680859,40.5545303506888,545570.195309221,4489446.78814357,2018_bird_086_2_trip,K18F71,bird_086,8,2018,2411.97198796124,1,862.378573490851,-0.76892629517891,2.8745952449695,1318.9725788868975,Fast_Outbound,Sea,Slow
2018-05-22T21:22:16Z,141.545514576334,40.5490938983189,546189.950310866,4488847.12111767,2018_bird_086_2_trip,K18F71,bird_086,8,2018,1550.80246072073,0,390.180680253811,-0.478758492484979,1.3006022675127,1447.5180668479964,Fast_Outbound,Sea,Slow
2018-05-22T21:27:16Z,141.54959118647199,40.5474552542402,546536.262017929,4488667.37361478,2018_bird_086_2_trip,K18F71,bird_086,8,2018,1194.25588965188,0,8.55910574470279,2.70168879656282,0.0285303524823426,1613.7052411633183,Slow,Sea,Slow
2018-05-22T21:32:16Z,141.5495,40.5474885245902,546528.517802302,4488671.01853117,2018_bird_086_2_trip,K18F71,bird_086,8,2018,1201.69331551457,0,309.550181854822,0.796701542901326,1.03183393951607,1609.7514937185688,Slow,Sea,Slow
2018-05-22T21:37:16Z,141.552071901543,40.5494703357378,546744.914764175,4488892.36366886,2018_bird_086_2_trip,K18F71,bird_086,8,2018,1294.20706554223,1,2811.67932766716,0.882187663297717,9.37226442555721,1916.1992061644123,Fast_Outbound,Sea,Fast_Outbound
2018-05-22T21:42:16Z,141.573339456164,40.5689248468284,548531.634361086,4491063.34817448,2018_bird_086_2_trip,K18F71,bird_086,8,2018,3620.98071167062,1,3082.69745498543,0.89894783106041,10.2756581832848,4654.800563297039,Fast_Outbound,Sea,Fast_Outbound
2018-05-22T21:47:16Z,141.596199132261,40.5905450974317,550450.409502438,4493476.0905055,2018_bird_086_2_trip,K18F71,bird_086,8,2018,6629.36439689155,1,3184.69305069236,0.898630156777531,10.6156435023079,7644.967512259994,Fast_Outbound,Sea,Fast_Outbound
2018-05-22T21:52:16Z,141.61983995982,40.6128700136694,552433.46187749,4495968.03213903,2018_bird_086_2_trip,K18F71,bird_086,8,2018,9786.61681498698,1,2819.96145277425,1.05040870480007,9.39987150924751,10734.289176266802,Fast_Outbound,Sea,Fast_Outbound
2018-05-22T21:57:16Z,141.636623474357,40.6348201706279,553835.593202564,4498414.70546058,2018_bird_086_2_trip,K18F71,bird_086,8,2018,12605.7198803463,1,2708.36656037015,1.21712401705977,9.02788853456716,13333.997089248624,Fast_Outbound,Sea,Fast_Outbound
2018-05-22T22:02:16Z,141.64793662924,40.6576460090538,554773.622839056,4500955.44350815,2018_bird_086_2_trip,K18F71,bird_086,8,2018,15271.0179042376,1,3150.84562374088,0.983339163075015,10.5028187458029,15621.466906771771,Fast_Outbound,Sea,Fast_Outbound
2018-05-22T22:07:16Z,141.668829446202,40.6811531359569,556519.967306021,4503578.0584527,2018_bird_086_2_trip,K18F71,bird_086,8,2018,18416.6216106782,1,3092.13978026201,0.787041603075371,10.3071326008734,18601.309009408455,Fast_Outbound,Sea,Fast_Outbound
2018-05-22T22:12:16Z,141.694863674213,40.7007288372476,558702.844025429,4505768.12184186,2018_bird_086_2_trip,K18F71,bird_086,8,2018,21424.5605175213,1,3410.75382051316,0.685203242953175,11.3691794017105,21268.507871379417,Fast_Outbound,Sea,Fast_Outbound
2018-05-22T22:17:16Z,141.726332995354,40.7199795127612,561343.758118104,4507926.55052478,2018_bird_086_2_trip,K18F71,bird_086,8,2018,24686.8757506701,1,3444.96242885016,0.723933715254792,11.4832080961672,24315.706927034036,Fast_Outbound,Sea,Fast_Outbound
2018-05-22T22:22:16Z,141.757123292995,40.7403366868512,563924.744941113,4510208.27644076,2018_bird_086_2_trip,K18F71,bird_086,8,2018,28047.9741112426,1,3205.85984368282,0.964895328284987,10.6861994789427,27331.341583101064,Fast_Outbound,Sea,Fast_Outbound
2018-05-22T22:27:16Z,141.779022529752,40.7639300012567,565750.491478273,4512843.45896183,2018_bird_086_2_trip,K18F71,bird_086,8,2018,31253.4501673703,1,3632.81959492951,1.63489652246558,12.109398649765,29687.914792846143,Fast_Outbound,Sea,Fast_Outbound
2018-05-22T22:32:16Z,141.776645930804,40.7966049206537,565517.786465579,4516468.81778357,2018_bird_086_2_trip,K18F71,bird_086,8,2018,34115.5687209181,1,3913.24299087901,1.9408192019479,13.04414330293,29894.970850250036,Fast_Outbound,Sea,Fast_Outbound
2018-05-22T22:37:16Z,141.760246993749,40.829580356541,564102.613953174,4520117.20886264,2018_bird_086_2_trip,K18F71,bird_086,8,2018,36572.1780135347,0,739.627538362732,2.53042072459705,2.46542512787577,28906.635873657637,Fast_Middle,Sea,Slow
2018-05-22T22:42:16Z,141.753106896544,40.8334505172421,563496.876679937,4520541.62758432,2018_bird_086_2_trip,K18F71,bird_086,8,2018,36676.3153484522,0,61.2913992849951,-1.43964302651528,0.204304664283317,28353.84474657935,Slow,Sea,Slow
2018-05-22T22:47:16Z,141.7531957627,40.8329025423841,563504.892223554,4520480.86257229,2018_bird_086_2_trip,K18F71,bird_086,8,2018,36625.4219816168,0,246.988255262735,0.182206888434127,0.823294184209116,28354.874081666967,Slow,Sea,Slow
2018-05-22T22:52:16Z,141.756081000038,40.8332868333364,563747.791884385,4520525.61693528,2018_bird_086_2_trip,K18F71,bird_086,8,2018,36774.1193496708,0,93.6447297558429,-1.63856995239068,0.312149099186143,28601.047634204333,Slow,Sea,Slow
2018-05-22T22:57:16Z,141.755996229546,40.8324457377102,563741.45009905,4520432.18719071,2018_bird_086_2_trip,K18F71,bird_086,8,2018,36687.7999365215,0,82.7129822454205,-1.46031760747965,0.275709940818068,28584.0931978549,Slow,Sea,Slow
2018-05-22T23:02:16Z,141.756095967781,40.8317045161343,563750.569545643,4520349.97847386,2018_bird_086_2_trip,K18F71,bird_086,8,2018,36618.515005668,0,67.3197776376459,-1.32957022131497,0.224399258792153,28583.780179537276,Slow,Sea,Slow
2018-05-22T23:07:16Z,141.75628,40.8311144262297,563766.651796901,4520284.60788678,2018_bird_086_2_trip,K18F71,bird_086,8,2018,36567.4585190436,0,60.6563078180677,-1.52605912456751,0.202187692726892,28592.29076949703,Slow,Sea,Slow
2018-05-22T23:12:16Z,141.756305967758,40.8305683871032,563769.364485329,4520224.01226813,2018_bird_086_2_trip,K18F71,bird_086,8,2018,36514.6465784194,0,44.3941195049758,-1.88157943361924,0.147980398349919,28588.07245427119,Slow,Sea,Slow
2018-05-22T23:17:16Z,141.756140645177,40.8301887096797,563755.788571724,4520181.74487625,2018_bird_086_2_trip,K18F71,bird_086,8,2018,36470.8029307236,0,79.2782956643613,-2.09073002691455,0.264260985547871,28569.77517541773,Slow,Sea,Slow
2018-05-22T23:22:16Z,141.755666516849,40.8295720225089,563716.401322713,4520112.94303922,2018_bird_086_2_trip,K18F71,bird_086,8,2018,36391.5931547099,0,35.8698533986759,-1.824989740913,0.119566177995586,28522.84287032186,Slow,Sea,Slow
2018-05-22T23:27:16Z,141.755556000019,40.8292600000044,563707.381316373,4520078.22581196,2018_bird_086_2_trip,K18F71,bird_086,8,2018,36356.548507166,0,18.6650542580412,-1.68673290372387,0.062216847526804,28509.94624138125,Slow,Sea,Slow
2018-05-22T23:32:16Z,141.755528499858,40.8290931667485,563705.222198359,4520059.68605846,2018_bird_086_2_trip,K18F71,bird_086,8,2018,36339.0409304746,0,26.6570994299998,-1.40494653240372,0.0888569980999994,28505.682753620586,Slow,Sea,Slow
2018-05-22T23:37:16Z,141.755578000041,40.8288560000303,563709.623032882,4520033.39473659,2018_bird_086_2_trip,K18F71,bird_086,8,2018,36317.6051569046,0,8.14905989879383,-0.888696496077364,0.0271635329959794,28507.047950209984,Slow,Sea,Slow
2018-05-22T23:42:16Z,141.755638275833,40.8287986207384,563714.760399141,4520027.06902358,2018_bird_086_2_trip,K18F71,bird_086,8,2018,36314.3022360846,0,25.2411668390431,-2.51535033392737,0.0841372227968103,28511.42804946531,Slow,Sea,Slow
2018-05-22T23:47:16Z,141.755394237309,40.8286669491635,563694.309106778,4520012.27506724,2018_bird_086_2_trip,K18F71,bird_086,8,2018,36291.825452939,0,22.7745572317511,-1.55297895645491,0.0759151907725037,28489.45410711858,Slow,Sea,Slow
2018-05-22T23:52:16Z,141.755396721343,40.8284618033116,563694.714868029,4519989.5041249,2018_bird_086_2_trip,K18F71,bird_086,8,2018,36271.7159722668,0,37.9498308091934,3.02547715101521,0.126499436030645,28487.251834582486,Slow,Sea,Slow
2018-05-22T23:57:16Z,141.754950166701,40.8285043333411,563657.020585079,4519993.90079311,2018_bird_086_2_trip,K18F71,bird_086,8,2018,36258.520177629,0,33.734293637923,-2.11151205781421,0.112447645459743,28450.349805130787,Slow,Sea,Slow
2018-05-23T00:02:16Z,141.754741290238,40.8282451613186,563639.655865908,4519964.97901766,2018_bird_086_2_trip,K18F71,bird_086,8,2018,36224.8569925352,0,84.4617963000629,-2.41970637114106,0.28153932100021,28429.80981120601,Slow,Sea,Slow
2018-05-23T00:07:16Z,141.753983833322,40.8277473333444,563576.262168838,4519909.16652617,2018_bird_086_2_trip,K18F71,bird_086,8,2018,36146.3545594708,0,15.7527401496019,-2.65453072543222,0.0525091338320064,28360.53578174572,Slow,Sea,Slow
2018-05-23T00:12:16Z,141.753817999903,40.8276820001477,563562.341286784,4519901.79374752,2018_bird_086_2_trip,K18F71,bird_086,8,2018,36133.4759879952,0,107.681706630132,-2.3700375187672,0.358939022100442,28345.877639732596,Slow,Sea,Slow
2018-05-23T00:17:16Z,141.75289500024,40.8270116667106,563485.152108614,4519826.71258666,2018_bird_086_2_trip,K18F71,bird_086,8,2018,36031.5784326394,1,1596.39956712086,-2.01178074697899,5.32133189040287,28260.712599435217,Fast_Homing,Sea,Fast_Middle
2018-05-23T00:22:16Z,141.744669316316,40.8140598409593,562803.761018135,4518383.03749865,2018_bird_086_2_trip,K18F71,bird_086,8,2018,34435.2501981786,1,2897.32218074397,-1.95951515614963,9.65774060247991,27419.86304885038,Fast_Homing,Sea,Fast_Middle
2018-05-23T00:27:16Z,141.73138497294,40.7899916707811,561705.666822472,4515701.86891826,2018_bird_086_2_trip,K18F71,bird_086,8,2018,31547.2922588886,1,1029.54909587049,-1.89382475427042,3.4318303195683,26024.217744371552,Fast_Homing,Sea,Fast_Middle
2018-05-23T00:32:16Z,141.727415573772,40.7812218032828,561378.84695892,4514725.56972355,2018_bird_086_2_trip,K18F71,bird_086,8,2018,30530.0048218182,0,22.4083708796793,-1.24028713747599,0.074694569598931,25588.449314414403,Slow,Sea,Slow
2018-05-23T00:37:16Z,141.72749966699,40.7810303334261,561386.11902878,4514704.37415596,2018_bird_086_2_trip,K18F71,bird_086,8,2018,30514.6001788818,1,2306.32601634499,-1.94182239088578,7.68775338781665,25593.240063061945,Fast_Homing,Sea,Fast_Homing
2018-05-23T00:42:16Z,141.717382050522,40.7617308785066,560549.910094392,4512554.9802154,2018_bird_086_2_trip,K18F71,bird_086,8,2018,28223.0599661156,1,2411.02081830825,-2.52969509589568,8.0367360610275,24517.97271790355,Fast_Homing,Sea,Fast_Homing
2018-05-23T00:47:16Z,141.693871634501,40.7493983401409,558576.346113869,4511170.0374003,2018_bird_086_2_trip,K18F71,bird_086,8,2018,26091.8654118472,1,3041.28405768495,-1.9361354480553,10.1376135256165,22328.119113942455,Fast_Homing,Sea,Fast_Homing
2018-05-23T00:52:16Z,141.680740821672,40.7238871262587,557489.79855592,4508329.4700056,2018_bird_086_2_trip,K18F71,bird_086,8,2018,23061.9490801397,1,2814.41655664247,-2.09217618361691,9.38138852214155,20647.112251015933,Fast_Homing,Sea,Fast_Homing
2018-05-23T00:57:16Z,141.663924709018,40.7019998391049,556088.002032939,4505888.99729269,2018_bird_086_2_trip,K18F71,bird_086,8,2018,20252.2358796815,1,3075.96220127302,-2.00644153152345,10.2532073375767,18746.082465826927,Fast_Homing,Sea,Fast_Homing
2018-05-23T01:02:16Z,141.648316965115,40.6769665097482,554789.960039761,4503100.33624344,2018_bird_086_2_trip,K18F71,bird_086,8,2018,17175.7283559211,1,2008.20900138168,-2.03711441209358,6.69403000460559,16869.655884869815,Fast_Homing,Sea,Fast_Homing
2018-05-23T01:07:16Z,141.637479989998,40.6608671689209,553887.068178996,4501306.54425968,2018_bird_086_2_trip,K18F71,bird_086,8,2018,15166.8977033233,1,2538.8939191002,-2.20780175587696,8.46297973033401,15129.172617466476,Fast_Homing,Sea,Fast_Homing
2018-05-23T01:12:16Z,141.61944644811,40.6425788522383,552376.957345734,4499265.57693909,2018_bird_086_2_trip,K18F71,bird_086,8,2018,12677.2334056582,1,3380.62439797751,-2.240865625444,11.2687479932584,12689.99979507761,Fast_Homing,Sea,Fast_Homing
2018-05-23T01:17:16Z,141.594405851619,40.6188403445728,550277.453344176,4496615.91577818,2018_bird_086_2_trip,K18F71,bird_086,8,2018,9438.84380430488,1,3520.27234208612,-2.27177643300094,11.7342411402871,9412.66220691977,Fast_Homing,Sea,Fast_Homing
2018-05-23T01:22:16Z,141.567359611595,40.5947406800965,548006.99383748,4493925.68697919,2018_bird_086_2_trip,K18F71,bird_086,8,2018,6288.00097061084,1,3004.15575726652,-2.02755749241183,10.0138525242217,5974.646470590505,NA,Sea,Fast_Homing
2018-05-23T01:27:16Z,141.551502006019,40.5705280004778,546682.030113605,4491229.50023782,2018_bird_086_2_trip,K18F71,bird_086,8,2018,3582.2346108092,1,2361.09006331113,-1.11404301808581,7.8703002110371,3284.8099515542526,NA,Sea,Fast_Homing
