time,lon,lat,x,y,ID,label,foot,age,year,Nest_Distance,flight_state,step_length,step_angle,step_speed,coast_distance,State,sealand,original_state
2017-05-17T22:51:35Z,141.56671,40.59218,547953.856251983,4493641.09114136,2017_bird_051_7_trip,K17B45,bird_051,14,2017,5998.91106283368,1,2904.98662011433,1.29839480508671,9.68328873371442,5759.720739477803,Fast_Outbound,Sea,Fast_Outbound
2017-05-17T22:56:35Z,141.576162442365,40.6173386782979,548735.428905995,4496438.96380636,2017_bird_051_7_trip,K17B45,bird_051,14,2017,8883.00450957471,1,2823.84880980563,1.30254938534282,9.41282936601876,8078.768679838999,Fast_Outbound,Sea,Fast_Outbound
2017-05-17T23:01:35Z,141.585224314378,40.6418226683413,549483.86597634,4499161.82334229,2017_bird_051_7_trip,K17B45,bird_051,14,2017,11697.8503251427,1,2841.32500328534,1.35962169749161,9.47108334428445,10325.55126125478,Fast_Outbound,Sea,Fast_Outbound
2017-05-17T23:06:35Z,141.592488814,40.666813668394,550079.432074297,4501940.02938167,2017_bird_051_7_trip,K17B45,bird_051,14,2017,14539.9169466421,1,3105.82823259485,1.38666572307362,10.3527607753162,12023.590394754476,Fast_Outbound,Sea,Fast_Outbound
2017-05-17T23:11:35Z,141.599462535832,40.6942840685635,550648.084075791,4504993.35607752,2017_bird_051_7_trip,K17B45,bird_051,14,2017,17646.6464178087,1,3183.51957436155,1.54120706008493,10.6117319145385,13247.049885728586,Fast_Outbound,Sea,Fast_Outbound
2017-05-17T23:16:35Z,141.600834818609,40.7229435013009,550742.268340708,4508175.48212854,2017_bird_051_7_trip,K17B45,bird_051,14,2017,20794.2536984948,1,3057.38923363726,1.67815876421521,10.1912974454575,14035.715373221448,Fast_Outbound,Sea,Fast_Outbound
2017-05-17T23:21:35Z,141.597200541737,40.7503465052211,550414.649820882,4511215.26748797,2017_bird_051_7_trip,K17B45,bird_051,14,2017,23750.4899831849,1,3117.12266379159,1.82492216398987,10.3904088793053,14306.468851076696,Fast_Outbound,Sea,Fast_Outbound
2017-05-17T23:26:35Z,141.588157697169,40.7775718043207,549631.007000166,4514232.27886194,2017_bird_051_7_trip,K17B45,bird_051,14,2017,26661.9936059302,1,3269.90621417115,2.04079581802455,10.8996873805705,13873.191853437203,Fast_Outbound,Sea,Fast_Outbound
2017-05-17T23:31:35Z,141.570833905942,40.8039216907569,548150.112804533,4517147.62430131,2017_bird_051_7_trip,K17B45,bird_051,14,2017,29483.8681273943,0,658.832408185531,2.36916639658181,2.1961080272851,12736.060193344314,Fast_Middle,Sea,Fast_Middle
2017-05-17T23:36:35Z,141.565275166664,40.8080910000002,547678.244150193,4517607.4069838,2017_bird_051_7_trip,K17B45,bird_051,14,2017,29932.6695711664,0,37.9456029977167,-2.56963405032079,0.126485343325722,12320.190775492654,Slow,Sea,Fast_Middle
2017-05-17T23:41:35Z,141.56489533313,40.8079078334461,547646.337876935,4517586.86778923,2017_bird_051_7_trip,K17B45,bird_051,14,2017,29911.6544975484,0,435.161930338788,2.92540100102028,1.45053976779596,12286.19729579797,Slow,Sea,Fast_Middle
2017-05-17T23:46:35Z,141.559863448295,40.8087732758728,547221.305879003,4517680.2150246,2017_bird_051_7_trip,K17B45,bird_051,14,2017,30002.0157523225,1,1332.77504923545,1.52616880098769,4.44258349745148,11875.0113608113,Fast_Middle,Sea,Fast_Middle
2017-05-17T23:51:35Z,141.560669332874,40.8207636670101,547280.764590834,4519011.66310599,2017_bird_051_7_trip,K17B45,bird_051,14,2017,31334.0162320224,1,1578.76530724016,2.44934972751832,5.26255102413387,12085.783611632252,Fast_Middle,Sea,Fast_Middle
2017-05-17T23:56:35Z,141.546332361222,40.829910007694,546065.405212312,4520019.33441966,2017_bird_051_7_trip,K17B45,bird_051,14,2017,32362.6780635142,1,884.694364321566,-1.94612224800745,2.94898121440522,10994.45467524292,Fast_Middle,Sea,Fast_Middle
2017-05-18T00:01:35Z,141.542425843203,40.8225135014836,545741.097684057,4519196.22522558,2017_bird_051_7_trip,K17B45,bird_051,14,2017,31553.3622286951,1,1242.59001061754,-0.20304560151775,4.14196670205846,10578.803297441878,Fast_Middle,Sea,Fast_Middle
2017-05-18T00:06:35Z,141.556839005174,40.8201875668335,546958.161125551,4518945.65285306,2017_bird_051_7_trip,K17B45,bird_051,14,2017,31269.0345060864,0,481.049768450161,-0.180297876353645,1.6034992281672,11758.12676488739,Fast_Middle,Sea,Fast_Middle
2017-05-18T00:11:35Z,141.562444100376,40.8193832805949,547431.413231413,4518859.38974379,2017_bird_051_7_trip,K17B45,bird_051,14,2017,31182.337371385,1,2435.22880588509,1.42005784221479,8.1174293529503,12217.963689882878,Fast_Middle,Sea,Fast_Middle
2017-05-18T00:16:35Z,141.56696502645,40.8410500033031,547797.107361982,4521267.00415226,2017_bird_051_7_trip,K17B45,bird_051,14,2017,33595.0761249931,1,1490.13964089605,1.43682115490682,4.96713213632016,12855.246145871166,Fast_Middle,Sea,Fast_Middle
2017-05-18T00:21:35Z,141.569439837974,40.8543413125024,547996.152372558,4522743.7902685,2017_bird_051_7_trip,K17B45,bird_051,14,2017,35076.0374172134,0,475.348600457514,-0.600740059088717,1.58449533485838,13173.170469149827,Slow,Sea,Fast_Middle
2017-05-18T00:26:35Z,141.574070985712,40.8518978695898,548388.27576125,4522475.09799098,2017_bird_051_7_trip,K17B45,bird_051,14,2017,34818.2522993176,0,339.258551554339,-0.542088749183321,1.13086183851446,13552.372635707448,Slow,Sea,Fast_Middle
2017-05-18T00:31:35Z,141.577504999968,40.8503039656082,548678.895801502,4522300.0655454,2017_bird_051_7_trip,K17B45,bird_051,14,2017,34654.2664165361,0,179.442314804845,-0.631075566411428,0.598141049349483,13834.363326808189,Slow,Sea,Fast_Middle
2017-05-18T00:36:35Z,141.579215410231,40.8493416395076,548823.776337982,4522194.19215643,2017_bird_051_7_trip,K17B45,bird_051,14,2017,34554.8670306777,0,290.878146893748,-0.00667384218775041,0.969593822979161,13974.252887068144,Slow,Sea,Fast_Middle
2017-05-18T00:41:35Z,141.58266581096,40.8493067754034,549114.648007019,4522192.250896,2017_bird_051_7_trip,K17B45,bird_051,14,2017,34567.6466544245,1,892.607029389783,2.94334819549463,2.97535676463261,14264.38704628872,Slow,Sea,Fast_Middle
2017-05-18T00:46:35Z,141.572298001185,40.8509423339766,548239.523721946,4522368.04849152,2017_bird_051_7_trip,K17B45,bird_051,14,2017,34706.5386284002,0,225.639556615732,-0.900321560400055,0.752131855385775,13398.992102740882,Slow,Sea,Fast_Middle
2017-05-18T00:51:35Z,141.57394750148,40.8493415005996,548379.726676673,4522191.25386209,2017_bird_051_7_trip,K17B45,bird_051,14,2017,34534.1756805402,0,116.392747617268,1.71425857565921,0.387975825390893,13531.06833805386,Slow,Sea,Fast_Middle
2017-05-18T00:56:35Z,141.573759046474,40.8503801800301,548363.085930398,4522306.45089877,2017_bird_051_7_trip,K17B45,bird_051,14,2017,34648.7982125148,1,1806.64935547208,2.33265906027337,6.02216451824027,13519.542466622812,Fast_Middle,Sea,Fast_Middle
2017-05-18T01:01:35Z,141.559063928165,40.8622281518457,547116.009311189,4523613.65470823,2017_bird_051_7_trip,K17B45,bird_051,14,2017,35937.822123658,1,1465.15237947797,2.59274746138925,4.88384126492656,12333.856768252132,Fast_Middle,Sea,Fast_Middle
2017-05-18T01:06:35Z,141.544289288502,40.8691845887002,545866.047441406,4524378.0281897,2017_bird_051_7_trip,K17B45,bird_051,14,2017,36727.3702275986,1,964.155831434677,-1.6779609707021,3.21385277144892,11121.009297698223,Fast_Middle,Sea,Fast_Middle
2017-05-18T01:11:35Z,141.542995017538,40.8605550207992,545762.921677043,4523419.40337049,2017_bird_051_7_trip,K17B45,bird_051,14,2017,35773.117780653,1,1288.80830976485,0.277067059908244,4.29602769921618,10974.813924260972,Fast_Middle,Sea,Fast_Middle
2017-05-18T01:16:35Z,141.55773,40.8636604918033,547002.577206893,4523771.93851289,2017_bird_051_7_trip,K17B45,bird_051,14,2017,36096.6748022982,0,546.432622714368,-0.627565134827534,1.82144207571456,12227.766486672965,Fast_Middle,Sea,Fast_Middle
2017-05-18T01:21:35Z,141.562953773495,40.8607447561195,547444.892338952,4523451.0866232,2017_bird_051_7_trip,K17B45,bird_051,14,2017,35775.735306783,0,453.002587677131,-0.521786793090637,1.51000862559044,12654.84633155307,Slow,Sea,Fast_Middle
2017-05-18T01:26:35Z,141.567596001186,40.8586880008258,547837.613859984,4523225.29656283,2017_bird_051_7_trip,K17B45,bird_051,14,2017,35554.5044327276,0,260.701344168349,-0.582579119271573,0.869004480561164,13036.47408301236,Slow,Sea,Fast_Middle
2017-05-18T01:31:35Z,141.570167796639,40.857383220352,548055.311592039,4523081.86404104,2017_bird_051_7_trip,K17B45,bird_051,14,2017,35415.4993849425,0,132.843019495517,-0.939650072870023,0.442810064985055,13247.279322925237,Slow,Sea,Fast_Middle
2017-05-18T01:36:35Z,141.571089500499,40.8564125008166,548133.698348991,4522974.61300765,2017_bird_051_7_trip,K17B45,bird_051,14,2017,35310.1775930859,0,464.463414576934,2.83720128998579,1.54821138192311,13320.65344963123,Slow,Sea,Fast_Middle
2017-05-18T01:41:35Z,141.565843049453,40.8576923747191,547690.586528801,4523113.818533,2017_bird_051_7_trip,K17B45,bird_051,14,2017,35440.749626676,1,1608.80394008438,2.64293881024776,5.36267980028128,12884.746160814218,Fast_Middle,Sea,Fast_Middle
2017-05-18T01:46:35Z,141.549137202452,40.864704177244,546277.691232124,4523883.21894777,2017_bird_051_7_trip,K17B45,bird_051,14,2017,36219.6432507567,1,953.246772439244,2.15439444112554,3.17748924146415,11509.390052531182,Fast_Middle,Sea,Fast_Middle
2017-05-18T01:51:35Z,141.542963104101,40.8718993108574,545752.423595356,4524678.68944938,2017_bird_051_7_trip,K17B45,bird_051,14,2017,37032.2777289077,0,174.216731538568,-0.972716156345234,0.580722438461893,11021.06763030858,Slow,Sea,Fast_Middle
2017-05-18T01:56:35Z,141.54411655817,40.8705968858507,545850.517533388,4524534.71358728,2017_bird_051_7_trip,K17B45,bird_051,14,2017,36884.5823022206,0,522.826853440033,0.717391835911522,1.74275617813344,11112.498614750555,Slow,Sea,Fast_Middle
2017-05-18T02:01:35Z,141.548817141421,40.8736709550231,546244.479568176,4524878.43125314,2017_bird_051_7_trip,K17B45,bird_051,14,2017,37215.7560599258,1,893.64346045533,-3.09864241744845,2.9788115348511,11521.038683909972,Slow,Sea,Fast_Middle
2017-05-18T02:06:35Z,141.538219050963,40.8733752402939,545351.660243244,4524840.06085515,2017_bird_051_7_trip,K17B45,bird_051,14,2017,37211.5823249437,0,101.641227401355,2.99983036136932,0.338804091337849,10628.3400150679,Slow,Sea,Fast_Middle
2017-05-18T02:11:35Z,141.537026001055,40.8735101676596,545251.03862545,4524854.4215355,2017_bird_051_7_trip,K17B45,bird_051,14,2017,37231.1243610371,0,400.00690742213,-0.661491623976987,1.33335635807377,10528.59305304397,Slow,Sea,Fast_Middle
2017-05-18T02:16:35Z,141.540753709849,40.8712791936799,545566.674801215,4524608.69947598,2017_bird_051_7_trip,K17B45,bird_051,14,2017,36970.1720152646,1,1040.93066421689,1.05344858596352,3.46976888072297,10832.594940576657,Fast_Middle,Sea,Fast_Middle
2017-05-18T02:21:35Z,141.546930041942,40.8794000231885,546081.494866044,4525513.40768781,2017_bird_051_7_trip,K17B45,bird_051,14,2017,37855.3162936573,1,1540.16539830915,2.56660193147288,5.1338846610305104,11387.180816008984,Fast_Middle,Sea,Fast_Middle
2017-05-18T02:26:35Z,141.531650655381,40.8870167235872,544788.992148271,4526350.99122317,2017_bird_051_7_trip,K17B45,bird_051,14,2017,38752.5156430865,0,752.43871276818,-2.04674941239725,2.5081290425606,10134.863110702569,Fast_Middle,Sea,Fast_Homing
2017-05-18T02:31:35Z,141.527510678034,40.8810108481632,544444.235406115,4525682.18123131,2017_bird_051_7_trip,K17B45,bird_051,14,2017,38108.390763113,1,3241.80029708508,-1.89074149009287,10.8060009902836,9760.73035207424,Fast_Homing,Sea,Fast_Homing
2017-05-18T02:36:35Z,141.515194664442,40.8533450995015,543424.642183225,4522604.89365521,2017_bird_051_7_trip,K17B45,bird_051,14,2017,35134.4515013762,1,3911.33054605818,-1.92650940933963,13.0377684868606,8604.697027596501,Fast_Homing,Sea,Fast_Homing
2017-05-18T02:41:35Z,141.498786874127,40.8203879762463,542062.486524774,4518938.41869925,2017_bird_051_7_trip,K17B45,bird_051,14,2017,31683.8338498631,1,4044.40779220384,-1.92415966368049,13.4813593073461,6898.476507156567,Fast_Homing,Sea,Fast_Homing
2017-05-18T02:46:35Z,141.481943465721,40.786276626309,540662.897817574,4515143.89819722,2017_bird_051_7_trip,K17B45,bird_051,14,2017,28237.5232799496,1,4041.69502899538,-2.04061277025376,13.4723167633179,5076.771389972804,NA,Sea,Fast_Homing
2017-05-18T02:51:35Z,141.460033496444,40.7539011720647,538833.131036379,4511540.11515244,2017_bird_051_7_trip,K17B45,bird_051,14,2017,25292.1830454189,1,4232.38852242337,-2.06398462681769,14.1079617414112,2849.528287763899,NA,Sea,Fast_Homing
2017-05-18T02:56:35Z,141.436077346919,40.7204100177167,536829.363263659,4507812.10934266,2017_bird_051_7_trip,K17B45,bird_051,14,2017,22656.0406938103,1,4374.10863032309,-1.5015307329236,14.580362101077,393.47606580279586,NA,Sea,Fast_Homing
2017-05-18T03:01:35Z,141.439403362895,40.6810870023845,537132.096288524,4503448.48939753,2017_bird_051_7_trip,K17B45,bird_051,14,2017,18718.9234802646,1,4971.43411097906,-1.40545950598227,16.5714470365969,267.70681753303705,NA,Land,Fast_Homing
2017-05-18T03:06:35Z,141.448789378932,40.6368753386723,537950.317623519,4498544.85085388,2017_bird_051_7_trip,K17B45,bird_051,14,2017,14280.7099819451,1,3484.77589102076,-1.24447039449023,11.6159196367359,544.2079005179284,NA,Land,Fast_Homing
2017-05-18T03:11:35Z,141.4617946086,40.6070872145814,539067.41489593,4495243.97874267,2017_bird_051_7_trip,K17B45,bird_051,14,2017,11119.5442645732,0,560.622185076043,-1.4440069407263,1.86874061692014,338.3706936029678,NA,Land,Fast_Homing
2017-05-18T03:16:35Z,141.462598000012,40.6020740000018,539138.305547419,4494687.85667879,2017_bird_051_7_trip,K17B45,bird_051,14,2017,10695.4667003923,0,25.2394953314523,0.957984912480759,0.084131651104841,618.9150798113914,NA,Land,Fast_Homing
2017-05-18T03:21:35Z,141.46277086204,40.6022593105261,539152.822536926,4494708.50344949,2017_bird_051_7_trip,K17B45,bird_051,14,2017,10698.0375476469,0,13.4261749706077,-1.25180105826877,0.0447539165686925,594.9741127154945,NA,Land,Fast_Homing
2017-05-18T03:26:35Z,141.46281983619,40.6021442623567,539157.033155577,4494695.7546117,2017_bird_051_7_trip,K17B45,bird_051,14,2017,10686.4908430977,0,10.4876576587094,-0.400892526786615,0.0349588588623648,599.1975055435715,NA,Land,Fast_Homing
2017-05-18T03:31:35Z,141.462933709646,40.6021069355736,539166.689278962,4494691.66190546,2017_bird_051_7_trip,K17B45,bird_051,14,2017,10676.5141123331,0,13.6440460490798,-1.09797142778353,0.0454801534969326,594.0512145760212,NA,Land,Fast_Homing
2017-05-18T03:36:35Z,141.463006393725,40.601997213286,539172.902819357,4494679.51481082,2017_bird_051_7_trip,K17B45,bird_051,14,2017,10663.8515731667,0,146.499132134217,1.64398947940829,0.488330440447389,596.807912423686,NA,Land,Fast_Homing
2017-05-18T03:41:35Z,141.462888852608,40.6033139344934,539162.189657495,4494825.62170278,2017_bird_051_7_trip,K17B45,bird_051,14,2017,10768.2837131827,0,7.9244096650353,0.594487587114589,0.026414698883451,516.4785302691838,NA,Land,Fast_Homing
2017-05-18T03:46:35Z,141.462966721378,40.6033536065638,539168.754520586,4494830.06004043,2017_bird_051_7_trip,K17B45,bird_051,14,2017,10766.3132897139,0,11.6710721190364,3.08756689144296,0.0389035737301214,508.5739897837548,NA,Land,Fast_Homing
2017-05-18T03:51:35Z,141.462829016385,40.6033598360812,539157.100476988,4494830.69027231,2017_bird_051_7_trip,K17B45,bird_051,14,2017,10775.4567517753,0,5.52088357234121,0.0539738596373854,0.0184029452411374,517.3648342692769,NA,Land,Fast_Homing
2017-05-18T03:56:35Z,141.462894193574,40.6033622580675,539162.613320855,4494830.98811105,2017_bird_051_7_trip,K17B45,bird_051,14,2017,10771.526324859,0,9.56719980870266,-0.605455818109177,0.0318906660290089,512.8250079729934,NA,Land,Fast_Homing
2017-05-18T04:01:35Z,141.462986833386,40.6033128333465,539170.479881633,4494825.54306433,2017_bird_051_7_trip,K17B45,bird_051,14,2017,10762.0240276478,0,17.2846833323751,0.598084377130736,0.057615611107917,510.05650596044626,NA,Land,Fast_Homing
2017-05-18T04:06:35Z,141.463156271156,40.6033998307181,539184.764216034,4494835.27538516,2017_bird_051_7_trip,K17B45,bird_051,14,2017,10757.8019768035,0,12.1151384258644,3.0019234336127,0.0403837947528812,492.8247493752526,NA,Land,Fast_Homing
2017-05-18T04:11:35Z,141.463014576284,40.6034155932231,539172.767053613,4494836.96200098,2017_bird_051_7_trip,K17B45,bird_051,14,2017,10767.8940066779,0,24.5009463976411,-0.928711929523154,0.0816698213254702,501.14292648580033,NA,Land,Fast_Homing
2017-05-18T04:16:35Z,141.463186780184,40.6032381357495,539187.43983809,4494817.34043707,2017_bird_051_7_trip,K17B45,bird_051,14,2017,10743.8857240151,0,27.7094143546963,-1.26095064808039,0.0923647145156545,501.8646879497527,NA,Land,Fast_Homing
2017-05-18T04:21:35Z,141.463285000025,40.603000000013,539195.888761825,4494790.95052742,2017_bird_051_7_trip,K17B45,bird_051,14,2017,10720.0513578103,0,13.2722317964516,2.84977705678709,0.0442407726548388,510.57977887809625,NA,Land,Fast_Homing
2017-05-18T04:26:35Z,141.463135000008,40.6030350000053,539183.177638547,4494794.76883619,2017_bird_051_7_trip,K17B45,bird_051,14,2017,10732.1069268522,0,16.4848983900997,1.23593689314033,0.0549496613003324,518.4417695902056,NA,Land,Fast_Homing
2017-05-18T04:31:35Z,141.463200000136,40.6031750000281,539188.595176444,4494810.33810586,2017_bird_051_7_trip,K17B45,bird_051,14,2017,10738.3729679171,0,6.91723326160914,3.10740524573725,0.0230574442053638,504.9291032954365,NA,Land,Fast_Homing
2017-05-18T04:36:35Z,141.463118305076,40.603177457629,539181.681985147,4494810.57454207,2017_bird_051_7_trip,K17B45,bird_051,14,2017,10743.7057762558,0,19.4491138060121,-0.837974376700971,0.0648303793533738,510.4522335565443,NA,Land,Fast_Homing
2017-05-18T04:41:35Z,141.463271186585,40.6030466101944,539194.692855346,4494796.11821873,2017_bird_051_7_trip,K17B45,bird_051,14,2017,10724.373689182,0,26.9836662198531,2.12354644776061,0.0899455540661771,508.39920108728336,NA,Land,Fast_Homing
2017-05-18T04:46:35Z,141.463105166668,40.6032541666668,539180.525626604,4494819.08358118,2017_bird_051_7_trip,K17B45,bird_051,14,2017,10750.2174249914,0,17.5059797731147,-1.08942615007556,0.0583532659103824,506.4421040350099,NA,Land,Fast_Homing
2017-05-18T04:51:35Z,141.4632,40.603114,539188.630791629,4494803.56695694,2017_bird_051_7_trip,K17B45,bird_051,14,2017,10733.8539387591,0,122.794243656206,-1.62244691349926,0.409314145520687,508.8451406651809,NA,Land,Fast_Homing
2017-05-18T04:56:35Z,141.463117445375,40.6020095755509,539182.291216546,4494680.93647108,2017_bird_051_7_trip,K17B45,bird_051,14,2017,10657.6958318773,1,2280.66383310126,-1.03537280255224,7.6022127770042,588.6654064542969,NA,Land,Fast_Homing
2017-05-18T05:01:35Z,141.476744799514,40.584283398097,540345.898079089,4492719.44556132,2017_bird_051_7_trip,K17B45,bird_051,14,2017,8521.8342642016,1,2704.18673195669,-0.945559352763497,9.01395577318895,851.3506999078842,NA,Land,Fast_Homing
2017-05-18T05:06:35Z,141.495300722863,40.5644523265883,541928.630000082,4490526.82485824,2017_bird_051_7_trip,K17B45,bird_051,14,2017,6007.17465352485,1,2042.03180948943,-0.43197495804739,6.8067726982981,922.3088615178382,NA,Land,Fast_Homing
2017-05-18T05:11:35Z,141.517147166819,40.5566546666862,543783.082146276,4489671.89728912,2017_bird_051_7_trip,K17B45,bird_051,14,2017,3969.97016913544,0,47.9349448439421,-1.40960283035606,0.159783149479807,34.42703146752428,NA,Sea,Fast_Homing
2017-05-18T05:16:35Z,141.517234754095,40.5562280327872,543790.775529726,4489624.58375207,2017_bird_051_7_trip,K17B45,bird_051,14,2017,3939.8331811564,0,617.736873126826,0.145172685507755,2.05912291042275,21.21463979912877,NA,Sea,Fast_Homing
2017-05-18T05:21:35Z,141.524460398682,40.5570005253462,544402.014391231,4489713.94760722,2017_bird_051_7_trip,K17B45,bird_051,14,2017,3471.87620917064,1,2274.84688325528,-0.464264443620072,7.58282294418428,551.8806050725157,NA,Sea,Fast_Homing
2017-05-20T18:24:07Z,141.55842,40.54796,547283.484525315,4488728.10042327,2017_bird_051_11_trip,K17B45,bird_051,14,2017,1040.99629348853,1,3533.24269307142,1.3860151262295,11.7774756435714,2244.727257625751,Fast_Outbound,Sea,Fast_Outbound
2017-05-20T18:29:07Z,141.56635,40.57921,547932.652375262,4492201.19486926,2017_bird_051_11_trip,K17B45,bird_051,14,2017,4569.31683150623,1,3690.10535406404,1.24370533783116,12.3003511802135,4869.0884265380155,Fast_Outbound,Sea,Fast_Outbound
2017-05-20T18:34:07Z,141.58063,40.61062,549118.244898529,4495695.65446881,2017_bird_051_11_trip,K17B45,bird_051,14,2017,8231.08672817442,1,3766.46833650973,0.915765008900134,12.5548944550324,7932.388831137084,Fast_Outbound,Sea,Fast_Outbound
2017-05-20T18:39:07Z,141.607995637524,40.6373875826873,551412.717445532,4498682.57252275,2017_bird_051_11_trip,K17B45,bird_051,14,2017,11769.6361807687,1,3735.44058646124,1.09181032324624,12.4514686215375,11569.365104498882,Fast_Outbound,Sea,Fast_Outbound
2017-05-20T18:44:07Z,141.628633827297,40.6671415018741,553134.305542109,4501997.63674546,2017_bird_051_11_trip,K17B45,bird_051,14,2017,15487.7970352721,1,3275.2986665452,0.795167083207763,10.9176622218173,14949.426232424268,Fast_Outbound,Sea,Fast_Outbound
2017-05-20T18:49:07Z,141.655970161406,40.6880561688071,555427.556610504,4504336.13645519,2017_bird_051_11_trip,K17B45,bird_051,14,2017,18566.5676758371,1,2659.51887279508,0.746428539245492,8.86506290931693,17762.025940328793,Fast_Outbound,Sea,Fast_Outbound
2017-05-20T18:54:07Z,141.67924,40.70419,557379.958997275,4506142.00620544,2017_bird_051_11_trip,K17B45,bird_051,14,2017,21072.0559392999,1,3101.76132593087,0.93252828791406,10.3392044197696,20060.909692164765,Fast_Outbound,Sea,Fast_Outbound
2017-05-20T18:59:07Z,141.70135031676801,40.7264991949222,559228.004982523,4508633.12028542,2017_bird_051_11_trip,K17B45,bird_051,14,2017,24150.3012449521,1,3735.76186478583,1.07144735533934,12.4525395492861,22408.015103487876,Fast_Outbound,Sea,Fast_Outbound
2017-05-20T19:04:07Z,141.722851632233,40.7559109869329,561016.88988957,4511912.72506339,2017_bird_051_11_trip,K17B45,bird_051,14,2017,27886.6649199065,1,3286.73201464118,0.610559292993357,10.9557733821373,24869.777377969454,Fast_Outbound,Sea,Fast_Outbound
2017-05-20T19:09:07Z,141.754943326866,40.7726808361458,563709.79977784306,4513797.09330493,2017_bird_051_11_trip,K17B45,bird_051,14,2017,30889.9285691233,1,3354.44082558682,1.01020844906635,11.1814694186227,27795.73467658499,Fast_Outbound,Sea,Fast_Outbound
2017-05-20T19:14:07Z,141.776373496013,40.7981318339054,565493.302926111,4516638.11244821,2017_bird_051_11_trip,K17B45,bird_051,14,2017,34245.5282069238,1,3436.43899312676,1.15615383650783,11.4547966437559,29890.00552672443,Fast_Outbound,Sea,Fast_Outbound
2017-05-20T19:19:07Z,141.79312049629,40.8263515005055,566877.716160406,4519783.34899737,2017_bird_051_11_trip,K17B45,bird_051,14,2017,37648.8146066771,1,3235.76987989183,1.46926551619393,10.7858995996394,31622.66823784041,Fast_Outbound,Sea,Fast_Outbound
2017-05-20T19:24:07Z,141.797357002052,40.8553211669516,567205.682347285,4523002.45522362,2017_bird_051_11_trip,K17B45,bird_051,14,2017,40590.5097751999,1,3199.11562243294,1.90085695554958,10.6637187414431,32315.031219637705,Fast_Outbound,Sea,Fast_Outbound
2017-05-20T19:29:07Z,141.785378710929,40.8826664523009,566168.847741856,4526028.89120786,2017_bird_051_11_trip,K17B45,bird_051,14,2017,42781.5563133878,0,369.986594612064,2.48668733591577,1.23328864870688,31455.68411967395,Slow,Sea,Fast_Outbound
2017-05-20T19:34:07Z,141.78192,40.88472,565875.409301315,4526254.24417945,2017_bird_051_11_trip,K17B45,bird_051,14,2017,42855.1456072957,0,434.799482987603,1.33019854434046,1.44933160995868,31173.06446519203,Fast_Outbound,Sea,Fast_Outbound
2017-05-20T19:39:07Z,141.783194499608,40.8885153333786,565979.014727707,4526676.51957067,2017_bird_051_11_trip,K17B45,bird_051,14,2017,43280.6433012242,1,2798.4346987927,1.5240893959692,9.32811566264232,31295.427975207345,Fast_Outbound,Sea,Fast_Outbound
2017-05-20T19:44:07Z,141.785043003046,40.9136843337006,566109.673505342,4529471.90237938,2017_bird_051_11_trip,K17B45,bird_051,14,2017,45870.2628668262,1,2426.87099813366,1.9513414843034,8.08956999377886,31551.45975011681,Fast_Outbound,Sea,Fast_Outbound
2017-05-20T19:49:07Z,141.774576835576,40.9340530001814,565208.268860997,4531725.1605778,2017_bird_051_11_trip,K17B45,bird_051,14,2017,47584.9750659658,1,3671.76174208148,1.82139667086821,12.2392058069383,30753.215582856363,Fast_Outbound,Sea,Fast_Outbound
2017-05-20T19:54:07Z,141.764131171111,40.9661655008834,564297.724838979,4535282.23014059,2017_bird_051_11_trip,K17B45,bird_051,14,2017,50582.0857297515,1,3155.46132638669,2.81499712465252,10.518204421289,30004.375967180746,Fast_Middle,Sea,Fast_Middle
2017-05-20T19:59:07Z,141.7287162345,40.9755141023158,561309.061027909,4536294.56645167,2017_bird_051_11_trip,K17B45,bird_051,14,2017,50624.1477433126,1,2461.61313960799,2.44856150595627,8.20537713202664,27067.42727593464,Fast_Middle,Sea,Fast_Middle
2017-05-20T20:04:07Z,141.70636,40.98982,559415.309948217,4537867.22219825,2017_bird_051_11_trip,K17B45,bird_051,14,2017,51657.2076841337,1,3175.58852719681,2.74109519976542,10.585295090656,25248.153286078385,Fast_Middle,Sea,Fast_Middle
2017-05-20T20:09:07Z,141.67171,41.00118,556491.014752214,4539105.30947332,2017_bird_051_11_trip,K17B45,bird_051,14,2017,52264.1087643169,1,2939.410943815,2.96487639543622,9.79803647938332,22385.567085904968,Fast_Middle,Sea,Fast_Middle
2017-05-20T20:14:07Z,141.63735,41.00603,553597.381388262,4539622.05181883,2017_bird_051_11_trip,K17B45,bird_051,14,2017,52341.9741476587,1,2430.0003266171,3.06731851157631,8.10000108872367,19521.082839996296,Fast_Middle,Sea,Fast_Middle
2017-05-20T20:19:07Z,141.60855,41.00781,551174.080709259,4539802.37210749,2017_bird_051_11_trip,K17B45,bird_051,14,2017,52282.0760850476,1,876.398470374278,0.922647720311494,2.92132823458093,17110.912502305047,Fast_Middle,Sea,Fast_Middle
2017-05-20T20:24:07Z,141.6149,41.01407,551703.172548796,4540501.03948486,2017_bird_051_11_trip,K17B45,bird_051,14,2017,53021.1452463274,1,1759.40836955951,-1.83733672691414,5.86469456519836,17670.222915480485,Fast_Middle,Sea,Fast_Homing
2017-05-20T20:29:07Z,141.609248059493,40.9988106483003,551239.752151282,4538803.75950028,2017_bird_051_11_trip,K17B45,bird_051,14,2017,51291.1168381576,1,1345.06116662079,-2.83901684575409,4.48353722206928,17131.64931057797,Fast_Middle,Sea,Fast_Homing
2017-05-20T20:34:07Z,141.59395,40.99528,549955.794265323,4538402.95819161,2017_bird_051_11_trip,K17B45,bird_051,14,2017,50806.11870901,0,316.015831319323,-0.70524662711845,1.05338610439774,15832.40556521583,Slow,Sea,Fast_Homing
2017-05-20T20:39:07Z,141.596794193548,40.9934200000023,550196.425059168,4538198.10988994,2017_bird_051_11_trip,K17B45,bird_051,14,2017,50615.0715982492,1,2090.61716604576,-2.2392635994364,6.96872388681919,16063.336202333356,Fast_Middle,Sea,Fast_Homing
2017-05-20T20:44:07Z,141.58126,40.97872,548900.694254682,4536557.45093169,2017_bird_051_11_trip,K17B45,bird_051,14,2017,48915.1122725805,1,2936.11868877835,-2.55621455682307,9.78706229592782,14696.64648259314,Fast_Middle,Sea,Fast_Homing
2017-05-20T20:49:07Z,141.55205,40.96425,546453.429810161,4534935.20258659,2017_bird_051_11_trip,K17B45,bird_051,14,2017,47269.6902323538,1,1843.9322307706,-2.39005189145719,6.14644076923534,12181.822509437883,Fast_Middle,Sea,Fast_Homing
2017-05-20T20:54:07Z,141.53594833649,40.9529848348942,545106.183299897,4533676.22962729,2017_bird_051_11_trip,K17B45,bird_051,14,2017,46052.6622840484,1,2031.30329625865,-1.52645903952612,6.77101098752884,10780.631924513338,Fast_Homing,Sea,Fast_Homing
2017-05-20T20:59:07Z,141.53687,40.9347,545196.216273178,4531646.92256696,2017_bird_051_11_trip,K17B45,bird_051,14,2017,44020.6000066306,1,2140.58152236759,-2.1254493252022,7.1352717412253,10779.33661857396,Fast_Homing,Sea,Fast_Homing
2017-05-20T21:04:07Z,141.52335,40.91837,544068.88254279,4529827.25009252,2017_bird_051_11_trip,K17B45,bird_051,14,2017,42271.4211954897,1,3849.47258102657,-2.0347232890605502,12.8315752700886,9572.704403937065,Fast_Homing,Sea,Fast_Homing
2017-05-20T21:09:07Z,141.50266,40.88745,542346.384302567,4526384.65819622,2017_bird_051_11_trip,K17B45,bird_051,14,2017,39015.7389828606,1,4067.62069861179,-1.91599542807645,13.5587356620393,7698.829456160152,Fast_Homing,Sea,Fast_Homing
2017-05-20T21:14:07Z,141.48607,40.85304,540969.966377904,4522556.99417694,2017_bird_051_11_trip,K17B45,bird_051,14,2017,35436.8302155278,1,3823.71354848569,-2.03748062054289,12.7457118282856,6153.155271248177,NA,Sea,Fast_Homing
2017-05-20T21:19:07Z,141.465444588302,40.8223627870881,539249.572030935,4519142.16935101,2017_bird_051_11_trip,K17B45,bird_051,14,2017,32459.4220982133,1,3875.49800402815,-1.88133127689484,12.9183266800938,4129.9630222634405,NA,Sea,Fast_Homing
2017-05-20T21:24:07Z,141.451176546586,40.7891768868854,538065.34368745,4515452.03547679,2017_bird_051_11_trip,K17B45,bird_051,14,2017,29244.3969644139,1,4092.57473107752,-1.85278619527114,13.6419157702584,2534.072609484078,NA,Sea,Fast_Homing
2017-05-20T21:29:07Z,141.437446426017,40.7538177172116,536926.513254479,4511521.10261366,2017_bird_051_11_trip,K17B45,bird_051,14,2017,25969.8887000624,1,4051.28662407538,-1.64823094160514,13.5042887469179,955.1227882885676,NA,Sea,Fast_Homing
2017-05-20T21:34:07Z,141.433497661332,40.7174455007938,536613.116848212,4507481.95592123,2017_bird_051_11_trip,K17B45,bird_051,14,2017,22464.4740723816,1,1212.75681761398,-2.26028690273171,4.04252272537994,109.93940668226732,NA,Sea,Fast_Homing
2017-05-20T21:39:07Z,141.42431,40.70905,535841.628622531,4506546.22892242,2017_bird_051_11_trip,K17B45,bird_051,14,2017,22032.6085224567,0,18.2863018911177,0.250100032230975,0.0609543396370591,847.0752965534147,NA,Land,Fast_Homing
2017-05-20T21:44:07Z,141.42452,40.70909,535859.345994935,4506550.75479824,2017_bird_051_11_trip,K17B45,bird_051,14,2017,22027.3342677385,0,27.6171043617054,1.16558991328338,0.092057014539018,828.8275494251859,NA,Land,Fast_Homing
2017-05-20T21:49:07Z,141.424650333334,40.7093181666667,535870.232891312,4506576.1354984,2017_bird_051_11_trip,K17B45,bird_051,14,2017,22043.47516328,0,2.70146721439051,-1.55032743755108,0.00900489071463503,812.8506771639105,NA,Land,Fast_Homing
2017-05-20T21:54:07Z,141.42465083333,40.7092938333336,535870.288183484,4506573.43459709,2017_bird_051_11_trip,K17B45,bird_051,14,2017,22041.1308365227,1,2530.24366409289,-1.11580520257966,8.43414554697629,813.4712960980224,NA,Land,Fast_Homing
2017-05-20T21:59:07Z,141.43768,40.68877,536982.214745501,4504300.60545253,2017_bird_051_11_trip,K17B45,bird_051,14,2017,19520.5358672819,1,1101.54605061697,-0.715883401626211,3.67182016872322,226.6522348402252,NA,Land,Fast_Homing
2017-05-20T22:04:07Z,141.4474725,40.6822198333349,537813.346412459,4503577.67817139,2017_bird_051_11_trip,K17B45,bird_051,14,2017,18471.5328937026,0,54.5443687198921,-1.20549783521403,0.18181456239964,425.3851953568607,NA,Sea,Fast_Homing
2017-05-20T22:09:07Z,141.4477,40.68176,537832.831194025,4503526.73279431,2017_bird_051_11_trip,K17B45,bird_051,14,2017,18417.750106708,0,25.5452008329244,1.54280292256673,0.0851506694430814,433.2591087716819,NA,Sea,Fast_Homing
2017-05-20T22:14:07Z,141.44771,40.68199,537833.546197766,4503552.26798679,2017_bird_051_11_trip,K17B45,bird_051,14,2017,18439.3646254586,0,9.2783193390138,-0.987554286859051,0.030927731130046,440.6143418127802,NA,Sea,Fast_Homing
2017-05-20T22:19:07Z,141.44777,40.68192,537838.656073458,4503544.5235449,2017_bird_051_11_trip,K17B45,bird_051,14,2017,18430.0938490454,0,4.21537765987941,-0.21615105522702,0.0140512588662647,443.36276430349074,NA,Sea,Fast_Homing
2017-05-20T22:24:07Z,141.447818666669,40.6819116666671,537842.773360006,4503543.6194651,2017_bird_051_11_trip,K17B45,bird_051,14,2017,18427.2181388981,0,20.9582034221505,3.00727285177403,0.0698606780738351,447.0868549089037,NA,Sea,Fast_Homing
2017-05-20T22:29:07Z,141.447573064522,40.6819379032283,537822.003934457,4503546.42610954,2017_bird_051_11_trip,K17B45,bird_051,14,2017,18440.2203625806,0,31.5525378518106,-0.977211655294922,0.105175126172702,427.89364075114565,NA,Sea,Fast_Homing
2017-05-20T22:34:07Z,141.447780327868,40.6817014754099,537839.65240765,4503520.27091811,2017_bird_051_11_trip,K17B45,bird_051,14,2017,18408.7098858953,1,3082.64485470444,-1.58286494186622,10.2754828490148,438.4469806495742,NA,Sea,Fast_Homing
2017-05-20T22:39:07Z,141.44715459055,40.6539352459619,537802.450056608,4500437.85055656,2017_bird_051_11_trip,K17B45,bird_051,14,2017,15856.2394297471,1,3713.67875956673,-1.37285060816007,12.3789291985558,273.44767818837903,NA,Land,Fast_Homing
2017-05-20T22:44:07Z,141.45557,40.6211,538532.765708878,4496796.69016771,2017_bird_051_11_trip,K17B45,bird_051,14,2017,12591.5110383074,1,2196.7416484495,-1.28943875195278,7.32247216149833,360.6319337186101,NA,Land,Fast_Homing
2017-05-20T22:49:07Z,141.46265,40.60206,539142.713210674,4494686.32576432,2017_bird_051_11_trip,K17B45,bird_051,14,2017,10691.130931129,0,347.660229578566,-2.11628985093945,1.15886743192855,616.3111486213097,NA,Land,Fast_Homing
2017-05-20T22:54:07Z,141.46049967742,40.5993911290323,538962.333158623,4494389.1209998,2017_bird_051_11_trip,K17B45,bird_051,14,2017,10638.3997570799,0,87.8325577096083,-1.29812777155881,0.292775192365361,940.1234721435152,NA,Land,Fast_Homing
2017-05-20T22:59:07Z,141.46077399999,40.5986280000093,538985.98667368,4494304.53335638,2017_bird_051_11_trip,K17B45,bird_051,14,2017,10566.8348322913,0,65.476453395084,-0.782340114170196,0.21825484465028,972.5660221301252,NA,Land,Fast_Homing
2017-05-20T23:04:07Z,141.46132,40.59821,539032.426885323,4494258.37631259,2017_bird_051_11_trip,K17B45,bird_051,14,2017,10501.7004726637,0,137.220191132551,-0.34313138441547,0.457400637108504,963.4913182461391,NA,Land,Fast_Homing
2017-05-20T23:09:07Z,141.462844333899,40.5977880003235,539161.647930912,4494212.21028362,2017_bird_051_11_trip,K17B45,bird_051,14,2017,10372.0642526198,0,42.5536039627759,-0.856463000160744,0.141845346542586,888.6285211073362,NA,Land,Fast_Homing
2017-05-20T23:14:07Z,141.46317180333,40.5974970491977,539189.525387108,4494180.05975258,2017_bird_051_11_trip,K17B45,bird_051,14,2017,10330.155058872,0,16.0946385863755,1.74404182816198,0.0536487952879183,886.0695998449803,NA,Land,Fast_Homing
2017-05-20T23:19:07Z,141.46314,40.59764,539186.750990586,4494195.9134624,2017_bird_051_11_trip,K17B45,bird_051,14,2017,10342.2879042124,1,1588.94782703579,-0.932350190600558,5.29649275678598,878.9033919500915,NA,Land,Fast_Homing
2017-05-20T23:24:07Z,141.47425,40.5861,540133.681863422,4492919.95220942,2017_bird_051_11_trip,K17B45,bird_051,14,2017,8811.68468977421,1,3021.97295442718,-0.923028608992884,10.0732431814239,898.5945669469003,NA,Land,Fast_Homing
2017-05-20T23:29:07Z,141.495636671822,40.5643005017684,541957.163962878,4490510.13197333,2017_bird_051_11_trip,K17B45,bird_051,14,2017,5974.12700489329,1,3278.59745463008,-0.621345439251688,10.9286581821003,909.5426807357808,NA,Land,Fast_Homing
2017-05-20T23:34:07Z,141.526991671631,40.5469676675529,544622.978349483,4488601.56315726,2017_bird_051_11_trip,K17B45,bird_051,14,2017,2754.42653499445,1,2572.91770366685,-0.880586829524545,8.57639234555615,55.42014484429931,NA,Sea,Fast_Homing
2017-05-20T23:39:07Z,141.546192296983,40.5290047546873,546261.151815158,4486617.55378072,2017_bird_051_11_trip,K17B45,bird_051,14,2017,1439.24738497167,0,42.9311796204098,2.44409344767903,0.143103932068033,40.48304752708943,NA,Sea,Fast_Homing
2017-05-20T23:44:07Z,141.545805833359,40.5292550000087,546228.247176058,4486645.12860455,2017_bird_051_11_trip,K17B45,bird_051,14,2017,1441.29425850342,0,71.5089703931486,2.5622448041396,0.238363234643829,47.36062952780367,NA,Sea,Fast_Homing
2017-05-20T23:49:07Z,141.545102203388,40.5296110169504,546168.407049027,4486684.27821558,2017_bird_051_11_trip,K17B45,bird_051,14,2017,1455.85347721531,0,231.279948132866,-0.480750821274803,0.770933160442888,40.38181928958026,NA,Sea,Fast_Homing
2017-05-21T13:19:09Z,141.54171,40.54237,545872.394034894,4488098.77127343,2017_bird_051_12_trip,K17B45,bird_051,14,2017,1409.79050594348,1,2134.91932617441,2.91539191061393,7.11639775391472,740.6714404906807,Fast_Outbound,Sea,Fast_Outbound
2017-05-21T13:24:09Z,141.517174999992,40.5467960000022,543791.860687578,4488577.58388811,2017_bird_051_12_trip,K17B45,bird_051,14,2017,3543.51617386567,0,389.76369193623,1.63886598030645,1.2992123064541,623.2843779383396,Slow,Land,Fast_Middle
2017-05-21T13:29:09Z,141.516888859023,40.5503004864695,543765.350091898,4488966.44494796,2017_bird_051_12_trip,K17B45,bird_051,14,2017,3685.34666403228,1,1167.51460415163,0.846074828067554,3.89171534717211,408.2037281504104,Slow,Land,Fast_Middle
2017-05-21T13:34:09Z,141.52609114758,40.5581336065946,544539.326997908,4489840.54454176,2017_bird_051_12_trip,K17B45,bird_051,14,2017,3439.05671468848,0,29.0148908220683,-0.0668440432175165,0.0967163027402276,738.0978604020253,Slow,Sea,Fast_Middle
2017-05-21T13:39:09Z,141.526432950824,40.5581145901647,544568.277091766,4489838.60651312,2017_bird_051_12_trip,K17B45,bird_051,14,2017,3415.29356090645,0,11.8400584079279,-1.1051153828332,0.0394668613597596,759.7556797520537,Slow,Sea,Fast_Middle
2017-05-21T13:44:09Z,141.526494999962,40.5580190000189,544573.593649057,4489828.0272314,2017_bird_051_12_trip,K17B45,bird_051,14,2017,3404.50218112358,0,10.2702878562504,2.31593049745987,0.0342342928541679,757.687276462213,Slow,Sea,Fast_Middle
2017-05-21T13:49:09Z,141.526413278692,40.5580873770505,544566.629670538,4489835.57586146,2017_bird_051_12_trip,K17B45,bird_051,14,2017,3414.66713028342,0,7.0683768906149,-0.837087841286047,0.0235612563020496,756.6118658573927,Slow,Sea,Fast_Middle
2017-05-21T13:54:09Z,141.526468813559,40.5580398305088,544571.362857234,4489830.32620475,2017_bird_051_12_trip,K17B45,bird_051,14,2017,3407.68339262906,0,12.0628705554272,-1.0737779117589,0.0402095685180906,757.2568230831206,Slow,Sea,Fast_Middle
2017-05-21T13:59:09Z,141.526536000007,40.557944000002,544577.114516237,4489819.72284374,2017_bird_051_12_trip,K17B45,bird_051,14,2017,3396.54442932475,0,16.2203818296463,1.99336398603571,0.0540679394321543,755.6595667284355,Slow,Sea,Fast_Middle
2017-05-21T14:04:09Z,141.526458474585,40.5580776271275,544570.462479133,4489834.51646362,2017_bird_051_12_trip,K17B45,bird_051,14,2017,3411.0196284776,0,73.3247272740581,-0.474593735928067,0.244415757580194,759.0387356497589,Slow,Sea,Fast_Middle
2017-05-21T14:09:09Z,141.527226451798,40.5577722582099,544635.683243778,4489801.0087408,2017_bird_051_12_trip,K17B45,bird_051,14,2017,3339.24929674785,0,65.8230040438221,2.68150379744666,0.219410013479407,790.7257734262213,Slow,Sea,Fast_Middle
2017-05-21T14:14:09Z,141.526531904762,40.5580387301589,544576.704973397,4489830.23597953,2017_bird_051_12_trip,K17B45,bird_051,14,2017,3403.47156637117,0,44.7379103277368,-0.419761225028469,0.149126367759123,761.5035133241224,Slow,Sea,Fast_Middle
2017-05-21T14:19:09Z,141.527013157908,40.557872280713,544617.559019182,4489812.00338335,2017_bird_051_12_trip,K17B45,bird_051,14,2017,3360.25050329997,0,49.9629437596987,2.70562463499518,0.166543145865662,782.8029803133561,Slow,Sea,Fast_Middle
2017-05-21T14:24:09Z,141.526479718426,40.558064788846,544572.269525026,4489833.10213849,2017_bird_051_12_trip,K17B45,bird_051,14,2017,3408.72435487252,0,11.6320070987717,1.72203422620191,0.0387733569959058,759.6406039366439,Slow,Sea,Fast_Middle
2017-05-21T14:29:09Z,141.526459830508,40.5581684745763,544570.517023377,4489844.60137007,2017_bird_051_12_trip,K17B45,bird_051,14,2017,3417.33328767357,0,27.6526413268817,1.93467802441901,0.0921754710896057,765.1728396141452,Slow,Sea,Fast_Middle
2017-05-21T14:34:09Z,141.526345409864,40.5584018032815,544560.675325588,4489870.44338155,2017_bird_051_12_trip,K17B45,bird_051,14,2017,3441.30984970957,0,40.7904901724269,-1.27177025883904,0.135968300574756,773.5276303569586,Slow,Sea,Fast_Middle
2017-05-21T14:39:09Z,141.526484590164,40.5580500000025,544572.691781152,4489831.46301618,2017_bird_051_12_trip,K17B45,bird_051,14,2017,3407.36455512881,0,10.846214134559,-1.62371860637549,0.0361540471151967,759.001920467753,Slow,Sea,Fast_Middle
2017-05-21T14:44:09Z,141.526477049182,40.5579524590171,544572.118042681,4489820.63198736,2017_bird_051_12_trip,K17B45,bird_051,14,2017,3401.00797230104,0,12.5621487082744,1.62429709808688,0.0418738290275813,752.1359633233395,Slow,Sea,Fast_Middle
2017-05-21T14:49:09Z,141.52647,40.5580655,544571.446278611,4489833.17616184,2017_bird_051_12_trip,K17B45,bird_051,14,2017,3409.41112480269,0,8.45734073813315,1.89070258817183,0.0281911357937772,759.0244634495832,Slow,Sea,Fast_Middle
2017-05-21T14:54:09Z,141.526439152541,40.5581379661019,544568.786634569,4489841.20441855,2017_bird_051_12_trip,K17B45,bird_051,14,2017,3416.53438586365,0,15.9415610200575,-2.29186527144266,0.053138536733525,761.7343926098306,Slow,Sea,Fast_Middle
2017-05-21T14:59:09Z,141.526313999999,40.5580306666687,544558.262208338,4489829.23070483,2017_bird_051_12_trip,K17B45,bird_051,14,2017,3417.2002755605,0,6.468508957027,-0.183745087777575,0.0215616965234233,746.1070641757071,Slow,Sea,Fast_Middle
2017-05-21T15:04:09Z,141.526389032258,40.5580196774195,544564.621828442,4489828.04882487,2017_bird_051_12_trip,K17B45,bird_051,14,2017,3411.50198084071,0,4.62256266964831,1.97882872485691,0.015408542232161,750.4858257751807,Slow,Sea,Fast_Middle
2017-05-21T15:09:09Z,141.526367666665,40.5580580000007,544562.787576951,4489832.29189063,2017_bird_051_12_trip,K17B45,bird_051,14,2017,3415.59388795255,0,1.38613776593379,-1.76527108590578,0.00462045921977931,751.5650403960431,Slow,Sea,Fast_Middle
2017-05-21T15:14:09Z,141.526364406769,40.5580457627144,544562.519704134,4489830.93188252,2017_bird_051_12_trip,K17B45,bird_051,14,2017,3414.94883346506,0,11.7165040762208,-2.47465858474124,0.0390550135874028,750.5320939622758,Slow,Sea,Fast_Middle
2017-05-21T15:19:09Z,141.526255161288,40.5579809677454,544553.313790533,4489823.68428827,2017_bird_051_12_trip,K17B45,bird_051,14,2017,3417.59118519018,0,6.25188325477588,0.0183825211054314,0.0208396108492529,738.8144233919912,Slow,Sea,Fast_Middle
2017-05-21T15:24:09Z,141.526329000001,40.5579816666668,544559.564617509,4489823.79920717,2017_bird_051_12_trip,K17B45,bird_051,14,2017,3412.78265754165,0,13.1388873630913,0.807072374025853,0.0437962912103043,743.889381631733,Slow,Sea,Fast_Middle
2017-05-21T15:29:09Z,141.526436999996,40.5580666666678,544568.651681141,4489833.28897195,2017_bird_051_12_trip,K17B45,bird_051,14,2017,3411.65581946251,0,6.01687622809686,1.28297442202526,0.0200562540936562,756.8528255020051,Slow,Sea,Fast_Middle
2017-05-21T15:34:09Z,141.526457580644,40.5581185483876,544570.359658114,4489839.05834057,2017_bird_051_12_trip,K17B45,bird_051,14,2017,3413.95979999027,0,7.94012066307759,-1.24303458583881,0.0264670688769253,761.689186765255,Slow,Sea,Fast_Middle
2017-05-21T15:39:09Z,141.526487241381,40.558050689657,544572.915779319,4489831.54091012,2017_bird_051_12_trip,K17B45,bird_051,14,2017,3407.23934556011,0,4.34593724302982,-3.00696664609389,0.0144864574767661,759.2283305733744,Slow,Sea,Fast_Middle
2017-05-21T15:44:09Z,141.526436333318,40.5580456666719,544568.609165865,4489830.95759968,2017_bird_051_12_trip,K17B45,bird_051,14,2017,3410.2232424387,0,8.24516017244069,-2.06064949592671,0.027483867241469,755.4227090663853,Slow,Sea,Fast_Middle
2017-05-21T15:49:09Z,141.52639,40.5579803333333,544564.729848269,4489823.68205425,2017_bird_051_12_trip,K17B45,bird_051,14,2017,3408.67986293813,0,21.0991339755393,1.36930413354672,0.0703304465851311,747.970308989782,Slow,Sea,Fast_Middle
2017-05-21T15:54:09Z,141.526441333335,40.5581663333336,544568.952450819,4489844.35433236,2017_bird_051_12_trip,K17B45,bird_051,14,2017,3418.39191380187,1,2328.90854279635,1.24923107398182,7.76302847598783,763.7802462433608,Fast_Outbound,Sea,Fast_Middle
2017-05-21T15:59:09Z,141.535293726426,40.5780310172826,545305.008579228,4492053.8873999,2017_bird_051_12_trip,K17B45,bird_051,14,2017,4768.2822386212,1,2726.74566294573,1.24511187338259,9.08915220981911,2689.9914999291336,Fast_Outbound,Sea,Fast_Middle
2017-05-21T16:04:09Z,141.545790661558,40.6012553340614,546177.450851455,4494637.29336722,2017_bird_051_12_trip,K17B45,bird_051,14,2017,7028.45337895154,1,2922.95124338154,1.20401421208836,9.7431708112718,4951.131023651321,Fast_Outbound,Sea,Fast_Middle
2017-05-21T16:09:09Z,141.558383925553,40.6257759030841,547225.660459001,4497365.82788044,2017_bird_051_12_trip,K17B45,bird_051,14,2017,9680.05872277171,1,2921.42770447149,1.32550948723257,9.73809234823829,7439.841480100797,Fast_Outbound,Sea,Fast_Middle
2017-05-21T16:14:09Z,141.566987536476,40.6512645905875,547935.08415366,4500199.81056457,2017_bird_051_12_trip,K17B45,bird_051,14,2017,12535.4685701178,1,2867.39950669539,1.41303485034688,9.55799835565131,9551.8159295223,Fast_Outbound,Sea,Fast_Middle
2017-05-21T16:19:09Z,141.572533896446,40.6767479662962,548385.575204859,4503031.60111893,2017_bird_051_12_trip,K17B45,bird_051,14,2017,15392.0931819443,1,2803.20585216503,1.33144029259185,9.34401950721676,10611.73052786791,Fast_Outbound,Sea,Fast_Middle
2017-05-21T16:24:09Z,141.580610155314,40.7012408074151,549050.151031395,4505754.8899432,2017_bird_051_12_trip,K17B45,bird_051,14,2017,18164.6384074896,0,608.827735878523,1.29623266464378,2.02942578626174,11856.166108325187,Fast_Outbound,Sea,Fast_Middle
2017-05-21T16:29:09Z,141.58261,40.70651,549215.22064981,4506340.91317913,2017_bird_051_12_trip,K17B45,bird_051,14,2017,18764.8258435849,1,1797.31616063072,1.29674704790542,5.99105386876906,12145.437135123617,Fast_Outbound,Sea,Fast_Middle
2017-05-21T16:34:09Z,141.588505076359,40.7220672139447,549701.631587042,4508071.15876326,2017_bird_051_12_trip,K17B45,bird_051,14,2017,20539.8201221253,1,2791.42432184005,1.27262049212146,9.30474773946685,12998.420490687093,Fast_Outbound,Sea,Fast_Middle
2017-05-21T16:39:09Z,141.598429995678,40.7460533338824,550521.68791772,4510739.40863145,2017_bird_051_12_trip,K17B45,bird_051,14,2017,23293.8056454244,1,2784.78687168399,1.46758789092507,9.2826229056133,14358.315301441417,Fast_Outbound,Sea,Fast_Middle
2017-05-21T16:44:09Z,141.602053276885,40.7709878690058,550808.591432806,4513509.37691534,2017_bird_051_12_trip,K17B45,bird_051,14,2017,26077.7256675377,1,2088.33921613898,1.49122650544225,6.96113072046328,14959.351664840106,Fast_Outbound,Sea,Fast_Middle
2017-05-21T16:49:09Z,141.60419,40.78973,550974.58492103,4515591.10860879,2017_bird_051_12_trip,K17B45,bird_051,14,2017,28163.5273690649,0,90.6577328131173,-0.875468708407096,0.302192442710391,15361.658034581147,Slow,Sea,Fast_Middle
2017-05-21T16:54:09Z,141.604872666667,40.7890993333342,551032.663622059,4515521.49762542,2017_bird_051_12_trip,K17B45,bird_051,14,2017,28102.3375078681,0,35.4503994365898,-0.834144596939868,0.118167998121966,15411.365412830275,Slow,Sea,Fast_Middle
2017-05-21T16:59:09Z,141.605152786954,40.7888613114892,551056.479609651,4515495.23873064,2017_bird_051_12_trip,K17B45,bird_051,14,2017,28079.5573452556,0,92.4450521789083,-1.17939420670132,0.308150173929694,15432.003766757152,Slow,Sea,Fast_Middle
2017-05-21T17:04:09Z,141.605563770574,40.7880893442783,551091.745998786,4515409.78482804,2017_bird_051_12_trip,K17B45,bird_051,14,2017,27999.7327664437,0,77.5726307962174,-0.717991788752154,0.258575435987391,15457.245886235029,Slow,Sea,Fast_Middle
2017-05-21T17:09:09Z,141.606251999997,40.7876260000004,551150.16814979,4515358.75184536,2017_bird_051_12_trip,K17B45,bird_051,14,2017,27957.3285188493,0,82.3560283680212,-0.0808091228267246,0.274520094560071,15509.402253910408,Slow,Sea,Fast_Middle
2017-05-21T17:14:09Z,141.607224333332,40.7875610000024,551232.255427313,4515352.1039677,2017_bird_051_12_trip,K17B45,bird_051,14,2017,27962.4093282913,0,461.659759012752,1.07136002976011,1.53886586337584,15590.11890398161,Fast_Outbound,Sea,Fast_Middle
2017-05-21T17:19:09Z,141.609878191701,40.7911978694793,551453.35848959,4515757.37322257,2017_bird_051_12_trip,K17B45,bird_051,14,2017,28395.8251389286,1,2747.51101614216,1.48490687585081,9.1583700538072,15855.803071455144,Fast_Outbound,Sea,Fast_Middle
2017-05-21T17:24:09Z,141.612898508609,40.8158415014499,551689.050669185,4518494.75627584,2017_bird_051_12_trip,K17B45,bird_051,14,2017,31139.253498493,1,2928.05246504035,2.02679305857397,9.76017488346784,16401.902755395866,Fast_Outbound,Sea,Fast_Middle
2017-05-21T17:29:09Z,141.597823121218,40.8396026237823,550399.661038084,4521123.62782409,2017_bird_051_12_trip,K17B45,bird_051,14,2017,33597.4766270699,1,1084.70303013121,1.76708675818261,3.61567676710402,15421.844252245954,Fast_Outbound,Sea,Fast_Middle
2017-05-21T17:34:09Z,141.595399655172,40.8491989655173,550188.108859251,4522187.50109625,2017_bird_051_12_trip,K17B45,bird_051,14,2017,34638.3403799132,0,45.0221647792622,-0.737088296705702,0.150073882597541,15333.089155433976,Slow,Sea,Fast_Middle
2017-05-21T17:39:09Z,141.595792666673,40.8489243333343,550221.444564527,4522157.24013005,2017_bird_051_12_trip,K17B45,bird_051,14,2017,34611.055140674,0,15.7014590011982,-0.170882059100419,0.0523381966706607,15362.723889483008,Slow,Sea,Fast_Middle
2017-05-21T17:44:09Z,141.595976000002,40.8488993333378,550236.917334207,4522154.5700714,2017_bird_051_12_trip,K17B45,bird_051,14,2017,34609.7397577781,0,25.0385661210866,-0.8581944740279012,0.0834618870702887,15377.772568030148,Slow,Sea,Fast_Middle
2017-05-21T17:49:09Z,141.596168666665,40.8487276666669,550253.287666628,4522135.62430644,2017_bird_051_12_trip,K17B45,bird_051,14,2017,34592.2910798081,0,12.0185108801085,-1.05641813020179,0.040061702933695,15391.86271076606,Slow,Sea,Fast_Middle
2017-05-21T17:54:09Z,141.596237966104,40.848633050848,550259.200697097,4522125.16100513,2017_bird_051_12_trip,K17B45,bird_051,14,2017,34582.383497852,0,20.5681589784111,-1.60583636783405,0.0685605299280372,15396.55146539673,Slow,Sea,Fast_Middle
2017-05-21T17:59:09Z,141.596227758617,40.8484479310358,550258.480135435,4522104.60547169,2017_bird_051_12_trip,K17B45,bird_051,14,2017,34561.8365947707,0,23.572214750994,-1.18085118144093,0.07857404916998,15393.494602038863,Slow,Sea,Fast_Middle
2017-05-21T18:04:09Z,141.596332295081,40.8482509836072,550267.44082244,4522082.80282514,2017_bird_051_12_trip,K17B45,bird_051,14,2017,34540.89996924,0,60.7882854400414,-0.0558981529490109,0.202627618133471,15399.888558886762,Slow,Sea,Fast_Middle
2017-05-21T18:09:09Z,141.597051999985,40.848216666668,550328.134162961,4522079.40664153,2017_bird_051_12_trip,K17B45,bird_051,14,2017,34542.9251890868,0,420.515651535122,1.89923790820871,1.40171883845041,15459.74157772366,Fast_Middle,Sea,Fast_Middle
2017-05-21T18:14:09Z,141.595474999853,40.8518105000532,550192.489141799,4522477.44412899,2017_bird_051_12_trip,K17B45,bird_051,14,2017,34927.7054153731,0,363.869555242891,1.55655846843617,1.2128985174763,15352.79558455832,Fast_Middle,Sea,Fast_Middle
2017-05-21T18:19:09Z,141.595565806505,40.8550875806494,550197.669689953,4522841.27680365,2017_bird_051_12_trip,K17B45,bird_051,14,2017,35290.8028135127,1,1207.11859993964,-2.07149654338674,4.02372866646547,15374.483731807552,Fast_Middle,Sea,Fast_Homing
2017-05-21T18:24:09Z,141.588606721293,40.8455839344498,549618.204575144,4521782.33606166,2017_bird_051_12_trip,K17B45,bird_051,14,2017,34189.8311085738,0,54.4430742374703,-0.763712420458996,0.181476914124901,14721.353698175531,Slow,Sea,Fast_Homing
2017-05-21T18:29:09Z,141.589070169481,40.8452423728942,549657.527362512,4521744.68281843,2017_bird_051_12_trip,K17B45,bird_051,14,2017,34155.0408186036,1,1733.93599265576,-1.85410926312814,5.77978664218587,14756.059023700183,Fast_Middle,Sea,Fast_Homing
2017-05-21T18:34:09Z,141.583189165395,40.8302749204874,549172.826290789,4520079.87084776,2017_bird_051_12_trip,K17B45,bird_051,14,2017,32461.3120146292,1,4539.25626416473,-1.77584999187701,15.1308542138824,14085.327859783867,Fast_Homing,Sea,Fast_Homing
2017-05-21T18:39:09Z,141.571883892864,40.7902964413374,548248.544287518,4515635.71173605,2017_bird_051_12_trip,K17B45,bird_051,14,2017,27975.6292487282,1,4593.75172524686,-1.87868613164542,15.3125057508229,12661.311730587207,Fast_Homing,Sea,Fast_Homing
2017-05-21T18:44:09Z,141.555055655929,40.7509416680209,546856.415411219,4511257.9803481,2017_bird_051_12_trip,K17B45,bird_051,14,2017,23580.2114970209,1,4412.41760785924,-1.72999129012045,14.7080586928641,10780.03303917191,Fast_Homing,Sea,Fast_Homing
2017-05-21T18:49:09Z,141.546448995132,40.7117356670833,546156.943965807,4506901.35678814,2017_bird_051_12_trip,K17B45,bird_051,14,2017,19248.6004303639,1,4517.79923110574,-1.70444724757331,15.0593307703525,9286.853018620752,Fast_Homing,Sea,Fast_Homing
2017-05-21T18:54:09Z,141.538996994775,40.6714343339323,545554.931927599,4502423.84727968,2017_bird_051_12_trip,K17B45,bird_051,14,2017,14833.8924011407,1,4680.09252880327,-1.68087696299673,15.6003084293442,7719.2412088204255,Fast_Homing,Sea,Fast_Homing
2017-05-21T18:59:09Z,141.532580676723,40.6295576272494,545040.784219688,4497772.08221546,2017_bird_051_12_trip,K17B45,bird_051,14,2017,10319.5630041385,1,4887.36705926594,-1.5323776549261,16.2912235308865,5947.789064722746,NA,Sea,Fast_Homing
2017-05-18T22:26:06Z,141.56976,40.54958,548242.526609259,4488914.06880857,2017_bird_045_3_trip,K17C13,bird_045,15,2017,1595.46873942339,1,3414.1561970785,0.759074023150948,11.3805206569283,3063.761488580714,Fast_Outbound,Sea,Fast_Outbound
2017-05-18T22:31:06Z,141.5992,40.5706,550719.406882586,4491263.86170363,2017_bird_045_3_trip,K17C13,bird_045,15,2017,5003.5148796747,1,3750.58087373473,0.870350169548998,12.5019362457824,6418.592634436472,Fast_Outbound,Sea,Fast_Outbound
2017-05-18T22:36:06Z,141.628,40.59628,553136.877026121,4494131.3858963,2017_bird_045_3_trip,K17C13,bird_045,15,2017,8749.56885193497,1,3851.72834159701,0.87725754676554,12.83909447199,10161.787041011918,Fast_Outbound,Sea,Fast_Outbound
2017-05-18T22:41:06Z,141.65736,40.6228,555599.142364331,4497093.32117947,2017_bird_045_3_trip,K17C13,bird_045,15,2017,12599.4457064291,1,4117.60387786108,0.925799030448893,13.7253462595369,13934.560609048374,Fast_Outbound,Sea,Fast_Outbound
2017-05-18T22:46:06Z,141.68693,40.65227,558074.630490073,4500383.70417151,2017_bird_045_3_trip,K17C13,bird_045,15,2017,16707.9012288506,1,3660.90947399791,1.01015257739411,12.203031579993,17900.00670786963,Fast_Outbound,Sea,Fast_Outbound
2017-05-18T22:51:06Z,141.71025,40.68006,560021.251404557,4503484.17594079,2017_bird_045_3_trip,K17C13,bird_045,15,2017,20337.8109714502,1,3728.22834398778,1.12956808898868,12.4274278132926,21329.377021729477,Fast_Outbound,Sea,Fast_Outbound
2017-05-18T22:56:06Z,141.72942,40.71031,561613.39278668,4506855.34375094,2017_bird_045_3_trip,K17C13,bird_045,15,2017,23976.9958711717,1,3113.98543196077,0.862527396766543,10.3799514398692,24343.87877623122,Fast_Outbound,Sea,Fast_Outbound
2017-05-18T23:01:06Z,141.75364,40.73146,563639.102644569,4509220.38177223,2017_bird_045_3_trip,K17C13,bird_045,15,2017,27086.4001579064,1,3279.48150965557,0.987797178596733,10.9316050321852,26836.56900850706,Fast_Outbound,Sea,Fast_Outbound
2017-05-18T23:06:06Z,141.775305406165,40.755979672723,565444.556071586,4511958.14306479,2017_bird_045_3_trip,K17C13,bird_045,15,2017,30360.1701944959,1,3105.64531068126,0.829282231547886,10.3521510356042,29195.9234799576,Fast_Outbound,Sea,Fast_Outbound
2017-05-18T23:11:06Z,141.8004,40.77644,567542.125219178,4514248.39118821,2017_bird_045_3_trip,K17C13,bird_045,15,2017,33453.5148895681,0,254.787301124044,0.782708553610142,0.849291003746814,31650.517079006913,Slow,Sea,Fast_Outbound
2017-05-18T23:16:06Z,141.80256,40.7780436065574,567722.770960351,4514428.06780052,2017_bird_045_3_trip,K17C13,bird_045,15,2017,33706.0885589648,1,1231.25269254215,0.383644403504626,4.10417564180717,31850.317506366293,Fast_Outbound,Sea,Fast_Outbound
2017-05-18T23:21:06Z,141.81614,40.7821,568864.519816277,4514888.92867202,2017_bird_045_3_trip,K17C13,bird_045,15,2017,34772.5231739105,1,3745.51494708373,0.360829043972138,12.4850498236124,33036.010497242176,Fast_Outbound,Sea,Fast_Outbound
2017-05-18T23:26:06Z,141.85782,40.79371,572368.840273008,4516211.28276808,2017_bird_045_3_trip,K17C13,bird_045,15,2017,38038.757128185,1,3583.0373716373,0.404242746434713,11.9434579054577,36664.66094511648,Fast_Outbound,Sea,Fast_Outbound
2017-05-18T23:31:06Z,141.897034592103,40.8061072249585,575663.086644529,4517620.57253611,2017_bird_045_3_trip,K17C13,bird_045,15,2017,41304.2213010904,1,2866.84308566236,0.194005162680448,9.55614361887452,40094.70959606029,Fast_Outbound,Sea,Fast_Outbound
2017-05-18T23:36:06Z,141.93045066571,40.8108215006693,578476.14761121,4518173.27252303,2017_bird_045_3_trip,K17C13,bird_045,15,2017,43674.8893470735,1,2785.25600922349,-0.0155340095584963,9.28418669741162,42949.45365944346,Fast_Outbound,Sea,Fast_Outbound
2017-05-18T23:41:06Z,141.963459996733,40.8101608234592,581261.067578459,4518130.0080696,2017_bird_045_3_trip,K17C13,bird_045,15,2017,45681.7082612287,1,3043.25893114881,0.447201389450036,10.1441964371627,45708.25344648088,Fast_Outbound,Sea,Fast_Outbound
2017-05-18T23:46:06Z,141.99616638981001,40.8217383636499,584005.055085057,4519446.04662742,2017_bird_045_3_trip,K17C13,bird_045,15,2017,48612.7010101883,1,2892.74957214748,0.258205580432922,9.64249857382493,48581.497170637835,Fast_Outbound,Sea,Fast_Outbound
2017-05-18T23:51:06Z,142.029430494206,40.8281003322717,586801.909234789,4520184.698746,2017_bird_045_3_trip,K17C13,bird_045,15,2017,51228.940023398,1,3066.58265912142,0.231456265645923,10.2219421970714,51032.93596777191,Fast_Outbound,Sea,Fast_Outbound
2017-05-18T23:56:06Z,142.064924575772,40.8341150893067,589786.716459132,4520888.15808294,2017_bird_045_3_trip,K17C13,bird_045,15,2017,53999.9449821392,1,2872.01482760998,-0.382673408707242,9.57338275869994,53485.27854730908,Fast_Outbound,Sea,Fast_Outbound
2017-05-19T00:01:06Z,142.09636,40.82416,592450.997581487,4519815.74245872,2017_bird_045_3_trip,K17C13,bird_045,15,2017,55497.2754971807,1,2996.74010311005,-0.750086678749286,9.98913367703349,54480.73703974051,Fast_Outbound,Sea,Fast_Middle
2017-05-19T00:06:06Z,142.122045743665,40.8055101661924,594643.501891425,4517772.85819952,2017_bird_045_3_trip,K17C13,bird_045,15,2017,56178.640944811,1,2642.51198337484,-1.1263104124679,8.80837327791612,54596.18906918488,Fast_Outbound,Sea,Fast_Middle
2017-05-19T00:11:06Z,142.135148114251,40.7838904998685,595779.765671875,4515387.11424773,2017_bird_045_3_trip,K17C13,bird_045,15,2017,55921.5748418168,1,2447.78733158563,-0.0580333757391309,8.15929110528545,53844.79505670589,Fast_Outbound,Sea,Fast_Middle
2017-05-19T00:16:06Z,142.164081639354,40.7823232786893,598223.432242108,4515245.14060863,2017_bird_045_3_trip,K17C13,bird_045,15,2017,57989.7778505727,0,147.333832568518,-1.2920971337031,0.491112775228393,55633.30029591547,Slow,Sea,Fast_Middle
2017-05-19T00:21:06Z,142.164539622695,40.7810426415231,598263.964555536,4515103.49178305,2017_bird_045_3_trip,K17C13,bird_045,15,2017,57958.2725992444,0,157.883983446769,-1.32430003102465,0.526279944822562,55576.06633435685,Slow,Sea,Fast_Middle
2017-05-19T00:26:06Z,142.164972000057,40.7796590000176,598302.489457693,4514950.38011092,2017_bird_045_3_trip,K17C13,bird_045,15,2017,57919.9542417249,0,383.959625657857,-0.224186357905989,1.27986541885952,55510.44278493372,Fast_Outbound,Sea,Fast_Middle
2017-05-19T00:31:06Z,142.169394031784,40.778845326026,598676.840613941,4514865.02083521,2017_bird_045_3_trip,K17C13,bird_045,15,2017,58210.646483979,1,3044.87569685998,-0.0527481392882628,10.1495856561999,55750.62538886667,Fast_Outbound,Sea,Fast_Middle
2017-05-19T00:36:06Z,142.205394266031,40.7770286913876,601717.481313272,4514704.48377749,2017_bird_045_3_trip,K17C13,bird_045,15,2017,60845.1199821792,1,1184.63180324646,-1.43275687178983,3.9487726774882,58072.84039891353,Fast_Middle,Sea,Fast_Middle
2017-05-19T00:41:06Z,142.207134258947,40.76644049495821,601880.488408209,4513531.1205787,2017_bird_045_3_trip,K17C13,bird_045,15,2017,60480.3378006247,1,934.933092858077,-2.59801585732609,3.11644364286026,57518.766227365195,Fast_Middle,Sea,Fast_Middle
2017-05-19T00:46:06Z,142.197577142862,40.7621841269852,601080.312608117,4513047.57267304,2017_bird_045_3_trip,K17C13,bird_045,15,2017,59550.0780773333,0,128.663404166309,-1.39712929621329,0.428878013887696,56586.21815762396,Slow,Sea,Fast_Middle
2017-05-19T00:51:06Z,142.19782,40.76104,601102.545049024,4512920.84465663,2017_bird_045_3_trip,K17C13,bird_045,15,2017,59516.3272634058,0,124.07890976616,-1.471559577597,0.413596365887199,56531.17861046713,Slow,Sea,Fast_Middle
2017-05-19T00:56:06Z,142.197945644505,40.7599264524043,601114.838036716,4512797.376206,2017_bird_045_3_trip,K17C13,bird_045,15,2017,59475.2002720089,1,2078.17735791243,-2.90247930907654,6.9272578597081,56470.12217723083,Fast_Middle,Sea,Fast_Middle
2017-05-19T01:01:06Z,142.173952031608,40.7557391547075,599095.788246667,4512305.17799771,2017_bird_045_3_trip,K17C13,bird_045,15,2017,57438.0498007016,1,2447.23961861966,3.03073317831367,8.15746539539888,54540.34837970552,Fast_Middle,Sea,Fast_Middle
2017-05-19T01:06:06Z,142.14518583539,40.7584671684544,596663.571304277,4512575.92233485,2017_bird_045_3_trip,K17C13,bird_045,15,2017,55371.1661474166,1,2398.5325129589,3.08068954384548,7.99510837652967,52754.134684127544,Fast_Middle,Sea,Fast_Middle
2017-05-19T01:11:06Z,142.11685,40.76006,594269.48572146,4512721.91013526,2017_bird_045_3_trip,K17C13,bird_045,15,2017,53311.4348179117,1,2627.86676940526,2.98346891579214,8.75955589801753,50972.5340455902,Fast_Middle,Sea,Fast_Middle
2017-05-19T01:16:06Z,142.08617098289,40.7640804938736,591674.402987418,4513135.70883175,2017_bird_045_3_trip,K17C13,bird_045,15,2017,51238.7447964509,1,2539.83218777339,3.12148527602277,8.46610729257796,49270.25925579888,Fast_Middle,Sea,Fast_Middle
2017-05-19T01:21:06Z,142.056097001846,40.7648196693588,589135.084217845,4513186.7747553,2017_bird_045_3_trip,K17C13,bird_045,15,2017,49077.0811075372,1,2746.25220938669,2.8968597445697,9.15417403128895,47438.92525021323,Fast_Middle,Sea,Fast_Middle
2017-05-19T01:26:06Z,142.024625168361,40.7710976694584,586470.664625895,4513852.18397945,2017_bird_045_3_trip,K17C13,bird_045,15,2017,47186.5119510588,1,2950.60420297267,2.68119575402831,9.83534734324222,46031.17505421777,Fast_Middle,Sea,Fast_Middle
2017-05-19T01:31:06Z,141.993483225379,40.7831796633305,583827.288473592,4515163.14838783,2017_bird_045_3_trip,K17C13,bird_045,15,2017,45785.2218405519,1,3264.70992982121,2.34747877745936,10.8823664327374,45255.72817454687,Fast_Middle,Sea,Fast_Middle
2017-05-19T01:36:06Z,141.966671343865,40.8043836701746,581538.997579338,4517491.67919268,2017_bird_045_3_trip,K17C13,bird_045,15,2017,45468.0981334997,1,3128.08019166376,2.31490027044131,10.4269339722125,45695.7460215764,Fast_Middle,Sea,Fast_Middle
2017-05-19T01:41:06Z,141.94185,40.82532,579420.308644103,4519792.99248756,2017_bird_045_3_trip,K17C13,bird_045,15,2017,45485.0683411221,1,3065.74556504182,2.16522866012769,10.2191518834727,44071.20342649167,Fast_Middle,Sea,Fast_Middle
2017-05-19T01:46:06Z,141.921808168556,40.8483618334866,577703.372937317,4522332.86013142,2017_bird_045_3_trip,K17C13,bird_045,15,2017,46161.1185293972,1,3184.97560696691,1.89940563812606,10.6165853565564,42656.87541102221,Fast_Middle,Sea,Fast_Middle
2017-05-19T01:51:06Z,141.909987341396,40.87561166853,576675.495107267,4525347.41429141,2017_bird_045_3_trip,K17C13,bird_045,15,2017,47825.8445833589,1,2995.71448176239,2.30741095284561,9.98571493920797,41909.54042260686,Fast_Middle,Sea,Fast_Middle
2017-05-19T01:56:06Z,141.886372672511,40.8957855015066,574663.021869325,4527566.48092466,2017_bird_045_3_trip,K17C13,bird_045,15,2017,48424.2922746928,1,3340.18947674506,2.11494185980571,11.1339649224835,40001.12790088469,Fast_Middle,Sea,Fast_Middle
2017-05-19T02:01:06Z,141.866182666682,40.921682333347,572933.848453814,4530424.24666727,2017_bird_045_3_trip,K17C13,bird_045,15,2017,49891.8052316766,1,1718.67628008501,2.32248470548992,5.72892093361671,38404.14222421566,Fast_Middle,Sea,Fast_Middle
2017-05-19T02:06:06Z,141.852391021317,40.9330954245968,571760.210558656,4531679.80321589,2017_bird_045_3_trip,K17C13,bird_045,15,2017,50389.9085830154,1,2135.86696196493,2.12072019619651,7.11955653988311,37289.365458881366,Fast_Middle,Sea,Fast_Middle
2017-05-19T02:11:06Z,141.839340819668,40.9495947540987,570643.958802782,4533500.76716301,2017_bird_045_3_trip,K17C13,bird_045,15,2017,51470.5115360239,1,1528.24926939538,1.72856056959752,5.09416423131793,36257.25119599217,Fast_Middle,Sea,Fast_Middle
2017-05-19T02:16:06Z,141.83666,40.96321,570403.854628196,4535010.03712387,2017_bird_045_3_trip,K17C13,bird_045,15,2017,52713.1675171751,1,3174.31737139035,1.59574265409145,10.5810579046345,36085.486141885594,Fast_Middle,Sea,Fast_Middle
2017-05-19T02:21:06Z,141.83608,40.9918,570324.675281174,4538183.36682709,2017_bird_045_3_trip,K17C13,bird_045,15,2017,55548.4530538191,1,2102.98110312613,0.884380580360951,7.00993701042044,36148.83983802231,Fast_Middle,Sea,Fast_Middle
2017-05-19T02:26:06Z,141.852112542812,41.0063361048781,571657.47900323,4539810.07016777,2017_bird_045_3_trip,K17C13,bird_045,15,2017,57585.3619638278,1,2326.76958138467,-0.414803890189407,7.75589860461556,37551.80351834745,Fast_Middle,Sea,Fast_Middle
2017-05-19T02:31:06Z,141.87732,40.9977,573786.927756749,4538872.35768998,2017_bird_045_3_trip,K17C13,bird_045,15,2017,57687.1686946694,1,1953.56578396937,-1.23160269196222,6.51188594656458,39634.73912750062,Fast_Middle,Sea,Fast_Middle
2017-05-19T02:36:06Z,141.884825738568,40.9810473771247,574436.931408158,4537030.09969354,2017_bird_045_3_trip,K17C13,bird_045,15,2017,56369.0304243808,1,2018.6223000944,-1.40646661887121,6.72874100031467,40200.71021154688,Fast_Middle,Sea,Fast_Middle
2017-05-19T02:41:06Z,141.88851,40.96308,574767.16006229,4535038.67180722,2017_bird_045_3_trip,K17C13,bird_045,15,2017,54798.498148901,1,2058.46219351735,-1.63160046707135,6.86154064505782,40440.83630358545,Fast_Middle,Sea,Fast_Middle
2017-05-19T02:46:06Z,141.886775997994,40.9445846670044,574642.074148342,4532984.01365651,2017_bird_045_3_trip,K17C13,bird_045,15,2017,52967.0578001911,1,2264.85144563297,-2.01927440513211,7.54950481877658,40223.715820807854,Fast_Middle,Sea,Fast_Middle
2017-05-19T02:51:06Z,141.87486788193,40.9262910437377,573660.046744274,4530943.13780324,2017_bird_045_3_trip,K17C13,bird_045,15,2017,50712.31968322,1,2036.65420369199,-1.74430298687568,6.78884734563995,39152.070434419045,Fast_Middle,Sea,Fast_Middle
2017-05-19T02:56:06Z,141.870455245633,40.9082532787135,573308.444032282,4528937.06305929,2017_bird_045_3_trip,K17C13,bird_045,15,2017,48822.3581943367,1,1934.42840531493,-1.33263944456636,6.4480946843831,38711.038841131514,Fast_Middle,Sea,Fast_Middle
2017-05-19T03:01:06Z,141.87565,40.89128,573764.798777422,4527057.23498154,2017_bird_045_3_trip,K17C13,bird_045,15,2017,47497.4292831216,1,1907.52241287913,-1.44547679153433,6.35840804293043,39081.93104066427,Fast_Middle,Sea,Fast_Middle
2017-05-19T03:06:06Z,141.878254593794,40.8742114759477,574003.223378511,4525164.67178174,2017_bird_045_3_trip,K17C13,bird_045,15,2017,46078.1365630128,1,2304.3657260606,-1.09394698451572,7.68121908686868,39234.696927164376,Fast_Middle,Sea,Fast_Middle
2017-05-19T03:11:06Z,141.890558197765,40.8556744263266,575060.886392227,4523117.36859246,2017_bird_045_3_trip,K17C13,bird_045,15,2017,45073.7539494785,1,2217.61202868888,-1.28590727476667,7.39204009562959,40123.838766173045,Fast_Middle,Sea,Fast_Middle
2017-05-19T03:16:06Z,141.89769328008,40.8364473771546,575684.14841961,4520989.1422053,2017_bird_045_3_trip,K17C13,bird_045,15,2017,43822.2116877881,1,2216.21402585265,-1.33334064212725,7.38738008617551,40499.81205210343,Fast_Middle,Sea,Fast_Middle
2017-05-19T03:21:06Z,141.90361254524,40.8169969498359,576205.469485652,4518835.11598575,2017_bird_045_3_trip,K17C13,bird_045,15,2017,42561.0071317433,1,2380.06169316121,-0.838057218678026,7.93353897720403,40771.54118571982,Fast_Middle,Sea,Fast_Middle
2017-05-19T03:26:06Z,141.922267335355,40.8009116668604,577797.512373534,4517065.90907123,2017_bird_045_3_trip,K17C13,bird_045,15,2017,42416.6659394785,1,2273.13374461623,-1.28781485746606,7.57711248205409,42149.625768711616,Fast_Middle,Sea,Fast_Middle
2017-05-19T03:31:06Z,141.929516394493,40.7811906558237,578432.216262495,4514883.18417004,2017_bird_045_3_trip,K17C13,bird_045,15,2017,41410.773105748,1,2384.50503253162,-1.51081291882649,7.94835010843873,41764.91352343414,Fast_Middle,Sea,Fast_Middle
2017-05-19T03:36:06Z,141.930910969387,40.7597374194996,578575.161245107,4512502.96758702,2017_bird_045_3_trip,K17C13,bird_045,15,2017,39999.0722832902,1,2156.38083961363,-1.62530040253276,7.18793613204544,39910.706312014794,Fast_Middle,Sea,Fast_Middle
2017-05-19T03:41:06Z,141.929249336756,40.7403540024101,578457.687883576,4510349.78892867,2017_bird_045_3_trip,K17C13,bird_045,15,2017,38604.0991947465,1,2214.2517016379,-0.340588931189068,7.38083900545965,38125.98918577987,Fast_Middle,Sea,Fast_Middle
2017-05-19T03:46:06Z,141.95387,40.73349,580544.748762824,4509610.13530397,2017_bird_045_3_trip,K17C13,bird_045,15,2017,39901.2484982427,1,2223.79533699676,-0.306024246788105,7.41265112332254,38895.64580611349,Fast_Middle,Sea,Fast_Middle
2017-05-19T03:51:06Z,141.978890333866,40.727245169773,582665.224073298,4508940.17250014,2017_bird_045_3_trip,K17C13,bird_045,15,2017,41341.0555384656,1,2449.89527768465,-0.00688691827659743,8.16631759228218,39846.93604763314,Fast_Middle,Sea,Fast_Middle
2017-05-19T03:56:06Z,142.007893875296,40.7268435510379,585115.061252383,4508923.30040495,2017_bird_045_3_trip,K17C13,bird_045,15,2017,43452.8424929211,1,1184.42685031757,-0.627522098090777,3.94808950105857,41584.164569538625,Fast_Middle,Sea,Fast_Middle
2017-05-19T04:01:06Z,142.01915,40.72048,586073.836866266,4508227.87514946,2017_bird_045_3_trip,K17C13,bird_045,15,2017,43962.6044752752,0,132.644560942278,-2.23643732883319,0.442148536474261,41819.8867021886,Slow,Sea,Fast_Middle
2017-05-19T04:06:06Z,142.018165901616,40.7195488524639,585991.920437409,4508123.54740516,2017_bird_045_3_trip,K17C13,bird_045,15,2017,43841.4221313139,0,741.907988943694,0.844526948020339,2.47302662981231,41689.22009239689,Fast_Middle,Sea,Fast_Middle
2017-05-19T04:11:06Z,142.024075169406,40.7244935007609,586484.610432012,4508678.24014288,2017_bird_045_3_trip,K17C13,bird_045,15,2017,44536.8925741193,1,1207.80586810962,-0.841479794997316,4.0260195603654,42426.66532173918,Fast_Middle,Sea,Fast_Middle
2017-05-19T04:16:06Z,142.033478360651,40.7162968852467,587289.444163195,4507777.6638384,2017_bird_045_3_trip,K17C13,bird_045,15,2017,44837.5569515805,0,67.8301388928684,-2.16455597262842,0.226100462976228,42441.93802517902,Slow,Sea,Fast_Middle
2017-05-19T04:21:06Z,142.033021290301,40.7157945161392,587251.494480699,4507721.44329641,2017_bird_045_3_trip,K17C13,bird_045,15,2017,44778.428898232,0,111.694931167125,-1.98908984550575,0.372316437223749,42376.62456503164,Slow,Sea,Fast_Middle
2017-05-19T04:26:06Z,142.03247,40.71488,587206.123810793,4507619.3783173,2017_bird_045_3_trip,K17C13,bird_045,15,2017,44692.2081822765,0,78.7600463537946,-1.99330637198382,0.262533487845982,42276.05844402219,Slow,Sea,Fast_Middle
2017-05-19T04:31:06Z,142.032077704914,40.7142363934434,587173.82817025,4507547.54422718,2017_bird_045_3_trip,K17C13,bird_045,15,2017,44631.2676985352,1,947.632788579753,0.294812300666975,3.15877596193251,42205.03546303638,Fast_Middle,Sea,Fast_Middle
2017-05-19T04:36:06Z,142.04285,40.71662,588080.576950434,4507822.88865082,2017_bird_045_3_trip,K17C13,bird_045,15,2017,45566.3547140915,1,2891.09124176583,0.160518236900508,9.63697080588612,43077.90880648386,Fast_Middle,Sea,Fast_Middle
2017-05-19T04:41:06Z,142.076701168516,40.7204718364713,590934.502018058,4508284.97119388,2017_bird_045_3_trip,K17C13,bird_045,15,2017,48338.8502459716,1,2715.77709155092,-0.505932016317242,9.05259030516973,45595.32815857571,Fast_Middle,Sea,Fast_Middle
2017-05-19T04:46:06Z,142.104627799455,40.7083516960448,593310.055186185,4506968.8434051,2017_bird_045_3_trip,K17C13,bird_045,15,2017,49975.9243194053,1,2566.73442262856,-1.01292907531236,8.55578140876186,46733.434235966175,Fast_Middle,Sea,Fast_Middle
2017-05-19T04:51:06Z,142.120381699052,40.6885832215977,594668.827944797,4504791.26167604,2017_bird_045_3_trip,K17C13,bird_045,15,2017,50452.8586023676,1,2585.48487025748,-0.918743781831198,8.61828290085826,46671.89950811685,Fast_Middle,Sea,Fast_Middle
2017-05-19T04:56:06Z,142.138631004158,40.6698918349713,596237.74961812,4502736.21501055,2017_bird_045_3_trip,K17C13,bird_045,15,2017,51291.5077963778,1,2599.51285071092,-0.0148565497899476,8.66504283570306,46882.29570804383,Fast_Middle,Sea,Fast_Middle
2017-05-19T05:01:06Z,142.169371496457,40.6692366699001,598836.975595676,4502697.59663912,2017_bird_045_3_trip,K17C13,bird_045,15,2017,53771.6012248088,1,2947.53971934837,0.241218002612544,9.82513239782789,49048.43190109856,Fast_Middle,Sea,Fast_Middle
2017-05-19T05:06:06Z,142.203342128135,40.6752306590539,601699.177355126,4503401.72126256,2017_bird_045_3_trip,K17C13,bird_045,15,2017,56717.5182875513,1,2438.59654206725,0.0870130698967335,8.12865514022417,51836.96781314664,Fast_Middle,Sea,Fast_Middle
2017-05-19T05:11:06Z,142.232116232047,40.6768362309209,604128.548078627,4503613.64337744,2017_bird_045_3_trip,K17C13,bird_045,15,2017,59112.9760074113,1,2506.43727457216,0.220897616965079,8.35479091524053,53995.19283920278,Fast_Middle,Sea,Fast_Middle
2017-05-19T05:16:06Z,142.26114,40.68147,606574.081858948,4504162.8176127,2017_bird_045_3_trip,K17C13,bird_045,15,2017,61616.8266247371,1,2322.13081131802,-0.34142961059551,7.74043603772672,56349.18887323538,Fast_Middle,Sea,Fast_Middle
2017-05-19T05:21:06Z,142.286891835164,40.6741815012954,608762.172187158,4503385.28805026,2017_bird_045_3_trip,K17C13,bird_045,15,2017,63531.7622905008,1,1731.2814903646,-0.380993508730243,5.77093830121535,57769.10079961236,Fast_Middle,Sea,Fast_Middle
2017-05-19T05:26:06Z,142.30579,40.66817,610369.313288846,4502741.523281,2017_bird_045_3_trip,K17C13,bird_045,15,2017,64938.3211198728,0,27.4895758464564,1.83421256001711,0.0916319194881879,58772.40289029082,Slow,Sea,Fast_Middle
2017-05-19T05:31:06Z,142.30571,40.66841,610362.155540473,4502768.06463399,2017_bird_045_3_trip,K17C13,bird_045,15,2017,64937.518530009,0,43.5035122072143,1.68295991301191,0.145011707357381,58780.732215746415,Slow,Sea,Fast_Middle
2017-05-19T05:36:06Z,142.30566,40.6688,610357.286255348,4502811.2947813,2017_bird_045_3_trip,K17C13,bird_045,15,2017,64942.8402076801,0,56.8961499631474,1.94896979570469,0.189653833210491,58800.03117435476,Slow,Sea,Fast_Middle
2017-05-19T05:41:06Z,142.305420806452,40.6692790322582,610336.278853077,4502864.17068253,2017_bird_045_3_trip,K17C13,bird_045,15,2017,64934.7500283645,0,17.3650275554582,2.0012475134227,0.0578834251848606,58810.97310336732,Slow,Sea,Fast_Middle
2017-05-19T05:46:06Z,142.305337868857,40.6694221311487,610329.032759216,4502879.95163008,2017_bird_045_3_trip,K17C13,bird_045,15,2017,64931.3954621962,0,292.460986682588,-2.53835854972309,0.974869955608625,58813.40955109552,Slow,Sea,Fast_Homing
2017-05-19T05:51:06Z,142.30246,40.66796,610088.189618979,4502714.03595713,2017_bird_045_3_trip,K17C13,bird_045,15,2017,64658.4272830542,1,835.730664486653,2.61640718194866,2.78576888162218,58521.12590560779,Fast_Middle,Sea,Fast_Homing
2017-05-19T05:56:06Z,142.29398,40.67183,609365.089568879,4503133.04915633,2017_bird_045_3_trip,K17C13,bird_045,15,2017,64054.9751327054,1,2213.22817598764,-2.01252124552949,7.37742725329213,58139.69412312266,Fast_Middle,Sea,Fast_Homing
2017-05-19T06:01:06Z,142.282442786941,40.6539347541027,608418.935732669,4501132.25634416,2017_bird_045_3_trip,K17C13,bird_045,15,2017,62677.2624365818,1,1768.92167258291,-1.95081633610846,5.89640557527637,56261.67671757924,Fast_Middle,Sea,Fast_Homing
2017-05-19T06:06:06Z,142.274401638952,40.6392254134838,607762.773605651,4499489.53447276,2017_bird_045_3_trip,K17C13,bird_045,15,2017,61701.0380968612,1,2138.4582521112,-2.55476630286468,7.1281941737039904,54821.104823257774,Fast_Homing,Sea,Fast_Homing
2017-05-19T06:11:06Z,142.253148500203,40.6287910037702,605982.074743895,4498305.42499312,2017_bird_045_3_trip,K17C13,bird_045,15,2017,59731.8295895484,1,2825.5033934353,-2.9899388061311,9.41834464478434,52683.03758238763,Fast_Homing,Sea,Fast_Homing
2017-05-19T06:16:06Z,142.22006,40.6253,603189.000845482,4497878.56714287,2017_bird_045_3_trip,K17C13,bird_045,15,2017,56906.6649614898,1,2320.48547698999,-2.96740112234203,7.73495158996664,50103.43897933744,Fast_Homing,Sea,Fast_Homing
2017-05-19T06:21:06Z,142.19298,40.62196,600903.631326129,4497476.39925637,2017_bird_045_3_trip,K17C13,bird_045,15,2017,54585.5906770587,1,3143.81768329761,-3.06924057449411,10.4793922776587,47963.974172394315,Fast_Homing,Sea,Fast_Homing
2017-05-19T06:26:06Z,142.15588,40.62029,597768.038718931,4497249.13591242,2017_bird_045_3_trip,K17C13,bird_045,15,2017,51460.3316705439,1,1298.46314991436,-2.7546948661179,4.32821049971454,45203.88844805482,Fast_Homing,Sea,Fast_Homing
2017-05-19T06:31:06Z,142.141590966587,40.6160185521469,596565.552728747,4496759.203269,2017_bird_045_3_trip,K17C13,bird_045,15,2017,50188.0457510652,1,2507.44952997862,-2.85415028611855,8.35816509992872,43927.52988899021,Fast_Homing,Sea,Fast_Homing
2017-05-19T06:36:06Z,142.113063164272,40.6098931677269,594160.978584177,4496048.34018186,2017_bird_045_3_trip,K17C13,bird_045,15,2017,47694.5942249624,1,2662.01678875859,-2.79551880288994,8.87338929586195,41520.575721948706,Fast_Homing,Sea,Fast_Homing
2017-05-19T06:41:06Z,142.083335245265,40.6020413125904,591656.78814601,4495145.36530235,2017_bird_045_3_trip,K17C13,bird_045,15,2017,45072.353783388,1,2774.35642888813,-2.81662730882822,9.24785476296042,38925.87956452228,Fast_Homing,Sea,Fast_Homing
2017-05-19T06:46:06Z,142.05214,40.59435,589027.636562162,4494259.58003285,2017_bird_045_3_trip,K17C13,bird_045,15,2017,42334.3195487596,1,3158.11817116782,-2.94317031364733,10.5270605705594,36235.23744627302,Fast_Homing,Sea,Fast_Homing
2017-05-19T06:51:06Z,142.01547,40.58907,585931.484488685,4493637.04270789,2017_bird_045_3_trip,K17C13,bird_045,15,2017,39178.323011744,1,3095.29657854183,-2.86041627619876,10.3176552618061,33293.9455813997,Fast_Homing,Sea,Fast_Homing
2017-05-19T06:56:06Z,141.980220675657,40.5816369527576,582957.741213175,4492778.14117658,2017_bird_045_3_trip,K17C13,bird_045,15,2017,36109.8623053881,1,3296.80513136584,-3.0024975177944,10.9893504378861,30327.715420023585,Fast_Homing,Sea,Fast_Homing
2017-05-19T07:01:06Z,141.941589490537,40.5778405127634,579692.777092659,4492321.04888181,2017_bird_045_3_trip,K17C13,bird_045,15,2017,32812.0165890179,1,3274.18597045015,3.10812987107409,10.9139532348338,27333.44939548194,Fast_Homing,Sea,Fast_Homing
2017-05-19T07:06:06Z,141.902943773685,40.5791359106599,576420.42409882,4492430.59180859,2017_bird_045_3_trip,K17C13,bird_045,15,2017,29592.3787229501,1,3365.98445869029,-3.128641609446,11.2199481956343,24638.63188781507,Fast_Homing,Sea,Fast_Homing
2017-05-19T07:11:06Z,141.863175736377,40.5790472220482,573054.721923704,4492387.00001391,2017_bird_045_3_trip,K17C13,bird_045,15,2017,26266.7929874354,1,2961.36021300967,-2.98042810320464,9.87120071003222,21783.434004226216,Fast_Homing,Sea,Fast_Homing
2017-05-19T07:16:06Z,141.828589997898,40.575019503701,570131.73774105,4491911.79713181,2017_bird_045_3_trip,K17C13,bird_045,15,2017,23305.0193506726,1,3040.96823799341,-2.92742575036331,10.1365607933114,19116.89441924109,Fast_Homing,Sea,Fast_Homing
2017-05-19T07:21:06Z,141.793416995476,40.5694440068634,567160.244089237,4491265.4896959,2017_bird_045_3_trip,K17C13,bird_045,15,2017,20264.7919829127,1,3045.04033998886,-2.82826677186374,10.1501344666295,16400.092096016004,Fast_Homing,Sea,Fast_Homing
2017-05-19T07:26:06Z,141.759102332118,40.5612193381853,564263.455448937,4490326.93429232,2017_bird_045_3_trip,K17C13,bird_045,15,2017,17251.6988279281,1,3662.41390735084,-3.00941618432756,12.2080463578361,13651.385779860955,Fast_Homing,Sea,Fast_Homing
2017-05-19T07:31:06Z,141.716174916179,40.5571450874509,560632.987310614,4489844.25766622,2017_bird_045_3_trip,K17C13,bird_045,15,2017,13589.0573744481,1,3799.07572173947,-3.07952321903731,12.6635857391316,10999.50508249923,Fast_Homing,Sea,Fast_Homing
2017-05-19T07:36:06Z,141.67136983218,40.5552911732276,556841.22742716,4489608.60256711,2017_bird_045_3_trip,K17C13,bird_045,15,2017,9813.51394127349,1,4064.86285503244,-2.96778787618873,13.5495428501081,8612.458821171438,Fast_Homing,Sea,Fast_Homing
2017-05-19T07:41:06Z,141.624025761976,40.5492239042827,552837.606066348,4488905.66158134,2017_bird_045_3_trip,K17C13,bird_045,15,2017,5749.02849721971,1,3752.40212430605,-2.93600954591281,12.5080070810202,5719.687465986233,NA,Sea,Fast_Homing
2017-05-16T16:20:09Z,141.5606,40.5475,547468.398889853,4488678.21155139,2017_bird_055_11_trip,K17D79,bird_055,13,2017,1019.72205768313,1,3752.31515046655,0.657033063772753,12.5077171682218,2361.37678902925,Fast_Outbound,Sea,Fast_Outbound
2017-05-16T16:25:09Z,141.59587,40.56797,550439.511408099,4490970.01420265,2017_bird_055_11_trip,K17D79,bird_055,13,2017,4597.58848021114,1,1407.37262067501,0.852720324197145,4.6912420689167,6016.360232995399,Fast_Outbound,Sea,Fast_Outbound
2017-05-16T16:30:09Z,141.606894590161,40.5774606557432,551365.473900093,4492029.86851191,2017_bird_055_11_trip,K17D79,bird_055,13,2017,6003.68046636385,0,35.2208845346236,0.666452027979552,0.117402948448745,7418.695691474021,Slow,Sea,Fast_Outbound
2017-05-16T16:35:09Z,141.607223442607,40.5776550819705,551393.158218654,4492051.64210172,2017_bird_055_11_trip,K17D79,bird_055,13,2017,6038.56156687231,1,1036.86364493615,0.834682068081683,3.45621214978718,7452.509559192592,Fast_Outbound,Sea,Fast_Outbound
2017-05-16T16:40:09Z,141.615511798634,40.5845336082021,552089.322291834,4492820.04421091,2017_bird_055_11_trip,K17D79,bird_055,13,2017,7075.48273570431,1,2959.87656947695,0.745903289937574,9.86625523158984,8483.591856445464,Fast_Outbound,Sea,Fast_Outbound
2017-05-16T16:45:09Z,141.641371662329,40.6024886680354,554263.278219655,4494828.72161916,2017_bird_055_11_trip,K17D79,bird_055,13,2017,10031.9335387034,1,2878.92107893618,0.91025994752139,9.59640359645393,11384.151423917092,Fast_Outbound,Sea,Fast_Outbound
2017-05-16T16:50:09Z,141.66245,40.62285,556029.612895625,4497102.09980838,2017_bird_055_11_trip,K17D79,bird_055,13,2017,12896.3241575654,1,3017.69747567331,0.66713319508735,10.0589915855777,14264.6474888787,Fast_Outbound,Sea,Fast_Outbound
2017-05-16T16:55:09Z,141.690650663244,40.6395055031634,558400.312073826,4498969.25900383,2017_bird_055_11_trip,K17D79,bird_055,13,2017,15887.0979143215,1,3069.28349685945,0.539155600090126,10.2309449895315,17163.48897547518,Fast_Outbound,Sea,Fast_Outbound
2017-05-16T17:00:09Z,141.72195,40.65351,561034.194723614,4500545.06462993,2017_bird_055_11_trip,K17D79,bird_055,13,2017,18876.8505011028,1,3261.69402601447,0.678118654632465,10.8723134200482,19976.654774743725,Fast_Outbound,Sea,Fast_Outbound
2017-05-16T17:05:09Z,141.7522,40.67175,563574.253032985,4502591.21997699,2017_bird_055_11_trip,K17D79,bird_055,13,2017,22132.6048709661,1,3455.43940518706,0.527403315613599,11.5181313506235,23119.522816754423,Fast_Outbound,Sea,Fast_Outbound
2017-05-16T17:10:09Z,141.78771,40.68718,566560.156518759,4504330.31222773,2017_bird_055_11_trip,K17D79,bird_055,13,2017,25522.4780078061,0,339.396897998277,0.0129898926838761,1.13132299332759,26269.49081997087,Slow,Sea,Fast_Middle
2017-05-16T17:15:09Z,141.791726379317,40.6871922413825,566899.524782699,4504334.72083302,2017_bird_055_11_trip,K17D79,bird_055,13,2017,25783.6067358234,0,146.559347942438,-2.45056073582419,0.488531159808126,26469.568554899444,Slow,Sea,Fast_Middle
2017-05-16T17:20:09Z,141.79038,40.68636,566786.587797901,4504241.31376726,2017_bird_055_11_trip,K17D79,bird_055,13,2017,25637.0058329802,0,48.3907522300755,-0.180715901319291,0.161302507433585,26327.862997371492,Slow,Sea,Fast_Middle
2017-05-16T17:25:09Z,141.790942372893,40.6862777966111,566834.19051995,4504232.61631046,2017_bird_055_11_trip,K17D79,bird_055,13,2017,25667.7685098917,0,283.671818045518,0.996864000097552,0.945572726818394,26348.312198103544,Slow,Sea,Fast_Middle
2017-05-16T17:30:09Z,141.792790327965,40.688411147565,566988.206870671,4504470.83609147,2017_bird_055_11_trip,K17D79,bird_055,13,2017,25939.3162282934,0,119.530946752405,1.31663687469956,0.398436489174683,26632.135327095613,Slow,Sea,Fast_Middle
2017-05-16T17:35:09Z,141.793158333319,40.6894508333346,567018.26076997,4504586.52710395,2017_bird_055_11_trip,K17D79,bird_055,13,2017,26037.2260450413,0,188.758475372718,-2.37562409521277,0.629194917909059,26744.079147933004,Slow,Sea,Fast_Middle
2017-05-16T17:40:09Z,141.791534499908,40.6882831669718,566882.220411978,4504455.67305157,2017_bird_055_11_trip,K17D79,bird_055,13,2017,25848.738259546,0,471.253403756342,0.387316568444039,1.57084467918781,26558.389733885902,Fast_Outbound,Sea,Fast_Middle
2017-05-16T17:45:09Z,141.796717166669,40.689851000002,567318.566161972,4504633.66787457,2017_bird_055_11_trip,K17D79,bird_055,13,2017,26296.8174719581,0,36.9580418509714,-0.495683944745087,0.123193472836571,26956.453398440102,Slow,Sea,Fast_Middle
2017-05-16T17:50:09Z,141.7971,40.68969,567351.076067274,4504616.08939583,2017_bird_055_11_trip,K17D79,bird_055,13,2017,26310.3685148278,0,80.5943534806895,0.405007936163476,0.268647844935632,26960.90095604948,Slow,Sea,Fast_Middle
2017-05-16T17:55:09Z,141.79798,40.68997,567425.150278735,4504647.84567095,2017_bird_055_11_trip,K17D79,bird_055,13,2017,26387.5376992234,0,59.1546254758712,-0.537059076634149,0.197182084919571,27029.73439334718,Slow,Sea,Fast_Middle
2017-05-16T18:00:09Z,141.798578225812,40.6896932258073,567475.976938843,4504617.58149514,2017_bird_055_11_trip,K17D79,bird_055,13,2017,26407.0766208133,0,302.357338936071,0.972655694637836,1.00785779645357,27034.42431556168,Slow,Sea,Fast_Middle
2017-05-16T18:05:09Z,141.80062,40.69193,567646.23644137,4504867.44478218,2017_bird_055_11_trip,K17D79,bird_055,13,2017,26698.1788352779,0,539.489772157941,0.849492008892015,1.79829924052647,27337.174370915443,Fast_Outbound,Sea,Fast_Middle
2017-05-16T18:10:09Z,141.80488,40.69555,568002.49644533,4505272.57195214,2017_bird_055_11_trip,K17D79,bird_055,13,2017,27231.8957224275,0,775.382700008547,0.390854340776986,2.58460900002849,27874.475655613216,Fast_Outbound,Sea,Fast_Middle
2017-05-16T18:15:09Z,141.81339688525,40.6981514754123,568719.402815313,4505567.97606205,2017_bird_055_11_trip,K17D79,bird_055,13,2017,27971.2536585174,0,101.775908862951,-0.360666435807256,0.339253029543169,28530.875942983315,Slow,Sea,Fast_Middle
2017-05-16T18:20:09Z,141.81452,40.69782,568814.630650251,4505532.05956057,2017_bird_055_11_trip,K17D79,bird_055,13,2017,28021.6619650899,0,418.734382663436,-0.408357216162953,1.39578127554479,28556.636756927102,Slow,Sea,Fast_Middle
2017-05-16T18:25:09Z,141.81905,40.69629,569198.9343529,4505365.77923295,2017_bird_055_11_trip,K17D79,bird_055,13,2017,28214.5267459942,0,215.980179717136,-0.293376950943472,0.719933932390452,28643.17008596199,Slow,Sea,Fast_Middle
2017-05-16T18:30:09Z,141.82149,40.69571,569405.686297135,4505303.320674,2017_bird_055_11_trip,K17D79,bird_055,13,2017,28337.0922564926,0,251.441578436667,-2.13710362693968,0.838138594788891,28711.786513688396,Slow,Sea,Fast_Middle
2017-05-16T18:35:09Z,141.81987,40.69381,569270.782989965,4505091.13216093,2017_bird_055_11_trip,K17D79,bird_055,13,2017,28099.537985495,0,43.7645332389984,-0.89550552842517,0.145881777463328,28460.286577953797,Slow,Sea,Fast_Middle
2017-05-16T18:40:09Z,141.82019,40.6935,569298.141263985,4505056.97283991,2017_bird_055_11_trip,K17D79,bird_055,13,2017,28099.8854357476,0,51.6409523826162,-0.442508119061458,0.172136507942054,28448.20581151208,Slow,Sea,Fast_Middle
2017-05-16T18:45:09Z,141.820739836065,40.693296885246,569344.80818626,4505034.85980465,2017_bird_055_11_trip,K17D79,bird_055,13,2017,28122.9364389952,0,44.4006436188883,-0.830848488588113,0.148002145396294,28457.1423057396,Slow,Sea,Fast_Middle
2017-05-16T18:50:09Z,141.8210905,40.6929990000001,569374.745293174,4505002.06976373,2017_bird_055_11_trip,K17D79,bird_055,13,2017,28126.3001302285,0,63.6890550361649,-0.681340007592892,0.21229685012055,28447.671610961745,Slow,Sea,Fast_Middle
2017-05-16T18:55:09Z,141.821671499995,40.6926335000007,569424.21445681,4504961.95620517,2017_bird_055_11_trip,K17D79,bird_055,13,2017,28140.651231013,0,29.478289881849,-0.463246743243587,0.0982609662728299,28443.512236496637,Slow,Sea,Fast_Middle
2017-05-16T19:00:09Z,141.821982131143,40.6925126229521,569450.585923356,4504948.78368352,2017_bird_055_11_trip,K17D79,bird_055,13,2017,28153.3945335978,1,1035.17497191422,-2.18090028306537,3.45058323971408,28448.001748445753,Fast_Middle,Sea,Fast_Homing
2017-05-16T19:05:09Z,141.81487,40.68492,568857.479664916,4504100.3662222,2017_bird_055_11_trip,K17D79,bird_055,13,2017,27165.995299525,1,2652.17708724107,-2.44647067719988,8.84059029080356,27411.34335738432,Fast_Homing,Sea,Fast_Homing
2017-05-16T19:10:09Z,141.790587536831,40.6697862305884,566820.672417008,4502401.70217744,2017_bird_055_11_trip,K17D79,bird_055,13,2017,24516.0447768737,1,2815.86348167092,-2.23548837352483,9.38621160556974,24844.221027290536,Fast_Homing,Sea,Fast_Homing
2017-05-16T19:15:09Z,141.76981,40.64996,565083.800599834,4500185.31695864,2017_bird_055_11_trip,K17D79,bird_055,13,2017,21807.6943741902,1,2834.75662455466,-2.37229725954223,9.44918874851555,22027.550992270968,Fast_Homing,Sea,Fast_Homing
2017-05-16T19:20:09Z,141.745526716712,40.6323547564151,563047.308627562,4498213.3774141,2017_bird_055_11_trip,K17D79,bird_055,13,2017,19012.9498071912,1,3120.58852153321,-2.52976321437118,10.401961738444,19237.1671045702,Fast_Homing,Sea,Fast_Homing
2017-05-16T19:25:09Z,141.71515,40.6164,560492.799168333,4496421.01747719,2017_bird_055_11_trip,K17D79,bird_055,13,2017,15892.4263447676,1,3006.4908039454,-2.35558476072775,10.0216360131513,16293.558340520543,Fast_Homing,Sea,Fast_Homing
2017-05-16T19:30:09Z,141.689837372656,40.5973904936306,558368.18575837,4494293.81160741,2017_bird_055_11_trip,K17D79,bird_055,13,2017,12961.6255647198,1,3080.85214643883,-2.39360141927808,10.2695071547961,13325.137608471558,Fast_Homing,Sea,Fast_Homing
2017-05-16T19:35:09Z,141.662960800677,40.5786700022484,556109.7466224,4492198.31581469,2017_bird_055_11_trip,K17D79,bird_055,13,2017,9970.72739483636,1,3118.86180673147,-2.55330061344317,10.3962060224382,10305.063072346828,Fast_Homing,Sea,Fast_Homing
2017-05-16T19:40:09Z,141.632160158653,40.5632503316507,553515.197581744,4490467.53152856,2017_bird_055_11_trip,K17D79,bird_055,13,2017,6882.69373837139,1,3306.97286649745,-2.73684299849921,11.0232428883248,7388.16265018527,NA,Sea,Fast_Homing
2017-05-17T05:38:07Z,141.53963,40.54339,545695.564142267,4488210.91232069,2017_bird_020_1_trip,K17E02,bird_020,18,2017,1612.61834976586,1,2151.55424721335,2.93089817254045,7.17184749071116,668.6852700844081,Fast_Outbound,Sea,Fast_Outbound
2017-05-17T05:43:07Z,141.514815666682,40.5475570000081,543591.589564842,4488660.88638245,2017_bird_020_1_trip,K17E02,bird_020,18,2017,3758.48123696182,0,52.0320894960588,-0.0164333205644866,0.173440298320196,731.8982439383813,Slow,Land,Fast_Middle
2017-05-17T05:48:07Z,141.515429998832,40.5475465582042,543643.614628759,4488660.03136093,2017_bird_020_1_trip,K17E02,bird_020,18,2017,3708.00697428086,0,339.192841956251,-2.25503379459068,1.13064280652084,690.881500935357,Slow,Land,Fast_Middle
2017-05-17T05:53:07Z,141.51288,40.54519,543429.216834298,4488397.19040186,2017_bird_020_1_trip,K17E02,bird_020,18,2017,3858.61188926038,0,3.48649380911584,-1.80613737716888,0.0116216460303861,1021.0189691600996,Slow,Land,Fast_Middle
2017-05-17T05:58:07Z,141.512870166667,40.5451595,543428.40387233,4488393.80001369,2017_bird_020_1_trip,K17E02,bird_020,18,2017,3858.79052908839,0,7.74780478561543,-2.12402120429642,0.0258260159520514,1023.76334340229,Slow,Land,Fast_Middle
2017-05-17T06:03:07Z,141.512821639344,40.5451003278692,543424.332913872,4488387.20791416,2017_bird_020_1_trip,K17E02,bird_020,18,2017,3861.59700983483,0,10.675994698408,0.0336059703264879,0.0355866489946935,1031.057977733933,Slow,Land,Fast_Middle
2017-05-17T06:08:07Z,141.512947666659,40.5451030000009,543435.00288061,4488387.56662379,2017_bird_020_1_trip,K17E02,bird_020,18,2017,3851.16443415858,0,24.3828036788748,1.7593796459907,0.081276012262916,1022.4632444359396,Slow,Land,Fast_Middle
2017-05-17T06:13:07Z,141.512895333338,40.5453190000072,543430.431896889,4488411.51713993,2017_bird_020_1_trip,K17E02,bird_020,18,2017,3860.07357168689,0,22.8948355704941,-0.491143784468567,0.0763161185683136,1011.2287885145258,Slow,Land,Fast_Middle
2017-05-17T06:18:07Z,141.513132999999,40.5452206666678,543450.620425228,4488400.71913922,2017_bird_020_1_trip,K17E02,bird_020,18,2017,3838.21875017215,0,16.0243560973499,-1.26808443017342,0.0534145203244995,1002.0891376267472,Slow,Land,Fast_Middle
2017-05-17T06:23:07Z,141.513188360658,40.5450826229512,543455.397444271,4488385.42338564,2017_bird_020_1_trip,K17E02,bird_020,18,2017,3830.71200651517,0,11.6557987908528,-1.56690196521932,0.0388526626361761,1007.2726380052092,Slow,Land,Fast_Middle
2017-05-17T06:28:07Z,141.513188095265,40.5449776190598,543455.442836051,4488373.76767524,2017_bird_020_1_trip,K17E02,bird_020,18,2017,3828.5650485469,0,61.3044789988656,1.6587683662002,0.204348263329552,1014.2337653478096,Slow,Land,Fast_Middle
2017-05-17T06:33:07Z,141.513128688523,40.5455280327871,543450.05670956406,4488434.83508706,2017_bird_020_1_trip,K17E02,bird_020,18,2017,3845.24574108507,1,1283.06264603229,1.50851421791875,4.27687548677429,981.4467031784534,Fast_Outbound,Land,Fast_Middle
2017-05-17T06:38:07Z,141.51416,40.55706,543529.916903176,4489715.40999823,2017_bird_020_1_trip,K17E02,bird_020,18,2017,4212.04585093245,0,3.56384175653979,-0.310906096056873,0.0118794725217993,142.93261168984304,Slow,Land,Fast_Middle
2017-05-17T06:43:07Z,141.5142,40.55705,543533.309882835,4489714.31974271,2017_bird_020_1_trip,K17E02,bird_020,18,2017,4208.54562446413,0,28.5871447552846,-2.59609396568816,0.0952904825176154,140.44478083589814,Slow,Land,Fast_Middle
2017-05-17T06:48:07Z,141.513910333344,40.55691766668,543508.87162883,4489699.48746081,2017_bird_020_1_trip,K17E02,bird_020,18,2017,4222.90555280083,0,23.8084573393873,0.399814373523906,0.0793615244646243,168.99848305133554,Slow,Land,Fast_Middle
2017-05-17T06:53:07Z,141.51417,40.557,543530.802390861,4489708.75484003,2017_bird_020_1_trip,K17E02,bird_020,18,2017,4208.06920923727,0,6.98029255150554,-0.913371595098224,0.0232676418383518,145.34544390764333,Slow,Land,Fast_Middle
2017-05-17T06:58:07Z,141.51422,40.55695,543535.06791068,4489703.22945997,2017_bird_020_1_trip,K17E02,bird_020,18,2017,4201.67334898354,0,15.4004060227795,-0.138824062422928,0.0513346867425982,144.5671051551187,Slow,Land,Fast_Middle
2017-05-17T07:03:07Z,141.5144,40.55693,543550.320155642,4489701.09837356,2017_bird_020_1_trip,K17E02,bird_020,18,2017,4187.2649751643,0,11.387231576081,1.80157603298438,0.0379574385869366,133.24829910854325,Slow,Land,Fast_Middle
2017-05-17T07:08:07Z,141.51437,40.55703,543547.71547869,4489712.18371077,2017_bird_020_1_trip,K17E02,bird_020,18,2017,4194.88832357156,0,28.2365976033644,-1.18077930623726,0.0941219920112146,129.08860180123474,Slow,Land,Fast_Middle
2017-05-17T07:13:07Z,141.514495000018,40.556794166673,543558.451150494,4489686.06760855,2017_bird_020_1_trip,K17E02,bird_020,18,2017,4172.91551587102,0,26.9584359585292,2.27610360808651,0.0898614531950972,136.8388164902923,Slow,Land,Fast_Middle
2017-05-17T07:18:07Z,141.51429,40.55698,543540.974863771,4489706.59409562,2017_bird_020_1_trip,K17E02,bird_020,18,2017,4198.1055812444,0,26.3091262483474,2.98074894838974,0.0876970874944914,137.77822086638105,Slow,Land,Fast_Middle
2017-05-17T07:23:07Z,141.513983559324,40.5570193220371,543515.00532219,4489710.80753057,2017_bird_020_1_trip,K17E02,bird_020,18,2017,4222.92192342465,0,2.48162112922181,-2.24700848385212,0.00827207043073935,157.5689767558683,Slow,Land,Fast_Middle
2017-05-17T07:28:07Z,141.513965081958,40.5570019672199,543513.452216489,4489708.87199289,2017_bird_020_1_trip,K17E02,bird_020,18,2017,4223.35940404198,1,1876.05200799717,1.16332207437102,6.25350669332388,160.04562212523538,Fast_Outbound,Land,Fast_Middle
2017-05-17T07:33:07Z,141.522866997396,40.572479333731,544256.91594967,4491431.32164793,2017_bird_020_1_trip,K17E02,bird_020,18,2017,4775.38652444544,1,3068.50110116466,1.32638313243236,10.2283370038822,1478.6017658199546,Fast_Outbound,Sea,Fast_Middle
2017-05-17T07:38:07Z,141.531851665702,40.5992603334156,544999.453328734,4494408.62533559,2017_bird_020_1_trip,K17E02,bird_020,18,2017,7079.58450306306,1,3587.79317147561,1.48035980038147,11.9593105715854,3875.376508702252,Fast_Outbound,Sea,Fast_Middle
2017-05-17T07:43:07Z,141.535938335456,40.6314310001903,545323.478770826,4497981.75664498,2017_bird_020_1_trip,K17E02,bird_020,18,2017,10469.7242446547,1,4077.48697915699,1.58525786938422,13.5916232638566,6299.836180951897,Fast_Outbound,Sea,Fast_Middle
2017-05-17T07:48:07Z,141.535534663218,40.6681620002956,545264.514074546,4502058.81725647,2017_bird_020_1_trip,K17E02,bird_020,18,2017,14507.4278724972,1,3620.74892274892,1.28527692540924,12.0691630758297,7356.128239645568,Fast_Outbound,Sea,Fast_Middle
2017-05-17T07:53:07Z,141.547855894506,40.6994018048162,546284.319236872,4505532.98193197,2017_bird_020_1_trip,K17E02,bird_020,18,2017,17874.8362468123,1,3365.56397127216,1.03057176222967,11.2185465709072,9111.367748640972,Fast_Outbound,Sea,Fast_Middle
2017-05-17T07:58:07Z,141.568565562597,40.7253031176129,548015.325007643,4508419.26671804,2017_bird_020_1_trip,K17E02,bird_020,18,2017,20752.8293103057,1,3100.5982644313,1.4885257206340201,10.3353275481043,11430.735608131688,Fast_Outbound,Sea,Fast_Middle
2017-05-17T08:03:07Z,141.571820919607,40.7531245504558,548270.125445068,4511509.3777734,2017_bird_020_1_trip,K17E02,bird_020,18,2017,23851.9703716046,0,735.942519619412,2.76613424479055,2.45314173206471,12211.7275530129,Fast_Outbound,Sea,Fast_Middle
2017-05-17T08:08:07Z,141.563730967746,40.7555954838713,547585.448959846,4511779.2471914,2017_bird_020_1_trip,K17E02,bird_020,18,2017,24101.6030152276,1,2358.88894275492,2.04460340102758,7.8629631425164,11563.048203602862,Fast_Outbound,Sea,Fast_Middle
2017-05-17T08:13:07Z,141.551137018312,40.7745655025765,546509.141572119,4513878.27540735,2017_bird_020_1_trip,K17E02,bird_020,18,2017,26208.3433563694,1,2749.7094388742,1.77649538184068,9.16569812958065,10734.516365195816,Fast_Outbound,Sea,Fast_Middle
2017-05-17T08:18:07Z,141.54468,40.7988447457628,545947.509218687,4516570.01668352,2017_bird_020_1_trip,K17E02,bird_020,18,2017,28919.4937890907,0,419.902656769747,-2.83177139944092,1.39967552256582,10484.203993619552,Slow,Sea,Fast_Middle
2017-05-17T08:23:07Z,141.539930161769,40.7977137709328,545547.598932512,4516441.99323186,2017_bird_020_1_trip,K17E02,bird_020,18,2017,28812.0262691547,1,988.814572285142,2.87986320391695,3.29604857428381,10072.749774609196,Fast_Outbound,Sea,Fast_Middle
2017-05-17T08:28:07Z,141.528626500001,40.800071000001,544592.459503219,4516697.85047521,2017_bird_020_1_trip,K17E02,bird_020,18,2017,29138.2088106465,0,423.721049659608,-2.70894710859868,1.41240349886536,9153.944949911467,Slow,Sea,Fast_Middle
2017-05-17T08:33:07Z,141.524053870966,40.7984914516142,544207.780229879,4516520.1952344,2017_bird_020_1_trip,K17E02,bird_020,18,2017,28998.6936154599,0,25.9393209119838,0.00266729744146322,0.086464403039946,8751.9037587014,Slow,Sea,Fast_Middle
2017-05-17T08:38:07Z,141.524361355931,40.7984906779666,544233.719458519,4516520.2644222,2017_bird_020_1_trip,K17E02,bird_020,18,2017,28996.0762993796,0,51.9814595656596,0.845830695934171,0.173271531885532,8777.654643338768,Slow,Sea,Fast_Middle
2017-05-17T08:43:07Z,141.524772711866,40.7988393220357,544268.18886946,4516559.17369934,2017_bird_020_1_trip,K17E02,bird_020,18,2017,29031.2639241652,0,73.110159724738807,0.597069856236557,0.243700532415796,8816.350772078253,Slow,Sea,Fast_Middle
2017-05-17T08:48:07Z,141.525492333341,40.7992063333348,544328.649988448,4516600.2778177,2017_bird_020_1_trip,K17E02,bird_020,18,2017,29066.0863538926,1,910.403579656287,-0.20676672055542,3.03467859885429,8880.995701220905,Fast_Outbound,Sea,Fast_Middle
2017-05-17T08:53:07Z,141.536040819676,40.797474098361,545219.66179929,4516413.37508687,2017_bird_020_1_trip,K17E02,bird_020,18,2017,28804.3914976828,1,1038.33618238206,-0.483369339473377,3.46112060794021,9743.999501238077,Fast_Outbound,Sea,Fast_Middle
2017-05-17T08:58:07Z,141.54690312537,40.7930757814424,546139.039958748,4515930.79263013,2017_bird_020_1_trip,K17E02,bird_020,18,2017,28272.6801858731,0,86.6949894794733,-1.06209611055085,0.288983298264911,10601.401383915523,Slow,Sea,Fast_Middle
2017-05-17T09:03:07Z,141.547398000002,40.7923913333343,546181.264099321,4515855.07510802,2017_bird_020_1_trip,K17E02,bird_020,18,2017,28195.3997356352,0,53.0050300732213,0.101100295163595,0.176683433577404,10634.6631401461,Slow,Sea,Fast_Middle
2017-05-17T09:08:07Z,141.548023442632,40.7924365573797,546233.998470698,4515860.42480787,2017_bird_020_1_trip,K17E02,bird_020,18,2017,28198.850717273,1,1215.55610339709,-1.30886912379235,4.05185367799029,10687.608289185311,Fast_Outbound,Sea,Fast_Middle
2017-05-17T09:13:07Z,141.551666666626,40.7818423333445,546548.757610642,4514686.32799571,2017_bird_020_1_trip,K17E02,bird_020,18,2017,27015.3919771742,0,98.472482915949,-0.272391446418712,0.32824160971983,10866.030954049427,Slow,Sea,Fast_Middle
2017-05-17T09:18:07Z,141.552788644096,40.7815983050908,546643.599439417,4514659.83540418,2017_bird_020_1_trip,K17E02,bird_020,18,2017,26986.6992404789,0,61.8739790038421,1.0052236210451,0.206246596679474,10957.125519894402,Slow,Sea,Fast_Middle
2017-05-17T09:23:07Z,141.553185500005,40.7820670000025,546676.75766943,4514712.07448017,2017_bird_020_1_trip,K17E02,bird_020,18,2017,27038.2572212801,0,51.0245746584049,1.00067002727041,0.170081915528016,10995.990717404233,Slow,Sea,Fast_Middle
2017-05-17T09:28:07Z,141.553515084741,40.7824523728846,546704.297590499,4514755.02864139,2017_bird_020_1_trip,K17E02,bird_020,18,2017,27080.6785336868,0,22.8369690517746,-1.05654190251141,0.076123230172582,11028.266122147972,Slow,Sea,Fast_Middle
2017-05-17T09:33:07Z,141.553646721347,40.7822726229741,546715.530772274,4514735.14541271,2017_bird_020_1_trip,K17E02,bird_020,18,2017,27060.579071099,0,424.534129072418,-0.865725510620692,1.41511376357473,11037.109207667332,Slow,Sea,Fast_Middle
2017-05-17T09:38:07Z,141.556883002949,40.7793445005737,546990.666146016,4514411.83479912,2017_bird_020_1_trip,K17E02,bird_020,18,2017,26733.4130177486,0,191.006253525303,-0.818301661872241,0.636687511751009,11273.28004378614,Slow,Sea,Fast_Middle
2017-05-17T09:43:07Z,141.558419500001,40.7780810000002,547121.211653592,4514272.40288262,2017_bird_020_1_trip,K17E02,bird_020,18,2017,26593.1220068317,0,84.8432153941901,1.46703728406365,0.282810717980634,11386.940200401585,Slow,Sea,Fast_Middle
2017-05-17T09:48:07Z,141.55853,40.7788406666667,547129.999117027,4514356.78979917,2017_bird_020_1_trip,K17E02,bird_020,18,2017,26677.5082438117,0,70.3238359457603,1.5083131738261,0.234412786485867,11405.289608728554,Slow,Sea,Fast_Middle
2017-05-17T09:53:07Z,141.558587333341,40.7794726666764,547134.390313413,4514426.97640257,2017_bird_020_1_trip,K17E02,bird_020,18,2017,26747.7059633194,0,80.3039204258762,1.77495492388592,0.267679734752921,11417.64860854666,Slow,Sea,Fast_Middle
2017-05-17T09:58:07Z,141.558400327869,40.7801819672131,547118.109231327,4514505.61256475,2017_bird_020_1_trip,K17E02,bird_020,18,2017,26826.4287559248,0,326.199005355983,-0.956254775577646,1.08733001785328,11410.449728246142,Slow,Sea,Fast_Middle
2017-05-17T10:03:07Z,141.560609005654,40.777770334825,547306.190362831,4514239.0956252,2017_bird_020_1_trip,K17E02,bird_020,18,2017,26559.7496574576,0,425.135340247444,-0.810998208158781,1.41711780082481,11566.73691562224,Slow,Sea,Fast_Middle
2017-05-17T10:08:07Z,141.564055499996,40.7749770000017,547599.012999405,4513930.88309943,2017_bird_020_1_trip,K17E02,bird_020,18,2017,26254.0059227831,0,77.7431589125676,1.43235125939598,0.259143863041892,11822.146177516985,Slow,Sea,Fast_Middle
2017-05-17T10:13:07Z,141.564188500004,40.7756700000003,547609.741806246,4514007.88239463,2017_bird_020_1_trip,K17E02,bird_020,18,2017,26331.1821349694,0,102.395768147834,0.872125859563146,0.341319227159445,11841.60259468839,Slow,Sea,Fast_Middle
2017-05-17T10:18:07Z,141.564974918029,40.7763724590185,547675.602788423,4514086.28663152,2017_bird_020_1_trip,K17E02,bird_020,18,2017,26410.6586560794,0,42.4081686905405,-0.271320870281985,0.141360562301802,11915.919153634402,Slow,Sea,Fast_Middle
2017-05-17T10:23:07Z,141.565458196628,40.7762677049469,547716.45957038,4514074.92106335,2017_bird_020_1_trip,K17E02,bird_020,18,2017,26400.0258107393,0,80.0822904847011,0.639931757847842,0.266940968282337,11955.14513041552,Slow,Sea,Fast_Middle
2017-05-17T10:28:07Z,141.566223050841,40.776694745764,547780.696499375,4514122.7414586,2017_bird_020_1_trip,K17E02,bird_020,18,2017,26449.1371966113,0,72.3161454374147,1.19840248902291,0.241053818124716,12024.34198550153,Slow,Sea,Fast_Middle
2017-05-17T10:33:07Z,141.56654,40.7773,547807.00845656,4514190.10098503,2017_bird_020_1_trip,K17E02,bird_020,18,2017,26517.0752956112,0,74.8551833123276,0.719676559917544,0.249517277707759,12058.142867165778,Slow,Sea,Fast_Middle
2017-05-17T10:38:07Z,141.567210847457,40.7777411864409,547863.300973759,4514239.44114085,2017_bird_020_1_trip,K17E02,bird_020,18,2017,26567.7234405277,0,109.511639663077,1.20371753275061,0.365038798876925,12119.673385299226,Slow,Sea,Fast_Middle
2017-05-17T10:43:07Z,141.567684426232,40.7786596721577,547902.603646936,4514341.65708433,2017_bird_020_1_trip,K17E02,bird_020,18,2017,26670.9234004927,0,102.27801455486,0.962504234312367,0.340926715182868,12170.310397644233,Slow,Sea,Fast_Middle
2017-05-17T10:48:07Z,141.568383499993,40.7794123333366,547961.052130718,4514425.5890032,2017_bird_020_1_trip,K17E02,bird_020,18,2017,26756.4125191495,0,123.078366770283,1.18703431512055,0.410261222567609,12237.905396629249,Slow,Sea,Fast_Middle
2017-05-17T10:53:07Z,141.568938360612,40.7804377049247,548007.13408462,4514539.71497698,2017_bird_020_1_trip,K17E02,bird_020,18,2017,26871.8465304062,0,101.212374372959,0.915031695632859,0.337374581243196,12296.653417996207,Slow,Sea,Fast_Middle
2017-05-17T10:58:07Z,141.569675901643,40.7811567213136,548068.849894066,4514619.9340744,2017_bird_020_1_trip,K17E02,bird_020,18,2017,26953.9326031089,0,67.5327326136733,0.51234596396310506,0.225109108712244,12367.05643300936,Slow,Sea,Fast_Middle
2017-05-17T11:03:07Z,141.570375999997,40.781451500003,548127.711211818,4514653.04019538,2017_bird_020_1_trip,K17E02,bird_020,18,2017,26988.9487718434,0,70.2777164099209,0.248970106819044,0.234259054699736,12429.285214091524,Slow,Sea,Fast_Middle
2017-05-17T11:08:07Z,141.571184500021,40.7816035000027,548195.822034839,4514670.357043,2017_bird_020_1_trip,K17E02,bird_020,18,2017,27008.6358053092,0,77.4901414386736,0.653734362949777,0.258300471462245,12498.850039121464,Slow,Sea,Fast_Middle
2017-05-17T11:13:07Z,141.571917118631,40.7820244067861,548257.335124644,4514717.48306344,2017_bird_020_1_trip,K17E02,bird_020,18,2017,27058.0358107283,0,88.9149909063554,0.523800844262058,0.296383303021185,12565.256980374974,Slow,Sea,Fast_Middle
2017-05-17T11:18:07Z,141.572832999991,40.782420500001,548334.328780508,4514761.95611781,2017_bird_020_1_trip,K17E02,bird_020,18,2017,27105.5474116341,0,83.0228975744421,0.516628103161846,0.276742991914807,12646.745254929145,Slow,Sea,Fast_Middle
2017-05-17T11:23:07Z,141.573691666662,40.7827856666671,548406.51633246,4514802.96537121,2017_bird_020_1_trip,K17E02,bird_020,18,2017,27149.5951004669,0,87.4577358319163,0.819819393278358,0.291525786106388,12723.06991475354,Slow,Sea,Fast_Middle
2017-05-17T11:28:07Z,141.574403859655,40.783358070179,548466.193402393,4514866.898953,2017_bird_020_1_trip,K17E02,bird_020,18,2017,27216.1578758547,0,91.5798679535144,0.221044792064142,0.305266226511715,12789.583140128923,Slow,Sea,Fast_Middle
2017-05-17T11:33:07Z,141.575464333326,40.7835336666691,548555.545032535,4514886.97775789,2017_bird_020_1_trip,K17E02,bird_020,18,2017,27240.4564425535,0,84.1057192809108,0.394592621557282,0.280352397603036,12880.562142864495,Slow,Sea,Fast_Middle
2017-05-17T11:38:07Z,141.576386999999,40.7838203333395,548633.18750066,4514919.31070021,2017_bird_020_1_trip,K17E02,bird_020,18,2017,27276.674105913,0,93.4055978214272,-0.152554193294933,0.311351992738091,12961.311539203263,Slow,Sea,Fast_Middle
2017-05-17T11:43:07Z,141.577480000013,40.7836870000125,548725.508300734,4514905.11649089,2017_bird_020_1_trip,K17E02,bird_020,18,2017,27267.434318742,0,76.6300785816128,0.186225864308278,0.255433595272043,13051.309538381456,Slow,Sea,Fast_Middle
2017-05-17T11:48:07Z,141.57837355932,40.7838103390058,548800.813446686,4514919.30465274,2017_bird_020_1_trip,K17E02,bird_020,18,2017,27285.8648741411,0,113.132594178501,0.0267263591128197,0.377108647261671,13127.673717247708,Slow,Sea,Fast_Middle
2017-05-17T11:53:07Z,141.579714067794,40.7838308474618,548913.905638062,4514922.32791513,2017_bird_020_1_trip,K17E02,bird_020,18,2017,27295.6685297036,0,101.226340794069,0.0506276818924987,0.33742113598023,13240.242571058165,Slow,Sea,Fast_Middle
2017-05-17T11:58:07Z,141.580912580642,40.7838709677555,549015.002276799,4514927.45058109,2017_bird_020_1_trip,K17E02,bird_020,18,2017,27307.2421807446,0,87.0760042269234,0.196023680533466,0.290253347423078,13341.15500602744,Slow,Sea,Fast_Middle
2017-05-17T12:03:07Z,141.581926101699,40.7840186440724,549100.4106711,4514944.41043649,2017_bird_020_1_trip,K17E02,bird_020,18,2017,27329.9153912383,0,103.639809936812,-0.00226027661538696,0.345466033122707,13427.859459661451,Slow,Sea,Fast_Middle
2017-05-17T12:08:07Z,141.583154333333,40.7840103333357,549204.050216296,4514944.17618205,2017_bird_020_1_trip,K17E02,bird_020,18,2017,27337.0084260715,0,99.9667113557305,0.097127032990129,0.333222371185768,13530.681731002423,Slow,Sea,Fast_Middle
2017-05-17T12:13:07Z,141.584334237282,40.7840916949198,549303.54577221,4514953.87039334,2017_bird_020_1_trip,K17E02,bird_020,18,2017,27354.0799094464,0,124.354270364433,-0.0735137740874295,0.414514234548109,13630.531728929727,Slow,Sea,Fast_Middle
2017-05-17T12:18:07Z,141.585803278686,40.7840019672145,549427.564171541,4514944.73687347,2017_bird_020_1_trip,K17E02,bird_020,18,2017,27354.699801991,0,81.6482194496462,0.317148135412528,0.272160731498821,13752.589087705584,Slow,Sea,Fast_Middle
2017-05-17T12:23:07Z,141.586724666673,40.7842266666694,549505.140484713,4514970.19953975,2017_bird_020_1_trip,K17E02,bird_020,18,2017,27386.4537512069,0,111.766157668605,-0.158766753252708,0.37255385889535,13832.468105899943,Slow,Sea,Fast_Middle
2017-05-17T12:28:07Z,141.588031166666,40.7840608333337,549615.500960674,4514952.52924417,2017_bird_020_1_trip,K17E02,bird_020,18,2017,27378.2755509988,0,77.2906112129171,-0.0246304057719588,0.257635370709724,13940.007655335156,Slow,Sea,Fast_Middle
2017-05-17T12:33:07Z,141.588946721318,40.7840390164052,549692.768128631,4514950.62573753,2017_bird_020_1_trip,K17E02,bird_020,18,2017,27383.249223666,0,97.475764636446,0.0648156113015391,0.32491921545482,14016.455794352036,Slow,Sea,Fast_Middle
2017-05-17T12:38:07Z,141.5901,40.78409,549790.039214002,4514956.93926605,2017_bird_020_1_trip,K17E02,bird_020,18,2017,27398.4942420749,0,94.2553535884648,-0.488623231486504,0.314184511961549,14113.70706773388,Slow,Sea,Fast_Middle
2017-05-17T12:43:07Z,141.591082786862,40.7836863934565,549873.264802822,4514912.69479695,2017_bird_020_1_trip,K17E02,bird_020,18,2017,27362.3754403088,0,90.6833312549197,-0.201397841053169,0.302277770849732,14191.270464164423,Slow,Sea,Fast_Middle
2017-05-17T12:48:07Z,141.592134310354,40.7835175862115,549962.115234631,4514894.55458376,2017_bird_020_1_trip,K17E02,bird_020,18,2017,27353.0804982325,0,106.114038141617,-0.267206609121241,0.353713460472058,14277.358608481149,Slow,Sea,Fast_Middle
2017-05-17T12:53:07Z,141.593345000005,40.7832589655234,550064.463521174,4514866.53642299,2017_bird_020_1_trip,K17E02,bird_020,18,2017,27335.6565055396,0,95.4591870832737,-0.252501867511007,0.318197290277579,14375.75266374719,Slow,Sea,Fast_Middle
2017-05-17T12:58:07Z,141.594438500008,40.7830385000281,550156.895737342,4514842.68811461,2017_bird_020_1_trip,K17E02,bird_020,18,2017,27321.7129550212,0,93.4337285364641,-0.278657346106752,0.311445761788214,14464.75416985312,Slow,Sea,Fast_Middle
2017-05-17T13:03:07Z,141.595500999995,40.78280150001,550246.725317909,4514816.98776279,2017_bird_020_1_trip,K17E02,bird_020,18,2017,27305.9662354262,0,90.7699282511,-0.0139967388926798,0.302566427503667,14550.976298749005,Slow,Sea,Fast_Middle
2017-05-17T13:08:07Z,141.596576500026,40.7827845000223,550337.486354996,4514815.71732129,2017_bird_020_1_trip,K17E02,bird_020,18,2017,27314.9160844538,0,102.325204646461,-0.195263839482897,0.341084015488203,14640.898167873009,Slow,Sea,Fast_Middle
2017-05-17T13:13:07Z,141.597764500002,40.7825995000173,550437.867023859,4514795.86363587,2017_bird_020_1_trip,K17E02,bird_020,18,2017,27306.8356088034,0,90.4790031538227,-0.0466954512947687,0.301596677179409,14738.277629633303,Slow,Sea,Fast_Middle
2017-05-17T13:18:07Z,141.598835245876,40.7825559016591,550528.247401778,4514791.64021322,2017_bird_020_1_trip,K17E02,bird_020,18,2017,27313.4432682661,0,99.6064514586281,0.430157136545411,0.332021504862094,14827.488985387456,Slow,Sea,Fast_Middle
2017-05-17T13:23:07Z,141.599911500018,40.7829245000108,550618.779728698,4514833.17746101,2017_bird_020_1_trip,K17E02,bird_020,18,2017,27365.7906319391,0,87.2781496061003,0.0743070009115716,0.290927165353668,14922.061050005375,Slow,Sea,Fast_Middle
2017-05-17T13:28:07Z,141.60094349995,40.7829775000459,550705.817034676,4514839.656872,2017_bird_020_1_trip,K17E02,bird_020,18,2017,27383.1696328109,0,137.019844803969,0.38964592351073,0.456732816013231,15009.182723595806,Slow,Sea,Fast_Middle
2017-05-17T13:33:07Z,141.60244983607,40.7834385245982,550832.566367604,4514891.70535394,2017_bird_020_1_trip,K17E02,bird_020,18,2017,27451.2128888324,0,85.7038231291094,0.224873432874445,0.285679410430365,15140.927350698195,Slow,Sea,Fast_Middle
2017-05-17T13:38:07Z,141.603441499982,40.7836055000111,550916.112368773,4514910.81584812,2017_bird_020_1_trip,K17E02,bird_020,18,2017,27481.2802431874,0,216.391404557315,0.997655855776289,0.721304681857716,15226.034867392187,Slow,Sea,Fast_Middle
2017-05-17T13:43:07Z,141.604846999988,40.7852360000042,551033.455660402,4515092.6283666,2017_bird_020_1_trip,K17E02,bird_020,18,2017,27677.4476766254,0,89.1241240845505,0.159450494802836,0.297080413615168,15363.208057713566,Slow,Sea,Fast_Middle
2017-05-17T13:48:07Z,141.605891000006,40.7853580000099,551121.449216497,4515106.77911144,2017_bird_020_1_trip,K17E02,bird_020,18,2017,27703.7283494353,0,74.1261464121661,-0.128279573714423,0.24708715470722,15452.15391212956,Slow,Sea,Fast_Middle
2017-05-17T13:53:07Z,141.606761499929,40.7852680000823,551194.96630188,4515097.29629863,2017_bird_020_1_trip,K17E02,bird_020,18,2017,27704.7931229234,0,130.950078082462,0.18409413478224,0.436500260274873,15524.03060706998,Slow,Sea,Fast_Middle
2017-05-17T13:58:07Z,141.608289180295,40.7854759016705,551323.703648148,4515121.26750273,2017_bird_020_1_trip,K17E02,bird_020,18,2017,27747.2802228298,0,91.4344231586742,0.106171320772329,0.304781410528914,15654.529407285969,Slow,Sea,Fast_Middle
2017-05-17T14:03:07Z,141.609367499963,40.7855575000256,551414.623214836,4515130.95698835,2017_bird_020_1_trip,K17E02,bird_020,18,2017,27770.4598698266,0,213.931225047165,0.678532558583838,0.713104083490549,15745.867497637588,Slow,Sea,Fast_Middle
2017-05-17T14:08:07Z,141.611352372885,40.7867566101702,551581.167517908,4515265.23120093,2017_bird_020_1_trip,K17E02,bird_020,18,2017,27928.7818114879,0,94.2766219676446,0.290886209089628,0.314255406558815,15926.479404221622,Slow,Sea,Fast_Middle
2017-05-17T14:13:07Z,141.612425000024,40.7869945000184,551671.483587076,4515292.26986029,2017_bird_020_1_trip,K17E02,bird_020,18,2017,27969.736926306,0,98.0650980976465,0.0226172307151104,0.326883660325488,16019.193782871624,Slow,Sea,Fast_Middle
2017-05-17T14:18:07Z,141.613587118432,40.7870083051779,551769.523604175,4515294.48763215,2017_bird_020_1_trip,K17E02,bird_020,18,2017,27987.7036752739,0,481.622081508644,0.661579144371033,1.60540693836215,16116.746237943013,Fast_Outbound,Sea,Fast_Middle
2017-05-17T14:23:07Z,141.618115582403,40.789649669188,552149.534526369,4515590.37870739,2017_bird_020_1_trip,K17E02,bird_020,18,2017,28343.4513855116,1,1160.6917101672,0.445089397767233,3.86897236722399,16527.650235414523,Fast_Outbound,Sea,Fast_Middle
2017-05-17T14:28:07Z,141.630574500008,40.7940840000017,553197.142573309,4516090.10125645,2017_bird_020_1_trip,K17E02,bird_020,18,2017,29033.4066878396,1,1125.9151061881,0.604342896305239,3.75305035396033,17624.364299686586,Fast_Outbound,Sea,Fast_Middle
2017-05-17T14:33:07Z,141.641611499943,40.7997865000822,554123.63070457,4516729.87040933,2017_bird_020_1_trip,K17E02,bird_020,18,2017,29860.5921562702,0,143.021207944682,0.156778995500065,0.476737359815607,18616.82121723585,Slow,Sea,Fast_Middle
2017-05-17T14:38:07Z,141.643288000006,40.7999783333413,554264.897804021,4516752.20138635,2017_bird_020_1_trip,K17E02,bird_020,18,2017,29915.2959826865,0,120.525341045407,0.137884610642285,0.401751136818022,18759.56638774179,Slow,Sea,Fast_Middle
2017-05-17T14:43:07Z,141.644704576274,40.8001196610432,554384.279235254,4516768.76736688,2017_bird_020_1_trip,K17E02,bird_020,18,2017,29959.7403237034,0,144.730030704595,0.161118487503848,0.482433435681984,18879.935248101858,Slow,Sea,Fast_Middle
2017-05-17T14:48:07Z,141.646400000003,40.8003193333459,554527.134790693,4516791.98529246,2017_bird_020_1_trip,K17E02,bird_020,18,2017,30016.7674568394,0,138.939586679842,0.080152605848498,0.463131955599474,19024.36126644414,Slow,Sea,Fast_Middle
2017-05-17T14:53:07Z,141.648042666665,40.8004103333535,554665.628311725,4516803.10974206,2017_bird_020_1_trip,K17E02,bird_020,18,2017,30061.5816625892,0,141.15036445451,0.0937564658727759,0.470501214848365,19163.075746460545,Slow,Sea,Fast_Middle
2017-05-17T14:58:07Z,141.649709666667,40.8005200000117,554806.158755233,4516816.32412184,2017_bird_020_1_trip,K17E02,bird_020,18,2017,30109.5074760381,0,135.666636914154,0.140069588064014,0.452222123047181,19304.05121467118,Slow,Sea,Fast_Middle
2017-05-17T15:03:07Z,141.651303770482,40.8006816393686,554940.496711537,4516835.26481527,2017_bird_020_1_trip,K17E02,bird_020,18,2017,30161.9688490518,0,143.468517650707,0.138079127419927,0.478228392169025,19439.534824637656,Slow,Sea,Fast_Middle
2017-05-17T15:08:07Z,141.65299,40.80085,555082.599726505,4516855.01193389,2017_bird_020_1_trip,K17E02,bird_020,18,2017,30217.7483170656,0,124.051881857649,0.153427009425051,0.41350627285883,19582.817389044572,Slow,Sea,Fast_Middle
2017-05-17T15:13:07Z,141.654444915243,40.8010125423791,555205.194389117,4516873.97025902,2017_bird_020_1_trip,K17E02,bird_020,18,2017,30268.1891242616,0,260.861159915193,1.53596692634686,0.869537199717309,19706.650509556275,Slow,Sea,Fast_Middle
2017-05-17T15:18:07Z,141.654575666666,40.8033603333374,555214.278190083,4517134.67321127,2017_bird_020_1_trip,K17E02,bird_020,18,2017,30522.2007364879,0,128.225060418061,-0.0794980952490997,0.427416868060202,19745.40192429905,Slow,Sea,Fast_Middle
2017-05-17T15:23:07Z,141.65609,40.80326,555342.098276051,4517124.49029703,2017_bird_020_1_trip,K17E02,bird_020,18,2017,30546.126667909,0,122.210942441644,-0.0756960922231214,0.407369808138813,19871.094766974256,Slow,Sea,Fast_Middle
2017-05-17T15:28:07Z,141.657533770497,40.8031685245938,555463.959257504,4517115.24823817,2017_bird_020_1_trip,K17E02,bird_020,18,2017,30569.8698943006,0,149.288729901245,-0.0669557167595619,0.497629099670816,19990.997973394573,Slow,Sea,Fast_Middle
2017-05-17T15:33:07Z,141.659298644072,40.8030684745823,555612.913476638,4517105.25997117,2017_bird_020_1_trip,K17E02,bird_020,18,2017,30600.7891458357,0,131.965632063988,-0.0437860953892134,0.439885440213294,20137.66596782205,Slow,Sea,Fast_Middle
2017-05-17T15:38:07Z,141.660861000008,40.8030075000099,555744.752625196,4517099.48355761,2017_bird_020_1_trip,K17E02,bird_020,18,2017,30631.681308644602,0,138.577129924067,0.083820726988833,0.461923766413558,20267.858058215443,Slow,Sea,Fast_Middle
2017-05-17T15:43:07Z,141.662499016391,40.803102622951,555882.843224562,4517111.08559642,2017_bird_020_1_trip,K17E02,bird_020,18,2017,30681.5538550701,0,124.373962107084,0.0838113074613568,0.414579873690278,20406.2323619734,Slow,Sea,Fast_Middle
2017-05-17T15:48:07Z,141.66396915255,40.803187966112,556006.780620105,4517121.49734154,2017_bird_020_1_trip,K17E02,bird_020,18,2017,30726.777355528,0,127.595112037808,0.0663044940051275,0.425317040126026,20530.424890692793,Slow,Sea,Fast_Middle
2017-05-17T15:53:07Z,141.665479152521,40.8032554237394,556134.095362583,4517129.95127338,2017_bird_020_1_trip,K17E02,bird_020,18,2017,30771.5416178837,0,145.793222321565,0.124314033862651,0.48597740773855,20657.7500424144,Slow,Sea,Fast_Middle
2017-05-17T15:58:07Z,141.667195737667,40.8034083606769,556278.763492255,4517148.02877133,2017_bird_020_1_trip,K17E02,bird_020,18,2017,30831.0700451999,0,122.797767789886,0.294464617154314,0.409325892632954,20803.384012381503,Slow,Sea,Fast_Middle
2017-05-17T16:03:07Z,141.668591999999,40.8037213333339,556396.275757057,4517183.66806699,2017_bird_020_1_trip,K17E02,bird_020,18,2017,30899.8628434104,0,156.657217669973,0.324838247268642,0.522190725566577,20924.05201873532,Slow,Sea,Fast_Middle
2017-05-17T16:08:07Z,141.670356500011,40.8041615000454,556544.740172438,4517233.66607909,2017_bird_020_1_trip,K17E02,bird_020,18,2017,30991.9959313495,1,1721.26170766078,0.607232949842817,5.73753902553594,21077.109146108076,Fast_Outbound,Sea,Fast_Middle
2017-05-17T16:13:07Z,141.687204754099,40.8129100000182,557958.291977937,4518215.81329791,2017_bird_020_1_trip,K17E02,bird_020,18,2017,32371.6217968775,0,117.584950250203,0.395087612468075,0.391949834167344,22591.97303538172,Slow,Sea,Fast_Middle
2017-05-17T16:18:07Z,141.688495666667,40.8133100000308,558066.818518363,4518261.0704581,2017_bird_020_1_trip,K17E02,bird_020,18,2017,32450.4696020372,0,134.495467644763,0.143178797142949,0.448318225482543,22704.86217874381,Slow,Sea,Fast_Middle
2017-05-17T16:23:07Z,141.690075737689,40.8134734426438,558199.937749672,4518280.26162984,2017_bird_020_1_trip,K17E02,bird_020,18,2017,32513.303150674,0,116.850572049328,0.315202045837566,0.389501906831092,22839.158234004128,Slow,Sea,Fast_Middle
2017-05-17T16:28:07Z,141.691396271176,40.8137918644168,558311.031533672,4518316.48630851,2017_bird_020_1_trip,K17E02,bird_020,18,2017,32585.0808444091,0,136.511885130422,0.253756360148234,0.455039617101407,22953.52664673881,Slow,Sea,Fast_Middle
2017-05-17T16:33:07Z,141.69296616666,40.8140911666764,558443.171796286,4518350.7564964,2017_bird_020_1_trip,K17E02,bird_020,18,2017,32662.5127181577,0,128.100197981561,0.251963806944396,0.427000659938536,23088.58033870458,Slow,Sea,Fast_Middle
2017-05-17T16:38:07Z,141.69444,40.81437,558567.227192097,4518382.69267484,2017_bird_020_1_trip,K17E02,bird_020,18,2017,32735.3361701628,0,135.248973404348,0.368209167474998,0.450829911347827,23215.35706321469,Slow,Sea,Fast_Middle
2017-05-17T16:43:07Z,141.695940655741,40.8147995082324,558693.410892464,4518431.37489509,2017_bird_020_1_trip,K17E02,bird_020,18,2017,32824.9374799513,0,142.551161595982,0.212355027804416,0.475170538653274,23346.115999833215,Slow,Sea,Fast_Middle
2017-05-17T16:48:07Z,141.697595666666,40.8150601666749,558832.7599664,4518461.41934991,2017_bird_020_1_trip,K17E02,bird_020,18,2017,32902.0510891007,0,126.235809001791,0.197077342057187,0.420786030005969,23487.84303226626,Slow,Sea,Fast_Middle
2017-05-17T16:53:07Z,141.699065737687,40.8152739344472,558956.552233099,4518486.13683724,2017_bird_020_1_trip,K17E02,bird_020,18,2017,32969.0776375966,0,139.799255975794,0.221796161413976,0.465997519919315,23613.527489612603,Slow,Sea,Fast_Middle
2017-05-17T16:58:07Z,141.70068557376501,40.8155411475491,559092.926952478,4518516.89017666,2017_bird_020_1_trip,K17E02,bird_020,18,2017,33046.607439381,1,1605.97251691809,0.568690479065431,5.3532417230603,23752.373915899047,Fast_Outbound,Sea,Fast_Middle
2017-05-17T17:03:07Z,141.716813663232,40.8232331184076,560446.130496615,4519381.75310987,2017_bird_020_1_trip,K17E02,bird_020,18,2017,34353.6500233612,1,3106.0052601337,0.455639440783102,10.3533508671123,25193.96135448449,Fast_Outbound,Sea,Fast_Middle
2017-05-17T17:08:07Z,141.750025245892,40.8353342622987,563235.260585846,4520748.50913101,2017_bird_020_1_trip,K17E02,bird_020,18,2017,36747.0344152306,0,117.500809333227,0.384922139532212,0.39166936444409,28117.793507998605,Slow,Sea,Fast_Middle
2017-05-17T17:13:07Z,141.751321311474,40.8357232786888,563344.163587309,4520792.62915442,2017_bird_020_1_trip,K17E02,bird_020,18,2017,36834.3311785372,0,102.916340803153,1.00282661816642,0.343054469343844,28230.898692678027,Slow,Sea,Fast_Middle
2017-05-17T17:18:07Z,141.751986721309,40.8365004918151,563399.52451346,4520879.38709965,2017_bird_020_1_trip,K17E02,bird_020,18,2017,36936.6084076314,0,99.7279457879037,0.980167444985359,0.332426485959679,28295.740643351484,Slow,Sea,Fast_Middle
2017-05-17T17:23:07Z,141.752653833325,40.8372423333372,563455.061358598,4520962.22019692,2017_bird_020_1_trip,K17E02,bird_020,18,2017,37035.4378238354,0,105.902436800488,0.920020312347494,0.353008122668294,28360.29449919673,Slow,Sea,Fast_Middle
2017-05-17T17:28:07Z,141.753423333297,40.8379963333561,563519.217477996,4521046.47765038,2017_bird_020_1_trip,K17E02,bird_020,18,2017,37139.3367853252,0,117.941337975436,1.21007944796386,0.393137793251454,28433.560513986256,Slow,Sea,Fast_Middle
2017-05-17T17:33:07Z,141.753928305132,40.8389871187279,563560.844291467,4521156.82876095,2017_bird_020_1_trip,K17E02,bird_020,18,2017,37256.8030292277,0,143.079281006534,0.472536464475453,0.476930936688447,28487.45978445452,Slow,Sea,Fast_Middle
2017-05-17T17:38:07Z,141.755446000014,40.8395638333374,563688.244471474,4521221.95076021,2017_bird_020_1_trip,K17E02,bird_020,18,2017,37371.3545304676,0,118.737631146192,0.849610972326354,0.39579210382064,28621.307886458075,Slow,Sea,Fast_Middle
2017-05-17T17:43:07Z,141.756385000024,40.8403610000032,563766.644004195,4521311.12552301,2017_bird_020_1_trip,K17E02,bird_020,18,2017,37486.0090756603,0,466.59397002401,0.746963800617106,1.55531323341337,28709.28843374656,Fast_Outbound,Sea,Fast_Middle
2017-05-17T17:48:07Z,141.760478360617,40.8431898360869,564109.009702023,4521628.13603042,2017_bird_020_1_trip,K17E02,bird_020,18,2017,37922.1303544844,0,91.0218219423658,0.418758944795118,0.303406073141219,29085.1828310475,Slow,Sea,Fast_Middle
2017-05-17T17:53:07Z,141.761468524521,40.8435167213182,564192.166718836,4521665.14795586,2017_bird_020_1_trip,K17E02,bird_020,18,2017,37992.3801407519,0,117.535224213925,0.921600756243761,0.391784080713085,29171.92453018742,Slow,Sea,Fast_Middle
2017-05-17T17:58:07Z,141.762320999954,40.8443545000107,564263.222146955,4521758.77303298,2017_bird_020_1_trip,K17E02,bird_020,18,2017,38107.9354420495,0,137.750262249372,0.787949753407036,0.45916754083124,29253.125190854993,Slow,Sea,Fast_Middle
2017-05-17T18:03:07Z,141.763483500003,40.845226500001,564360.377439249,4521856.42539562,2017_bird_020_1_trip,K17E02,bird_020,18,2017,38238.8043300046,1,3169.537086173,0.497838326444486,10.5651236205767,29360.66129195872,Fast_Outbound,Sea,Fast_Middle
2017-05-17T18:08:07Z,141.796678976567,40.8586365134006,567145.186200207,4523369.96611378,2017_bird_020_1_trip,K17E02,bird_020,18,2017,40881.3313985972,1,2517.19964905055,0.896656914845325,8.39066549683517,32296.84937478724,Fast_Outbound,Sea,Fast_Middle
2017-05-17T18:13:07Z,141.815538000011,40.8762200000009,568716.485700727,4525336.51434681,2017_bird_020_1_trip,K17E02,bird_020,18,2017,43367.2099615554,0,81.682220266767,1.89620201847326,0.27227406755589,33966.81562122642,Slow,Sea,Fast_Middle
2017-05-17T18:18:07Z,141.815236666666,40.8769193333347,568690.372449237,4525413.90997462,2017_bird_020_1_trip,K17E02,bird_020,18,2017,43421.536485883,0,435.012854112332,1.2606930177026,1.45004284704111,33944.259757647444,Fast_Outbound,Sea,Fast_Middle
2017-05-17T18:23:07Z,141.816857868819,40.8806396721358,568823.119675256,4525828.17360714,2017_bird_020_1_trip,K17E02,bird_020,18,2017,43847.4758547381,1,934.291897863102,1.11974805269344,3.11430632621034,34095.39608036184,Fast_Outbound,Sea,Fast_Middle
2017-05-17T18:28:07Z,141.821784908342,40.8881793237788,569230.38611867,4526669.02757453,2017_bird_020_1_trip,K17E02,bird_020,18,2017,44780.1969696676,0,546.190673247643,1.03270234813602,1.82063557749214,34539.611540382444,Fast_Outbound,Sea,Fast_Middle
2017-05-17T18:33:07Z,141.825159830509,40.8923801694915,569510.308973992,4527138.0344472,2017_bird_020_1_trip,K17E02,bird_020,18,2017,45326.4169541445,1,1308.46514246918,1.07153100932023,4.36155047489727,34840.06791561794,Fast_Outbound,Sea,Fast_Middle
2017-05-17T18:38:07Z,141.832725666657,40.9026740000042,570136.776784644,4528286.78120401,2017_bird_020_1_trip,K17E02,bird_020,18,2017,46635.1838488464,0,60.327119349723,1.35303706857821,0.20109039783241,35516.86617281285,Slow,Sea,Fast_Middle
2017-05-17T18:43:07Z,141.832887049183,40.9032034426237,570149.809996846,4528345.68363782,2017_bird_020_1_trip,K17E02,bird_020,18,2017,46692.9086943033,1,1720.0311166398,1.11149731965405,5.73343705546598,35532.48154906332,Fast_Outbound,Sea,Fast_Middle
2017-05-17T18:48:07Z,141.842115737685,40.9170250819845,570912.333970518,4529887.45671833,2017_bird_020_1_trip,K17E02,bird_020,18,2017,48411.0881603261,1,2285.72833680284,0.87808965605467,7.61909445600945,36362.749794953,Fast_Outbound,Sea,Fast_Middle
2017-05-17T18:53:07Z,141.859653981541,40.9327403404844,572372.05118852,4531646.37106335,2017_bird_020_1_trip,K17E02,bird_020,18,2017,50661.8433080699,1,3719.9688690098,0.904374292846174,12.3998962300327,37898.41410728663,Fast_Outbound,Sea,Fast_Middle
2017-05-17T18:58:07Z,141.887318654024,40.9588710033771,574671.652358736,4534570.40985317,2017_bird_020_1_trip,K17E02,bird_020,18,2017,54345.7800919627,1,3439.69640706079,0.943880709596807,11.4656546902026,40324.47765798636,Fast_Outbound,Sea,Fast_Middle
2017-05-17T19:03:07Z,141.911639658955,40.9837743347387,576689.549201176,4537356.01637707,2017_bird_020_1_trip,K17E02,bird_020,18,2017,57771.3225888212,1,3438.02572531013,0.769181661483751,11.4600857510338,42463.1420897726,Fast_Outbound,Sea,Fast_Middle
2017-05-17T19:08:07Z,141.941305985878,41.0050770072076,579159.70227993,4539747.32661529,2017_bird_020_1_trip,K17E02,bird_020,18,2017,61096.0667156216,1,2512.83022398988,0.788556367901797,8.37610074663292,45035.33473735758,Fast_Outbound,Sea,Fast_Middle
2017-05-17T19:13:07Z,141.962598813557,41.0209574576275,580930.921097442,4541529.76865785,2017_bird_020_1_trip,K17E02,bird_020,18,2017,63544.9987649227,0,313.675900383811,1.60224796666068,1.0455863346127,46882.71463356831,Slow,Sea,Fast_Middle
2017-05-17T19:18:07Z,141.962522621766,41.0237822970212,580921.057102429,4541843.28942604,2017_bird_020_1_trip,K17E02,bird_020,18,2017,63805.8272827341,1,1717.1463268309,0.401015958233055,5.72382108943634,46886.93317694465,Fast_Outbound,Sea,Fast_Middle
2017-05-17T19:23:07Z,141.981413999997,41.0296610000041,582501.973429587,4542513.58419275,2017_bird_020_1_trip,K17E02,bird_020,18,2017,65218.0953640142,1,1322.59649010156,1.09945622559128,4.4086549670052,48494.5555925251,Fast_Outbound,Sea,Fast_Middle
2017-05-17T19:28:07Z,141.988715900522,41.0402134427432,583102.538930077,4543691.9655212,2017_bird_020_1_trip,K17E02,bird_020,18,2017,66534.5757813065,0,664.276996896074,1.43694296908866,2.21425665632025,49146.664356784415,Fast_Middle,Sea,Fast_Middle
2017-05-17T19:33:07Z,141.98985932203,41.0461338983054,583191.189361324,4544350.30056481,2017_bird_020_1_trip,K17E02,bird_020,18,2017,67137.5077787682,0,427.343215293631,0.914135011347794,1.4244773843121,49264.57689234142,Fast_Middle,Sea,Fast_Middle
2017-05-17T19:38:07Z,141.993008852496,41.0491557377114,583452.072097369,4544688.77127505,2017_bird_020_1_trip,K17E02,bird_020,18,2017,67563.2251236919,0,299.229848410726,0.13948025495727,0.997432828035753,49540.09276887583,Slow,Sea,Fast_Middle
2017-05-17T19:43:07Z,141.99654,41.0495,583748.395941984,4544730.37273287,2017_bird_020_1_trip,K17E02,bird_020,18,2017,67757.7272183407,1,2887.80709508718,-0.318235130950354,9.62602365029061,49837.66149259568,Fast_Middle,Sea,Fast_Middle
2017-05-17T19:48:07Z,142.029045505554,41.0410750022906,586491.203667653,4543826.804474,2017_bird_020_1_trip,K17E02,bird_020,18,2017,68533.1610455651,1,2663.2012618199,-1.32964589260293,8.87733753939967,52534.11720866557,Fast_Middle,Sea,Fast_Middle
2017-05-17T19:53:07Z,142.036246275085,41.0177145766816,587127.229204711,4541240.66594771,2017_bird_020_1_trip,K17E02,bird_020,18,2017,66808.059825896,1,2846.59408542739,-1.39140958610369,9.48864695142463,53052.84849771103,Fast_Middle,Sea,Fast_Middle
2017-05-17T19:58:07Z,142.041888663714,40.9924330003103,587635.136137567,4538439.7503055,2017_bird_020_1_trip,K17E02,bird_020,18,2017,64898.3494705443,1,2718.57905955787,-1.75623326227226,9.06193019852622,53434.062576444696,Fast_Middle,Sea,Fast_Middle
2017-05-17T20:03:07Z,142.035553866031,40.9684208072025,587133.895416639,4535767.77915245,2017_bird_020_1_trip,K17E02,bird_020,18,2017,62508.0787059249,1,2395.84426952876,-1.87598935691923,7.98614756509588,52814.01729628268,Fast_Middle,Sea,Fast_Middle
2017-05-17T20:08:07Z,142.026680495173,40.9479155005429,586413.998621329,4533482.64931632,2017_bird_020_1_trip,K17E02,bird_020,18,2017,60296.1127457498,1,1301.56662281552,-1.84531649687772,4.33855540938505,51993.03380790222,Fast_Middle,Sea,Fast_Middle
2017-05-17T20:13:07Z,142.022315083786,40.9366686443907,586061.163296314,4532229.81935697,2017_bird_020_1_trip,K17E02,bird_020,18,2017,59117.0111241107,0,540.690299775558,-2.13818651933526,1.80230099925186,51584.668149881094,Fast_Middle,Sea,Fast_Middle
2017-05-17T20:18:07Z,142.01880066667,40.9325923333341,585770.578478843,4531773.85174395,2017_bird_020_1_trip,K17E02,bird_020,18,2017,58582.2591103898,0,616.952807538716,-1.36070113292068,2.05650935846239,51274.217532953146,Fast_Middle,Sea,Fast_Middle
2017-05-17T20:23:07Z,142.020245166693,40.9271441666734,585899.24583861,4531170.46507086,2017_bird_020_1_trip,K17E02,bird_020,18,2017,58214.7026170233,0,184.200740700802,-1.29323488437189,0.614002469002674,51375.51663151039,Slow,Sea,Fast_Middle
2017-05-17T20:28:07Z,142.020819999851,40.9255432787422,585949.718912012,4530993.31433918,2017_bird_020_1_trip,K17E02,bird_020,18,2017,58116.0593175418,1,906.767209753061,-0.950820472676085,3.02255736584354,51417.94115994653,Fast_Middle,Sea,Fast_Middle
2017-05-17T20:33:07Z,142.026973454108,40.918840520371,586476.564723528,4530255.30332058,2017_bird_020_1_trip,K17E02,bird_020,18,2017,57923.8356598953,0,687.244248924561,-0.943833015676402,2.29081416308187,51910.45829876167,Fast_Middle,Sea,Fast_Middle
2017-05-17T20:38:07Z,142.03168305086,40.9137850847481,586879.762895416,4529698.76411094,2017_bird_020_1_trip,K17E02,bird_020,18,2017,57791.924586928,0,207.809294804766,-1.80590915843088,0.69269764934922,52287.77873783627,Slow,Sea,Fast_Middle
2017-05-17T20:43:07Z,142.03108,40.91197,586831.353156111,4529496.67205234,2017_bird_020_1_trip,K17E02,bird_020,18,2017,57611.7738162905,0,189.066852728398,-1.76680543370657,0.630222842427993,52230.41086773531,Slow,Sea,Fast_Middle
2017-05-17T20:48:07Z,142.030616885228,40.9103036065603,586794.531173088,4529311.22551998,2017_bird_020_1_trip,K17E02,bird_020,18,2017,57451.8643470561,0,604.478773812729,-1.08224201863054,2.01492924604243,52185.333684299105,Slow,Sea,Fast_Middle
2017-05-17T20:53:07Z,142.033910328656,40.905465902578,587078.243173987,4528777.46331774,2017_bird_020_1_trip,K17E02,bird_020,18,2017,57263.3240616246,0,428.750623557613,-0.602428795333111,1.42916874519204,52444.46036981212,Slow,Sea,Fast_Middle
2017-05-17T20:58:07Z,142.03807,40.90324,587431.517301339,4528534.51375889,2017_bird_020_1_trip,K17E02,bird_020,18,2017,57336.4825310013,1,1884.37247983103,-0.634918573876064,6.28124159943676,52786.02861734473,Fast_Middle,Sea,Fast_Middle
2017-05-17T21:03:07Z,142.05592,40.89301,588948.663260901,4527416.8699068,2017_bird_020_1_trip,K17E02,bird_020,18,2017,57634.6032703715,0,179.365138225358,-1.79088619815429,0.597883794084527,54249.68156834493,Slow,Sea,Fast_Middle
2017-05-17T21:08:07Z,142.055430163853,40.891437704933,588909.504743289,4527241.83144443,2017_bird_020_1_trip,K17E02,bird_020,18,2017,57485.585384047,0,278.241378648219,-1.90478415768403,0.927471262160732,54202.71198090754,Slow,Sea,Fast_Middle
2017-05-17T21:13:07Z,142.05431,40.88908,588818.293574773,4526978.9649621,2017_bird_020_1_trip,K17E02,bird_020,18,2017,57238.5551481057,0,279.72455320004,-1.64621066882036,0.932415177333467,54099.89155714811,Slow,Sea,Fast_Middle
2017-05-17T21:18:07Z,142.05402,40.88657,588797.218321869,4526700.03547392,2017_bird_020_1_trip,K17E02,bird_020,18,2017,57031.9476633916,1,3300.4616801669,-0.172092867259187,11.0015389338897,54066.32236739556,Fast_Middle,Sea,Fast_Middle
2017-05-17T21:23:07Z,142.092527377024,40.881120327871,592048.92733957,4526134.84898571,2017_bird_020_1_trip,K17E02,bird_020,18,2017,59075.9556694731,0,148.655420036955,-1.59027749537916,0.495518066789849,57285.63117230727,Slow,Sea,Fast_Middle
2017-05-17T21:28:07Z,142.092471000002,40.8797820000001,592046.031541446,4525986.22177333,2017_bird_020_1_trip,K17E02,bird_020,18,2017,58977.0722155303,0,161.159430607376,-1.75426023729408,0.537198102024585,57276.04941785666,Slow,Sea,Fast_Middle
2017-05-17T21:33:07Z,142.09209864406,40.8783581355939,592016.630188807,4525827.76697682,2017_bird_020_1_trip,K17E02,bird_020,18,2017,58851.8373015652,0,138.072318196056,-1.51237699084098,0.460241060653521,57239.57094524343,Slow,Sea,Fast_Middle
2017-05-17T21:38:07Z,142.092173898267,40.8771157627174,592024.691694713,4525689.93019952,2017_bird_020_1_trip,K17E02,bird_020,18,2017,58768.6961436951,0,74.163063804665,-2.11078751463244,0.247210212682217,57241.41684679959,Slow,Sea,Fast_Middle
2017-05-17T21:43:07Z,142.091712033909,40.8765471186448,591986.562354906,4525626.31955986,2017_bird_020_1_trip,K17E02,bird_020,18,2017,58698.45531233,0,487.955375362583,-0.610037813261757,1.62651791787528,57200.495293121734,Slow,Sea,Fast_Middle
2017-05-17T21:48:07Z,142.096416229582,40.8739842623166,592386.50344075,4525346.77068006,2017_bird_020_1_trip,K17E02,bird_020,18,2017,58824.7480038527,1,945.265750700497,-0.381440696357014,3.15088583566832,57571.79535467655,Fast_Middle,Sea,Fast_Middle
2017-05-17T21:53:07Z,142.106773485522,40.8707155064045,593263.832269127,4524994.88793489,2017_bird_020_1_trip,K17E02,bird_020,18,2017,59279.1962935337,0,625.053677680747,0.802569548884352,2.08351225893583,58402.34918470887,Fast_Middle,Sea,Fast_Middle
2017-05-17T21:58:07Z,142.111994500019,40.8747145000018,593698.157773788,4525444.39150104,2017_bird_020_1_trip,K17E02,bird_020,18,2017,59899.8651889005,0,119.300589528153,-1.12860397438045,0.39766863176051,58884.58014891003,Slow,Sea,Fast_Middle
2017-05-17T22:03:07Z,142.112584000003,40.8737375000013,593749.2091176,4525336.56575756,2017_bird_020_1_trip,K17E02,bird_020,18,2017,59871.6041269327,0,529.94933753556,0.156943107986916,1.7664977917852,58922.95195243814,Fast_Middle,Sea,Fast_Middle
2017-05-17T22:08:07Z,142.118807397401,40.8744234519708,594272.645212729,4525419.3966375,2017_bird_020_1_trip,K17E02,bird_020,18,2017,60331.3290064142,1,1716.90250399073,-0.887292513033075,5.72300834663576,59451.834050377365,Fast_Middle,Sea,Fast_Middle
2017-05-17T22:13:07Z,142.131468500005,40.8623080000059,595356.892543123,4524088.17091106,2017_bird_020_1_trip,K17E02,bird_020,18,2017,60368.779381356,0,88.2279837589121,-1.5808054017144,0.294093279196374,59589.006343345776,Slow,Sea,Fast_Middle
2017-05-17T22:18:07Z,142.131444500068,40.8615135000169,595356.009477368,4523999.94734667,2017_bird_020_1_trip,K17E02,bird_020,18,2017,60314.8860499759,0,119.74003889438,-1.24592993120027,0.399133462981268,59523.62392415797,Slow,Sea,Fast_Middle
2017-05-17T22:23:07Z,142.131880500001,40.8604870000003,595394.228363141,4523886.47050461,2017_bird_020_1_trip,K17E02,bird_020,18,2017,60277.151731488,0,120.430105066385,-1.16953166934361,0.401433683554616,59466.438452756,Slow,Sea,Fast_Middle
2017-05-17T22:28:07Z,142.132421507112,40.8594830036138,595441.266297675,4523775.60643053,2017_bird_020_1_trip,K17E02,bird_020,18,2017,60248.2604952518,0,482.85365502686,-0.741641970904847,1.60951218342287,59417.375965959465,Slow,Sea,Fast_Middle
2017-05-17T22:33:07Z,142.136594918055,40.856503770494,595797.30346315,4523449.43900577,2017_bird_020_1_trip,K17E02,bird_020,18,2017,60339.763740215,0,140.715804946625,-1.29790293341227,0.469052683155417,59423.98030437766,Slow,Sea,Fast_Middle
2017-05-17T22:38:07Z,142.137023934435,40.85527885246,595835.229029949,4523313.93037452,2017_bird_020_1_trip,K17E02,bird_020,18,2017,60290.0953063579,1,1275.01778124416,-0.682774422074077,4.25005927081385,59351.87507903262,Fast_Middle,Sea,Fast_Middle
2017-05-17T22:43:07Z,142.14863266652,40.8479170000132,596824.419943731,4522509.46056242,2017_bird_020_1_trip,K17E02,bird_020,18,2017,60625.0871641861,0,232.305796203709,-1.56953889419089,0.774352654012364,59465.72013355113,Slow,Sea,Fast_Middle
2017-05-17T22:48:07Z,142.148600000023,40.845824666679,596824.712052536,4522277.15494987,2017_bird_020_1_trip,K17E02,bird_020,18,2017,60492.1117997021,1,1836.12204452118,-0.460500570296807,6.12040681507061,59301.34410929103,Fast_Middle,Sea,Fast_Middle
2017-05-17T22:53:07Z,142.167979494342,40.8382796625757,598469.565553855,4521461.18857704,2017_bird_020_1_trip,K17E02,bird_020,18,2017,61395.9708466154,0,558.565631508462,-0.732983782107123,1.86188543836154,59913.44436637179,Fast_Middle,Sea,Fast_Middle
2017-05-17T22:58:07Z,142.172843000016,40.8348636666689,598884.681082936,4521087.45784213,2017_bird_020_1_trip,K17E02,bird_020,18,2017,61539.3443172254,1,2750.4584917458,-0.724916928630352,9.16819497248601,59961.271990042624,Fast_Middle,Sea,Fast_Middle
2017-05-17T23:03:07Z,142.196962203325,40.8181871188393,600943.549183119,4519263.70235938,2017_bird_020_1_trip,K17E02,bird_020,18,2017,62334.7661008114,1,1662.33473987608,3.0969671697249,5.54111579958693,60292.10419927523,Fast_Middle,Sea,Fast_Middle
2017-05-17T23:08:07Z,142.177286101232,40.8190576276104,599282.869383376,4519337.86023236,2017_bird_020_1_trip,K17E02,bird_020,18,2017,60947.0006990646,0,285.177339187784,-2.48015523511707,0.950591130625948,59082.97110760594,Slow,Sea,Fast_Middle
2017-05-17T23:13:07Z,142.174590345526,40.817507126519,599057.833061828,4519162.68954768,2017_bird_020_1_trip,K17E02,bird_020,18,2017,60663.6433041214,0,144.598648806993,-1.51208359150598,0.481995496023311,58798.17941955048,Slow,Sea,Fast_Middle
2017-05-17T23:18:07Z,142.174668000031,40.8162060000052,599066.317967217,4519018.34005645,2017_bird_020_1_trip,K17E02,bird_020,18,2017,60596.0921715256,0,165.40119198007,-1.41772397805124,0.55133730660023506,58709.216473138054,Slow,Sea,Fast_Middle
2017-05-17T23:23:07Z,142.174941000045,40.8147306666815,599091.537558949,4518854.87285332,2017_bird_020_1_trip,K17E02,bird_020,18,2017,60533.3052409884,0,147.240670075561,-1.34693862952689,0.490802233585203,58620.506128587345,Slow,Sea,Fast_Middle
2017-05-17T23:28:07Z,142.175305666706,40.8134336666708,599124.223913857,4518711.30608443,2017_bird_020_1_trip,K17E02,bird_020,18,2017,60487.528280834,0,166.092972282078,-1.35766300214736,0.553643240940262,58550.8284553455,Slow,Sea,Fast_Middle
2017-05-17T23:33:07Z,142.175696333368,40.8119673333383,599159.35645741,4518548.97130743,2017_bird_020_1_trip,K17E02,bird_020,18,2017,60434.5867953431,0,175.492509161558,-1.29012516471635,0.584975030538528,58471.00849846837,Slow,Sea,Fast_Middle
2017-05-17T23:38:07Z,142.176245762753,40.8104427118686,599207.96798954,4518380.34586535,2017_bird_020_1_trip,K17E02,bird_020,18,2017,60390.4659845408,0,489.512740790067,-1.53389874423514,1.63170913596689,58397.67402992328,Slow,Sea,Fast_Middle
2017-05-17T23:43:07Z,142.176382000005,40.8060346666672,599226.02572826,4517891.16630582,2017_bird_020_1_trip,K17E02,bird_020,18,2017,60158.7908947869,0,147.26544062027,-1.41290211684208,0.490884802067566,58093.563946162,Slow,Sea,Fast_Middle
2017-05-17T23:48:07Z,142.176633333345,40.8047220000014,599249.181593212,4517745.73276113,2017_bird_020_1_trip,K17E02,bird_020,18,2017,60105.9162641364,0,155.65350069816,-1.43860091746315,0.5188450023272,58017.237840230926,Slow,Sea,Fast_Middle
2017-05-17T23:53:07Z,142.176851967221,40.8033298360662,599269.698392073,4517591.43735211,2017_bird_020_1_trip,K17E02,bird_020,18,2017,60046.6512415926,0,143.253657000879,-1.49921584192302,0.477512190002932,57933.46118855651,Slow,Sea,Fast_Middle
2017-05-17T23:58:07Z,142.176950666669,40.8020416666669,599279.943803887,4517448.55053753,2017_bird_020_1_trip,K17E02,bird_020,18,2017,59984.4740962584,0,474.506186779992,-1.45450542363633,1.58168728926664,57849.431511091774,Slow,Sea,Fast_Middle
2017-05-18T00:03:07Z,142.177528196757,40.7977901639428,599335.000267472,4516977.24924631,2017_bird_020_1_trip,K17E02,bird_020,18,2017,59799.9042770546,0,154.896516697024,-1.31022022866712,0.516321722323412,57590.33748945736,Slow,Sea,Fast_Middle
2017-05-18T00:08:07Z,142.177977333327,40.7964373333353,599374.907379241,4516827.5817705,2017_bird_020_1_trip,K17E02,bird_020,18,2017,59761.5410085336,0,133.245445714917,-1.42716294822902,0.444151485716391,57525.96854594922,Slow,Sea,Fast_Middle
2017-05-18T00:13:07Z,142.178182372887,40.795247288137,599393.980134369,4516695.70842666,2017_bird_020_1_trip,K17E02,bird_020,18,2017,59713.9847597592,0,136.306678941193,-1.29876456523612,0.454355596470642,57457.08280852669,Slow,Sea,Fast_Middle
2017-05-18T00:18:07Z,142.178595500001,40.7940603333385,599430.604244733,4516564.41415693,2017_bird_020_1_trip,K17E02,bird_020,18,2017,59682.3311066159,0,118.540356266833,-1.22792698657556,0.395134520889443,57402.40274999791,Slow,Sea,Fast_Middle
2017-05-18T00:23:07Z,142.17905,40.79305,599470.456421878,4516452.77357273,2017_bird_020_1_trip,K17E02,bird_020,18,2017,59663.2801367764,1,1131.30477641291,-2.70231598043184,3.77101592137637,57362.88898244497,Fast_Middle,Sea,Fast_Homing
2017-05-18T00:28:07Z,142.16684,40.78884,598446.558264012,4515971.64670853,2017_bird_020_1_trip,K17E02,bird_020,18,2017,58534.0190651673,1,2333.0241477337,-1.5548048874648,7.77674715911235,56264.9208067309,Fast_Middle,Sea,Fast_Homing
2017-05-18T00:33:07Z,142.166914329678,40.7678253348621,598483.865088024,4513638.92086206,2017_bird_020_1_trip,K17E02,bird_020,18,2017,57475.7792837614,1,2588.31901319913,-2.36227682283612,8.62773004399708,54845.67442259061,Fast_Homing,Sea,Fast_Homing
2017-05-18T00:38:07Z,142.14482,40.75166,596642.549090459,4511819.86871569,2017_bird_020_1_trip,K17E02,bird_020,18,2017,55016.3809132983,1,2559.10022449271,-2.63671464406919,8.53033408164237,52278.52486833482,Fast_Homing,Sea,Fast_Homing
2017-05-18T00:43:07Z,142.118105490724,40.7407710054815,594402.738875306,4510582.03021286,2017_bird_020_1_trip,K17E02,bird_020,18,2017,52459.9866553572,1,2686.28726573194,-2.58241732895544,8.95429088577314,49745.73137178027,Fast_Homing,Sea,Fast_Homing
2017-05-18T00:48:07Z,142.090929994203,40.7281937329033,592125.592289113,4509156.98891556,2017_bird_020_1_trip,K17E02,bird_020,18,2017,49789.2330077825,1,2618.35050466121,-2.54873769719046,8.72783501553735,47071.36532900408,Fast_Homing,Sea,Fast_Homing
2017-05-18T00:53:07Z,142.065009494633,40.7152568939271,589954.066156285,4507694.03518433,2017_bird_020_1_trip,K17E02,bird_020,18,2017,47199.8622895802,1,2645.95737819465,-2.62060832261814,8.81985792731549,44458.27807469179,Fast_Homing,Sea,Fast_Homing
2017-05-18T00:58:07Z,142.037658989511,40.7036420071253,587659.148830302,4506377.05192167,2017_bird_020_1_trip,K17E02,bird_020,18,2017,44562.7873600508,1,2826.05246719069,-2.65733405247082,9.42017489063564,41839.52920428739,Fast_Homing,Sea,Fast_Homing
2017-05-18T01:03:07Z,142.007878018157,40.6920536129826,585158.034880193,4505061.37659855,2017_bird_020_1_trip,K17E02,bird_020,18,2017,41739.842184813,1,3071.21425092543,-2.30361773370057,10.2373808364181,39065.10448995411,Fast_Homing,Sea,Fast_Homing
2017-05-18T01:08:07Z,141.983262872137,40.6717011886105,583103.486469684,4502778.57397809,2017_bird_020_1_trip,K17E02,bird_020,18,2017,38939.6390170571,1,3004.49510757796,-2.35074984397731,10.0149836919265,36032.1695871431,Fast_Homing,Sea,Fast_Homing
2017-05-18T01:13:07Z,141.957991516616,40.6526710198162,580990.586182054,4500642.53951535,2017_bird_020_1_trip,K17E02,bird_020,18,2017,36181.3338420147,1,2538.46586968386,-2.61945405127763,8.46155289894619,33050.34552506806,Fast_Homing,Sea,Fast_Homing
2017-05-18T01:18:07Z,141.931810968534,40.6414801732062,578790.359296486,4499376.51794225,2017_bird_020_1_trip,K17E02,bird_020,18,2017,33675.1401004828,1,3153.45935106363,-2.62561027812747,10.5115311702121,30536.91777440347,Fast_Homing,Sea,Fast_Homing
2017-05-18T01:23:07Z,141.899187922,40.6277224188677,576047.453711614,4497820.63400336,2017_bird_020_1_trip,K17E02,bird_020,18,2017,30565.8618965266,1,3039.15290628024,-2.36108886663117,10.1305096876008,27424.11144320552,Fast_Homing,Sea,Fast_Homing
2017-05-18T01:28:07Z,141.873405879466,40.6086555818408,573887.955821574,4495682.17211437,2017_bird_020_1_trip,K17E02,bird_020,18,2017,27848.9997251013,1,3263.06306047002,-2.4942664106895,10.8768768682334,24398.397754982085,Fast_Homing,Sea,Fast_Homing
2017-05-18T01:33:07Z,141.842417990296,40.5911583385841,571285.013444796,4493714.36330257,2017_bird_020_1_trip,K17E02,bird_020,18,2017,24815.7505693657,1,3054.46974364441,-2.49150866924911,10.181565812148,21135.550283803736,Fast_Homing,Sea,Fast_Homing
2017-05-18T01:38:07Z,141.813484990397,40.5747110053979,568853.55482433,4491865.63552602,2017_bird_020_1_trip,K17E02,bird_020,18,2017,22039.9964637114,1,3272.64137152363,-2.56607449274874,10.9088045717454,18081.341143369813,Fast_Homing,Sea,Fast_Homing
2017-05-18T01:43:07Z,141.780864659637,40.5588896762574,566108.101955762,4490084.43646553,2017_bird_020_1_trip,K17E02,bird_020,18,2017,19045.3290851396,1,3455.08488794063,-2.86713487695906,11.5169496264688,14830.574509100932,Fast_Homing,Sea,Fast_Homing
2017-05-18T01:48:07Z,141.741491031498,40.5507131129082,562782.33296494,4489148.02191921,2017_bird_020_1_trip,K17E02,bird_020,18,2017,15635.3315532032,1,3651.76679427828,-3.0459296861268,12.1725559809276,11775.309357826996,Fast_Homing,Sea,Fast_Homing
2017-05-18T01:53:07Z,141.698529492727,40.5478385153078,559147.262827106,4488799.21565089,2017_bird_020_1_trip,K17E02,bird_020,18,2017,11982.2822483437,1,3611.03817155309,-2.91244446461873,12.036793905177,9285.62615644433,Fast_Homing,Sea,Fast_Homing
2017-05-18T01:58:07Z,141.656928357554,40.5406931192821,555630.616342909,4487978.97533147,2017_bird_020_1_trip,K17E02,bird_020,18,2017,8417.81102174621,1,3592.03141535185,-3.03106932294043,11.9734380511728,6579.8789866478855,NA,Sea,Fast_Homing
2017-05-18T02:03:07Z,141.61473950327,40.5373560145174,552060.50166593,4487582.77982154,2017_bird_020_1_trip,K17E02,bird_020,18,2017,4842.58283229925,1,4094.69863314392,2.93014609042659,13.6489954438131,4188.708319621132,NA,Sea,Fast_Homing
2017-05-10T04:35:02Z,141.53649,40.5436,545429.527605009,4488232.59946936,2017_bird_056_1_trip,K17E36,bird_056,13,2017,1872.60875736787,1,1825.64848359842,2.94384446612495,6.08549494532805,470.1579134335422,Fast_Outbound,Sea,Fast_Outbound
2017-05-10T04:40:02Z,141.515376166658,40.5469273333372,543639.45834717,4488591.26984422,2017_bird_056_1_trip,K17E36,bird_056,13,2017,3694.62256244347,0,499.31991933519,-2.35467938117209,1.6643997311173,735.9573450735055,Slow,Land,Fast_Middle
2017-05-10T04:45:02Z,141.511188688525,40.5437603278691,543286.921194602,4488237.6628054,2017_bird_056_1_trip,K17E36,bird_056,13,2017,3973.47489071167,0,31.7682647669612,-2.3186569377899,0.105894215889871,1230.848244068872,Slow,Land,Fast_Middle
2017-05-10T04:50:02Z,141.51093196721,40.5435516393453,543265.316492513,4488214.37204556,2017_bird_056_1_trip,K17E36,bird_056,13,2017,3991.74968196655,0,36.9434690457329,0.943731400717216,0.12314489681911,1262.1902299455217,Slow,Land,Fast_Middle
2017-05-10T04:55:02Z,141.51119,40.54382,543286.993834131,4488244.28713816,2017_bird_056_1_trip,K17E36,bird_056,13,2017,3974.32310999982,0,17.8505729290492,-1.66548701334253,0.0595019097634974,1226.7678130406107,Slow,Land,Fast_Middle
2017-05-10T05:00:02Z,141.511168852459,40.5436600000004,543285.306075931,4488226.51653249,2017_bird_056_1_trip,K17E36,bird_056,13,2017,3973.55193461135,0,648.371395397213,-2.78517139672871,2.16123798465738,1238.9429386542022,Fast_Outbound,Land,Fast_Middle
2017-05-10T05:05:02Z,141.503978253942,40.541653492082,542677.683832811,4488000.28506687,2017_bird_056_1_trip,K17E36,bird_056,13,2017,4555.5335600169,0,260.958322280619,-2.85993768218883,0.86986107426873,1859.410164510438,Slow,Land,Fast_Middle
2017-05-10T05:10:02Z,141.50101327868,40.5410129508226,542427.008113491,4487927.75280018,2017_bird_056_1_trip,K17E36,bird_056,13,2017,4801.59932302053,0,7.08397997467723,0.823326202513101,0.0236132665822574,2102.7810608314467,Slow,Land,Fast_Middle
2017-05-10T05:15:02Z,141.501070491804,40.5410595081968,542431.823700352,4487932.94826892,2017_bird_056_1_trip,K17E36,bird_056,13,2017,4797.04905769163,0,5.57033020747365,-1.74806483256099,0.0185677673582455,2095.792998093327,Slow,Land,Fast_Middle
2017-05-10T05:20:02Z,141.50105852459,40.541010163935,542430.841419714,4487927.46523114,2017_bird_056_1_trip,K17E36,bird_056,13,2017,4797.75501380927,1,1744.82947812485,-2.32834559535679,5.81609826041618,2099.9207503337634,Fast_Outbound,Land,Fast_Middle
2017-05-10T05:25:02Z,141.486818191388,40.5296508233438,541231.894058271,4486659.80789091,2017_bird_056_1_trip,K17E36,bird_056,13,2017,6079.12605925216,1,1233.53381416515,-2.1158328736842,4.11177938055048,3822.7398924863624,Fast_Outbound,Land,Fast_Middle
2017-05-10T05:30:02Z,141.4792,40.52018,540592.369263488,4485605.0028342605,2017_bird_056_1_trip,K17E36,bird_056,13,2017,6951.1261299531,0,10.1369239237828,-3.04477956288556,0.0337897464126094,4971.535691429717,Slow,Land,Fast_Middle
2017-05-10T05:35:02Z,141.479080833332,40.5201716666669,540582.279808022,4485604.02297966,2017_bird_056_1_trip,K17E36,bird_056,13,2017,6961.04895471443,0,24.8919055764686,1.97936309635166,0.0829730185882286,4980.134374446417,Slow,Land,Fast_Middle
2017-05-10T05:40:02Z,141.478965555566,40.5203779365162,540572.390391501,4485626.86606185,2017_bird_056_1_trip,K17E36,bird_056,13,2017,6963.6830961562,0,24.9385574165635,-0.168754368898601,0.0831285247218784,4974.077896435158,Slow,Land,Fast_Middle
2017-05-10T05:45:02Z,141.479255499996,40.5203390000052,540596.974690251,4485622.67751784,2017_bird_056_1_trip,K17E36,bird_056,13,2017,6941.44445309008,0,39.8194474297987,-1.94332172314479,0.132731491432662,4957.10178209434,Slow,Land,Fast_Middle
2017-05-10T05:50:02Z,141.479082033888,40.5200055932216,540582.481654852,4485585.58924046,2017_bird_056_1_trip,K17E36,bird_056,13,2017,6966.40511843316,0,792.6300569121,-2.66156019510013,2.642100189707,4991.138980355886,Fast_Outbound,Land,Fast_Middle
2017-05-10T05:55:02Z,141.470759665234,40.5167421373594,539879.434699557,4485219.54636624,2017_bird_056_1_trip,K17E36,bird_056,13,2017,7748.68602668397,1,2719.78873233562,-2.50478662253094,9.06596244111872,5772.366930195135,Fast_Outbound,Land,Fast_Middle
2017-05-10T06:00:02Z,141.444850994108,40.502274858546,537692.727041732,4483602.27694905,2017_bird_056_1_trip,K17E36,bird_056,13,2017,10371.66244648,0,193.369254030298,-2.61704076860197,0.644564180100992,8492.851377018615,Slow,Land,Fast_Middle
2017-05-10T06:05:02Z,141.44287,40.50141,537525.356582506,4483505.43275572,2017_bird_056_1_trip,K17E36,bird_056,13,2017,10563.7548766252,1,2130.84553739151,-2.19862600794985,7.1028184579717,8684.73308274673,Fast_Outbound,Land,Fast_Middle
2017-05-10T06:10:02Z,141.428,40.48593,536273.719873332,4481780.93043549,2017_bird_056_1_trip,K17E36,bird_056,13,2017,12444.5690604654,0,8.19798244355069,0.440214372464067,0.027326608145169,10726.792243069904,Slow,Land,Fast_Middle
2017-05-10T06:15:02Z,141.42808770492,40.4859611475423,536281.136262857,4481784.4238697,2017_bird_056_1_trip,K17E36,bird_056,13,2017,12436.3802057149,1,2942.46970807505,-2.40214751825814,9.80823236025017,10718.77819688352,Fast_Outbound,Land,Fast_Middle
2017-05-10T06:20:02Z,141.40233,40.46819,534107.114341664,4479801.55809787,2017_bird_056_1_trip,K17E36,bird_056,13,2017,15309.0312482606,1,1938.87359479134,-2.90375756104007,6.46291198263779,13651.124081731,Fast_Outbound,Land,Fast_Middle
2017-05-10T06:25:02Z,141.38008,40.46415,532222.819452265,4479344.76100247,2017_bird_056_1_trip,K17E36,bird_056,13,2017,17169.7035579477,0,25.6565089606611,1.47580590224465,0.0855216965355371,15426.752473131251,Slow,Land,Fast_Middle
2017-05-10T06:30:02Z,141.38011,40.46438,532225.252911497,4479370.30184678,2017_bird_056_1_trip,K17E36,bird_056,13,2017,17155.1667716876,0,21.107141653449,-1.60666818411331,0.0703571388448299,15409.299571179996,Slow,Land,Fast_Middle
2017-05-10T06:35:02Z,141.3801,40.46419,532224.495921495,4479349.2082839,2017_bird_056_1_trip,K17E36,bird_056,13,2017,17166.0752171745,1,2206.55978406018,-2.576710945563,7.35519928020061,15422.7165649158,Fast_Outbound,Land,Fast_Middle
2017-05-10T06:40:02Z,141.358059995955,40.4536188151996,530360.720941433,4478168.0017379,2017_bird_056_1_trip,K17E36,bird_056,13,2017,19370.2769164453,1,2979.95846285201,-2.33340863763802,9.93319487617336,17621.76449277792,Fast_Outbound,Land,Fast_Middle
2017-05-10T06:45:02Z,141.333686329568,40.4342806695754,528302.12811979,4476013.39086003,2017_bird_056_1_trip,K17E36,bird_056,13,2017,22240.1848086849,1,2843.2486289407602,-2.43525872816069,9.47749542980253,20566.618679359715,Fast_Outbound,Land,Fast_Middle
2017-05-10T06:50:02Z,141.308108831144,40.4177261669247,526139.136831296,4474167.98265265,2017_bird_056_1_trip,K17E36,bird_056,13,2017,25054.9166064109,1,2523.05334612213,-2.58837375074124,8.41017782040711,23406.809291736343,Fast_Outbound,Land,Fast_Middle
2017-05-10T06:55:02Z,141.282755328217,40.4058476681627,523992.428104662,4472842.2979879,2017_bird_056_1_trip,K17E36,bird_056,13,2017,27578.6261136696,1,877.21279439076,3.0717547447638,2.9240426479692,25918.558921423595,Fast_Outbound,Land,Fast_Middle
2017-05-10T07:00:02Z,141.272444745775,40.4064238983079,523117.353670613,4472903.51090742,2017_bird_056_1_trip,K17E36,bird_056,13,2017,28288.1012422131,1,1458.82481542198,-1.70030204254514,4.86274938473993,26577.27615331248,Fast_Outbound,Land,Fast_Middle
2017-05-10T07:05:02Z,141.270172335185,40.3933965003723,522928.955179135,4471456.90251172,2017_bird_056_1_trip,K17E36,bird_056,13,2017,29227.5097102419,0,14.7031836156255,-2.63816392066312,0.0490106120520851,27605.218505598863,Slow,Land,Fast_Middle
2017-05-10T07:10:02Z,141.270020327871,40.39333295082,522916.076166808,4471449.8092297,2017_bird_056_1_trip,K17E36,bird_056,13,2017,29242.164795747,0,0.328716443128604,-1.65249386524746,0.00109572147709534,27619.763546533657,Slow,Land,Fast_Middle
2017-05-10T07:15:02Z,141.27002,40.39333,522916.049341348,4471449.48160965,2017_bird_056_1_trip,K17E36,bird_056,13,2017,29242.3691934021,0,18.6031637017423,2.05346643440464,0.0620105456724745,27619.98398377588,Slow,Land,Fast_Middle
2017-05-10T07:20:02Z,141.269918852458,40.3934786885249,522907.414759216,4471465.9595249,2017_bird_056_1_trip,K17E36,bird_056,13,2017,29240.3991792442,0,4.00139251425903,-0.635117606219636,0.0133379750475301,27616.836291496536,Slow,Land,Fast_Middle
2017-05-10T07:25:02Z,141.269956721322,40.3934572131162,522910.635887911,4471463.58561,2017_bird_056_1_trip,K17E36,bird_056,13,2017,29239.0370783925,0,16.5850294558358,-1.37103174263437,0.0552834315194528,27615.717256433072,Slow,Land,Fast_Middle
2017-05-10T07:30:02Z,141.269994915269,40.3933106779683,522913.926997972,4471447.33040171,2017_bird_056_1_trip,K17E36,bird_056,13,2017,29245.3301710422,0,6.48534098331983,1.51381734240091,0.0216178032777328,27622.977913688657,Slow,Land,Fast_Middle
2017-05-10T07:35:02Z,141.2699995,40.3933690000001,522914.296326195,4471453.80521787,2017_bird_056_1_trip,K17E36,bird_056,13,2017,29241.4247277314,0,1.12730275584834,1.60001127812804,0.00375767585282778,27618.7495124991,Slow,Land,Fast_Middle
2017-05-10T07:40:02Z,141.269999152542,40.3933791525426,522914.263396785,4471454.93203957,2017_bird_056_1_trip,K17E36,bird_056,13,2017,29240.8260162191,0,26.1882412578962,-1.37695948718787,0.0872941375263206,27618.09097988908,Slow,Land,Fast_Middle
2017-05-10T07:45:02Z,141.270057666682,40.3931475000016,522919.30791430903,4471429.23424155,2017_bird_056_1_trip,K17E36,bird_056,13,2017,29250.9177773719,0,36.4410961465148,1.84659799571669,0.121470320488383,27629.67657454125,Slow,Land,Fast_Middle
2017-05-10T07:50:02Z,141.269942000005,40.3934636666672,522909.384333458,4471464.29812656,2017_bird_056_1_trip,K17E36,bird_056,13,2017,29239.6827972243,0,21.8089784331541,2.3381413470583,0.0726965947771803,27616.279439852857,Slow,Land,Fast_Middle
2017-05-10T07:55:02Z,141.269764166683,40.3936055000045,522894.24395726,4471479.99527753,2017_bird_056_1_trip,K17E36,bird_056,13,2017,29243.5720426156,0,70.2183082396228,-1.07438691335856,0.234061027465409,27618.79077249496,Slow,Land,Fast_Middle
2017-05-10T08:00:02Z,141.270156000014,40.3930483333355,522927.686930549,4471418.25243706,2017_bird_056_1_trip,K17E36,bird_056,13,2017,29250.0636339548,0,38.8280950476821,1.98797328577105,0.129426983492274,27629.67758861979,Slow,Land,Fast_Middle
2017-05-10T08:05:02Z,141.269971904767,40.393368571429,522911.954518573,4471453.75049586,2017_bird_056_1_trip,K17E36,bird_056,13,2017,29243.4032838104,0,7.09215843433555,-1.9130249223308,0.0236405281144518,27620.643877388993,Slow,Land,Fast_Middle
2017-05-10T08:10:02Z,141.269943620691,40.3933084482769,522909.574480407,4471447.06961796,2017_bird_056_1_trip,K17E36,bird_056,13,2017,29249.0955780033,0,514.501930775023,-0.669963224699365,1.71500643591674,27626.59508017102,Slow,Land,Fast_Middle
2017-05-10T08:15:02Z,141.274683836593,40.3904190014815,523312.863990267,4471127.58595952,2017_bird_056_1_trip,K17E36,bird_056,13,2017,29095.2996238987,0,50.6175640123433,-2.95267727767735,0.168725213374478,27499.8768433642,Slow,Land,Fast_Middle
2017-05-10T08:20:02Z,141.274097705156,40.3903347541194,523263.146988727,4471118.08030097,2017_bird_056_1_trip,K17E36,bird_056,13,2017,29141.6069836746,0,480.748370053449,2.38049483116292,1.60249456684483,27545.17405396725,Slow,Land,Fast_Middle
2017-05-10T08:25:02Z,141.270008196724,40.3933316393451,522915.047064362,4471449.66051444,2017_bird_056_1_trip,K17E36,bird_056,13,2017,29243.1034654513,0,35.8083902304791,1.73619276144635,0.119361300768264,27620.671687786,Slow,Land,Fast_Middle
2017-05-10T08:30:02Z,141.26994,40.39365,522909.151450374,4471484.98023339,2017_bird_056_1_trip,K17E36,bird_056,13,2017,29228.3964126377,0,27.4765924421903,-3.11497401823374,0.0915886414739677,27603.90881219599,Slow,Land,Fast_Middle
2017-05-10T08:35:02Z,141.269616333366,40.393644166677,522881.684591651,4471484.24893036,2017_bird_056_1_trip,K17E36,bird_056,13,2017,29251.6702081113,0,51.8835791376309,-0.824537134412901,0.172945263792103,27626.202519828497,Slow,Land,Fast_Middle
2017-05-10T08:40:02Z,141.27003,40.3933,522916.90819216,4471446.15426208,2017_bird_056_1_trip,K17E36,bird_056,13,2017,29243.5042598945,0,18.1757078081161,2.75004586677396,0.0605856926937204,27621.324015184204,Slow,Land,Fast_Middle
2017-05-10T08:45:02Z,141.269832295076,40.3933629508211,522900.108024041,4471453.09045019,2017_bird_056_1_trip,K17E36,bird_056,13,2017,29253.625882746,0,18.9218995129531,-0.645362125718962,0.0630729983765103,27630.460718593713,Slow,Land,Fast_Middle
2017-05-10T08:50:02Z,141.27001,40.39326,522915.224389065,4471441.70915898,2017_bird_056_1_trip,K17E36,bird_056,13,2017,29247.3757950887,0,52.3665346814587,1.90594220387817,0.174555115604862,27625.3591266659,Slow,Land,Fast_Middle
2017-05-10T08:55:02Z,141.269808833339,40.3937060000005,522898.000672688,4471491.16214219,2017_bird_056_1_trip,K17E36,bird_056,13,2017,29234.250989106,0,55.329939800646,-1.10477201943253,0.18443313266882,27609.02839515858,Slow,Land,Fast_Middle
2017-05-10T09:00:02Z,141.2701,40.39326,522922.862523489,4471441.73248902,2017_bird_056_1_trip,K17E36,bird_056,13,2017,29241.0105897855,0,4.36649910042344,2.14160183942515,0.0145549970014114,27619.267566034683,Slow,Land,Fast_Middle
2017-05-10T09:05:02Z,141.270072333347,40.3932931666682,522920.503260205,4471445.40674964,2017_bird_056_1_trip,K17E36,bird_056,13,2017,29240.9297386455,0,5.82957928708478,-1.19454597619455,0.0194319309569492,27618.91665777397,Slow,Land,Fast_Middle
2017-05-10T09:10:02Z,141.270097377059,40.3932442622969,522922.64525577,4471439.98495569,2017_bird_056_1_trip,K17E36,bird_056,13,2017,29242.1630576894,0,4.76155060794294,-2.30483672351634,0.0158718353598098,27620.500280319557,Slow,Land,Fast_Middle
2017-05-10T09:15:02Z,141.270059666667,40.3932125000001,522919.455612134,4471436.4496286,2017_bird_056_1_trip,K17E36,bird_056,13,2017,29246.7815643399,0,725.834891583421,-1.08313077874061,2.4194496386114,27625.182134157392,Slow,Land,Fast_Middle
2017-05-10T09:20:02Z,141.274043609164,40.3874262297391,523259.556324884,4470795.22595855,2017_bird_056_1_trip,K17E36,bird_056,13,2017,29329.4770436034,1,1938.44181861075,-0.985383103309658,6.46147272870249,27744.056847342177,Fast_Middle,Land,Fast_Middle
2017-05-10T09:25:02Z,141.286601147541,40.37284,524330.630419851,4469179.5660416,2017_bird_056_1_trip,K17E36,bird_056,13,2017,29448.9752848967,1,1131.92223882213,-1.85580911600524,3.77307412940711,27891.87945148768,Fast_Middle,Land,Fast_Middle
2017-05-10T09:30:02Z,141.282811333341,40.3630630000007,524012.368155708,4468093.30774545,2017_bird_056_1_trip,K17E36,bird_056,13,2017,30386.670613268,1,1093.59688230185,1.09394858262714,3.64532294100616,28835.503797212354,Fast_Middle,Land,Fast_Middle
2017-05-10T09:35:02Z,141.288760333334,40.3718016666668,524514.308183366,4469064.90969564,2017_bird_056_1_trip,K17E36,bird_056,13,2017,29378.9280966137,1,1514.99891269739,2.36335470928854,5.04999637565795,27823.6257073742,Fast_Middle,Land,Fast_Middle
2017-05-10T09:40:02Z,141.276090837735,40.3814145021058,523435.399206057,4470128.47780543,2017_bird_056_1_trip,K17E36,bird_056,13,2017,29577.1231570042,0,823.807077990757,1.70716594914122,2.74602359330252,28009.0736839653,Fast_Middle,Land,Fast_Middle
2017-05-10T09:45:02Z,141.274801333344,40.3887705000009,523323.404821051,4470944.6367112,2017_bird_056_1_trip,K17E36,bird_056,13,2017,29191.2700091881,1,1895.34241316261,2.05683131484145,6.31780804387537,27602.56446179758,Fast_Middle,Land,Fast_Middle
2017-05-10T09:50:02Z,141.264429003629,40.403892667102,522438.045389018,4472620.48322543,2017_bird_056_1_trip,K17E36,bird_056,13,2017,29015.6470111515,1,2856.93922882885,0.459212215838564,9.52313076276283,27289.288343602388,NA,Land,Fast_Middle
2017-05-10T09:55:02Z,141.294658995202,40.4152280041352,524999.011298284,4473886.79889255,2017_bird_056_1_trip,K17E36,bird_056,13,2017,26169.5972543896,1,2502.40569393702,0.464352825117728,8.34135231312339,24484.098690555533,NA,Land,Fast_Middle
2017-05-10T10:00:02Z,141.321078811659,40.4252540728053,527236.441223052,4475007.48689052,2017_bird_056_1_trip,K17E36,bird_056,13,2017,23677.7758148198,1,4084.29555509726,0.78674298121626,13.6143185169909,22024.64085597889,NA,Land,Fast_Middle
2017-05-10T10:05:02Z,141.355215289175,40.4512077512552,530120.587817696,4477899.40123953,2017_bird_056_1_trip,K17E36,bird_056,13,2017,19711.9242242298,1,3959.30379738088,0.529593000858527,13.1976793246029,17975.762991325995,NA,Land,Fast_Middle
2017-05-10T10:10:02Z,141.395616328539,40.4690961735319,533537.517478666,4479899.57079533,2017_bird_056_1_trip,K17E36,bird_056,13,2017,15751.3158759194,1,4100.52506048354,0.648434566770064,13.6684168682785,14044.547465194988,NA,Land,Fast_Middle
2017-05-10T10:15:02Z,141.434312022136,40.4912677911628,536805.759794445,4482376.03963967,2017_bird_056_1_trip,K17E36,bird_056,13,2017,11696.5716245508,1,4066.39324002937,0.73964929139809,13.5546441334312,9942.479989839365,NA,Land,Fast_Middle
2017-05-10T10:20:02Z,141.469929159356,40.515820837126,539809.624779806,4485116.90613264,2017_bird_056_1_trip,K17E36,bird_056,13,2017,7847.97642358134,1,2792.36404770345,0.401244901720641,9.30788015901149,5890.154016387396,NA,Land,Fast_Middle
2017-05-10T10:25:02Z,141.500345341799,40.5255182762271,542380.206689217,4486207.50487733,2017_bird_056_1_trip,K17E36,bird_056,13,2017,5064.31966951805,1,2307.82907070721,0.331244262060569,7.69276356902402,3184.1572215605347,NA,Land,Fast_Middle
2017-05-10T10:30:02Z,141.526162533787,40.5321652614562,544562.578518025,4486958.05682118,2017_bird_056_1_trip,K17E36,bird_056,13,2017,2758.09712916894,1,979.974451542184,0.552529590491887,3.26658150514062,993.314799309942,NA,Land,Fast_Middle
2017-05-10T10:35:02Z,141.536048135608,40.5367533898358,545396.732390211,4487472.3886627,2017_bird_056_1_trip,K17E36,bird_056,13,2017,1837.69718846846,0,80.969027188594,-0.261548492373915,0.269896757295313,19.835587912789656,NA,Land,Fast_Middle
2017-05-10T10:40:02Z,141.536970163956,40.5365604918092,545474.947720086,4487451.45195961,2017_bird_056_1_trip,K17E36,bird_056,13,2017,1762.73027364935,0,10.3937045898447,2.07681642184841,0.0346456819661489,31.675150047837825,NA,Sea,Fast_Middle
2017-05-10T10:45:02Z,141.536911333338,40.5366426666712,545469.909891995,4487460.54313023,2017_bird_056_1_trip,K17E36,bird_056,13,2017,1766.52242383268,0,8.09882085663736,2.04955745155301,0.0269960695221245,34.91891368697957,NA,Sea,Fast_Middle
2017-05-10T10:50:02Z,141.536867796636,40.5367076271306,545466.178927645,4487467.73137092,2017_bird_056_1_trip,K17E36,bird_056,13,2017,1769.30784432231,0,17.2324322212621,2.61350079283313,0.0574414407375402,39.39212334368327,NA,Sea,Fast_Middle
2017-05-10T10:55:02Z,141.536692666702,40.5367866666764,545451.294067474,4487476.4145534,2017_bird_056_1_trip,K17E36,bird_056,13,2017,1783.02314036328,0,40.8817025411323,-0.831134645152334,0.136272341803774,35.041101505129554,NA,Sea,Fast_Middle
2017-05-10T11:00:02Z,141.537015862362,40.5365131035615,545478.849889945,4487446.21537707,2017_bird_056_1_trip,K17E36,bird_056,13,2017,1759.57901687623,0,26.6773096269799,2.52038563128042,0.0889243654232662,32.153152912527084,NA,Sea,Fast_Middle
2017-05-10T11:05:02Z,141.536760833344,40.5366541666722,545457.156527565,4487461.74202763,2017_bird_056_1_trip,K17E36,bird_056,13,2017,1779.0198413889,0,14.1002315934543,0.0988463040298685,0.0470007719781811,30.7720226697208,NA,Sea,Fast_Middle
2017-05-10T11:10:02Z,141.536926610167,40.5366659322041,545471.187931423,4487463.13351488,2017_bird_056_1_trip,K17E36,bird_056,13,2017,1764.92051633602,0,3.70562857830231,2.87259789956703,0.0123520952610077,37.784484419704405,NA,Sea,Fast_Middle
2017-05-10T11:15:02Z,141.536884499994,40.5366750000017,545467.615562658,4487464.11833191,2017_bird_056_1_trip,K17E36,bird_056,13,2017,1768.33896326038,0,5.052969313264,-1.41328448211726,0.0168432310442133,36.77815735383813,NA,Sea,Fast_Middle
2017-05-10T11:20:02Z,141.536893499982,40.5366300000038,545468.408178201,4487459.12791514,2017_bird_056_1_trip,K17E36,bird_056,13,2017,1768.19590913067,0,9.82388977046414,-1.56901625932303,0.0327462992348804,32.90163382854467,NA,Sea,Fast_Middle
2017-05-10T11:25:02Z,141.536892999999,40.5365415000008,545468.425665379,4487449.30404094,2017_bird_056_1_trip,K17E36,bird_056,13,2017,1769.4855940473,0,5.45045668842139,-1.72792201680785,0.0181681889614046,25.335350239420023,NA,Sea,Fast_Middle
2017-05-10T11:30:02Z,141.536882542371,40.536493050848,545467.57277816,4487443.92072769,2017_bird_056_1_trip,K17E36,bird_056,13,2017,1771.06951744649,0,15.2549962824019,0.734163497715169,0.0508499876080062,21.25698081911883,NA,Sea,Fast_Middle
2017-05-10T11:35:02Z,141.537017000004,40.5365845000007,545478.89795684,4487454.1410623,2017_bird_056_1_trip,K17E36,bird_056,13,2017,1758.45280517695,0,14.8564336242361,2.17194271651329,0.0495214454141202,36.44483909393716,NA,Sea,Fast_Middle
2017-05-10T11:40:02Z,141.536918666665,40.5366953333335,545470.49533242,4487466.39298145,2017_bird_056_1_trip,K17E36,bird_056,13,2017,1765.19264177653,0,22.1326384733761,-2.10160321110771,0.0737754615779203,40.180834075043194,NA,Sea,Fast_Middle
2017-05-10T11:45:02Z,141.536784999994,40.5365240000021,545459.291140966,4487447.30581876,2017_bird_056_1_trip,K17E36,bird_056,13,2017,1778.81044738997,0,15.1639318564723,0.0475419058317651,0.0505464395215743,18.008018452253836,NA,Sea,Fast_Middle
2017-05-10T11:50:02Z,141.536963898321,40.53652966102,545474.437939041,4487448.02646943,2017_bird_056_1_trip,K17E36,bird_056,13,2017,1763.70141404996,0,12.2860019297232,2.01262842662302,0.040953339765744,29.244293961412044,NA,Sea,Fast_Middle
2017-05-10T11:55:02Z,141.536902666667,40.5366300000097,545469.184489526,4487459.13264391,2017_bird_056_1_trip,K17E36,bird_056,13,2017,1767.42531062506,0,28.6732612692024,-0.0999220103351554,0.095577537564008,33.343791512507174,NA,Sea,Fast_Middle
2017-05-10T12:00:02Z,141.537239333415,40.5366026667233,545497.714727083,4487456.27231933,2017_bird_056_1_trip,K17E36,bird_056,13,2017,1739.51303018352,0,7.52783830618347,2.46551116829058,0.0250927943539449,53.52201085199431,NA,Sea,Fast_Middle
2017-05-10T12:05:02Z,141.537170339005,40.5366454237517,545491.84278227,4487460.98279846,2017_bird_056_1_trip,K17E36,bird_056,13,2017,1744.71098653664,0,20.574710015135,3.02953175344915,0.0685823667171167,50.93022966444571,NA,Sea,Fast_Middle
2017-05-10T12:10:02Z,141.536929090993,40.5366672727463,545471.397122079,4487463.28359649,2017_bird_056_1_trip,K17E36,bird_056,13,2017,1764.69372615836,0,9.39130961719842,-2.28948557469882,0.0313043653906614,38.026156668732874,NA,Sea,Fast_Middle
2017-05-10T12:15:02Z,141.536855573836,40.5366039344682,545465.213896271,4487456.21504537,2017_bird_056_1_trip,K17E36,bird_056,13,2017,1771.74547355409,0,17.68250801344,-0.332650425065935,0.0589416933781333,28.716334461287737,NA,Sea,Fast_Middle
2017-05-10T12:20:02Z,141.537052500041,40.5365510000101,545481.9270522,4487450.44083472,2017_bird_056_1_trip,K17E36,bird_056,13,2017,1755.9499221046,0,30.0617999478707,2.34147770330212,0.100205999826236,36.87621612839309,NA,Sea,Fast_Middle
2017-05-10T12:25:02Z,141.53680677968,40.5367464406808,545460.985273524,4487472.00825743,2017_bird_056_1_trip,K17E36,bird_056,13,2017,1773.93306504299,0,14.8865766424161,-1.68702034643904,0.0496219221413871,41.693461499208254,NA,Sea,Fast_Middle
2017-05-10T12:30:02Z,141.536785333316,40.5366133333723,545459.258988332,4487457.22211176,2017_bird_056_1_trip,K17E36,bird_056,13,2017,1777.5190294287,0,14.9399216069558,0.0197546531478312,0.0497997386898528,27.022236238847128,NA,Sea,Fast_Middle
2017-05-10T12:35:02Z,141.536961724149,40.5366151724218,545474.195994909,4487457.51722554,2017_bird_056_1_trip,K17E36,bird_056,13,2017,1762.66672372009,0,19.2368190776706,2.6022230575019,0.0641227302589018,35.24565618890084,NA,Sea,Fast_Middle
2017-05-10T12:40:02Z,141.536767541024,40.5367050820765,545457.690176553,4487467.39716322,2017_bird_056_1_trip,K17E36,bird_056,13,2017,1777.77487917839,0,21.999957780334,-0.427351221927196,0.0733331926011132,36.42196806203193,NA,Sea,Fast_Middle
2017-05-10T12:45:02Z,141.537003289744,40.5366218422107,545477.711606806,4487458.27902345,2017_bird_056_1_trip,K17E36,bird_056,13,2017,1759.08011936962,0,14.8195317925599,2.85000060288009,0.0493984393085329,38.25979722076101,NA,Sea,Fast_Middle
2017-05-10T12:50:02Z,141.536836000007,40.5366610000473,545463.51764582,4487462.53930443,2017_bird_056_1_trip,K17E36,bird_056,13,2017,1772.6065952592,0,25.98569852967,-0.0220767570552458,0.0866189950988999,33.55485001635037,NA,Sea,Fast_Middle
2017-05-10T12:55:02Z,141.537142711884,40.5366544067926,545489.49701211,4487461.96567108,2017_bird_056_1_trip,K17E36,bird_056,13,2017,1746.90913687499,0,27.9177602814885,-2.39825670583202,0.0930592009382948,49.62109880510881,NA,Sea,Fast_Middle
2017-05-10T13:00:02Z,141.536898666646,40.5364853333546,545468.94353642,4487443.07239248,2017_bird_056_1_trip,K17E36,bird_056,13,2017,1769.82944919008,0,51.0805785160964,0.376782365106667,0.170268595053655,21.9507621714844,NA,Sea,Fast_Middle
2017-05-10T13:05:02Z,141.537460847463,40.536652033905,545516.440981576,4487461.86649276,2017_bird_056_1_trip,K17E36,bird_056,13,2017,1720.20131552365,0,34.812077779408,2.74802641517752,0.116040259264693,72.81170836846984,NA,Sea,Fast_Middle
2017-05-10T13:10:02Z,141.537082187459,40.5367740625138,545484.290379789,4487475.21638279,2017_bird_056_1_trip,K17E36,bird_056,13,2017,1750.4016758824,0,24.8108947545579,-2.51993307200708,0.0827029825151928,55.29739401100409,NA,Sea,Fast_Middle
2017-05-10T13:15:02Z,141.536843000004,40.5366450000008,545464.121279386,4487460.76688843,2017_bird_056_1_trip,K17E36,bird_056,13,2017,1772.23563733093,0,17.2720280674512,-0.471772482094392,0.0575734268915041,32.19280142219262,NA,Sea,Fast_Middle
2017-05-10T13:20:02Z,141.537024098367,40.5365734426259,545479.506582878,4487452.9173413,2017_bird_056_1_trip,K17E36,bird_056,13,2017,1758.01372903088,0,19.1244158273214,2.76046847498345,0.0637480527577381,36.19877284826096,NA,Sea,Fast_Middle
2017-05-10T13:25:02Z,141.536815000002,40.536638500002,545461.754399959,4487460.03093971,2017_bird_056_1_trip,K17E36,bird_056,13,2017,1774.67866221007,0,12.9811101002777,-1.29125692421809,0.0432703670009256,30.55039123768564,NA,Sea,Fast_Middle
2017-05-10T13:30:02Z,141.536856393432,40.5365259016429,545465.336056466,4487447.55372223,2017_bird_056_1_trip,K17E36,bird_056,13,2017,1772.78589829969,0,11.2909469521142,0.347937006905595,0.0376364898403806,21.906558773965692,NA,Sea,Fast_Middle
2017-05-10T13:35:02Z,141.536982,40.5365600000005,545475.950428527,4487451.40347402,2017_bird_056_1_trip,K17E36,bird_056,13,2017,1761.74293441192,0,10.7532792381304,2.91328088879052,0.0358442641271015,32.43797195077727,NA,Sea,Fast_Middle
2017-05-10T13:40:02Z,141.536858500001,40.5365825000002,545465.476198101,4487453.8373005,2017_bird_056_1_trip,K17E36,bird_056,13,2017,1771.80011756952,0,3.00769050573604,0.645417133305336,0.0100256350191201,26.869110796787176,NA,Sea,Fast_Middle
2017-05-10T13:45:02Z,141.536887000004,40.5365986666728,545467.878888406,4487455.64652174,2017_bird_056_1_trip,K17E36,bird_056,13,2017,1769.17779668763,0,13.0861497363813,-1.81095594861113,0.0436204991212711,29.74602230464517,NA,Sea,Fast_Middle
2017-05-10T13:50:02Z,141.536849333335,40.5364843333334,545464.766247318,4487442.93594423,2017_bird_056_1_trip,K17E36,bird_056,13,2017,1773.98666718746,0,21.0583120377518,1.38311862327677,0.0701943734591728,18.405036092037268,NA,Sea,Fast_Middle
2017-05-10T13:55:02Z,141.536897213113,40.5366704918281,545468.695262593,4487463.62447596,2017_bird_056_1_trip,K17E36,bird_056,13,2017,1767.33073236007,0,13.0887721924494,-1.38392972521964,0.0436292406414979,36.8762007480847,NA,Sea,Fast_Middle
2017-05-10T14:00:02Z,141.536925000006,40.536554500002,545471.126907288,4487450.7635638,2017_bird_056_1_trip,K17E36,bird_056,13,2017,1766.61050804371,0,2.82190724068784,-3.10516181001469,0.00940635746895946,28.310183435015357,NA,Sea,Fast_Middle
2017-05-10T14:05:02Z,141.536891694913,40.536553728814,545468.306872466,4487450.66078208,2017_bird_056_1_trip,K17E36,bird_056,13,2017,1769.41964345454,0,1.67524255496313,-3.06216105222609,0.00558414184987709,26.209340207601805,NA,Sea,Fast_Middle
2017-05-10T14:10:02Z,141.536871967212,40.5365526229511,545466.636912004,4487450.52785476,2017_bird_056_1_trip,K17E36,bird_056,13,2017,1771.09289438745,0,6.7567652124452,2.59650403912944,0.0225225507081507,24.977754346300554,NA,Sea,Fast_Middle
2017-05-10T14:15:02Z,141.536803999995,40.5365845000014,545460.859328097,4487454.03119607,2017_bird_056_1_trip,K17E36,bird_056,13,2017,1776.35208156307,0,20.2622753580804,0.420508340440566,0.0675409178602678,24.693194860414017,NA,Sea,Fast_Middle
2017-05-10T14:20:02Z,141.537022999996,40.5366580000041,545479.356385255,4487462.30275452,2017_bird_056_1_trip,K17E36,bird_056,13,2017,1756.92404043794,0,4.36498631695777,-2.36734473579844,0.0145499543898592,42.275195881718865,NA,Sea,Fast_Middle
2017-05-10T14:25:02Z,141.536985932205,40.5366306779681,545476.235651051,4487459.25084961,2017_bird_056_1_trip,K17E36,bird_056,13,2017,1760.41643392416,0,13.5224026642821,2.98007900971652,0.0450746755476069,37.908730257734774,NA,Sea,Fast_Middle
2017-05-10T14:30:02Z,141.536828499998,40.5366510000059,545462.889242437,4487461.42541875,2017_bird_056_1_trip,K17E36,bird_056,13,2017,1773.37300630809,0,5.1551204643668,-0.512874121083105,0.0171837348812226,32.280128438002684,NA,Sea,Fast_Middle
2017-05-10T14:35:02Z,141.536881355933,40.5366279661018,545467.381093886,4487458.89588568,2017_bird_056_1_trip,K17E36,bird_056,13,2017,1769.24486273121,0,5.61668006644724,-1.37183944821797,0.0187222668881575,32.14490807969714,NA,Sea,Fast_Middle
2017-05-10T14:40:02Z,141.536894067792,40.5365783050852,545468.491213259,4487453.39000428,2017_bird_056_1_trip,K17E36,bird_056,13,2017,1768.87047163088,0,4.82816997244611,-1.17929764125267,0.0160938999081537,28.359226607543043,NA,Sea,Fast_Middle
2017-05-10T14:45:02Z,141.536915499955,40.5365380000041,545470.333518042,4487448.92714215,2017_bird_056_1_trip,K17E36,bird_056,13,2017,1767.64597382836,0,16.2701790380711,-2.3037054273293,0.0542339301269036,26.50259453097464,NA,Sea,Fast_Middle
2017-05-10T14:50:02Z,141.536786101678,40.5364296610202,545459.44820536,4487436.83463647,2017_bird_056_1_trip,K17E36,bird_056,13,2017,1780.11120569393,0,23.6065979926346,1.0542248451881,0.0786886599754488,10.61393098511118,NA,Sea,Fast_Middle
2017-05-10T14:55:02Z,141.536925245897,40.536613934428,545471.107548708,4487457.36098981,2017_bird_056_1_trip,K17E36,bird_056,13,2017,1765.750045826,0,17.7917477662221,1.73833703007451,0.0593058258874069,33.09019619165529,NA,Sea,Fast_Middle
2017-05-10T15:00:02Z,141.536891475396,40.5367721311522,545468.140632532,4487474.90361495,2017_bird_056_1_trip,K17E36,bird_056,13,2017,1766.47508861211,0,17.7873050775078,-1.72461547132463,0.0592910169250261,46.77150706155812,NA,Sea,Fast_Middle
2017-05-10T15:05:02Z,141.536858032789,40.5366139344265,545465.415380946,4487457.32632205,2017_bird_056_1_trip,K17E36,bird_056,13,2017,1771.39964089072,0,12.2936924634982,0.788340479222806,0.0409789748783272,29.77231654752823,NA,Sea,Fast_Homing
2017-05-10T15:10:02Z,141.536960999963,40.5366920000104,545474.082719247,4487466.04481511,2017_bird_056_1_trip,K17E36,bird_056,13,2017,1761.67687619844,0,402.437974681883,-0.116287157090575,1.34145991560628,41.828424446852075,NA,Sea,Fast_Homing
