time,lon,lat,foot,label,age,year,Nest_Distance,Trip_ID,ID
2017-05-17T22:51:35Z,141.56671,40.592180000000006,bird_051,K17B45,14,2017,5998.91106283439,7,2017_bird_051_7_trip
2017-05-17T22:52:05Z,141.56704000000002,40.59464,bird_051,K17B45,14,2017,6273.412763131196,7,2017_bird_051_7_trip
2017-05-17T22:53:06Z,141.56829000000002,40.5994,bird_051,K17B45,14,2017,6811.270412552549,7,2017_bird_051_7_trip
2017-05-17T22:54:05Z,141.57011,40.604110000000006,bird_051,K17B45,14,2017,7350.604216272085,7,2017_bird_051_7_trip
2017-05-17T22:55:05Z,141.57252,40.60947,bird_051,K17B45,14,2017,7969.8437181206355,7,2017_bird_051_7_trip
2017-05-17T22:56:06Z,141.57464,40.61498,bird_051,K17B45,14,2017,8602.790358547487,7,2017_bird_051_7_trip
2017-05-17T22:57:06Z,141.57779,40.61986,bird_051,K17B45,14,2017,9183.348253721237,7,2017_bird_051_7_trip
2017-05-17T22:58:06Z,141.58083000000002,40.624570000000006,bird_051,K17B45,14,2017,9746.371455088442,7,2017_bird_051_7_trip
2017-05-17T22:59:07Z,141.58304,40.62964,bird_051,K17B45,14,2017,10335.769624703653,7,2017_bird_051_7_trip
2017-05-17T23:00:05Z,141.58409,40.63421,bird_051,K17B45,14,2017,10850.638020222605,7,2017_bird_051_7_trip
2017-05-17T23:01:06Z,141.58477,40.63929,bird_051,K17B45,14,2017,11414.617239289855,7,2017_bird_051_7_trip
2017-05-17T23:02:06Z,141.58571,40.64453,bird_051,K17B45,14,2017,12000.649410944758,7,2017_bird_051_7_trip
2017-05-17T23:03:06Z,141.58730000000003,40.649530000000006,bird_051,K17B45,14,2017,12571.54875128108,7,2017_bird_051_7_trip
2017-05-17T23:04:06Z,141.58880000000002,40.65434,bird_051,K17B45,14,2017,13120.280758647436,7,2017_bird_051_7_trip
2017-05-17T23:05:06Z,141.59031000000002,40.65938,bird_051,K17B45,14,2017,13694.215848692304,7,2017_bird_051_7_trip
2017-05-17T23:06:06Z,141.59202000000002,40.66431000000001,bird_051,K17B45,14,2017,14259.648150148225,7,2017_bird_051_7_trip
2017-05-17T23:07:06Z,141.59299,40.66949,bird_051,K17B45,14,2017,14839.538417343258,7,2017_bird_051_7_trip
2017-05-17T23:08:06Z,141.59529,40.674710000000005,bird_051,K17B45,14,2017,15446.716394645502,7,2017_bird_051_7_trip
2017-05-17T23:09:06Z,141.59726,40.68008,bird_051,K17B45,14,2017,16064.64003674178,7,2017_bird_051_7_trip
2017-05-17T23:10:06Z,141.59840000000003,40.68587,bird_051,K17B45,14,2017,16713.591547044005,7,2017_bird_051_7_trip
2017-05-17T23:11:06Z,141.59932,40.69162,bird_051,K17B45,14,2017,17354.48662225398,7,2017_bird_051_7_trip
2017-05-17T23:12:05Z,141.59960999999998,40.69704,bird_051,K17B45,14,2017,17949.01606255381,7,2017_bird_051_7_trip
2017-05-17T23:13:06Z,141.60016,40.70293000000001,bird_051,K17B45,14,2017,18599.510500390385,7,2017_bird_051_7_trip
2017-05-17T23:14:06Z,141.60024,40.70844,bird_051,K17B45,14,2017,19201.41743137871,7,2017_bird_051_7_trip
2017-05-17T23:15:06Z,141.60056999999998,40.714310000000005,bird_051,K17B45,14,2017,19847.107135050497,7,2017_bird_051_7_trip
2017-05-17T23:16:06Z,141.60054,40.720000000000006,bird_051,K17B45,14,2017,20468.131788156108,7,2017_bird_051_7_trip
2017-05-17T23:17:06Z,141.60115,40.726090000000006,bird_051,K17B45,14,2017,21142.924830617376,7,2017_bird_051_7_trip
2017-05-17T23:18:06Z,141.60045,40.73172,bird_051,K17B45,14,2017,21748.86305836309,7,2017_bird_051_7_trip
2017-05-17T23:19:05Z,141.59863000000001,40.73675000000001,bird_051,K17B45,14,2017,22275.29153724019,7,2017_bird_051_7_trip
2017-05-17T23:20:06Z,141.59849000000003,40.742090000000005,bird_051,K17B45,14,2017,22859.42142557459,7,2017_bird_051_7_trip
2017-05-17T23:21:06Z,141.59823000000003,40.74778,bird_051,K17B45,14,2017,23480.96004531249,7,2017_bird_051_7_trip
2017-05-17T23:22:06Z,141.5961,40.75309,bird_051,K17B45,14,2017,24039.35082360369,7,2017_bird_051_7_trip
2017-05-17T23:23:06Z,141.59339,40.75775,bird_051,K17B45,14,2017,24522.80982654895,7,2017_bird_051_7_trip
2017-05-17T23:24:06Z,141.59058,40.76287000000001,bird_051,K17B45,14,2017,25059.554988017135,7,2017_bird_051_7_trip
2017-05-17T23:25:06Z,141.58899000000002,40.76823000000001,bird_051,K17B45,14,2017,25636.88244611654,7,2017_bird_051_7_trip
2017-05-17T23:26:05Z,141.58802000000003,40.77438,bird_051,K17B45,14,2017,26308.1008856541,7,2017_bird_051_7_trip
2017-05-17T23:27:06Z,141.58830000000003,40.78087,bird_051,K17B45,14,2017,27027.703311471523,7,2017_bird_051_7_trip
2017-05-17T23:28:06Z,141.58616,40.786730000000006,bird_051,K17B45,14,2017,27659.11952683786,7,2017_bird_051_7_trip
2017-05-17T23:29:06Z,141.58221000000003,40.79223000000001,bird_051,K17B45,14,2017,28241.031568567632,7,2017_bird_051_7_trip
2017-05-17T23:30:06Z,141.57777,40.796960000000006,bird_051,K17B45,14,2017,28740.174223452952,7,2017_bird_051_7_trip
2017-05-17T23:31:06Z,141.57312,40.801939999999995,bird_051,K17B45,14,2017,29271.988045175727,7,2017_bird_051_7_trip
2017-05-17T23:32:06Z,141.56839000000002,40.80604,bird_051,K17B45,14,2017,29711.87747527373,7,2017_bird_051_7_trip
2017-05-17T23:33:07Z,141.56561,40.80767999999999,bird_051,K17B45,14,2017,29887.66655665031,7,2017_bird_051_7_trip
2017-05-17T23:34:06Z,141.56524000000002,40.808130000000006,bird_051,K17B45,14,2017,29936.935230982515,7,2017_bird_051_7_trip
2017-05-17T23:35:06Z,141.56534000000002,40.80814,bird_051,K17B45,14,2017,29938.22901855636,7,2017_bird_051_7_trip
2017-05-17T23:36:06Z,141.56528,40.80812,bird_051,K17B45,14,2017,29935.898125377236,7,2017_bird_051_7_trip
2017-05-17T23:37:06Z,141.56527,40.80806,bird_051,K17B45,14,2017,29929.21836225994,7,2017_bird_051_7_trip
2017-05-17T23:38:06Z,141.56533000000002,40.80765999999999,bird_051,K17B45,14,2017,29884.919229096413,7,2017_bird_051_7_trip
2017-05-17T23:39:06Z,141.5652,40.807849999999995,bird_051,K17B45,14,2017,29905.77561712185,7,2017_bird_051_7_trip
2017-05-17T23:40:06Z,141.56509,40.80792,bird_051,K17B45,14,2017,29913.349075854992,7,2017_bird_051_7_trip
2017-05-17T23:41:06Z,141.56505,40.80799,bird_051,K17B45,14,2017,29921.049484859348,7,2017_bird_051_7_trip
2017-05-17T23:42:06Z,141.56473,40.80781999999999,bird_051,K17B45,14,2017,29901.617693296757,7,2017_bird_051_7_trip
2017-05-17T23:43:05Z,141.55988,40.80902,bird_051,K17B45,14,2017,30029.422900874604,7,2017_bird_051_7_trip
2017-05-17T23:44:06Z,141.55901,40.80864,bird_051,K17B45,14,2017,29986.84269024467,7,2017_bird_051_7_trip
2017-05-17T23:45:07Z,141.55989,40.80889,bird_051,K17B45,14,2017,30014.992105288897,7,2017_bird_051_7_trip
2017-05-17T23:46:08Z,141.55991,40.80875,bird_051,K17B45,14,2017,29999.45634573174,7,2017_bird_051_7_trip
2017-05-17T23:47:06Z,141.55981,40.8088,bird_051,K17B45,14,2017,30004.9549697653,7,2017_bird_051_7_trip
2017-05-17T23:48:07Z,141.56012,40.80855,bird_051,K17B45,14,2017,29977.367556365298,7,2017_bird_051_7_trip
2017-05-17T23:49:06Z,141.56026,40.80932,bird_051,K17B45,14,2017,30062.960182257197,7,2017_bird_051_7_trip
2017-05-17T23:50:08Z,141.56262,40.81549,bird_051,K17B45,14,2017,30750.22653285239,7,2017_bird_051_7_trip
2017-05-17T23:51:06Z,141.56094000000002,40.82087,bird_051,K17B45,14,2017,31346.021735537077,7,2017_bird_051_7_trip
2017-05-17T23:52:06Z,141.56038,40.82065,bird_051,K17B45,14,2017,31321.20100467977,7,2017_bird_051_7_trip
2017-05-17T23:53:05Z,141.55587,40.82429,bird_051,K17B45,14,2017,31724.883248733076,7,2017_bird_051_7_trip
2017-05-17T23:54:08Z,141.55314,40.82625,bird_051,K17B45,14,2017,31944.432205735506,7,2017_bird_051_7_trip
2017-05-17T23:55:05Z,141.55015,40.82875000000001,bird_051,K17B45,14,2017,32225.990126082652,7,2017_bird_051_7_trip
2017-05-17T23:56:07Z,141.54759,40.83047,bird_051,K17B45,14,2017,32421.888766714233,7,2017_bird_051_7_trip
2017-05-17T23:57:06Z,141.54494,40.82929,bird_051,K17B45,14,2017,32297.542821757637,7,2017_bird_051_7_trip
2017-05-17T23:58:08Z,141.54291,40.82745,bird_051,K17B45,14,2017,32099.505583150596,7,2017_bird_051_7_trip
2017-05-17T23:59:06Z,141.54198,40.82698,bird_051,K17B45,14,2017,32050.494596572575,7,2017_bird_051_7_trip
2017-05-18T00:00:34Z,141.54172,40.82492,bird_051,K17B45,14,2017,31822.846871015176,7,2017_bird_051_7_trip
2017-05-18T00:01:06Z,141.54187,40.82363,bird_051,K17B45,14,2017,31679.18546957165,7,2017_bird_051_7_trip
2017-05-18T00:02:06Z,141.54301999999998,40.82132,bird_051,K17B45,14,2017,31418.922785208342,7,2017_bird_051_7_trip
2017-05-18T00:03:05Z,141.54267,40.82066,bird_051,K17B45,14,2017,31346.86404186012,7,2017_bird_051_7_trip
2017-05-18T00:04:05Z,141.54282,40.82075,bird_051,K17B45,14,2017,31356.342446292743,7,2017_bird_051_7_trip
2017-05-18T00:05:06Z,141.54442,40.82007,bird_051,K17B45,14,2017,31275.776231218388,7,2017_bird_051_7_trip
2017-05-18T00:06:06Z,141.55304,40.82026,bird_051,K17B45,14,2017,31279.390465452307,7,2017_bird_051_7_trip
2017-05-18T00:07:06Z,141.5609,40.82011000000001,bird_051,K17B45,14,2017,31261.596509807045,7,2017_bird_051_7_trip
2017-05-18T00:08:07Z,141.56132000000002,40.82016,bird_051,K17B45,14,2017,31267.48549174234,7,2017_bird_051_7_trip
2017-05-18T00:09:06Z,141.56134000000003,40.819939999999995,bird_051,K17B45,14,2017,31243.072688359443,7,2017_bird_051_7_trip
2017-05-18T00:10:06Z,141.56094000000002,40.82008,bird_051,K17B45,14,2017,31258.295466336887,7,2017_bird_051_7_trip
2017-05-18T00:11:05Z,141.56179,40.819579999999995,bird_051,K17B45,14,2017,31203.504963228053,7,2017_bird_051_7_trip
2017-05-18T00:12:06Z,141.56312,40.81918,bird_051,K17B45,14,2017,31160.567843292953,7,2017_bird_051_7_trip
2017-05-18T00:13:07Z,141.56539,40.82367,bird_051,K17B45,14,2017,31662.53769516229,7,2017_bird_051_7_trip
2017-05-18T00:14:06Z,141.56791,40.82885,bird_051,K17B45,14,2017,32242.71030692306,7,2017_bird_051_7_trip
2017-05-18T00:15:06Z,141.56729,40.83374,bird_051,K17B45,14,2017,32784.20116888438,7,2017_bird_051_7_trip
2017-05-18T00:16:05Z,141.56781,40.83894,bird_051,K17B45,14,2017,33362.595004681585,7,2017_bird_051_7_trip
2017-05-18T00:17:05Z,141.56612,40.84316,bird_051,K17B45,14,2017,33827.732755554774,7,2017_bird_051_7_trip
2017-05-18T00:18:05Z,141.56503,40.84777,bird_051,K17B45,14,2017,34337.75491667942,7,2017_bird_051_7_trip
2017-05-18T00:19:07Z,141.56563,40.85352,bird_051,K17B45,14,2017,34977.139928400815,7,2017_bird_051_7_trip
2017-05-18T00:20:05Z,141.56786,40.85521,bird_051,K17B45,14,2017,35168.92210657602,7,2017_bird_051_7_trip
2017-05-18T00:21:07Z,141.56899,40.85457999999999,bird_051,K17B45,14,2017,35101.47008713136,7,2017_bird_051_7_trip
2017-05-18T00:22:08Z,141.56996999999998,40.85405999999999,bird_051,K17B45,14,2017,35046.1179471781,7,2017_bird_051_7_trip
2017-05-18T00:23:08Z,141.57094,40.85332,bird_051,K17B45,14,2017,34966.52393637063,7,2017_bird_051_7_trip
2017-05-18T00:24:08Z,141.57189,40.853069999999995,bird_051,K17B45,14,2017,34941.45840259434,7,2017_bird_051_7_trip
2017-05-18T00:25:08Z,141.57300999999998,40.85275,bird_051,K17B45,14,2017,34909.3463849432,7,2017_bird_051_7_trip
2017-05-18T00:26:07Z,141.57368999999997,40.85221,bird_051,K17B45,14,2017,34851.61576399267,7,2017_bird_051_7_trip
2017-05-18T00:27:08Z,141.57451999999998,40.85153,bird_051,K17B45,14,2017,34778.972434836774,7,2017_bird_051_7_trip
2017-05-18T00:28:07Z,141.57601,40.85124999999999,bird_051,K17B45,14,2017,34753.31457092118,7,2017_bird_051_7_trip
2017-05-18T00:29:06Z,141.57629,40.850919999999995,bird_051,K17B45,14,2017,34717.77329694634,7,2017_bird_051_7_trip
2017-05-18T00:30:06Z,141.57667999999998,40.85059999999999,bird_051,K17B45,14,2017,34683.79078862894,7,2017_bird_051_7_trip
2017-05-18T00:31:08Z,141.57737,40.850289999999994,bird_051,K17B45,14,2017,34652.1653313629,7,2017_bird_051_7_trip
2017-05-18T00:32:06Z,141.57765999999998,40.85032,bird_051,K17B45,14,2017,34656.68331333303,7,2017_bird_051_7_trip
2017-05-18T00:33:06Z,141.578,40.84994,bird_051,K17B45,14,2017,34615.954077104565,7,2017_bird_051_7_trip
2017-05-18T00:34:07Z,141.57821,40.84995,bird_051,K17B45,14,2017,34617.95171057961,7,2017_bird_051_7_trip
2017-05-18T00:35:06Z,141.57871,40.84971,bird_051,K17B45,14,2017,34593.487103387844,7,2017_bird_051_7_trip
2017-05-18T00:36:06Z,141.57903,40.84947,bird_051,K17B45,14,2017,34568.27699610165,7,2017_bird_051_7_trip
2017-05-18T00:37:07Z,141.57942,40.8492,bird_051,K17B45,14,2017,34540.078826474855,7,2017_bird_051_7_trip
2017-05-18T00:38:06Z,141.57914999999997,40.84907,bird_051,K17B45,14,2017,34524.45152294472,7,2017_bird_051_7_trip
2017-05-18T00:39:07Z,141.57899,40.84914,bird_051,K17B45,14,2017,34531.50363241988,7,2017_bird_051_7_trip
2017-05-18T00:40:06Z,141.57862,40.84907,bird_051,K17B45,14,2017,34522.1174008467,7,2017_bird_051_7_trip
2017-05-18T00:41:06Z,141.58217000000002,40.84983999999999,bird_051,K17B45,14,2017,34624.211666023315,7,2017_bird_051_7_trip
2017-05-18T00:42:08Z,141.58323,40.8487,bird_051,K17B45,14,2017,34503.35202394643,7,2017_bird_051_7_trip
2017-05-18T00:43:08Z,141.57815,40.84915,bird_051,K17B45,14,2017,34528.96880136602,7,2017_bird_051_7_trip
2017-05-18T00:44:08Z,141.57293,40.85105999999999,bird_051,K17B45,14,2017,34721.54912265587,7,2017_bird_051_7_trip
2017-05-18T00:45:07Z,141.57223000000002,40.85117,bird_051,K17B45,14,2017,34731.59985308517,7,2017_bird_051_7_trip
2017-05-18T00:46:09Z,141.57196,40.851119999999995,bird_051,K17B45,14,2017,34725.24587644202,7,2017_bird_051_7_trip
2017-05-18T00:47:09Z,141.57274,40.85071,bird_051,K17B45,14,2017,34682.11235787744,7,2017_bird_051_7_trip
2017-05-18T00:48:09Z,141.57276,40.85052,bird_051,K17B45,14,2017,34661.0895396209,7,2017_bird_051_7_trip
2017-05-18T00:49:07Z,141.57299,40.85033,bird_051,K17B45,14,2017,34640.72874138991,7,2017_bird_051_7_trip
2017-05-18T00:50:08Z,141.57336999999998,40.85013,bird_051,K17B45,14,2017,34619.75577271404,7,2017_bird_051_7_trip
2017-05-18T00:51:08Z,141.57360999999997,40.84958,bird_051,K17B45,14,2017,34559.511475534295,7,2017_bird_051_7_trip
2017-05-18T00:52:08Z,141.57435999999998,40.84905,bird_051,K17B45,14,2017,34503.243936710554,7,2017_bird_051_7_trip
2017-05-18T00:53:07Z,141.57503,40.84849,bird_051,K17B45,14,2017,34443.48348444195,7,2017_bird_051_7_trip
2017-05-18T00:54:09Z,141.57585999999998,40.847469999999994,bird_051,K17B45,14,2017,34333.397584984996,7,2017_bird_051_7_trip
2017-05-18T00:55:09Z,141.57688,40.84829,bird_051,K17B45,14,2017,34428.339601423984,7,2017_bird_051_7_trip
2017-05-18T00:56:07Z,141.57554,40.84943,bird_051,K17B45,14,2017,34549.6404844455,7,2017_bird_051_7_trip
2017-05-18T00:57:08Z,141.57165999999998,40.851499999999994,bird_051,K17B45,14,2017,34766.5436424537,7,2017_bird_051_7_trip
2017-05-18T00:58:08Z,141.56892000000002,40.85377,bird_051,K17B45,14,2017,35011.390634191586,7,2017_bird_051_7_trip
2017-05-18T00:59:07Z,141.56609,40.856469999999995,bird_051,K17B45,14,2017,35305.447834535094,7,2017_bird_051_7_trip
2017-05-18T01:00:08Z,141.56404,40.85892,bird_051,K17B45,14,2017,35574.395806037945,7,2017_bird_051_7_trip
2017-05-18T01:01:07Z,141.56091,40.861259999999994,bird_051,K17B45,14,2017,35831.185595645686,7,2017_bird_051_7_trip
2017-05-18T01:02:06Z,141.55702000000002,40.8633,bird_051,K17B45,14,2017,36056.67381302003,7,2017_bird_051_7_trip
2017-05-18T01:03:09Z,141.55024000000003,40.86431,bird_051,K17B45,14,2017,36174.15465432457,7,2017_bird_051_7_trip
2017-05-18T01:04:07Z,141.54805,40.86609,bird_051,K17B45,14,2017,36375.433955956425,7,2017_bird_051_7_trip
2017-05-18T01:05:07Z,141.54816,40.87016,bird_051,K17B45,14,2017,36827.09985971651,7,2017_bird_051_7_trip
2017-05-18T01:06:09Z,141.54576999999998,40.87037,bird_051,K17B45,14,2017,36855.342364895594,7,2017_bird_051_7_trip
2017-05-18T01:07:08Z,141.54241000000002,40.86767999999999,bird_051,K17B45,14,2017,36565.595163497564,7,2017_bird_051_7_trip
2017-05-18T01:08:13Z,141.54088,40.86684,bird_051,K17B45,14,2017,36477.15094113957,7,2017_bird_051_7_trip
2017-05-18T01:09:06Z,141.54014,40.86588,bird_051,K17B45,14,2017,36373.10620583295,7,2017_bird_051_7_trip
2017-05-18T01:10:06Z,141.54027,40.86515000000001,bird_051,K17B45,14,2017,36291.660864791294,7,2017_bird_051_7_trip
2017-05-18T01:11:05Z,141.5408,40.861079999999994,bird_051,K17B45,14,2017,35838.2541245568,7,2017_bird_051_7_trip
2017-05-18T01:12:05Z,141.54519,40.86003,bird_051,K17B45,14,2017,35708.91696103717,7,2017_bird_051_7_trip
2017-05-18T01:13:05Z,141.54942,40.86049,bird_051,K17B45,14,2017,35751.27621070513,7,2017_bird_051_7_trip
2017-05-18T01:14:06Z,141.55338,40.86197,bird_051,K17B45,14,2017,35910.715687869204,7,2017_bird_051_7_trip
2017-05-18T01:15:06Z,141.55742000000004,40.86323,bird_051,K17B45,14,2017,36048.86986921568,7,2017_bird_051_7_trip
2017-05-18T01:16:06Z,141.55773000000002,40.86367,bird_051,K17B45,14,2017,36097.73069960467,7,2017_bird_051_7_trip
2017-05-18T01:17:07Z,141.55773000000002,40.86365,bird_051,K17B45,14,2017,36095.50967423522,7,2017_bird_051_7_trip
2017-05-18T01:18:06Z,141.55781000000002,40.86353,bird_051,K17B45,14,2017,36082.18616524484,7,2017_bird_051_7_trip
2017-05-18T01:19:07Z,141.55756,40.86358,bird_051,K17B45,14,2017,36087.73467569786,7,2017_bird_051_7_trip
2017-05-18T01:20:06Z,141.56123000000002,40.86156,bird_051,K17B45,14,2017,35864.72089679833,7,2017_bird_051_7_trip
2017-05-18T01:21:05Z,141.56228000000002,40.86103,bird_051,K17B45,14,2017,35806.73556718986,7,2017_bird_051_7_trip
2017-05-18T01:22:06Z,141.56364999999997,40.86045,bird_051,K17B45,14,2017,35743.79780083132,7,2017_bird_051_7_trip
2017-05-18T01:23:05Z,141.56450999999998,40.860130000000005,bird_051,K17B45,14,2017,35709.379278878754,7,2017_bird_051_7_trip
2017-05-18T01:24:06Z,141.56514,40.85979999999999,bird_051,K17B45,14,2017,35673.64833110847,7,2017_bird_051_7_trip
2017-05-18T01:25:08Z,141.56636,40.85925999999999,bird_051,K17B45,14,2017,35615.6837629674,7,2017_bird_051_7_trip
2017-05-18T01:26:08Z,141.5672,40.85885,bird_051,K17B45,14,2017,35571.710650053334,7,2017_bird_051_7_trip
2017-05-18T01:27:08Z,141.56808,40.85849,bird_051,K17B45,14,2017,35533.51827322073,7,2017_bird_051_7_trip
2017-05-18T01:28:06Z,141.56877,40.85811,bird_051,K17B45,14,2017,35492.83484785139,7,2017_bird_051_7_trip
2017-05-18T01:29:06Z,141.56958999999998,40.85773999999999,bird_051,K17B45,14,2017,35453.67324535997,7,2017_bird_051_7_trip
2017-05-18T01:30:06Z,141.57013,40.857519999999994,bird_051,K17B45,14,2017,35430.58646085025,7,2017_bird_051_7_trip
2017-05-18T01:31:07Z,141.57022,40.85735,bird_051,K17B45,14,2017,35411.944479722755,7,2017_bird_051_7_trip
2017-05-18T01:32:06Z,141.57011,40.85741999999999,bird_051,K17B45,14,2017,35419.435842968494,7,2017_bird_051_7_trip
2017-05-18T01:33:06Z,141.57063,40.85699,bird_051,K17B45,14,2017,35373.04592121366,7,2017_bird_051_7_trip
2017-05-18T01:34:06Z,141.57088,40.85677,bird_051,K17B45,14,2017,35349.29100492553,7,2017_bird_051_7_trip
2017-05-18T01:35:07Z,141.57091,40.85667999999999,bird_051,K17B45,14,2017,35339.38206762267,7,2017_bird_051_7_trip
2017-05-18T01:36:06Z,141.57151,40.85634,bird_051,K17B45,14,2017,35303.295909091925,7,2017_bird_051_7_trip
2017-05-18T01:37:06Z,141.57064,40.856489999999994,bird_051,K17B45,14,2017,35317.573783868545,7,2017_bird_051_7_trip
2017-05-18T01:38:07Z,141.57061,40.85625999999999,bird_051,K17B45,14,2017,35291.965453393444,7,2017_bird_051_7_trip
2017-05-18T01:39:06Z,141.56984999999997,40.85643,bird_051,K17B45,14,2017,35308.89354285022,7,2017_bird_051_7_trip
2017-05-18T01:40:06Z,141.568,40.857139999999994,bird_051,K17B45,14,2017,35383.47762283067,7,2017_bird_051_7_trip
2017-05-18T01:41:07Z,141.56646,40.85782999999999,bird_051,K17B45,14,2017,35457.0926177225,7,2017_bird_051_7_trip
2017-05-18T01:42:06Z,141.56516,40.85753999999999,bird_051,K17B45,14,2017,35422.743599767105,7,2017_bird_051_7_trip
2017-05-18T01:43:06Z,141.56241000000003,40.85719,bird_051,K17B45,14,2017,35380.44989840126,7,2017_bird_051_7_trip
2017-05-18T01:44:10Z,141.55795,40.85914,bird_051,K17B45,14,2017,35594.67910975594,7,2017_bird_051_7_trip
2017-05-18T01:45:07Z,141.55398,40.86042,bird_051,K17B45,14,2017,35738.124413470585,7,2017_bird_051_7_trip
2017-05-18T01:46:06Z,141.55065,40.86323,bird_051,K17B45,14,2017,36053.65575513733,7,2017_bird_051_7_trip
2017-05-18T01:47:06Z,141.54752,40.86628,bird_051,K17B45,14,2017,36397.54960163645,7,2017_bird_051_7_trip
2017-05-18T01:48:06Z,141.54484,40.86888,bird_051,K17B45,14,2017,36692.16358318838,7,2017_bird_051_7_trip
2017-05-18T01:49:07Z,141.54211,40.87133,bird_051,K17B45,14,2017,36971.5734189585,7,2017_bird_051_7_trip
2017-05-18T01:50:06Z,141.54191,40.87206,bird_051,K17B45,14,2017,37053.191059329685,7,2017_bird_051_7_trip
2017-05-18T01:51:07Z,141.54263,40.87202,bird_051,K17B45,14,2017,37046.62371778031,7,2017_bird_051_7_trip
2017-05-18T01:52:05Z,141.54332,40.87177,bird_051,K17B45,14,2017,37016.92987973342,7,2017_bird_051_7_trip
2017-05-18T01:53:07Z,141.54303,40.87152,bird_051,K17B45,14,2017,36989.98972158026,7,2017_bird_051_7_trip
2017-05-18T01:54:06Z,141.54341,40.87111,bird_051,K17B45,14,2017,36943.427468578295,7,2017_bird_051_7_trip
2017-05-18T01:55:06Z,141.54344999999998,40.87101,bird_051,K17B45,14,2017,36932.21858356075,7,2017_bird_051_7_trip
2017-05-18T01:56:06Z,141.54375999999996,40.87073,bird_051,K17B45,14,2017,36900.30073887138,7,2017_bird_051_7_trip
2017-05-18T01:57:07Z,141.54450999999997,40.87045,bird_051,K17B45,14,2017,36867.26536225877,7,2017_bird_051_7_trip
2017-05-18T01:58:06Z,141.54432,40.870239999999995,bird_051,K17B45,14,2017,36844.44084368218,7,2017_bird_051_7_trip
2017-05-18T01:59:07Z,141.54455999999996,40.86992,bird_051,K17B45,14,2017,36808.30802998483,7,2017_bird_051_7_trip
2017-05-18T02:00:07Z,141.54468999999995,40.86973,bird_051,K17B45,14,2017,36786.8902334702,7,2017_bird_051_7_trip
2017-05-18T02:01:05Z,141.54955999999996,40.87379,bird_051,K17B45,14,2017,37227.77445018616,7,2017_bird_051_7_trip
2017-05-18T02:02:08Z,141.548,40.87354,bird_051,K17B45,14,2017,37202.658507921304,7,2017_bird_051_7_trip
2017-05-18T02:03:06Z,141.54301999999998,40.87081,bird_051,K17B45,14,2017,36911.21544650676,7,2017_bird_051_7_trip
2017-05-18T02:04:06Z,141.54099,40.871849999999995,bird_051,K17B45,14,2017,37032.75128021179,7,2017_bird_051_7_trip
2017-05-18T02:05:06Z,141.53972,40.87252,bird_051,K17B45,14,2017,37111.31770035008,7,2017_bird_051_7_trip
2017-05-18T02:06:05Z,141.5389,40.873079999999995,bird_051,K17B45,14,2017,37176.33642489832,7,2017_bird_051_7_trip
2017-05-18T02:07:08Z,141.53747,40.8737,bird_051,K17B45,14,2017,37250.44979521834,7,2017_bird_051_7_trip
2017-05-18T02:08:06Z,141.53597,40.874379999999995,bird_051,K17B45,14,2017,37331.878495285266,7,2017_bird_051_7_trip
2017-05-18T02:09:07Z,141.53655999999998,40.87393,bird_051,K17B45,14,2017,37279.554041370175,7,2017_bird_051_7_trip
2017-05-18T02:10:06Z,141.53763,40.87339,bird_051,K17B45,14,2017,37215.44428823631,7,2017_bird_051_7_trip
2017-05-18T02:11:06Z,141.53749000000002,40.87337,bird_051,K17B45,14,2017,37213.7640534208,7,2017_bird_051_7_trip
2017-05-18T02:12:06Z,141.53653,40.873659999999994,bird_051,K17B45,14,2017,37249.72559449431,7,2017_bird_051_7_trip
2017-05-18T02:13:07Z,141.53762,40.87304,bird_051,K17B45,14,2017,37176.65489504315,7,2017_bird_051_7_trip
2017-05-18T02:14:07Z,141.53759,40.87294,bird_051,K17B45,14,2017,37165.67655590961,7,2017_bird_051_7_trip
2017-05-18T02:15:07Z,141.54017,40.87161,bird_051,K17B45,14,2017,37008.8120087719,7,2017_bird_051_7_trip
2017-05-18T02:16:06Z,141.54058999999998,40.871339999999996,bird_051,K17B45,14,2017,36977.45495443227,7,2017_bird_051_7_trip
2017-05-18T02:17:08Z,141.54094,40.87121,bird_051,K17B45,14,2017,36961.89055581657,7,2017_bird_051_7_trip
2017-05-18T02:18:08Z,141.54344,40.872679999999995,bird_051,K17B45,14,2017,37117.60443796172,7,2017_bird_051_7_trip
2017-05-18T02:19:08Z,141.54746,40.87398,bird_051,K17B45,14,2017,37252.53156317712,7,2017_bird_051_7_trip
2017-05-18T02:20:09Z,141.54888,40.87641,bird_051,K17B45,14,2017,37519.76600342923,7,2017_bird_051_7_trip
2017-05-18T02:21:07Z,141.54909999999998,40.87828,bird_051,K17B45,14,2017,37727.03365062837,7,2017_bird_051_7_trip
2017-05-18T02:22:07Z,141.54444999999998,40.88067999999999,bird_051,K17B45,14,2017,38002.971236245656,7,2017_bird_051_7_trip
2017-05-18T02:23:07Z,141.54151,40.88213,bird_051,K17B45,14,2017,38171.970204116136,7,2017_bird_051_7_trip
2017-05-18T02:24:06Z,141.53889,40.88365,bird_051,K17B45,14,2017,38349.15218755765,7,2017_bird_051_7_trip
2017-05-18T02:25:07Z,141.53796,40.88435,bird_051,K17B45,14,2017,38430.13605070954,7,2017_bird_051_7_trip
2017-05-18T02:26:06Z,141.53234000000003,40.887049999999995,bird_051,K17B45,14,2017,38752.952821136394,7,2017_bird_051_7_trip
2017-05-18T02:27:07Z,141.53089,40.886979999999994,bird_051,K17B45,14,2017,38752.13472177163,7,2017_bird_051_7_trip
2017-05-18T02:28:07Z,141.52894000000003,40.88263,bird_051,K17B45,14,2017,38279.96744135339,7,2017_bird_051_7_trip
2017-05-18T02:29:06Z,141.5267,40.88207,bird_051,K17B45,14,2017,38230.366752842616,7,2017_bird_051_7_trip
2017-05-18T02:30:07Z,141.52727000000002,40.88092,bird_051,K17B45,14,2017,38099.687407963465,7,2017_bird_051_7_trip
2017-05-18T02:31:08Z,141.52714000000003,40.88101999999999,bird_051,K17B45,14,2017,38111.50770761861,7,2017_bird_051_7_trip
2017-05-18T02:32:07Z,141.52795,40.88099999999999,bird_051,K17B45,14,2017,38104.72948352814,7,2017_bird_051_7_trip
2017-05-18T02:33:06Z,141.5265,40.87467999999999,bird_051,K17B45,14,2017,37412.84821001779,7,2017_bird_051_7_trip
2017-05-18T02:34:06Z,141.52435,40.868100000000005,bird_051,K17B45,14,2017,36697.4475161672,7,2017_bird_051_7_trip
2017-05-18T02:35:07Z,141.52051,40.8622,bird_051,K17B45,14,2017,36070.96869164492,7,2017_bird_051_7_trip
2017-05-18T02:36:07Z,141.51686999999998,40.85623999999999,bird_051,K17B45,14,2017,35440.22843081947,7,2017_bird_051_7_trip
2017-05-18T02:37:06Z,141.51334,40.85014,bird_051,K17B45,14,2017,34796.91180456151,7,2017_bird_051_7_trip
2017-05-18T02:38:07Z,141.51107,40.84297,bird_051,K17B45,14,2017,34027.067349194454,7,2017_bird_051_7_trip
2017-05-18T02:39:06Z,141.50714000000002,40.83699,bird_051,K17B45,14,2017,33408.33434165649,7,2017_bird_051_7_trip
2017-05-18T02:40:07Z,141.50333,40.83054,bird_051,K17B45,14,2017,32741.651180377197,7,2017_bird_051_7_trip
2017-05-18T02:41:07Z,141.50013,40.823710000000005,bird_051,K17B45,14,2017,32030.787563644248,7,2017_bird_051_7_trip
2017-05-18T02:42:06Z,141.49730000000002,40.81671,bird_051,K17B45,14,2017,31300.7706519845,7,2017_bird_051_7_trip
2017-05-18T02:43:07Z,141.49356999999998,40.81013,bird_051,K17B45,14,2017,30634.2482330888,7,2017_bird_051_7_trip
2017-05-18T02:44:07Z,141.49129000000002,40.80285,bird_051,K17B45,14,2017,29874.503842224956,7,2017_bird_051_7_trip
2017-05-18T02:45:07Z,141.48721000000003,40.79621000000001,bird_051,K17B45,14,2017,29218.938251647334,7,2017_bird_051_7_trip
2017-05-18T02:46:07Z,141.48369,40.78948,bird_051,K17B45,14,2017,28551.391622057323,7,2017_bird_051_7_trip
2017-05-18T02:47:06Z,141.48001000000002,40.78273000000001,bird_051,K17B45,14,2017,27892.107268969354,7,2017_bird_051_7_trip
2017-05-18T02:48:07Z,141.47527,40.77589,bird_051,K17B45,14,2017,27254.1597905646,7,2017_bird_051_7_trip
2017-05-18T02:49:07Z,141.47081,40.76911000000001,bird_051,K17B45,14,2017,26628.520182321452,7,2017_bird_051_7_trip
2017-05-18T02:50:07Z,141.46693000000002,40.76270000000001,bird_051,K17B45,14,2017,26039.865104232045,7,2017_bird_051_7_trip
2017-05-18T02:51:06Z,141.46223000000003,40.75692,bird_051,K17B45,14,2017,25549.98331611349,7,2017_bird_051_7_trip
2017-05-18T02:52:07Z,141.45761000000002,40.75057,bird_051,K17B45,14,2017,25011.44109169514,7,2017_bird_051_7_trip
2017-05-18T02:53:09Z,141.45269000000002,40.74406,bird_051,K17B45,14,2017,24480.254130008132,7,2017_bird_051_7_trip
2017-05-18T02:54:34Z,141.44522,40.73513000000001,bird_051,K17B45,14,2017,23804.26745713381,7,2017_bird_051_7_trip
2017-05-18T02:55:06Z,141.44258,40.73162,bird_051,K17B45,14,2017,23538.982591084237,7,2017_bird_051_7_trip
2017-05-18T02:56:06Z,141.43796,40.72418,bird_051,K17B45,14,2017,22959.089250951743,7,2017_bird_051_7_trip
2017-05-18T02:57:05Z,141.43413,40.71651000000001,bird_051,K17B45,14,2017,22347.662529921778,7,2017_bird_051_7_trip
2017-05-18T02:58:06Z,141.43182000000002,40.70799,bird_051,K17B45,14,2017,21611.718305448227,7,2017_bird_051_7_trip
2017-05-18T02:59:06Z,141.42872000000003,40.69946,bird_051,K17B45,14,2017,20928.36577905433,7,2017_bird_051_7_trip
2017-05-18T03:00:06Z,141.43304999999998,40.69131000000001,bird_051,K17B45,14,2017,19965.959886772405,7,2017_bird_051_7_trip
2017-05-18T03:01:06Z,141.43892000000002,40.68506,bird_051,K17B45,14,2017,19114.599268278205,7,2017_bird_051_7_trip
2017-05-18T03:02:06Z,141.43992,40.67684,bird_051,K17B45,14,2017,18298.362679247857,7,2017_bird_051_7_trip
2017-05-18T03:03:06Z,141.44023,40.667370000000005,bird_051,K17B45,14,2017,17410.988274471794,7,2017_bird_051_7_trip
2017-05-18T03:04:07Z,141.44382,40.65802,bird_051,K17B45,14,2017,16388.906178157322,7,2017_bird_051_7_trip
2017-05-18T03:05:07Z,141.44682,40.64796,bird_051,K17B45,14,2017,15342.856951740312,7,2017_bird_051_7_trip
2017-05-18T03:06:07Z,141.4478,40.639610000000005,bird_051,K17B45,14,2017,14567.263954157932,7,2017_bird_051_7_trip
2017-05-18T03:07:07Z,141.44992,40.633750000000006,bird_051,K17B45,14,2017,13954.72119906877,7,2017_bird_051_7_trip
2017-05-18T03:08:06Z,141.45294000000004,40.626740000000005,bird_051,K17B45,14,2017,13202.397674058704,7,2017_bird_051_7_trip
2017-05-18T03:09:06Z,141.45606,40.62010000000001,bird_051,K17B45,14,2017,12482.387664580798,7,2017_bird_051_7_trip
2017-05-18T03:10:07Z,141.45840000000004,40.61529,bird_051,K17B45,14,2017,11961.002796856565,7,2017_bird_051_7_trip
2017-05-18T03:11:06Z,141.46140000000003,40.61003,bird_051,K17B45,14,2017,11369.32307129742,7,2017_bird_051_7_trip
2017-05-18T03:12:07Z,141.46223000000003,40.60384,bird_051,K17B45,14,2017,10848.796106419166,7,2017_bird_051_7_trip
2017-05-18T03:13:09Z,141.46287,40.60197,bird_051,K17B45,14,2017,10670.538383956498,7,2017_bird_051_7_trip
2017-05-18T03:14:08Z,141.46263000000002,40.60199,bird_051,K17B45,14,2017,10687.28690621532,7,2017_bird_051_7_trip
2017-05-18T03:15:08Z,141.463,40.60197,bird_051,K17B45,14,2017,10662.26501028612,7,2017_bird_051_7_trip
2017-05-18T03:16:08Z,141.46258,40.60211000000001,bird_051,K17B45,14,2017,10699.246038730043,7,2017_bird_051_7_trip
2017-05-18T03:17:08Z,141.46262000000002,40.602030000000006,bird_051,K17B45,14,2017,10690.848019601108,7,2017_bird_051_7_trip
2017-05-18T03:18:08Z,141.46256,40.60173,bird_051,K17B45,14,2017,10672.775250954017,7,2017_bird_051_7_trip
2017-05-18T03:19:10Z,141.46275,40.60173,bird_051,K17B45,14,2017,10660.647942031952,7,2017_bird_051_7_trip
2017-05-18T03:20:09Z,141.4627,40.60233000000001,bird_051,K17B45,14,2017,10707.725254255853,7,2017_bird_051_7_trip
2017-05-18T03:21:08Z,141.46258,40.602250000000005,bird_051,K17B45,14,2017,10709.492717013116,7,2017_bird_051_7_trip
2017-05-18T03:22:06Z,141.46299000000002,40.60227,bird_051,K17B45,14,2017,10684.90041391846,7,2017_bird_051_7_trip
2017-05-18T03:23:07Z,141.46279,40.60230000000001,bird_051,K17B45,14,2017,10699.805590540014,7,2017_bird_051_7_trip
2017-05-18T03:24:09Z,141.46258,40.60228,bird_051,K17B45,14,2017,10711.69009412969,7,2017_bird_051_7_trip
2017-05-18T03:25:10Z,141.46275,40.6022,bird_051,K17B45,14,2017,10695.016374149449,7,2017_bird_051_7_trip
2017-05-18T03:26:07Z,141.46293000000003,40.60208,bird_051,K17B45,14,2017,10674.775951365928,7,2017_bird_051_7_trip
2017-05-18T03:27:08Z,141.46269,40.60222,bird_051,K17B45,14,2017,10700.297754928895,7,2017_bird_051_7_trip
2017-05-18T03:28:08Z,141.46263000000002,40.602140000000006,bird_051,K17B45,14,2017,10698.25751087352,7,2017_bird_051_7_trip
2017-05-18T03:29:08Z,141.46249000000003,40.60217000000001,bird_051,K17B45,14,2017,10709.36626999818,7,2017_bird_051_7_trip
2017-05-18T03:30:07Z,141.46283000000005,40.60215000000001,bird_051,K17B45,14,2017,10686.264896798126,7,2017_bird_051_7_trip
2017-05-18T03:31:08Z,141.46305999999998,40.602120000000006,bird_051,K17B45,14,2017,10669.445050147338,7,2017_bird_051_7_trip
2017-05-18T03:32:10Z,141.46277,40.60209,bird_051,K17B45,14,2017,10685.68695857615,7,2017_bird_051_7_trip
2017-05-18T03:33:06Z,141.46244000000004,40.60221000000001,bird_051,K17B45,14,2017,10715.476264609402,7,2017_bird_051_7_trip
2017-05-18T03:34:08Z,141.46304999999998,40.60201000000001,bird_051,K17B45,14,2017,10662.015143735707,7,2017_bird_051_7_trip
2017-05-18T03:35:07Z,141.46277,40.60201000000001,bird_051,K17B45,14,2017,10679.831859939117,7,2017_bird_051_7_trip
2017-05-18T03:36:07Z,141.46319,40.60191,bird_051,K17B45,14,2017,10645.78401666554,7,2017_bird_051_7_trip
2017-05-18T03:37:08Z,141.46279,40.60210000000001,bird_051,K17B45,14,2017,10685.146543705614,7,2017_bird_051_7_trip
2017-05-18T03:38:08Z,141.46278,40.60215000000001,bird_051,K17B45,14,2017,10689.444928762028,7,2017_bird_051_7_trip
2017-05-18T03:39:34Z,141.46252,40.602590000000006,bird_051,K17B45,14,2017,10738.239526158595,7,2017_bird_051_7_trip
2017-05-18T03:40:06Z,141.46295,40.603390000000005,bird_051,K17B45,14,2017,10770.064671877848,7,2017_bird_051_7_trip
2017-05-18T03:41:06Z,141.46277,40.603390000000005,bird_051,K17B45,14,2017,10781.412622087271,7,2017_bird_051_7_trip
2017-05-18T03:42:07Z,141.46302,40.60323,bird_051,K17B45,14,2017,10753.796659936395,7,2017_bird_051_7_trip
2017-05-18T03:43:07Z,141.46295,40.60332,bird_051,K17B45,14,2017,10764.877136667325,7,2017_bird_051_7_trip
2017-05-18T03:44:06Z,141.46296,40.60334,bird_051,K17B45,14,2017,10765.728594809518,7,2017_bird_051_7_trip
2017-05-18T03:45:05Z,141.46304999999998,40.60327,bird_051,K17B45,14,2017,10754.868181330698,7,2017_bird_051_7_trip
2017-05-18T03:46:06Z,141.463,40.60323,bird_051,K17B45,14,2017,10755.058044680754,7,2017_bird_051_7_trip
2017-05-18T03:47:07Z,141.46293000000003,40.60349,bird_051,K17B45,14,2017,10778.740370175,7,2017_bird_051_7_trip
2017-05-18T03:48:06Z,141.46302,40.60323,bird_051,K17B45,14,2017,10753.796659936395,7,2017_bird_051_7_trip
2017-05-18T03:49:05Z,141.46297,40.60329,bird_051,K17B45,14,2017,10761.393701034209,7,2017_bird_051_7_trip
2017-05-18T03:50:06Z,141.46295,40.6034,bird_051,K17B45,14,2017,10770.806002336612,7,2017_bird_051_7_trip
2017-05-18T03:51:05Z,141.46277,40.603350000000006,bird_051,K17B45,14,2017,10778.45106321443,7,2017_bird_051_7_trip
2017-05-18T03:52:06Z,141.46289000000002,40.603370000000005,bird_051,K17B45,14,2017,10772.364305135932,7,2017_bird_051_7_trip
2017-05-18T03:53:07Z,141.46299000000002,40.60342,bird_051,K17B45,14,2017,10769.76891449815,7,2017_bird_051_7_trip
2017-05-18T03:54:05Z,141.46304999999998,40.603350000000006,bird_051,K17B45,14,2017,10760.797985314046,7,2017_bird_051_7_trip
2017-05-18T03:55:05Z,141.46293000000003,40.60343,bird_051,K17B45,14,2017,10774.290435372395,7,2017_bird_051_7_trip
2017-05-18T03:56:05Z,141.46287,40.60343,bird_051,K17B45,14,2017,10778.071331010764,7,2017_bird_051_7_trip
2017-05-18T03:57:07Z,141.46292000000005,40.60329,bird_051,K17B45,14,2017,10764.546822267364,7,2017_bird_051_7_trip
2017-05-18T03:58:07Z,141.46298000000002,40.60342,bird_051,K17B45,14,2017,10770.398854690022,7,2017_bird_051_7_trip
2017-05-18T03:59:06Z,141.46309,40.60324,bird_051,K17B45,14,2017,10750.123671569723,7,2017_bird_051_7_trip
2017-05-18T04:00:06Z,141.46272000000002,40.60349,bird_051,K17B45,14,2017,10791.972706014556,7,2017_bird_051_7_trip
2017-05-18T04:01:06Z,141.46304,40.60325,bird_051,K17B45,14,2017,10754.0168675291,7,2017_bird_051_7_trip
2017-05-18T04:02:06Z,141.46293000000003,40.60338,bird_051,K17B45,14,2017,10770.583900460986,7,2017_bird_051_7_trip
2017-05-18T04:03:07Z,141.46302,40.60338,bird_051,K17B45,14,2017,10764.912606271337,7,2017_bird_051_7_trip
2017-05-18T04:04:08Z,141.46301,40.60331000000001,bird_051,K17B45,14,2017,10760.353714172208,7,2017_bird_051_7_trip
2017-05-18T04:05:06Z,141.46303,40.60314,bird_051,K17B45,14,2017,10746.5029257585,7,2017_bird_051_7_trip
2017-05-18T04:06:06Z,141.46294000000003,40.603390000000005,bird_051,K17B45,14,2017,10770.694861345492,7,2017_bird_051_7_trip
2017-05-18T04:07:05Z,141.46338,40.60341,bird_051,K17B45,14,2017,10744.481162606602,7,2017_bird_051_7_trip
2017-05-18T04:08:06Z,141.46313,40.603390000000005,bird_051,K17B45,14,2017,10758.726345993744,7,2017_bird_051_7_trip
2017-05-18T04:09:05Z,141.46318,40.60322,bird_051,K17B45,14,2017,10742.968610152137,7,2017_bird_051_7_trip
2017-05-18T04:10:07Z,141.46307,40.603390000000005,bird_051,K17B45,14,2017,10762.504716708136,7,2017_bird_051_7_trip
2017-05-18T04:11:06Z,141.46299000000002,40.60345,bird_051,K17B45,14,2017,10771.994188725206,7,2017_bird_051_7_trip
2017-05-18T04:12:05Z,141.46304,40.60338,bird_051,K17B45,14,2017,10763.65264565792,7,2017_bird_051_7_trip
2017-05-18T04:13:07Z,141.46291000000002,40.6034,bird_051,K17B45,14,2017,10773.326764541724,7,2017_bird_051_7_trip
2017-05-18T04:14:06Z,141.46301,40.60341,bird_051,K17B45,14,2017,10767.767405127064,7,2017_bird_051_7_trip
2017-05-18T04:15:07Z,141.46311,40.603370000000005,bird_051,K17B45,14,2017,10758.50182143476,7,2017_bird_051_7_trip
2017-05-18T04:16:06Z,141.463,40.60342,bird_051,K17B45,14,2017,10769.13900404192,7,2017_bird_051_7_trip
2017-05-18T04:17:05Z,141.46338,40.60305,bird_051,K17B45,14,2017,10717.76360878272,7,2017_bird_051_7_trip
2017-05-18T04:18:06Z,141.46324,40.60328,bird_051,K17B45,14,2017,10743.637792638465,7,2017_bird_051_7_trip
2017-05-18T04:19:07Z,141.46321,40.60315000000001,bird_051,K17B45,14,2017,10735.890162605803,7,2017_bird_051_7_trip
2017-05-18T04:20:06Z,141.46313,40.60308,bird_051,K17B45,14,2017,10735.752359573533,7,2017_bird_051_7_trip
2017-05-18T04:21:05Z,141.46323,40.60303,bird_051,K17B45,14,2017,10725.742024649977,7,2017_bird_051_7_trip
2017-05-18T04:22:05Z,141.46334000000002,40.602970000000006,bird_051,K17B45,14,2017,10714.360726868934,7,2017_bird_051_7_trip
2017-05-18T04:23:05Z,141.4632,40.60308,bird_051,K17B45,14,2017,10731.336161837671,7,2017_bird_051_7_trip
2017-05-18T04:24:07Z,141.46327,40.60318,bird_051,K17B45,14,2017,10734.33180491873,7,2017_bird_051_7_trip
2017-05-18T04:25:07Z,141.46327,40.60309,bird_051,K17B45,14,2017,10727.662172834249,7,2017_bird_051_7_trip
2017-05-18T04:26:05Z,141.46317,40.60302,bird_051,K17B45,14,2017,10728.788089230917,7,2017_bird_051_7_trip
2017-05-18T04:27:05Z,141.4631,40.60305,bird_051,K17B45,14,2017,10735.425814343938,7,2017_bird_051_7_trip
2017-05-18T04:28:05Z,141.46334000000002,40.603010000000005,bird_051,K17B45,14,2017,10717.3225283652,7,2017_bird_051_7_trip
2017-05-18T04:29:07Z,141.46314,40.60334,bird_051,K17B45,14,2017,10754.38688909397,7,2017_bird_051_7_trip
2017-05-18T04:30:07Z,141.46314,40.60324,bird_051,K17B45,14,2017,10746.97198752245,7,2017_bird_051_7_trip
2017-05-18T04:31:05Z,141.46328,40.60306,bird_051,K17B45,14,2017,10724.809464571952,7,2017_bird_051_7_trip
2017-05-18T04:32:05Z,141.46312,40.60329,bird_051,K17B45,14,2017,10751.938792650966,7,2017_bird_051_7_trip
2017-05-18T04:33:06Z,141.46325,40.603,bird_051,K17B45,14,2017,10722.259612095177,7,2017_bird_051_7_trip
2017-05-18T04:34:06Z,141.46322,40.60298,bird_051,K17B45,14,2017,10722.672838047796,7,2017_bird_051_7_trip
2017-05-18T04:35:06Z,141.46317,40.60322,bird_051,K17B45,14,2017,10743.598855546656,7,2017_bird_051_7_trip
2017-05-18T04:36:08Z,141.4631,40.60315000000001,bird_051,K17B45,14,2017,10742.826871966918,7,2017_bird_051_7_trip
2017-05-18T04:37:07Z,141.46314,40.60321,bird_051,K17B45,14,2017,10744.748757190147,7,2017_bird_051_7_trip
2017-05-18T04:38:06Z,141.46318,40.60303,bird_051,K17B45,14,2017,10728.896947527615,7,2017_bird_051_7_trip
2017-05-18T04:39:07Z,141.46321,40.60308,bird_051,K17B45,14,2017,10730.705395368135,7,2017_bird_051_7_trip
2017-05-18T04:40:07Z,141.46334000000002,40.60287,bird_051,K17B45,14,2017,10706.96070069172,7,2017_bird_051_7_trip
2017-05-18T04:41:07Z,141.4632,40.603170000000006,bird_051,K17B45,14,2017,10738.00247245596,7,2017_bird_051_7_trip
2017-05-18T04:42:06Z,141.46335,40.60291000000001,bird_051,K17B45,14,2017,10709.288850965457,7,2017_bird_051_7_trip
2017-05-18T04:43:06Z,141.46327,40.60306,bird_051,K17B45,14,2017,10725.440109988733,7,2017_bird_051_7_trip
2017-05-18T04:44:06Z,141.46323,40.60308,bird_051,K17B45,14,2017,10729.443951672718,7,2017_bird_051_7_trip
2017-05-18T04:45:07Z,141.46328,40.603,bird_051,K17B45,14,2017,10720.366800901034,7,2017_bird_051_7_trip
2017-05-18T04:46:06Z,141.46311,40.60323,bird_051,K17B45,14,2017,10748.12189896636,7,2017_bird_051_7_trip
2017-05-18T04:47:06Z,141.4631,40.60328,bird_051,K17B45,14,2017,10752.457776314388,7,2017_bird_051_7_trip
2017-05-18T04:48:07Z,141.46314,40.60329,bird_051,K17B45,14,2017,10750.67864378669,7,2017_bird_051_7_trip
2017-05-18T04:49:07Z,141.4632,40.60327,bird_051,K17B45,14,2017,10745.415535921533,7,2017_bird_051_7_trip
2017-05-18T04:50:07Z,141.46318,40.60316,bird_051,K17B45,14,2017,10738.522440785691,7,2017_bird_051_7_trip
2017-05-18T04:51:07Z,141.4632,40.603100000000005,bird_051,K17B45,14,2017,10732.817117762428,7,2017_bird_051_7_trip
2017-05-18T04:52:07Z,141.4632,40.60313000000001,bird_051,K17B45,14,2017,10735.03903010536,7,2017_bird_051_7_trip
2017-05-18T04:53:06Z,141.46318,40.60313000000001,bird_051,K17B45,14,2017,10736.300216197826,7,2017_bird_051_7_trip
2017-05-18T04:54:07Z,141.46329,40.60303,bird_051,K17B45,14,2017,10721.95709871993,7,2017_bird_051_7_trip
2017-05-18T04:55:06Z,141.46262000000002,40.60195,bird_051,K17B45,14,2017,10685.00130008407,7,2017_bird_051_7_trip
2017-05-18T04:56:19Z,141.46276,40.60187,bird_051,K17B45,14,2017,10670.232851703222,7,2017_bird_051_7_trip
2017-05-18T04:57:06Z,141.46381,40.60228,bird_051,K17B45,14,2017,10633.672530432756,7,2017_bird_051_7_trip
2017-05-18T04:58:08Z,141.46647000000002,40.59808,bird_051,K17B45,14,2017,10157.439022853134,7,2017_bird_051_7_trip
2017-05-18T04:59:19Z,141.46891000000002,40.59194,bird_051,K17B45,14,2017,9565.104471024186,7,2017_bird_051_7_trip
2017-05-18T05:00:07Z,141.47081,40.58819,bird_051,K17B45,14,2017,9183.896013703285,7,2017_bird_051_7_trip
2017-05-18T05:01:08Z,141.47549999999998,40.58675,bird_051,K17B45,14,2017,8770.889842954668,7,2017_bird_051_7_trip
2017-05-18T05:02:07Z,141.47822000000002,40.58136,bird_051,K17B45,14,2017,8230.45014535276,7,2017_bird_051_7_trip
2017-05-18T05:03:08Z,141.48164000000003,40.57661,bird_051,K17B45,14,2017,7694.3003231126995,7,2017_bird_051_7_trip
2017-05-18T05:04:07Z,141.48408,40.57206,bird_051,K17B45,14,2017,7251.152923459652,7,2017_bird_051_7_trip
2017-05-18T05:05:05Z,141.48951,40.57041,bird_051,K17B45,14,2017,6762.82729539928,7,2017_bird_051_7_trip
2017-05-18T05:06:05Z,141.49264000000002,40.56609,bird_051,K17B45,14,2017,6292.202342438186,7,2017_bird_051_7_trip
2017-05-18T05:07:06Z,141.49805,40.56276,bird_051,K17B45,14,2017,5713.124622173882,7,2017_bird_051_7_trip
2017-05-18T05:08:05Z,141.50268,40.560100000000006,bird_051,K17B45,14,2017,5228.822112482524,7,2017_bird_051_7_trip
2017-05-18T05:09:05Z,141.50829000000002,40.55828,bird_051,K17B45,14,2017,4713.96174809742,7,2017_bird_051_7_trip
2017-05-18T05:10:05Z,141.51511,40.55685,bird_051,K17B45,14,2017,4130.441760883219,7,2017_bird_051_7_trip
2017-05-18T05:11:06Z,141.51721,40.5565,bird_051,K17B45,14,2017,3956.7271589867214,7,2017_bird_051_7_trip
2017-05-18T05:12:06Z,141.51708,40.556819999999995,bird_051,K17B45,14,2017,3984.167547696608,7,2017_bird_051_7_trip
2017-05-18T05:13:07Z,141.51727,40.55629,bird_051,K17B45,14,2017,3940.665257690044,7,2017_bird_051_7_trip
2017-05-18T05:14:06Z,141.51729,40.55642,bird_051,K17B45,14,2017,3946.409838712551,7,2017_bird_051_7_trip
2017-05-18T05:15:06Z,141.51716,40.556439999999995,bird_051,K17B45,14,2017,3957.0530019964376,7,2017_bird_051_7_trip
2017-05-18T05:16:06Z,141.51723,40.55619,bird_051,K17B45,14,2017,3938.087803112093,7,2017_bird_051_7_trip
2017-05-18T05:17:07Z,141.51724000000002,40.55627,bird_051,K17B45,14,2017,3941.76351783043,7,2017_bird_051_7_trip
2017-05-18T05:18:06Z,141.5173,40.55617,bird_051,K17B45,14,2017,3931.837823749751,7,2017_bird_051_7_trip
2017-05-18T05:19:06Z,141.51704,40.55667,bird_051,K17B45,14,2017,3978.6667693945897,7,2017_bird_051_7_trip
2017-05-18T05:20:06Z,141.51717,40.5564,bird_051,K17B45,14,2017,3954.099037397185,7,2017_bird_051_7_trip
2017-05-18T05:21:05Z,141.52127000000002,40.555510000000005,bird_051,K17B45,14,2017,3604.9721985479177,7,2017_bird_051_7_trip
2017-05-18T05:22:08Z,141.52797,40.55864,bird_051,K17B45,14,2017,3354.070266412045,7,2017_bird_051_7_trip
2017-05-18T05:23:07Z,141.53442,40.55854,bird_051,K17B45,14,2017,2959.0833513260677,7,2017_bird_051_7_trip
2017-05-18T05:24:08Z,141.53649,40.55529,bird_051,K17B45,14,2017,2575.058807196896,7,2017_bird_051_7_trip
2017-05-18T05:25:08Z,141.54062,40.55206,bird_051,K17B45,14,2017,2074.050782221154,7,2017_bird_051_7_trip
2017-05-18T05:26:07Z,141.54617,40.54898,bird_051,K17B45,14,2017,1505.0106954716225,7,2017_bird_051_7_trip
2017-05-18T05:27:06Z,141.55089,40.546310000000005,bird_051,K17B45,14,2017,1027.2496903873073,7,2017_bird_051_7_trip
2017-05-20T18:24:07Z,141.55842000000004,40.54796,bird_051,K17B45,14,2017,1040.9962934885325,11,2017_bird_051_11_trip
2017-05-20T18:25:08Z,141.55897000000002,40.554019999999994,bird_051,K17B45,14,2017,1715.5397453104,11,2017_bird_051_11_trip
2017-05-20T18:26:08Z,141.56314999999998,40.55894,bird_051,K17B45,14,2017,2306.3387385157366,11,2017_bird_051_11_trip
2017-05-20T18:27:08Z,141.56611,40.56496,bird_051,K17B45,14,2017,3013.867142342056,11,2017_bird_051_11_trip
2017-05-20T18:28:07Z,141.56649000000002,40.57189,bird_051,K17B45,14,2017,3771.876932111438,11,2017_bird_051_11_trip
2017-05-20T18:29:07Z,141.56635,40.57921,bird_051,K17B45,14,2017,4569.31683150517,11,2017_bird_051_11_trip
2017-05-20T18:30:07Z,141.56749000000002,40.586479999999995,bird_051,K17B45,14,2017,5381.703755436474,11,2017_bird_051_11_trip
2017-05-20T18:31:06Z,141.57038,40.59311000000001,bird_051,K17B45,14,2017,6148.359761680247,11,2017_bird_051_11_trip
2017-05-20T18:32:07Z,141.57263,40.6003,bird_051,K17B45,14,2017,6967.998991495653,11,2017_bird_051_11_trip
2017-05-20T18:33:06Z,141.57669,40.60494,bird_051,K17B45,14,2017,7541.307359902256,11,2017_bird_051_11_trip
2017-05-20T18:34:07Z,141.58063,40.61062,bird_051,K17B45,14,2017,8231.086728174425,11,2017_bird_051_11_trip
2017-05-20T18:35:06Z,141.58599,40.61549,bird_051,K17B45,14,2017,8869.49422238885,11,2017_bird_051_11_trip
2017-05-20T18:36:06Z,141.59192000000002,40.62037000000001,bird_051,K17B45,14,2017,9533.094453880309,11,2017_bird_051_11_trip
2017-05-20T18:37:06Z,141.59797,40.62575000000001,bird_051,K17B45,14,2017,10262.733304007896,11,2017_bird_051_11_trip
2017-05-20T18:38:06Z,141.60248,40.63156,bird_051,K17B45,14,2017,10999.147086885656,11,2017_bird_051_11_trip
2017-05-20T18:39:06Z,141.60791,40.63729,bird_051,K17B45,14,2017,11756.91048328459,11,2017_bird_051_11_trip
2017-05-20T18:40:08Z,141.61321999999998,40.64334,bird_051,K17B45,14,2017,12547.103689552992,11,2017_bird_051_11_trip
2017-05-20T18:41:07Z,141.61781,40.648900000000005,bird_051,K17B45,14,2017,13265.752101173755,11,2017_bird_051_11_trip
2017-05-20T18:42:06Z,141.62218,40.65494,bird_051,K17B45,14,2017,14027.274851815686,11,2017_bird_051_11_trip
2017-05-20T18:43:07Z,141.62627,40.661190000000005,bird_051,K17B45,14,2017,14801.336820936212,11,2017_bird_051_11_trip
2017-05-20T18:44:06Z,141.62855,40.66706,bird_051,K17B45,14,2017,15476.703785886752,11,2017_bird_051_11_trip
2017-05-20T18:45:06Z,141.63357999999997,40.67195,bird_051,K17B45,14,2017,16143.295763332006,11,2017_bird_051_11_trip
2017-05-20T18:46:06Z,141.63872,40.67641,bird_051,K17B45,14,2017,16771.98275593544,11,2017_bird_051_11_trip
2017-05-20T18:47:06Z,141.64486999999997,40.6802,bird_051,K17B45,14,2017,17371.574740971842,11,2017_bird_051_11_trip
2017-05-20T18:48:06Z,141.65033000000005,40.68409,bird_051,K17B45,14,2017,17960.449174653022,11,2017_bird_051_11_trip
2017-05-20T18:49:06Z,141.65588,40.68799,bird_051,K17B45,14,2017,18556.581007626777,11,2017_bird_051_11_trip
2017-05-20T18:50:06Z,141.66129,40.69196,bird_051,K17B45,14,2017,19156.92140238191,11,2017_bird_051_11_trip
2017-05-20T18:51:06Z,141.66715,40.69615000000001,bird_051,K17B45,14,2017,19798.83778393071,11,2017_bird_051_11_trip
2017-05-20T18:52:07Z,141.67326999999997,40.700230000000005,bird_051,K17B45,14,2017,20442.985387231256,11,2017_bird_051_11_trip
2017-05-20T18:53:06Z,141.67919999999998,40.703610000000005,bird_051,K17B45,14,2017,21014.24145446464,11,2017_bird_051_11_trip
2017-05-20T18:54:07Z,141.67924,40.70419,bird_051,K17B45,14,2017,21072.05593929991,11,2017_bird_051_11_trip
2017-05-20T18:55:06Z,141.68255,40.708200000000005,bird_051,K17B45,14,2017,21597.28763910664,11,2017_bird_051_11_trip
2017-05-20T18:56:07Z,141.68734000000003,40.71198,bird_051,K17B45,14,2017,22162.053878558378,11,2017_bird_051_11_trip
2017-05-20T18:57:06Z,141.69254,40.71649,bird_051,K17B45,14,2017,22815.254643750275,11,2017_bird_051_11_trip
2017-05-20T18:58:06Z,141.6971,40.720960000000005,bird_051,K17B45,14,2017,23438.038670393344,11,2017_bird_051_11_trip
2017-05-20T18:59:08Z,141.70142,40.72659000000001,bird_051,K17B45,14,2017,24161.97767754617,11,2017_bird_051_11_trip
2017-05-20T19:00:07Z,141.70576999999997,40.73213000000001,bird_051,K17B45,14,2017,24878.550362924205,11,2017_bird_051_11_trip
2017-05-20T19:01:06Z,141.71002,40.73756,bird_051,K17B45,14,2017,25580.301706614948,11,2017_bird_051_11_trip
2017-05-20T19:02:07Z,141.71371999999997,40.74382,bird_051,K17B45,14,2017,26338.277294048286,11,2017_bird_051_11_trip
2017-05-20T19:03:06Z,141.71801,40.74998,bird_051,K17B45,14,2017,27111.79393018491,11,2017_bird_051_11_trip
2017-05-20T19:04:06Z,141.72274000000002,40.75584,bird_051,K17B45,14,2017,27875.11510345147,11,2017_bird_051_11_trip
2017-05-20T19:05:07Z,141.72954999999996,40.76017000000001,bird_051,K17B45,14,2017,28580.78095806082,11,2017_bird_051_11_trip
2017-05-20T19:06:06Z,141.73618,40.76408,bird_051,K17B45,14,2017,29240.851276098692,11,2017_bird_051_11_trip
2017-05-20T19:07:07Z,141.74088999999998,40.76681000000001,bird_051,K17B45,14,2017,29706.610442508292,11,2017_bird_051_11_trip
2017-05-20T19:08:07Z,141.74795999999998,40.769270000000006,bird_051,K17B45,14,2017,30253.74411407324,11,2017_bird_051_11_trip
2017-05-20T19:09:06Z,141.75484,40.77261000000001,bird_051,K17B45,14,2017,30878.5928661257,11,2017_bird_051_11_trip
2017-05-20T19:10:06Z,141.76104,40.77686,bird_051,K17B45,14,2017,31559.26614140102,11,2017_bird_051_11_trip
2017-05-20T19:11:07Z,141.7667,40.78086,bird_051,K17B45,14,2017,32192.69719266201,11,2017_bird_051_11_trip
2017-05-20T19:12:07Z,141.77050999999997,40.78632,bird_051,K17B45,14,2017,32876.00689477709,11,2017_bird_051_11_trip
2017-05-20T19:13:06Z,141.77301999999997,40.792260000000006,bird_051,K17B45,14,2017,33544.23574262117,11,2017_bird_051_11_trip
2017-05-20T19:14:06Z,141.77633,40.79803000000001,bird_051,K17B45,14,2017,34234.03242593776,11,2017_bird_051_11_trip
2017-05-20T19:15:06Z,141.77894,40.80414,bird_051,K17B45,14,2017,34924.24586792026,11,2017_bird_051_11_trip
2017-05-20T19:16:07Z,141.78334,40.80927,bird_051,K17B45,14,2017,35604.19852127418,11,2017_bird_051_11_trip
2017-05-20T19:17:06Z,141.78634000000002,40.81488999999999,bird_051,K17B45,14,2017,36266.78900984119,11,2017_bird_051_11_trip
2017-05-20T19:18:06Z,141.78882000000002,40.8208,bird_051,K17B45,14,2017,36933.75391400904,11,2017_bird_051_11_trip
2017-05-20T19:19:06Z,141.79307999999995,40.82625,bird_051,K17B45,14,2017,37637.44574466501,11,2017_bird_051_11_trip
2017-05-20T19:20:06Z,141.79550999999998,40.83234,bird_051,K17B45,14,2017,38320.01485251235,11,2017_bird_051_11_trip
2017-05-20T19:21:06Z,141.79739,40.83819,bird_051,K17B45,14,2017,38956.48899565308,11,2017_bird_051_11_trip
2017-05-20T19:22:06Z,141.79811,40.84433,bird_051,K17B45,14,2017,39571.122529947395,11,2017_bird_051_11_trip
2017-05-20T19:23:07Z,141.79756999999998,40.85087999999999,bird_051,K17B45,14,2017,40173.34997404854,11,2017_bird_051_11_trip
2017-05-20T19:24:06Z,141.79739,40.85525,bird_051,K17B45,14,2017,40585.06010554218,11,2017_bird_051_11_trip
2017-05-20T19:25:06Z,141.79541,40.85952,bird_051,K17B45,14,2017,40913.79270422497,11,2017_bird_051_11_trip
2017-05-20T19:26:06Z,141.79316999999998,40.86513000000001,bird_051,K17B45,14,2017,41365.71540496046,11,2017_bird_051_11_trip
2017-05-20T19:27:06Z,141.79234000000002,40.87107,bird_051,K17B45,14,2017,41911.474371712655,11,2017_bird_051_11_trip
2017-05-20T19:28:07Z,141.78820000000002,40.8767,bird_051,K17B45,14,2017,42300.56289809346,11,2017_bird_051_11_trip
2017-05-20T19:29:06Z,141.78543000000002,40.882639999999995,bird_051,K17B45,14,2017,42780.88473441654,11,2017_bird_051_11_trip
2017-05-20T19:30:08Z,141.78225,40.88427999999999,bird_051,K17B45,14,2017,42823.70900236648,11,2017_bird_051_11_trip
2017-05-20T19:31:06Z,141.78239000000002,40.88459,bird_051,K17B45,14,2017,42859.79261470106,11,2017_bird_051_11_trip
2017-05-20T19:32:08Z,141.78209,40.88443999999999,bird_051,K17B45,14,2017,42833.637617467095,11,2017_bird_051_11_trip
2017-05-20T19:33:08Z,141.78207,40.8845,bird_051,K17B45,14,2017,42838.859709342985,11,2017_bird_051_11_trip
2017-05-20T19:34:07Z,141.78192,40.884719999999994,bird_051,K17B45,14,2017,42855.14560729781,11,2017_bird_051_11_trip
2017-05-20T19:35:06Z,141.78188,40.88475999999999,bird_051,K17B45,14,2017,42857.63234407074,11,2017_bird_051_11_trip
2017-05-20T19:36:08Z,141.78213000000002,40.88479999999999,bird_051,K17B45,14,2017,42870.95877369115,11,2017_bird_051_11_trip
2017-05-20T19:37:08Z,141.78185,40.88513,bird_051,K17B45,14,2017,42893.34658547325,11,2017_bird_051_11_trip
2017-05-20T19:38:07Z,141.78186,40.885279999999995,bird_051,K17B45,14,2017,42908.65512562699,11,2017_bird_051_11_trip
2017-05-20T19:39:06Z,141.78319,40.88843,bird_051,K17B45,14,2017,43271.97358074611,11,2017_bird_051_11_trip
2017-05-20T19:40:06Z,141.78346,40.893550000000005,bird_051,K17B45,14,2017,43792.754366705434,11,2017_bird_051_11_trip
2017-05-20T19:41:06Z,141.78486999999998,40.899370000000005,bird_051,K17B45,14,2017,44426.37722774016,11,2017_bird_051_11_trip
2017-05-20T19:42:07Z,141.78404999999998,40.90195,bird_051,K17B45,14,2017,44655.030818993335,11,2017_bird_051_11_trip
2017-05-20T19:43:06Z,141.78498,40.907599999999995,bird_051,K17B45,14,2017,45255.719893231784,11,2017_bird_051_11_trip
2017-05-20T19:44:06Z,141.78508,40.91359,bird_051,K17B45,14,2017,45862.06584402984,11,2017_bird_051_11_trip
2017-05-20T19:45:06Z,141.78286,40.91925,bird_051,K17B45,14,2017,46355.88329944849,11,2017_bird_051_11_trip
2017-05-20T19:46:08Z,141.78233000000003,40.920350000000006,bird_051,K17B45,14,2017,46448.91884797555,11,2017_bird_051_11_trip
2017-05-20T19:47:06Z,141.78141000000002,40.9224,bird_051,K17B45,14,2017,46625.09805746529,11,2017_bird_051_11_trip
2017-05-20T19:48:06Z,141.77835,40.92795,bird_051,K17B45,14,2017,47085.87480735683,11,2017_bird_051_11_trip
2017-05-20T19:49:06Z,141.77459999999996,40.93394,bird_051,K17B45,14,2017,47574.15430918499,11,2017_bird_051_11_trip
2017-05-20T19:50:06Z,141.77320999999998,40.94072,bird_051,K17B45,14,2017,48225.02205132999,11,2017_bird_051_11_trip
2017-05-20T19:51:06Z,141.77224,40.94745,bird_051,K17B45,14,2017,48887.10053180612,11,2017_bird_051_11_trip
2017-05-20T19:52:06Z,141.76965999999996,40.95395,bird_051,K17B45,14,2017,49478.5915246068,11,2017_bird_051_11_trip
2017-05-20T19:53:07Z,141.76834000000002,40.96057,bird_051,K17B45,14,2017,50124.61022665301,11,2017_bird_051_11_trip
2017-05-20T19:54:06Z,141.76419,40.96608,bird_051,K17B45,14,2017,50574.890375856296,11,2017_bird_051_11_trip
2017-05-20T19:55:06Z,141.76065999999997,40.97121,bird_051,K17B45,14,2017,51008.79482898247,11,2017_bird_051_11_trip
2017-05-20T19:56:06Z,141.75206,40.97314,bird_051,K17B45,14,2017,50972.05356772141,11,2017_bird_051_11_trip
2017-05-20T19:57:07Z,141.74461999999997,40.973110000000005,bird_051,K17B45,14,2017,50769.97541038487,11,2017_bird_051_11_trip
2017-05-20T19:58:06Z,141.73678999999998,40.975530000000006,bird_051,K17B45,14,2017,50824.625385472405,11,2017_bird_051_11_trip
2017-05-20T19:59:06Z,141.72884000000002,40.97547,bird_051,K17B45,14,2017,50622.43939444123,11,2017_bird_051_11_trip
2017-05-20T20:00:07Z,141.72129,40.97816,bird_051,K17B45,14,2017,50731.323283098216,11,2017_bird_051_11_trip
2017-05-20T20:01:06Z,141.71854999999996,40.97884,bird_051,K17B45,14,2017,50741.51005157554,11,2017_bird_051_11_trip
2017-05-20T20:02:06Z,141.7188,40.98214,bird_051,K17B45,14,2017,51100.22045219604,11,2017_bird_051_11_trip
2017-05-20T20:03:07Z,141.71268999999998,40.985310000000005,bird_051,K17B45,14,2017,51305.44514165676,11,2017_bird_051_11_trip
2017-05-20T20:04:07Z,141.70636,40.989819999999995,bird_051,K17B45,14,2017,51657.207684133304,11,2017_bird_051_11_trip
2017-05-20T20:05:06Z,141.69949999999997,40.99354,bird_051,K17B45,14,2017,51921.24488139047,11,2017_bird_051_11_trip
2017-05-20T20:06:06Z,141.6926,40.99512000000001,bird_051,K17B45,14,2017,51961.068763771385,11,2017_bird_051_11_trip
2017-05-20T20:07:07Z,141.68782000000002,40.996590000000005,bird_051,K17B45,14,2017,52033.563745002335,11,2017_bird_051_11_trip
2017-05-20T20:08:07Z,141.67987999999997,40.999010000000006,bird_051,K17B45,14,2017,52159.428021156134,11,2017_bird_051_11_trip
2017-05-20T20:09:07Z,141.67171,41.00118,bird_051,K17B45,14,2017,52264.1087643169,11,2017_bird_051_11_trip
2017-05-20T20:10:07Z,141.66349,41.00424,bird_051,K17B45,14,2017,52475.44145576899,11,2017_bird_051_11_trip
2017-05-20T20:11:07Z,141.65492,41.00445,bird_051,K17B45,14,2017,52380.0716431879,11,2017_bird_051_11_trip
2017-05-20T20:12:07Z,141.65015,41.00436,bird_051,K17B45,14,2017,52308.536588931864,11,2017_bird_051_11_trip
2017-05-20T20:13:07Z,141.64574999999996,41.006879999999995,bird_051,K17B45,14,2017,52531.34098143759,11,2017_bird_051_11_trip
2017-05-20T20:14:07Z,141.63735,41.00603,bird_051,K17B45,14,2017,52341.9741476587,11,2017_bird_051_11_trip
2017-05-20T20:15:07Z,141.63294000000002,41.00433,bird_051,K17B45,14,2017,52108.01416939495,11,2017_bird_051_11_trip
2017-05-20T20:16:06Z,141.62489,41.00419,bird_051,K17B45,14,2017,52013.97942962541,11,2017_bird_051_11_trip
2017-05-20T20:17:07Z,141.61948999999998,41.00543,bird_051,K17B45,14,2017,52103.17164425647,11,2017_bird_051_11_trip
2017-05-20T20:18:07Z,141.61627,41.00952,bird_051,K17B45,14,2017,52528.76999326695,11,2017_bird_051_11_trip
2017-05-20T20:19:07Z,141.60854999999998,41.00781,bird_051,K17B45,14,2017,52282.07608504861,11,2017_bird_051_11_trip
2017-05-20T20:20:07Z,141.6034,41.01241,bird_051,K17B45,14,2017,52757.55765834648,11,2017_bird_051_11_trip
2017-05-20T20:21:07Z,141.60343,41.01731,bird_051,K17B45,14,2017,53300.44843339824,11,2017_bird_051_11_trip
2017-05-20T20:22:07Z,141.60771,41.019110000000005,bird_051,K17B45,14,2017,53527.15470556695,11,2017_bird_051_11_trip
2017-05-20T20:23:07Z,141.60964999999996,41.015550000000005,bird_051,K17B45,14,2017,53146.34440665165,11,2017_bird_051_11_trip
2017-05-20T20:24:07Z,141.61489999999998,41.01407,bird_051,K17B45,14,2017,53021.14524632737,11,2017_bird_051_11_trip
2017-05-20T20:25:06Z,141.62052,41.01483999999999,bird_051,K17B45,14,2017,53151.60864007168,11,2017_bird_051_11_trip
2017-05-20T20:26:07Z,141.62175,41.010859999999994,bird_051,K17B45,14,2017,52722.42419013081,11,2017_bird_051_11_trip
2017-05-20T20:27:06Z,141.61878,41.00667,bird_051,K17B45,14,2017,52234.22075807861,11,2017_bird_051_11_trip
2017-05-20T20:28:06Z,141.61584,41.0019,bird_051,K17B45,14,2017,51682.93080648063,11,2017_bird_051_11_trip
2017-05-20T20:29:08Z,141.60914,40.99876,bird_051,K17B45,14,2017,51284.737803684366,11,2017_bird_051_11_trip
2017-05-20T20:30:07Z,141.60228,40.99591000000001,bird_051,K17B45,14,2017,50923.215295070426,11,2017_bird_051_11_trip
2017-05-20T20:31:08Z,141.59343,40.99553000000001,bird_051,K17B45,14,2017,50831.19964406639,11,2017_bird_051_11_trip
2017-05-20T20:32:06Z,141.59427,40.99526,bird_051,K17B45,14,2017,50805.540855147534,11,2017_bird_051_11_trip
2017-05-20T20:33:07Z,141.59419,40.99532000000001,bird_051,K17B45,14,2017,50811.78054626731,11,2017_bird_051_11_trip
2017-05-20T20:34:07Z,141.59394999999998,40.99528,bird_051,K17B45,14,2017,50806.11870900894,11,2017_bird_051_11_trip
2017-05-20T20:35:08Z,141.59386999999998,40.99521000000001,bird_051,K17B45,14,2017,50797.95164274926,11,2017_bird_051_11_trip
2017-05-20T20:36:08Z,141.59374999999997,40.99537000000001,bird_051,K17B45,14,2017,50815.078234934525,11,2017_bird_051_11_trip
2017-05-20T20:37:07Z,141.59467999999998,40.99423,bird_051,K17B45,14,2017,50693.49580874738,11,2017_bird_051_11_trip
2017-05-20T20:38:07Z,141.59692,40.99342,bird_051,K17B45,14,2017,50615.76712007421,11,2017_bird_051_11_trip
2017-05-20T20:39:09Z,141.59679,40.99342,bird_051,K17B45,14,2017,50615.048452152565,11,2017_bird_051_11_trip
2017-05-20T20:40:08Z,141.59571,40.99094,bird_051,K17B45,14,2017,50334.32031366809,11,2017_bird_051_11_trip
2017-05-20T20:41:07Z,141.59489,40.98985,bird_051,K17B45,14,2017,50209.13277909136,11,2017_bird_051_11_trip
2017-05-20T20:42:08Z,141.59449999999998,40.98455,bird_051,K17B45,14,2017,49619.649795970705,11,2017_bird_051_11_trip
2017-05-20T20:43:07Z,141.58952,40.98027999999999,bird_051,K17B45,14,2017,49121.537186408,11,2017_bird_051_11_trip
2017-05-20T20:44:07Z,141.58126,40.97872,bird_051,K17B45,14,2017,48915.11227258336,11,2017_bird_051_11_trip
2017-05-20T20:45:07Z,141.57912,40.97524,bird_051,K17B45,14,2017,48521.87058536722,11,2017_bird_051_11_trip
2017-05-20T20:46:08Z,141.57197,40.97262,bird_051,K17B45,14,2017,48212.146950737755,11,2017_bird_051_11_trip
2017-05-20T20:47:08Z,141.56364999999997,40.971259999999994,bird_051,K17B45,14,2017,48048.56088734423,11,2017_bird_051_11_trip
2017-05-20T20:48:08Z,141.55655,40.968520000000005,bird_051,K17B45,14,2017,47741.64416862921,11,2017_bird_051_11_trip
2017-05-20T20:49:07Z,141.55205,40.96425,bird_051,K17B45,14,2017,47269.690232353794,11,2017_bird_051_11_trip
2017-05-20T20:50:08Z,141.55268,40.9648,bird_051,K17B45,14,2017,47330.26924196758,11,2017_bird_051_11_trip
2017-05-20T20:51:08Z,141.54945999999998,40.96292,bird_051,K17B45,14,2017,47124.68116608308,11,2017_bird_051_11_trip
2017-05-20T20:52:07Z,141.54093,40.96066,bird_051,K17B45,14,2017,46889.82973237678,11,2017_bird_051_11_trip
2017-05-20T20:53:08Z,141.53293000000002,40.95721999999999,bird_051,K17B45,14,2017,46533.33856455847,11,2017_bird_051_11_trip
2017-05-20T20:54:06Z,141.53587,40.95303,bird_051,K17B45,14,2017,46057.937213979174,11,2017_bird_051_11_trip
2017-05-20T20:55:06Z,141.54056999999997,40.95032,bird_051,K17B45,14,2017,45743.02158329261,11,2017_bird_051_11_trip
2017-05-20T20:56:08Z,141.53539,40.94633,bird_051,K17B45,14,2017,45316.14744589699,11,2017_bird_051_11_trip
2017-05-20T20:57:07Z,141.52917,40.941379999999995,bird_051,K17B45,14,2017,44792.01033543135,11,2017_bird_051_11_trip
2017-05-20T20:58:08Z,141.53223000000003,40.93695,bird_051,K17B45,14,2017,44287.506249619386,11,2017_bird_051_11_trip
2017-05-20T20:59:07Z,141.53687,40.9347,bird_051,K17B45,14,2017,44020.60000663061,11,2017_bird_051_11_trip
2017-05-20T21:00:08Z,141.53758,40.93414,bird_051,K17B45,14,2017,43956.11165212647,11,2017_bird_051_11_trip
2017-05-20T21:01:07Z,141.53594,40.93178,bird_051,K17B45,14,2017,43699.80556849689,11,2017_bird_051_11_trip
2017-05-20T21:02:08Z,141.53319,40.92759,bird_051,K17B45,14,2017,43245.36547781318,11,2017_bird_051_11_trip
2017-05-20T21:03:08Z,141.52793000000003,40.92412,bird_051,K17B45,14,2017,42884.135255050474,11,2017_bird_051_11_trip
2017-05-20T21:04:07Z,141.52335,40.91837,bird_051,K17B45,14,2017,42271.42119548966,11,2017_bird_051_11_trip
2017-05-20T21:05:07Z,141.51859,40.912350000000004,bird_051,K17B45,14,2017,41634.39245118865,11,2017_bird_051_11_trip
2017-05-20T21:06:08Z,141.51359999999997,40.9064,bird_051,K17B45,14,2017,41011.81649342467,11,2017_bird_051_11_trip
2017-05-20T21:07:07Z,141.50986999999998,40.900310000000005,bird_051,K17B45,14,2017,40368.62215416224,11,2017_bird_051_11_trip
2017-05-20T21:08:08Z,141.50596,40.89376,bird_051,K17B45,14,2017,39679.92893271833,11,2017_bird_051_11_trip
2017-05-20T21:09:07Z,141.50266,40.887449999999994,bird_051,K17B45,14,2017,39015.738982861694,11,2017_bird_051_11_trip
2017-05-20T21:10:08Z,141.4991,40.880799999999994,bird_051,K17B45,14,2017,38320.26892727259,11,2017_bird_051_11_trip
2017-05-20T21:11:07Z,141.49553,40.8739,bird_051,K17B45,14,2017,37601.47999383083,11,2017_bird_051_11_trip
2017-05-20T21:12:07Z,141.49286,40.866879999999995,bird_051,K17B45,14,2017,36862.53929880585,11,2017_bird_051_11_trip
2017-05-20T21:13:07Z,141.48932000000002,40.86006,bird_051,K17B45,14,2017,36160.317591699866,11,2017_bird_051_11_trip
2017-05-20T21:14:07Z,141.48607,40.85303999999999,bird_051,K17B45,14,2017,35436.83021552817,11,2017_bird_051_11_trip
2017-05-20T21:15:08Z,141.48190000000002,40.84593,bird_051,K17B45,14,2017,34722.37559774469,11,2017_bird_051_11_trip
2017-05-20T21:16:07Z,141.47792,40.83904,bird_051,K17B45,14,2017,34035.67183422307,11,2017_bird_051_11_trip
2017-05-20T21:17:08Z,141.47137,40.832930000000005,bird_051,K17B45,14,2017,33487.0567463672,11,2017_bird_051_11_trip
2017-05-20T21:18:07Z,141.46692000000002,40.82733,bird_051,K17B45,14,2017,32965.877904359775,11,2017_bird_051_11_trip
2017-05-20T21:19:08Z,141.46542000000002,40.82228,bird_051,K17B45,14,2017,32450.99768434085,11,2017_bird_051_11_trip
2017-05-20T21:20:08Z,141.46205,40.815459999999995,bird_051,K17B45,14,2017,31787.62783288652,11,2017_bird_051_11_trip
2017-05-20T21:21:09Z,141.45886000000002,40.80828,bird_051,K17B45,14,2017,31088.58119822504,11,2017_bird_051_11_trip
2017-05-20T21:22:08Z,141.45674000000002,40.80121,bird_051,K17B45,14,2017,30382.97780209972,11,2017_bird_051_11_trip
2017-05-20T21:23:08Z,141.45432000000002,40.79587000000001,bird_051,K17B45,14,2017,29873.55211574267,11,2017_bird_051_11_trip
2017-05-20T21:24:09Z,141.45107000000002,40.78895000000001,bird_051,K17B45,14,2017,29223.205781815665,11,2017_bird_051_11_trip
2017-05-20T21:25:07Z,141.4489,40.78193,bird_051,K17B45,14,2017,28541.338894934903,11,2017_bird_051_11_trip
2017-05-20T21:26:08Z,141.44597,40.77468,bird_051,K17B45,14,2017,27863.48525685778,11,2017_bird_051_11_trip
2017-05-20T21:27:10Z,141.44259,40.76735000000001,bird_051,K17B45,14,2017,27200.138397719344,11,2017_bird_051_11_trip
2017-05-20T21:28:08Z,141.44001,40.76064,bird_051,K17B45,14,2017,26586.65299125326,11,2017_bird_051_11_trip
2017-05-20T21:29:35Z,141.43623000000002,40.75058,bird_051,K17B45,14,2017,25680.462992686185,11,2017_bird_051_11_trip
2017-05-20T21:30:06Z,141.43539,40.74672,bird_051,K17B45,14,2017,25317.188180955334,11,2017_bird_051_11_trip
2017-05-20T21:31:07Z,141.4345,40.73948,bird_051,K17B45,14,2017,24617.45439696039,11,2017_bird_051_11_trip
2017-05-20T21:32:05Z,141.43388,40.73216000000001,bird_051,K17B45,14,2017,23906.529142158593,11,2017_bird_051_11_trip
2017-05-20T21:33:06Z,141.4337,40.72478,bird_051,K17B45,14,2017,23179.631028372245,11,2017_bird_051_11_trip
2017-05-20T21:34:06Z,141.43354999999997,40.71756,bird_051,K17B45,14,2017,22473.64281565614,11,2017_bird_051_11_trip
2017-05-20T21:35:06Z,141.43041000000002,40.71069,bird_051,K17B45,14,2017,21931.36081769759,11,2017_bird_051_11_trip
2017-05-20T21:36:06Z,141.42414000000002,40.70904,bird_051,K17B45,14,2017,22039.021704113515,11,2017_bird_051_11_trip
2017-05-20T21:37:06Z,141.42446,40.70935000000001,bird_051,K17B45,14,2017,22054.735606379345,11,2017_bird_051_11_trip
2017-05-20T21:38:07Z,141.42446,40.70937000000001,bird_051,K17B45,14,2017,22056.644147273084,11,2017_bird_051_11_trip
2017-05-20T21:39:07Z,141.42431000000002,40.709050000000005,bird_051,K17B45,14,2017,22032.60852245669,11,2017_bird_051_11_trip
2017-05-20T21:40:08Z,141.42468,40.70936,bird_051,K17B45,14,2017,22046.18791422828,11,2017_bird_051_11_trip
2017-05-20T21:41:08Z,141.42454,40.709410000000005,bird_051,K17B45,14,2017,22057.005554117142,11,2017_bird_051_11_trip
2017-05-20T21:42:07Z,141.42454999999998,40.709430000000005,bird_051,K17B45,14,2017,22058.482734702873,11,2017_bird_051_11_trip
2017-05-20T21:43:07Z,141.4245,40.709410000000005,bird_051,K17B45,14,2017,22058.733287362265,11,2017_bird_051_11_trip
2017-05-20T21:44:07Z,141.42452,40.70909,bird_051,K17B45,14,2017,22027.334267738897,11,2017_bird_051_11_trip
2017-05-20T21:45:08Z,141.42453,40.70924,bird_051,K17B45,14,2017,22041.21349140465,11,2017_bird_051_11_trip
2017-05-20T21:46:06Z,141.42466,40.70931000000001,bird_051,K17B45,14,2017,22042.278202425845,11,2017_bird_051_11_trip
2017-05-20T21:47:06Z,141.4245,40.709210000000006,bird_051,K17B45,14,2017,22039.647840553705,11,2017_bird_051_11_trip
2017-05-20T21:48:06Z,141.42443000000003,40.70924,bird_051,K17B45,14,2017,22045.53697467791,11,2017_bird_051_11_trip
2017-05-20T21:49:06Z,141.42465,40.709320000000005,bird_051,K17B45,14,2017,22043.664560378023,11,2017_bird_051_11_trip
2017-05-20T21:50:06Z,141.42467,40.709210000000006,bird_051,K17B45,14,2017,22032.301246399864,11,2017_bird_051_11_trip
2017-05-20T21:51:07Z,141.42452,40.70929,bird_051,K17B45,14,2017,22046.416952065607,11,2017_bird_051_11_trip
2017-05-20T21:52:06Z,141.42447,40.70927,bird_051,K17B45,14,2017,22046.669700057293,11,2017_bird_051_11_trip
2017-05-20T21:53:08Z,141.42464,40.70927,bird_051,K17B45,14,2017,22039.32379651193,11,2017_bird_051_11_trip
2017-05-20T21:54:06Z,141.42465,40.70929,bird_051,K17B45,14,2017,22040.80092069796,11,2017_bird_051_11_trip
2017-05-20T21:55:06Z,141.4247,40.709520000000005,bird_051,K17B45,14,2017,22060.60207381839,11,2017_bird_051_11_trip
2017-05-20T21:56:06Z,141.42654000000002,40.70804,bird_051,K17B45,14,2017,21839.9671283781,11,2017_bird_051_11_trip
2017-05-20T21:57:06Z,141.43042000000003,40.702200000000005,bird_051,K17B45,14,2017,21114.86206391392,11,2017_bird_051_11_trip
2017-05-20T21:58:07Z,141.43416,40.69520000000001,bird_051,K17B45,14,2017,20285.43340898835,11,2017_bird_051_11_trip
2017-05-20T21:59:07Z,141.43768,40.688770000000005,bird_051,K17B45,14,2017,19520.535867281946,11,2017_bird_051_11_trip
2017-05-20T22:00:07Z,141.44394,40.684059999999995,bird_051,K17B45,14,2017,18799.372480667127,11,2017_bird_051_11_trip
2017-05-20T22:01:07Z,141.44722000000002,40.68254,bird_051,K17B45,14,2017,18512.99975160267,11,2017_bird_051_11_trip
2017-05-20T22:02:06Z,141.44748,40.6822,bird_051,K17B45,14,2017,18469.31181238453,11,2017_bird_051_11_trip
2017-05-20T22:03:06Z,141.44753,40.68218,bird_051,K17B45,14,2017,18465.260048870685,11,2017_bird_051_11_trip
2017-05-20T22:04:06Z,141.44747,40.68222,bird_051,K17B45,14,2017,18471.65562044929,11,2017_bird_051_11_trip
2017-05-20T22:05:06Z,141.44762,40.682210000000005,bird_051,K17B45,14,2017,18464.294886367185,11,2017_bird_051_11_trip
2017-05-20T22:06:09Z,141.44748,40.68215000000001,bird_051,K17B45,14,2017,18464.52009841639,11,2017_bird_051_11_trip
2017-05-20T22:07:07Z,141.44764999999998,40.682120000000005,bird_051,K17B45,14,2017,18454.386866079018,11,2017_bird_051_11_trip
2017-05-20T22:08:07Z,141.44762,40.68167999999999,bird_051,K17B45,14,2017,18413.507026767536,11,2017_bird_051_11_trip
2017-05-20T22:09:07Z,141.4477,40.68176,bird_051,K17B45,14,2017,18417.750106708747,11,2017_bird_051_11_trip
2017-05-20T22:10:08Z,141.4479,40.681819999999995,bird_051,K17B45,14,2017,18414.96010831601,11,2017_bird_051_11_trip
2017-05-20T22:11:08Z,141.44765999999998,40.68199,bird_051,K17B45,14,2017,18441.499161033607,11,2017_bird_051_11_trip
2017-05-20T22:12:08Z,141.44778,40.681819999999995,bird_051,K17B45,14,2017,18420.082146414636,11,2017_bird_051_11_trip
2017-05-20T22:13:08Z,141.44777,40.68183,bird_051,K17B45,14,2017,18421.467562294925,11,2017_bird_051_11_trip
2017-05-20T22:14:07Z,141.44771,40.68199,bird_051,K17B45,14,2017,18439.36462545856,11,2017_bird_051_11_trip
2017-05-20T22:15:06Z,141.44762,40.68187,bird_051,K17B45,14,2017,18431.708476505795,11,2017_bird_051_11_trip
2017-05-20T22:16:06Z,141.44767,40.68187,bird_051,K17B45,14,2017,18429.572025905472,11,2017_bird_051_11_trip
2017-05-20T22:17:09Z,141.44768,40.68194,bird_051,K17B45,14,2017,18435.853112327022,11,2017_bird_051_11_trip
2017-05-20T22:18:11Z,141.4477,40.68196,bird_051,K17B45,14,2017,18436.916001370068,11,2017_bird_051_11_trip
2017-05-20T22:19:07Z,141.44777,40.68192,bird_051,K17B45,14,2017,18430.093849045385,11,2017_bird_051_11_trip
2017-05-20T22:20:06Z,141.4477,40.682,bird_051,K17B45,14,2017,18440.74999986569,11,2017_bird_051_11_trip
2017-05-20T22:21:07Z,141.44768,40.682030000000005,bird_051,K17B45,14,2017,18444.479285049703,11,2017_bird_051_11_trip
2017-05-20T22:22:07Z,141.44767,40.68193,bird_051,K17B45,14,2017,18435.3218036292,11,2017_bird_051_11_trip
2017-05-20T22:23:07Z,141.44774999999998,40.68195,bird_051,K17B45,14,2017,18433.823142904785,11,2017_bird_051_11_trip
2017-05-20T22:24:06Z,141.44782,40.68191,bird_051,K17B45,14,2017,18427.001471838183,11,2017_bird_051_11_trip
2017-05-20T22:25:06Z,141.44774,40.682010000000005,bird_051,K17B45,14,2017,18440.001497079273,11,2017_bird_051_11_trip
2017-05-20T22:26:08Z,141.44764,40.68192,bird_051,K17B45,14,2017,18435.64491404938,11,2017_bird_051_11_trip
2017-05-20T22:27:06Z,141.44769,40.6818,bird_051,K17B45,14,2017,18422.010040005203,11,2017_bird_051_11_trip
2017-05-20T22:28:06Z,141.44765999999998,40.68192,bird_051,K17B45,14,2017,18434.790585491923,11,2017_bird_051_11_trip
2017-05-20T22:29:06Z,141.44756999999998,40.68194,bird_051,K17B45,14,2017,18440.55222551239,11,2017_bird_051_11_trip
2017-05-20T22:30:08Z,141.44776,40.68181,bird_051,K17B45,14,2017,18419.977873717224,11,2017_bird_051_11_trip
2017-05-20T22:31:06Z,141.44774999999998,40.68176,bird_051,K17B45,14,2017,18415.613588889573,11,2017_bird_051_11_trip
2017-05-20T22:32:06Z,141.44787,40.681819999999995,bird_051,K17B45,14,2017,18416.24022638295,11,2017_bird_051_11_trip
2017-05-20T22:33:07Z,141.4478,40.68179,bird_051,K17B45,14,2017,18416.35291263103,11,2017_bird_051_11_trip
2017-05-20T22:34:08Z,141.44778,40.6817,bird_051,K17B45,14,2017,18408.582520981236,11,2017_bird_051_11_trip
2017-05-20T22:35:06Z,141.44741000000002,40.68048,bird_051,K17B45,14,2017,18307.74072105947,11,2017_bird_051_11_trip
2017-05-20T22:36:06Z,141.44582,40.67392,bird_051,K17B45,14,2017,17756.32539951342,11,2017_bird_051_11_trip
2017-05-20T22:37:06Z,141.44665999999998,40.66749,bird_051,K17B45,14,2017,17117.445953262875,11,2017_bird_051_11_trip
2017-05-20T22:38:06Z,141.44636,40.660810000000005,bird_051,K17B45,14,2017,16516.96905203294,11,2017_bird_051_11_trip
2017-05-20T22:39:06Z,141.44715,40.654039999999995,bird_051,K17B45,14,2017,15865.86109322472,11,2017_bird_051_11_trip
2017-05-20T22:40:07Z,141.44743000000005,40.64765,bird_051,K17B45,14,2017,15284.0760017034,11,2017_bird_051_11_trip
2017-05-20T22:41:06Z,141.44842000000003,40.64093,bird_051,K17B45,14,2017,14647.18804956099,11,2017_bird_051_11_trip
2017-05-20T22:42:07Z,141.45018000000002,40.634330000000006,bird_051,K17B45,14,2017,13989.202979886884,11,2017_bird_051_11_trip
2017-05-20T22:43:06Z,141.45262000000002,40.627750000000006,bird_051,K17B45,14,2017,13303.792973707996,11,2017_bird_051_11_trip
2017-05-20T22:44:07Z,141.45557,40.621100000000006,bird_051,K17B45,14,2017,12591.51103830776,11,2017_bird_051_11_trip
2017-05-20T22:45:06Z,141.45871000000002,40.61479,bird_051,K17B45,14,2017,11903.080737105722,11,2017_bird_051_11_trip
2017-05-20T22:46:06Z,141.46210000000002,40.60862,bird_051,K17B45,14,2017,11217.912841517948,11,2017_bird_051_11_trip
2017-05-20T22:47:06Z,141.46265,40.60231000000001,bird_051,K17B45,14,2017,10709.437014159548,11,2017_bird_051_11_trip
2017-05-20T22:48:06Z,141.4626,40.60218,bird_051,K17B45,14,2017,10703.094775435862,11,2017_bird_051_11_trip
2017-05-20T22:49:07Z,141.46265,40.60206,bird_051,K17B45,14,2017,10691.130931128611,11,2017_bird_051_11_trip
2017-05-20T22:50:07Z,141.46253000000002,40.602140000000006,bird_051,K17B45,14,2017,10704.624577477418,11,2017_bird_051_11_trip
2017-05-20T22:51:09Z,141.46311,40.60208,bird_051,K17B45,14,2017,10663.333661289642,11,2017_bird_051_11_trip
2017-05-20T22:52:07Z,141.46040000000002,40.599700000000006,bird_051,K17B45,14,2017,10666.69243477474,11,2017_bird_051_11_trip
2017-05-20T22:53:06Z,141.46048000000002,40.59946,bird_051,K17B45,14,2017,10644.537993207465,11,2017_bird_051_11_trip
2017-05-20T22:54:08Z,141.4605,40.59939000000001,bird_051,K17B45,14,2017,10638.299148728873,11,2017_bird_051_11_trip
2017-05-20T22:55:06Z,141.46044000000003,40.59969,bird_051,K17B45,14,2017,10663.372876561212,11,2017_bird_051_11_trip
2017-05-20T22:56:06Z,141.46030000000002,40.59877000000001,bird_051,K17B45,14,2017,10607.929206853409,11,2017_bird_051_11_trip
2017-05-20T22:57:08Z,141.46065,40.598600000000005,bird_051,K17B45,14,2017,10573.026926701514,11,2017_bird_051_11_trip
2017-05-20T22:58:06Z,141.46072,40.59848,bird_051,K17B45,14,2017,10560.035349200834,11,2017_bird_051_11_trip
2017-05-20T22:59:06Z,141.46078,40.59863000000001,bird_051,K17B45,14,2017,10566.580570775695,11,2017_bird_051_11_trip
2017-05-20T23:00:06Z,141.46042000000003,40.59851000000001,bird_051,K17B45,14,2017,10581.876840664538,11,2017_bird_051_11_trip
2017-05-20T23:01:06Z,141.46039000000002,40.59842,bird_051,K17B45,14,2017,10577.578410148692,11,2017_bird_051_11_trip
2017-05-20T23:02:08Z,141.46049000000002,40.598580000000005,bird_051,K17B45,14,2017,10582.154470777468,11,2017_bird_051_11_trip
2017-05-20T23:03:09Z,141.46045,40.59871000000001,bird_051,K17B45,14,2017,10593.869729344431,11,2017_bird_051_11_trip
2017-05-20T23:04:07Z,141.46132000000003,40.59821000000001,bird_051,K17B45,14,2017,10501.70047266442,11,2017_bird_051_11_trip
2017-05-20T23:05:09Z,141.46104000000005,40.59864,bird_051,K17B45,14,2017,10550.206750279534,11,2017_bird_051_11_trip
2017-05-20T23:06:07Z,141.46117,40.59851000000001,bird_051,K17B45,14,2017,10532.559528013073,11,2017_bird_051_11_trip
2017-05-20T23:07:07Z,141.46107,40.598650000000006,bird_051,K17B45,14,2017,10548.939243745928,11,2017_bird_051_11_trip
2017-05-20T23:08:08Z,141.46074000000002,40.598850000000006,bird_051,K17B45,14,2017,10584.622341444368,11,2017_bird_051_11_trip
2017-05-20T23:09:08Z,141.46288,40.59777,bird_051,K17B45,14,2017,10368.461950141183,11,2017_bird_051_11_trip
2017-05-20T23:10:09Z,141.46288,40.59799,bird_051,K17B45,14,2017,10383.94893290856,11,2017_bird_051_11_trip
2017-05-20T23:11:09Z,141.46321,40.597710000000006,bird_051,K17B45,14,2017,10342.631496069684,11,2017_bird_051_11_trip
2017-05-20T23:12:09Z,141.46280000000002,40.59795,bird_051,K17B45,14,2017,10386.366017811706,11,2017_bird_051_11_trip
2017-05-20T23:13:07Z,141.46268,40.59792,bird_051,K17B45,14,2017,10392.112172308927,11,2017_bird_051_11_trip
2017-05-20T23:14:08Z,141.46318,40.59749,bird_051,K17B45,14,2017,10329.12252248217,11,2017_bird_051_11_trip
2017-05-20T23:15:07Z,141.46274000000005,40.59799,bird_051,K17B45,14,2017,10393.109661171638,11,2017_bird_051_11_trip
2017-05-20T23:16:08Z,141.46286,40.597930000000005,bird_051,K17B45,14,2017,10381.030674967204,11,2017_bird_051_11_trip
2017-05-20T23:17:07Z,141.46284000000003,40.59767,bird_051,K17B45,14,2017,10364.0562940812,11,2017_bird_051_11_trip
2017-05-20T23:18:07Z,141.46286,40.59783,bird_051,K17B45,14,2017,10373.99202515253,11,2017_bird_051_11_trip
2017-05-20T23:19:07Z,141.46314,40.59764,bird_051,K17B45,14,2017,10342.287904212091,11,2017_bird_051_11_trip
2017-05-20T23:20:07Z,141.46257,40.59813000000001,bird_051,K17B45,14,2017,10414.094675865696,11,2017_bird_051_11_trip
2017-05-20T23:21:07Z,141.46304,40.59768,bird_051,K17B45,14,2017,10351.65148211808,11,2017_bird_051_11_trip
2017-05-20T23:22:07Z,141.46708,40.59586,bird_051,K17B45,14,2017,9959.189131949905,11,2017_bird_051_11_trip
2017-05-20T23:23:10Z,141.47014,40.590250000000005,bird_051,K17B45,14,2017,9367.551023992211,11,2017_bird_051_11_trip
2017-05-20T23:24:07Z,141.47424999999998,40.5861,bird_051,K17B45,14,2017,8811.684689774214,11,2017_bird_051_11_trip
2017-05-20T23:25:08Z,141.47822000000002,40.581579999999995,bird_051,K17B45,14,2017,8244.557450268276,11,2017_bird_051_11_trip
2017-05-20T23:26:08Z,141.48183000000003,40.576150000000005,bird_051,K17B45,14,2017,7652.921350680373,11,2017_bird_051_11_trip
2017-05-20T23:27:07Z,141.4866,40.57271000000001,bird_051,K17B45,14,2017,7106.8720230550725,11,2017_bird_051_11_trip
2017-05-20T23:28:08Z,141.49072,40.56846,bird_051,K17B45,14,2017,6563.727012812497,11,2017_bird_051_11_trip
2017-05-20T23:29:08Z,141.49572,40.56423,bird_051,K17B45,14,2017,5964.190251666329,11,2017_bird_051_11_trip
2017-05-20T23:30:08Z,141.5021,40.560370000000006,bird_051,K17B45,14,2017,5286.213612433213,11,2017_bird_051_11_trip
2017-05-20T23:31:08Z,141.50937,40.55824,bird_051,K17B45,14,2017,4630.998481893167,11,2017_bird_051_11_trip
2017-05-20T23:32:07Z,141.51716,40.55634,bird_051,K17B45,14,2017,3951.509501156672,11,2017_bird_051_11_trip
2017-05-20T23:33:08Z,141.52354999999997,40.55273,bird_051,K17B45,14,2017,3283.443373595098,11,2017_bird_051_11_trip
2017-05-20T23:34:08Z,141.52705,40.54687,bird_051,K17B45,14,2017,2746.1336304116094,11,2017_bird_051_11_trip
2017-05-20T23:35:08Z,141.53147,40.54233000000001,bird_051,K17B45,14,2017,2252.1988688444912,11,2017_bird_051_11_trip
2017-05-20T23:36:07Z,141.53373,40.53676,bird_051,K17B45,14,2017,2032.90028758004,11,2017_bird_051_11_trip
2017-05-20T23:37:07Z,141.5394,40.53634,bird_051,K17B45,14,2017,1562.5742135723697,11,2017_bird_051_11_trip
2017-05-20T23:38:07Z,141.54333,40.53169,bird_051,K17B45,14,2017,1432.5378393845367,11,2017_bird_051_11_trip
2017-05-20T23:39:08Z,141.54624,40.528960000000005,bird_051,K17B45,14,2017,1440.2282331706003,11,2017_bird_051_11_trip
2017-05-20T23:40:07Z,141.54635,40.528870000000005,bird_051,K17B45,14,2017,1441.4959940630974,11,2017_bird_051_11_trip
2017-05-20T23:41:09Z,141.54496999999998,40.529970000000006,bird_051,K17B45,14,2017,1437.1179712629496,11,2017_bird_051_11_trip
2017-05-20T23:42:08Z,141.54613,40.529,bird_051,K17B45,14,2017,1443.1883795274316,11,2017_bird_051_11_trip
2017-05-20T23:43:08Z,141.54614999999998,40.528960000000005,bird_051,K17B45,14,2017,1445.33658101458,11,2017_bird_051_11_trip
2017-05-20T23:44:08Z,141.5458,40.52926,bird_051,K17B45,14,2017,1441.2371489034444,11,2017_bird_051_11_trip
2017-05-20T23:45:08Z,141.54559999999998,40.52929,bird_051,K17B45,14,2017,1450.6681421591409,11,2017_bird_051_11_trip
2017-05-20T23:46:08Z,141.54677999999998,40.52857000000001,bird_051,K17B45,14,2017,1443.230970779059,11,2017_bird_051_11_trip
2017-05-20T23:47:08Z,141.54589000000001,40.52926,bird_051,K17B45,14,2017,1435.9567825742367,11,2017_bird_051_11_trip
2017-05-20T23:48:09Z,141.54523,40.52967,bird_051,K17B45,14,2017,1443.4847131325955,11,2017_bird_051_11_trip
2017-05-20T23:49:08Z,141.5451,40.529610000000005,bird_051,K17B45,14,2017,1456.0667749177617,11,2017_bird_051_11_trip
2017-05-20T23:50:08Z,141.54594999999998,40.52918,bird_051,K17B45,14,2017,1438.8981063222163,11,2017_bird_051_11_trip
2017-05-20T23:51:08Z,141.54531,40.52954,bird_051,K17B45,14,2017,1448.5660590011228,11,2017_bird_051_11_trip
2017-05-20T23:52:08Z,141.54575999999997,40.52919000000001,bird_051,K17B45,14,2017,1449.1895213568473,11,2017_bird_051_11_trip
2017-05-20T23:53:08Z,141.5462,40.52911000000001,bird_051,K17B45,14,2017,1430.1697856558935,11,2017_bird_051_11_trip
2017-05-20T23:54:09Z,141.54755999999998,40.52862,bird_051,K17B45,14,2017,1397.761499988727,11,2017_bird_051_11_trip
2017-05-21T13:19:09Z,141.54171,40.542370000000005,bird_051,K17B45,14,2017,1409.790505943834,12,2017_bird_051_12_trip
2017-05-21T13:20:07Z,141.53444000000002,40.544239999999995,bird_051,K17B45,14,2017,2059.589611035146,12,2017_bird_051_12_trip
2017-05-21T13:21:07Z,141.52669,40.54698,bird_051,K17B45,14,2017,2778.95762332741,12,2017_bird_051_12_trip
2017-05-21T13:22:09Z,141.51801,40.54639,bird_051,K17B45,14,2017,3463.6815808623137,12,2017_bird_051_12_trip
2017-05-21T13:23:07Z,141.517,40.54665,bird_051,K17B45,14,2017,3553.7405998738873,12,2017_bird_051_12_trip
2017-05-21T13:24:06Z,141.51717,40.54679,bird_051,K17B45,14,2017,3543.7547859552415,12,2017_bird_051_12_trip
2017-05-21T13:25:06Z,141.51727,40.54691,bird_051,K17B45,14,2017,3539.0129511678333,12,2017_bird_051_12_trip
2017-05-21T13:26:08Z,141.51729,40.54691,bird_051,K17B45,14,2017,3537.377220936422,12,2017_bird_051_12_trip
2017-05-21T13:27:07Z,141.51776999999998,40.54697,bird_051,K17B45,14,2017,3499.8971315026815,12,2017_bird_051_12_trip
2017-05-21T13:28:07Z,141.51754,40.54717,bird_051,K17B45,14,2017,3524.608882970115,12,2017_bird_051_12_trip
2017-05-21T13:29:06Z,141.51672,40.550059999999995,bird_051,K17B45,14,2017,3689.451703025999,12,2017_bird_051_12_trip
2017-05-21T13:30:08Z,141.52021000000002,40.55503,bird_051,K17B45,14,2017,3655.051223378832,12,2017_bird_051_12_trip
2017-05-21T13:31:07Z,141.52620000000002,40.55783999999999,bird_051,K17B45,14,2017,3411.4027147288675,12,2017_bird_051_12_trip
2017-05-21T13:32:06Z,141.52648000000002,40.55799,bird_051,K17B45,14,2017,3403.4485841763117,12,2017_bird_051_12_trip
2017-05-21T13:33:07Z,141.52645,40.55805,bird_051,K17B45,14,2017,3409.631741436708,12,2017_bird_051_12_trip
2017-05-21T13:34:06Z,141.52607,40.55814,bird_051,K17B45,14,2017,3440.894694394298,12,2017_bird_051_12_trip
2017-05-21T13:35:07Z,141.5265,40.55801,bird_051,K17B45,14,2017,3403.5417214687777,12,2017_bird_051_12_trip
2017-05-21T13:36:07Z,141.52655,40.558110000000006,bird_051,K17B45,14,2017,3407.31034320339,12,2017_bird_051_12_trip
2017-05-21T13:37:07Z,141.52674000000002,40.55809,bird_051,K17B45,14,2017,3393.484995051734,12,2017_bird_051_12_trip
2017-05-21T13:38:06Z,141.52639000000002,40.557939999999995,bird_051,K17B45,14,2017,3405.855415953074,12,2017_bird_051_12_trip
2017-05-21T13:39:06Z,141.52643000000003,40.55812,bird_051,K17B45,14,2017,3415.8677761606987,12,2017_bird_051_12_trip
2017-05-21T13:40:07Z,141.52649000000002,40.55801,bird_051,K17B45,14,2017,3404.197471647684,12,2017_bird_051_12_trip
2017-05-21T13:41:07Z,141.52644000000004,40.55805,bird_051,K17B45,14,2017,3410.2873722027857,12,2017_bird_051_12_trip
2017-05-21T13:42:07Z,141.52621000000002,40.55805,bird_051,K17B45,14,2017,3425.390059221005,12,2017_bird_051_12_trip
2017-05-21T13:43:07Z,141.52678,40.55807,bird_051,K17B45,14,2017,3389.459038274245,12,2017_bird_051_12_trip
2017-05-21T13:44:06Z,141.52648000000002,40.55801,bird_051,K17B45,14,2017,3404.8533062716747,12,2017_bird_051_12_trip
2017-05-21T13:45:06Z,141.52678,40.55819,bird_051,K17B45,14,2017,3397.9700077570974,12,2017_bird_051_12_trip
2017-05-21T13:46:07Z,141.52686,40.558150000000005,bird_051,K17B45,14,2017,3389.921035149165,12,2017_bird_051_12_trip
2017-05-21T13:47:07Z,141.52654,40.55809,bird_051,K17B45,14,2017,3406.553634491668,12,2017_bird_051_12_trip
2017-05-21T13:48:08Z,141.52662,40.55797,bird_051,K17B45,14,2017,3392.8631497623146,12,2017_bird_051_12_trip
2017-05-21T13:49:07Z,141.52641000000003,40.55809,bird_051,K17B45,14,2017,3415.06649972662,12,2017_bird_051_12_trip
2017-05-21T13:50:08Z,141.52651,40.55801,bird_051,K17B45,14,2017,3402.886055779831,12,2017_bird_051_12_trip
2017-05-21T13:51:07Z,141.52638000000002,40.558110000000006,bird_051,K17B45,14,2017,3418.439387353642,12,2017_bird_051_12_trip
2017-05-21T13:52:06Z,141.52652,40.55803,bird_051,K17B45,14,2017,3403.6371494080818,12,2017_bird_051_12_trip
2017-05-21T13:53:07Z,141.52647000000002,40.55804,bird_051,K17B45,14,2017,3407.61753082186,12,2017_bird_051_12_trip
2017-05-21T13:54:08Z,141.52647000000002,40.55804,bird_051,K17B45,14,2017,3407.61753082186,12,2017_bird_051_12_trip
2017-05-21T13:55:07Z,141.52640000000002,40.55803,bird_051,K17B45,14,2017,3411.506443715269,12,2017_bird_051_12_trip
2017-05-21T13:56:07Z,141.52730000000005,40.55783,bird_051,K17B45,14,2017,3338.5463817982422,12,2017_bird_051_12_trip
2017-05-21T13:57:06Z,141.52656,40.558110000000006,bird_051,K17B45,14,2017,3406.6564569444413,12,2017_bird_051_12_trip
2017-05-21T13:58:07Z,141.52644000000004,40.55809,bird_051,K17B45,14,2017,3413.100723508237,12,2017_bird_051_12_trip
2017-05-21T13:59:07Z,141.52654,40.557939999999995,bird_051,K17B45,14,2017,3396.0011519679283,12,2017_bird_051_12_trip
2017-05-21T14:00:07Z,141.52642000000003,40.55806,bird_051,K17B45,14,2017,3412.3016294068034,12,2017_bird_051_12_trip
2017-05-21T14:01:06Z,141.52631000000002,40.5581,bird_051,K17B45,14,2017,3422.3266854813687,12,2017_bird_051_12_trip
2017-05-21T14:02:07Z,141.52648000000002,40.558110000000006,bird_051,K17B45,14,2017,3411.889926582146,12,2017_bird_051_12_trip
2017-05-21T14:03:07Z,141.52648000000002,40.55805,bird_051,K17B45,14,2017,3407.6653556506703,12,2017_bird_051_12_trip
2017-05-21T14:04:07Z,141.52645,40.55808,bird_051,K17B45,14,2017,3411.741836031261,12,2017_bird_051_12_trip
2017-05-21T14:05:06Z,141.5267,40.55801,bird_051,K17B45,14,2017,3390.44452642538,12,2017_bird_051_12_trip
2017-05-21T14:06:08Z,141.52649000000002,40.55804,bird_051,K17B45,14,2017,3406.306589662143,12,2017_bird_051_12_trip
2017-05-21T14:07:08Z,141.52616,40.55812,bird_051,K17B45,14,2017,3433.5783304865654,12,2017_bird_051_12_trip
2017-05-21T14:08:07Z,141.52572,40.55828,bird_051,K17B45,14,2017,3473.713650574083,12,2017_bird_051_12_trip
2017-05-21T14:09:07Z,141.52726,40.557759999999995,bird_051,K17B45,14,2017,3336.192205308132,12,2017_bird_051_12_trip
2017-05-21T14:10:09Z,141.52622000000002,40.55814,bird_051,K17B45,14,2017,3431.0407143038387,12,2017_bird_051_12_trip
2017-05-21T14:11:09Z,141.52714000000003,40.55783,bird_051,K17B45,14,2017,3348.9780961451265,12,2017_bird_051_12_trip
2017-05-21T14:12:10Z,141.52677,40.55795,bird_051,K17B45,14,2017,3381.633348768065,12,2017_bird_051_12_trip
2017-05-21T14:13:10Z,141.52656,40.55802,bird_051,K17B45,14,2017,3400.312767873304,12,2017_bird_051_12_trip
2017-05-21T14:14:13Z,141.52653,40.55804,bird_051,K17B45,14,2017,3403.685722310274,12,2017_bird_051_12_trip
2017-05-21T14:15:09Z,141.52536,40.55845,bird_051,K17B45,14,2017,3509.2949408034465,12,2017_bird_051_12_trip
2017-05-21T14:16:19Z,141.5261,40.55818,bird_051,K17B45,14,2017,3441.7252308890625,12,2017_bird_051_12_trip
2017-05-21T14:17:28Z,141.52788,40.557559999999995,bird_051,K17B45,14,2017,3281.6155518300347,12,2017_bird_051_12_trip
2017-05-21T14:18:13Z,141.52663,40.558,bird_051,K17B45,14,2017,3394.3201704946005,12,2017_bird_051_12_trip
2017-05-21T14:19:10Z,141.52702000000002,40.557869999999994,bird_051,K17B45,14,2017,3359.6423693320608,12,2017_bird_051_12_trip
2017-05-21T14:20:10Z,141.52645,40.55809,bird_051,K17B45,14,2017,3412.4456336588246,12,2017_bird_051_12_trip
2017-05-21T14:21:17Z,141.52764000000002,40.55763999999999,bird_051,K17B45,14,2017,3302.9155649840136,12,2017_bird_051_12_trip
2017-05-21T14:22:13Z,141.52624000000003,40.55816,bird_051,K17B45,14,2017,3431.13300779813,12,2017_bird_051_12_trip
2017-05-21T14:23:23Z,141.5267,40.558,bird_051,K17B45,14,2017,3389.7390685779815,12,2017_bird_051_12_trip
2017-05-21T14:24:34Z,141.52636,40.5581,bird_051,K17B45,14,2017,3419.047277676195,12,2017_bird_051_12_trip
2017-05-21T14:25:08Z,141.52653,40.557939999999995,bird_051,K17B45,14,2017,3396.6575136167057,12,2017_bird_051_12_trip
2017-05-21T14:26:09Z,141.52639000000002,40.55803,bird_051,K17B45,14,2017,3412.162765886599,12,2017_bird_051_12_trip
2017-05-21T14:27:07Z,141.52649000000002,40.55822,bird_051,K17B45,14,2017,3419.0021409572023,12,2017_bird_051_12_trip
2017-05-21T14:28:06Z,141.52657,40.55803,bird_051,K17B45,14,2017,3400.361869973951,12,2017_bird_051_12_trip
2017-05-21T14:29:08Z,141.52646,40.55817,bird_051,K17B45,14,2017,3417.42986125233,12,2017_bird_051_12_trip
2017-05-21T14:30:07Z,141.52645,40.55808,bird_051,K17B45,14,2017,3411.741836031261,12,2017_bird_051_12_trip
2017-05-21T14:31:07Z,141.5265,40.55795,bird_051,K17B45,14,2017,3399.3285396086635,12,2017_bird_051_12_trip
2017-05-21T14:32:07Z,141.52644000000004,40.558150000000005,bird_051,K17B45,14,2017,3417.3272329742563,12,2017_bird_051_12_trip
2017-05-21T14:33:07Z,141.52664,40.558110000000006,bird_051,K17B45,14,2017,3401.4284357316233,12,2017_bird_051_12_trip
2017-05-21T14:34:06Z,141.52634000000003,40.55842,bird_051,K17B45,14,2017,3442.953121517533,12,2017_bird_051_12_trip
2017-05-21T14:35:07Z,141.52645,40.55805,bird_051,K17B45,14,2017,3409.631741436708,12,2017_bird_051_12_trip
2017-05-21T14:36:06Z,141.52644000000004,40.55825,bird_051,K17B45,14,2017,3424.388630950796,12,2017_bird_051_12_trip
2017-05-21T14:37:07Z,141.52646,40.55809,bird_051,K17B45,14,2017,3411.7906283350653,12,2017_bird_051_12_trip
2017-05-21T14:38:06Z,141.52636999999999,40.55806,bird_051,K17B45,14,2017,3415.5812136539525,12,2017_bird_051_12_trip
2017-05-21T14:39:06Z,141.52649000000002,40.55805,bird_051,K17B45,14,2017,3407.0100627246466,12,2017_bird_051_12_trip
2017-05-21T14:40:07Z,141.52638000000002,40.55805,bird_051,K17B45,14,2017,3414.2229262207557,12,2017_bird_051_12_trip
2017-05-21T14:41:08Z,141.52643000000003,40.55825,bird_051,K17B45,14,2017,3425.041644467425,12,2017_bird_051_12_trip
2017-05-21T14:42:07Z,141.52644000000004,40.55819,bird_051,K17B45,14,2017,3420.149215160363,12,2017_bird_051_12_trip
2017-05-21T14:43:08Z,141.52649000000002,40.55808,bird_051,K17B45,14,2017,3409.1217811911474,12,2017_bird_051_12_trip
2017-05-21T14:44:06Z,141.52648000000002,40.55795,bird_051,K17B45,14,2017,3400.6417505542663,12,2017_bird_051_12_trip
2017-05-21T14:45:07Z,141.52642000000003,40.558,bird_051,K17B45,14,2017,3408.088426917928,12,2017_bird_051_12_trip
2017-05-21T14:46:06Z,141.52646,40.558130000000006,bird_051,K17B45,14,2017,3414.6085199186414,12,2017_bird_051_12_trip
2017-05-21T14:47:07Z,141.52642000000003,40.55806,bird_051,K17B45,14,2017,3412.3016294068034,12,2017_bird_051_12_trip
2017-05-21T14:48:07Z,141.52640000000002,40.557939999999995,bird_051,K17B45,14,2017,3405.1978772139714,12,2017_bird_051_12_trip
2017-05-21T14:49:06Z,141.52647000000002,40.55806,bird_051,K17B45,14,2017,3409.024152065375,12,2017_bird_051_12_trip
2017-05-21T14:50:06Z,141.52647000000002,40.55817,bird_051,K17B45,14,2017,3416.776022193209,12,2017_bird_051_12_trip
2017-05-21T14:51:06Z,141.52642000000003,40.557939999999995,bird_051,K17B45,14,2017,3403.883051069172,12,2017_bird_051_12_trip
2017-05-21T14:52:07Z,141.52651,40.55808,bird_051,K17B45,14,2017,3407.81226169288,12,2017_bird_051_12_trip
2017-05-21T14:53:07Z,141.5265,40.55814,bird_051,K17B45,14,2017,3412.697062801401,12,2017_bird_051_12_trip
2017-05-21T14:54:08Z,141.52644000000004,40.55814,bird_051,K17B45,14,2017,3416.622275522119,12,2017_bird_051_12_trip
2017-05-21T14:55:07Z,141.52639000000002,40.55802,bird_051,K17B45,14,2017,3411.4610792568515,12,2017_bird_051_12_trip
2017-05-21T14:56:07Z,141.52644000000004,40.557939999999995,bird_051,K17B45,14,2017,3402.5685603597344,12,2017_bird_051_12_trip
2017-05-21T14:57:06Z,141.52666,40.558150000000005,bird_051,K17B45,14,2017,3402.9527452408574,12,2017_bird_051_12_trip
2017-05-21T14:58:06Z,141.52648000000002,40.5581,bird_051,K17B45,14,2017,3411.1852910260623,12,2017_bird_051_12_trip
2017-05-21T14:59:07Z,141.52631000000002,40.55803,bird_051,K17B45,14,2017,3417.4163641491073,12,2017_bird_051_12_trip
2017-05-21T15:00:07Z,141.52643000000003,40.55805,bird_051,K17B45,14,2017,3410.943087309347,12,2017_bird_051_12_trip
2017-05-21T15:01:07Z,141.52636999999999,40.55804,bird_051,K17B45,14,2017,3414.1772958329384,12,2017_bird_051_12_trip
2017-05-21T15:02:07Z,141.52641000000003,40.558130000000006,bird_051,K17B45,14,2017,3417.8816885527276,12,2017_bird_051_12_trip
2017-05-21T15:03:06Z,141.52645,40.55812,bird_051,K17B45,14,2017,3414.558322957146,12,2017_bird_051_12_trip
2017-05-21T15:04:07Z,141.52639000000002,40.55802,bird_051,K17B45,14,2017,3411.4610792568515,12,2017_bird_051_12_trip
2017-05-21T15:05:09Z,141.52636,40.55801,bird_051,K17B45,14,2017,3412.7298906297806,12,2017_bird_051_12_trip
2017-05-21T15:06:07Z,141.52628,40.55795,bird_051,K17B45,14,2017,3413.792316730172,12,2017_bird_051_12_trip
2017-05-21T15:07:06Z,141.52648000000002,40.557939999999995,bird_051,K17B45,14,2017,3399.9405868039057,12,2017_bird_051_12_trip
2017-05-21T15:08:06Z,141.52647000000002,40.55809,bird_051,K17B45,14,2017,3411.1357075814853,12,2017_bird_051_12_trip
2017-05-21T15:09:07Z,141.52636999999999,40.55806,bird_051,K17B45,14,2017,3415.5812136539525,12,2017_bird_051_12_trip
2017-05-21T15:10:07Z,141.52630000000002,40.558,bird_051,K17B45,14,2017,3415.972676509767,12,2017_bird_051_12_trip
2017-05-21T15:11:08Z,141.52648000000002,40.55805,bird_051,K17B45,14,2017,3407.6653556506703,12,2017_bird_051_12_trip
2017-05-21T15:12:07Z,141.52652,40.558110000000006,bird_051,K17B45,14,2017,3409.272512277029,12,2017_bird_051_12_trip
2017-05-21T15:13:07Z,141.52640000000002,40.5581,bird_051,K17B45,14,2017,3416.42526535385,12,2017_bird_051_12_trip
2017-05-21T15:14:07Z,141.52636,40.55804,bird_051,K17B45,14,2017,3414.833734934335,12,2017_bird_051_12_trip
2017-05-21T15:15:06Z,141.52649000000002,40.55821,bird_051,K17B45,14,2017,3418.295003266695,12,2017_bird_051_12_trip
2017-05-21T15:16:07Z,141.52654,40.55822,bird_051,K17B45,14,2017,3415.738452967599,12,2017_bird_051_12_trip
2017-05-21T15:17:07Z,141.52597,40.55797999999999,bird_051,K17B45,14,2017,3436.325542597061,12,2017_bird_051_12_trip
2017-05-21T15:18:06Z,141.52630000000002,40.55799,bird_051,K17B45,14,2017,3415.2728567007284,12,2017_bird_051_12_trip
2017-05-21T15:19:07Z,141.52625,40.55797999999999,bird_051,K17B45,14,2017,3417.863259088392,12,2017_bird_051_12_trip
2017-05-21T15:20:09Z,141.52641000000003,40.55801,bird_051,K17B45,14,2017,3409.446508963266,12,2017_bird_051_12_trip
2017-05-21T15:21:08Z,141.52636999999999,40.55795,bird_051,K17B45,14,2017,3407.8704196079475,12,2017_bird_051_12_trip
2017-05-21T15:22:07Z,141.52640000000002,40.55804,bird_051,K17B45,14,2017,3412.2084824949034,12,2017_bird_051_12_trip
2017-05-21T15:23:07Z,141.52635,40.55803,bird_051,K17B45,14,2017,3414.7888943564944,12,2017_bird_051_12_trip
2017-05-21T15:24:07Z,141.52633000000003,40.55797999999999,bird_051,K17B45,14,2017,3412.60025252284,12,2017_bird_051_12_trip
2017-05-21T15:25:07Z,141.52630000000002,40.55803,bird_051,K17B45,14,2017,3418.0734408178446,12,2017_bird_051_12_trip
2017-05-21T15:26:07Z,141.52635,40.55792,bird_051,K17B45,14,2017,3407.0882528690145,12,2017_bird_051_12_trip
2017-05-21T15:27:07Z,141.5265,40.5581,bird_051,K17B45,14,2017,3409.8761435309702,12,2017_bird_051_12_trip
2017-05-21T15:28:08Z,141.52646,40.55797,bird_051,K17B45,14,2017,3403.357737723623,12,2017_bird_051_12_trip
2017-05-21T15:29:07Z,141.52644000000004,40.55807,bird_051,K17B45,14,2017,3411.6936149755966,12,2017_bird_051_12_trip
2017-05-21T15:30:07Z,141.52635,40.55797,bird_051,K17B45,14,2017,3410.5852765563104,12,2017_bird_051_12_trip
2017-05-21T15:31:08Z,141.52634000000003,40.55803,bird_051,K17B45,14,2017,3415.4456361750485,12,2017_bird_051_12_trip
2017-05-21T15:32:06Z,141.52624000000003,40.557939999999995,bird_051,K17B45,14,2017,3415.728515523853,12,2017_bird_051_12_trip
2017-05-21T15:33:07Z,141.52643000000003,40.55805,bird_051,K17B45,14,2017,3410.943087309347,12,2017_bird_051_12_trip
2017-05-21T15:34:06Z,141.52646,40.55812,bird_051,K17B45,14,2017,3413.903723274595,12,2017_bird_051_12_trip
2017-05-21T15:35:08Z,141.52641000000003,40.55809,bird_051,K17B45,14,2017,3415.06649972662,12,2017_bird_051_12_trip
2017-05-21T15:36:06Z,141.52644000000004,40.55807,bird_051,K17B45,14,2017,3411.6936149755966,12,2017_bird_051_12_trip
2017-05-21T15:37:06Z,141.52640000000002,40.55806,bird_051,K17B45,14,2017,3413.6132106180785,12,2017_bird_051_12_trip
2017-05-21T15:38:07Z,141.52631000000002,40.55806,bird_051,K17B45,14,2017,3419.5194873159667,12,2017_bird_051_12_trip
2017-05-21T15:39:08Z,141.52649000000002,40.55805,bird_051,K17B45,14,2017,3407.0100627246466,12,2017_bird_051_12_trip
2017-05-21T15:40:06Z,141.52633000000003,40.55809,bird_051,K17B45,14,2017,3420.312276643195,12,2017_bird_051_12_trip
2017-05-21T15:41:07Z,141.52613000000002,40.55787999999999,bird_051,K17B45,14,2017,3418.806609718768,12,2017_bird_051_12_trip
2017-05-21T15:42:08Z,141.52638000000002,40.55801,bird_051,K17B45,14,2017,3411.4162861893283,12,2017_bird_051_12_trip
2017-05-21T15:43:07Z,141.52658,40.55816,bird_051,K17B45,14,2017,3408.8821240644493,12,2017_bird_051_12_trip
2017-05-21T15:44:07Z,141.52643000000003,40.55804,bird_051,K17B45,14,2017,3410.2404261480115,12,2017_bird_051_12_trip
2017-05-21T15:45:07Z,141.52662,40.55821,bird_051,K17B45,14,2017,3409.812098222176,12,2017_bird_051_12_trip
2017-05-21T15:46:07Z,141.52648000000002,40.55805,bird_051,K17B45,14,2017,3407.6653556506703,12,2017_bird_051_12_trip
2017-05-21T15:47:07Z,141.52649000000002,40.55817,bird_051,K17B45,14,2017,3415.468598820872,12,2017_bird_051_12_trip
2017-05-21T15:48:07Z,141.52638000000002,40.55799,bird_051,K17B45,14,2017,3410.0142696013454,12,2017_bird_051_12_trip
2017-05-21T15:49:07Z,141.52639000000002,40.55797999999999,bird_051,K17B45,14,2017,3408.6565058748497,12,2017_bird_051_12_trip
2017-05-21T15:50:07Z,141.52639000000002,40.55799,bird_051,K17B45,14,2017,3409.357322982441,12,2017_bird_051_12_trip
2017-05-21T15:51:07Z,141.52638000000002,40.55801,bird_051,K17B45,14,2017,3411.4162861893283,12,2017_bird_051_12_trip
2017-05-21T15:52:08Z,141.52641000000003,40.55802,bird_051,K17B45,14,2017,3410.1482487143608,12,2017_bird_051_12_trip
2017-05-21T15:53:07Z,141.52643000000003,40.55802,bird_051,K17B45,14,2017,3408.8357545270605,12,2017_bird_051_12_trip
2017-05-21T15:54:07Z,141.52644000000004,40.55817,bird_051,K17B45,14,2017,3418.7377938567556,12,2017_bird_051_12_trip
2017-05-21T15:55:07Z,141.52648000000002,40.55806,bird_051,K17B45,14,2017,3408.3689099594785,12,2017_bird_051_12_trip
2017-05-21T15:56:06Z,141.52786,40.56251000000001,bird_051,K17B45,14,2017,3659.650448328051,12,2017_bird_051_12_trip
2017-05-21T15:57:07Z,141.53,40.56748,bird_051,K17B45,14,2017,3968.203709061715,12,2017_bird_051_12_trip
2017-05-21T15:58:08Z,141.53350999999998,40.57264,bird_051,K17B45,14,2017,4295.0249214473815,12,2017_bird_051_12_trip
2017-05-21T15:59:08Z,141.53526,40.57795,bird_051,K17B45,14,2017,4761.158453701965,12,2017_bird_051_12_trip
2017-05-21T16:00:07Z,141.53725,40.582730000000005,bird_051,K17B45,14,2017,5194.108447376217,12,2017_bird_051_12_trip
2017-05-21T16:01:08Z,141.53892000000002,40.58725,bird_051,K17B45,14,2017,5628.638623717278,12,2017_bird_051_12_trip
2017-05-21T16:02:08Z,141.54122,40.59158,bird_051,K17B45,14,2017,6043.90267079712,12,2017_bird_051_12_trip
2017-05-21T16:03:07Z,141.54344,40.596050000000005,bird_051,K17B45,14,2017,6490.653904071329,12,2017_bird_051_12_trip
2017-05-21T16:04:07Z,141.54572,40.60109,bird_051,K17B45,14,2017,7011.137486990519,12,2017_bird_051_12_trip
2017-05-21T16:05:07Z,141.54784,40.60605,bird_051,K17B45,14,2017,7534.830268530716,12,2017_bird_051_12_trip
2017-05-21T16:06:07Z,141.55027,40.61098,bird_051,K17B45,14,2017,8060.749450158021,12,2017_bird_051_12_trip
2017-05-21T16:07:07Z,141.5525,40.61594,bird_051,K17B45,14,2017,8598.45266405327,12,2017_bird_051_12_trip
2017-05-21T16:08:08Z,141.55547,40.62093000000001,bird_051,K17B45,14,2017,9143.49558466588,12,2017_bird_051_12_trip
2017-05-21T16:09:06Z,141.55826000000002,40.62553000000001,bird_051,K17B45,14,2017,9652.686486961176,12,2017_bird_051_12_trip
2017-05-21T16:10:07Z,141.56078,40.63053000000001,bird_051,K17B45,14,2017,10211.302635827837,12,2017_bird_051_12_trip
2017-05-21T16:11:06Z,141.56251,40.635650000000005,bird_051,K17B45,14,2017,10784.323276297804,12,2017_bird_051_12_trip
2017-05-21T16:12:06Z,141.56456999999995,40.640710000000006,bird_051,K17B45,14,2017,11353.546039944218,12,2017_bird_051_12_trip
2017-05-21T16:13:07Z,141.56624000000002,40.64587,bird_051,K17B45,14,2017,11933.637333928917,12,2017_bird_051_12_trip
2017-05-21T16:14:06Z,141.56693,40.651,bird_051,K17B45,14,2017,12505.837411896797,12,2017_bird_051_12_trip
2017-05-21T16:15:07Z,141.56810000000002,40.65638,bird_051,K17B45,14,2017,13108.472216200556,12,2017_bird_051_12_trip
2017-05-21T16:16:08Z,141.56887,40.66168,bird_051,K17B45,14,2017,13700.10766261361,12,2017_bird_051_12_trip
2017-05-21T16:17:09Z,141.56985999999998,40.66648,bird_051,K17B45,14,2017,14237.74841638693,12,2017_bird_051_12_trip
2017-05-21T16:18:10Z,141.5714,40.67167,bird_051,K17B45,14,2017,14822.307995875031,12,2017_bird_051_12_trip
2017-05-21T16:19:08Z,141.57251,40.67666,bird_051,K17B45,14,2017,15382.191789329414,12,2017_bird_051_12_trip
2017-05-21T16:20:07Z,141.57392,40.68185,bird_051,K17B45,14,2017,15966.531074016675,12,2017_bird_051_12_trip
2017-05-21T16:21:08Z,141.57470999999998,40.68684,bird_051,K17B45,14,2017,16524.37137653712,12,2017_bird_051_12_trip
2017-05-21T16:22:07Z,141.57632,40.69164,bird_051,K17B45,14,2017,17067.515187843972,12,2017_bird_051_12_trip
2017-05-21T16:23:07Z,141.57831000000002,40.69637000000001,bird_051,K17B45,14,2017,17606.528602917206,12,2017_bird_051_12_trip
2017-05-21T16:24:06Z,141.58051,40.70104,bird_051,K17B45,14,2017,18141.560592918177,12,2017_bird_051_12_trip
2017-05-21T16:25:08Z,141.58258,40.70519000000001,bird_051,K17B45,14,2017,18618.898456401865,12,2017_bird_051_12_trip
2017-05-21T16:26:08Z,141.58258,40.70645,bird_051,K17B45,14,2017,18757.91940500062,12,2017_bird_051_12_trip
2017-05-21T16:27:09Z,141.58264000000003,40.70648,bird_051,K17B45,14,2017,18761.80214930536,12,2017_bird_051_12_trip
2017-05-21T16:28:09Z,141.58259,40.70645,bird_051,K17B45,14,2017,18758.01475406045,12,2017_bird_051_12_trip
2017-05-21T16:29:09Z,141.58261000000002,40.70651000000001,bird_051,K17B45,14,2017,18764.82584358487,12,2017_bird_051_12_trip
2017-05-21T16:30:09Z,141.58273000000003,40.70658,bird_051,K17B45,14,2017,18773.696692539008,12,2017_bird_051_12_trip
2017-05-21T16:31:09Z,141.58307,40.707930000000005,bird_051,K17B45,14,2017,18925.906439695973,12,2017_bird_051_12_trip
2017-05-21T16:32:07Z,141.5848,40.712430000000005,bird_051,K17B45,14,2017,19439.23283952062,12,2017_bird_051_12_trip
2017-05-21T16:33:09Z,141.58701000000002,40.71712,bird_051,K17B45,14,2017,19978.896575914805,12,2017_bird_051_12_trip
2017-05-21T16:34:07Z,141.58843000000005,40.721900000000005,bird_051,K17B45,14,2017,20520.59460766892,12,2017_bird_051_12_trip
2017-05-21T16:35:08Z,141.59072,40.727,bird_051,K17B45,14,2017,21107.30127438874,12,2017_bird_051_12_trip
2017-05-21T16:36:08Z,141.59275,40.73187,bird_051,K17B45,14,2017,21666.32761424629,12,2017_bird_051_12_trip
2017-05-21T16:37:08Z,141.59454,40.736720000000005,bird_051,K17B45,14,2017,22220.713847499566,12,2017_bird_051_12_trip
2017-05-21T16:38:08Z,141.59639,40.74122,bird_051,K17B45,14,2017,22737.616856196262,12,2017_bird_051_12_trip
2017-05-21T16:39:07Z,141.59837000000002,40.74589,bird_051,K17B45,14,2017,23275.116374044,12,2017_bird_051_12_trip
2017-05-21T16:40:07Z,141.60017,40.75079,bird_051,K17B45,14,2017,23835.892549988937,12,2017_bird_051_12_trip
2017-05-21T16:41:09Z,141.60125,40.7559,bird_051,K17B45,14,2017,24410.62052757382,12,2017_bird_051_12_trip
2017-05-21T16:42:07Z,141.60187,40.76057000000001,bird_051,K17B45,14,2017,24931.18087103185,12,2017_bird_051_12_trip
2017-05-21T16:43:10Z,141.60178,40.76583000000001,bird_051,K17B45,14,2017,25507.68921212978,12,2017_bird_051_12_trip
2017-05-21T16:44:07Z,141.60203,40.77082,bird_051,K17B45,14,2017,26058.99552316629,12,2017_bird_051_12_trip
2017-05-21T16:45:08Z,141.60274,40.775940000000006,bird_051,K17B45,14,2017,26630.274358682465,12,2017_bird_051_12_trip
2017-05-21T16:46:08Z,141.60331,40.780910000000006,bird_051,K17B45,14,2017,27183.398952733412,12,2017_bird_051_12_trip
2017-05-21T16:47:07Z,141.60351999999995,40.78583,bird_051,K17B45,14,2017,27726.7823427135,12,2017_bird_051_12_trip
2017-05-21T16:48:09Z,141.60395999999997,40.78978,bird_051,K17B45,14,2017,28166.31174840534,12,2017_bird_051_12_trip
2017-05-21T16:49:09Z,141.60419,40.789730000000006,bird_051,K17B45,14,2017,28163.527369064886,12,2017_bird_051_12_trip
2017-05-21T16:50:35Z,141.60422,40.7895,bird_051,K17B45,14,2017,28138.593453965823,12,2017_bird_051_12_trip
2017-05-21T16:51:06Z,141.60424999999998,40.7895,bird_051,K17B45,14,2017,28138.948951353606,12,2017_bird_051_12_trip
2017-05-21T16:52:06Z,141.60445,40.78944,bird_051,K17B45,14,2017,28134.728285401703,12,2017_bird_051_12_trip
2017-05-21T16:53:06Z,141.60448,40.78932,bird_051,K17B45,14,2017,28121.89309243766,12,2017_bird_051_12_trip
2017-05-21T16:54:07Z,141.60486999999998,40.789100000000005,bird_051,K17B45,14,2017,28102.378712808728,12,2017_bird_051_12_trip
2017-05-21T16:55:07Z,141.60494999999997,40.78908,bird_051,K17B45,14,2017,28101.14340736617,12,2017_bird_051_12_trip
2017-05-21T16:56:07Z,141.60518,40.78896,bird_051,K17B45,14,2017,28090.732844569116,12,2017_bird_051_12_trip
2017-05-21T16:57:07Z,141.60526,40.78898,bird_051,K17B45,14,2017,28093.900447951743,12,2017_bird_051_12_trip
2017-05-21T16:58:08Z,141.60527,40.78883,bird_051,K17B45,14,2017,28077.53737263443,12,2017_bird_051_12_trip
2017-05-21T16:59:06Z,141.60514,40.78888,bird_051,K17B45,14,2017,28081.456432511317,12,2017_bird_051_12_trip
2017-05-21T17:00:07Z,141.6054,40.788500000000006,bird_051,K17B45,14,2017,28042.854734018587,12,2017_bird_051_12_trip
2017-05-21T17:01:07Z,141.60545,40.78837000000001,bird_051,K17B45,14,2017,28029.179641313884,12,2017_bird_051_12_trip
2017-05-21T17:02:07Z,141.60535,40.788340000000005,bird_051,K17B45,14,2017,28024.663637751935,12,2017_bird_051_12_trip
2017-05-21T17:03:07Z,141.60556999999997,40.78817000000001,bird_051,K17B45,14,2017,28008.67106992228,12,2017_bird_051_12_trip
2017-05-21T17:04:06Z,141.60554999999997,40.78811000000001,bird_051,K17B45,14,2017,28001.833672334637,12,2017_bird_051_12_trip
2017-05-21T17:05:07Z,141.60583,40.78769,bird_051,K17B45,14,2017,27959.130710991467,12,2017_bird_051_12_trip
2017-05-21T17:06:07Z,141.60558999999998,40.78792,bird_051,K17B45,14,2017,27981.447880471784,12,2017_bird_051_12_trip
2017-05-21T17:07:07Z,141.60585999999998,40.78772,bird_051,K17B45,14,2017,27962.79654357982,12,2017_bird_051_12_trip
2017-05-21T17:08:07Z,141.60607,40.78772,bird_051,K17B45,14,2017,27965.393535705076,12,2017_bird_051_12_trip
2017-05-21T17:09:06Z,141.60625,40.78762,bird_051,K17B45,14,2017,27956.64461413152,12,2017_bird_051_12_trip
2017-05-21T17:10:06Z,141.60629,40.78774,bird_051,K17B45,14,2017,27970.322740540956,12,2017_bird_051_12_trip
2017-05-21T17:11:07Z,141.60663,40.78763,bird_051,K17B45,14,2017,27962.489136013843,12,2017_bird_051_12_trip
2017-05-21T17:12:06Z,141.60684,40.78763,bird_051,K17B45,14,2017,27965.12750707406,12,2017_bird_051_12_trip
2017-05-21T17:13:06Z,141.60716,40.7877,bird_051,K17B45,14,2017,27976.854516354255,12,2017_bird_051_12_trip
2017-05-21T17:14:07Z,141.60722,40.78756,bird_051,K17B45,14,2017,27962.24455493561,12,2017_bird_051_12_trip
2017-05-21T17:15:07Z,141.60735,40.78759,bird_051,K17B45,14,2017,27967.18960580096,12,2017_bird_051_12_trip
2017-05-21T17:16:07Z,141.60763,40.78742,bird_051,K17B45,14,2017,27952.100493361708,12,2017_bird_051_12_trip
2017-05-21T17:17:07Z,141.60773,40.78728,bird_051,K17B45,14,2017,27938.015124981128,12,2017_bird_051_12_trip
2017-05-21T17:18:07Z,141.60795,40.7873,bird_051,K17B45,14,2017,27943.038743768837,12,2017_bird_051_12_trip
2017-05-21T17:19:06Z,141.60979999999998,40.790980000000005,bird_051,K17B45,14,2017,28370.897700161942,12,2017_bird_051_12_trip
2017-05-21T17:20:07Z,141.61139,40.79541000000001,bird_051,K17B45,14,2017,28877.80690503468,12,2017_bird_051_12_trip
2017-05-21T17:21:08Z,141.6127,40.80039,bird_051,K17B45,14,2017,29441.360559965306,12,2017_bird_051_12_trip
2017-05-21T17:22:06Z,141.61358999999996,40.80546,bird_051,K17B45,14,2017,30009.174223259633,12,2017_bird_051_12_trip
2017-05-21T17:23:07Z,141.61417999999998,40.81083,bird_051,K17B45,14,2017,30605.91947562343,12,2017_bird_051_12_trip
2017-05-21T17:24:06Z,141.61302999999998,40.81561,bird_051,K17B45,14,2017,31115.510268796766,12,2017_bird_051_12_trip
2017-05-21T17:25:06Z,141.6104,40.82024,bird_051,K17B45,14,2017,31591.699666144443,12,2017_bird_051_12_trip
2017-05-21T17:26:07Z,141.60697,40.825,bird_051,K17B45,14,2017,32076.047884201515,12,2017_bird_051_12_trip
2017-05-21T17:27:07Z,141.60370999999998,40.82983,bird_051,K17B45,14,2017,32573.79485548822,12,2017_bird_051_12_trip
2017-05-21T17:28:07Z,141.60139,40.83438,bird_051,K17B45,14,2017,33052.948844755316,12,2017_bird_051_12_trip
2017-05-21T17:29:06Z,141.59792000000002,40.83937,bird_051,K17B45,14,2017,33572.607154842946,12,2017_bird_051_12_trip
2017-05-21T17:30:07Z,141.59595,40.8441,bird_051,K17B45,14,2017,34078.953373335054,12,2017_bird_051_12_trip
2017-05-21T17:31:07Z,141.59506,40.848859999999995,bird_051,K17B45,14,2017,34598.220435172196,12,2017_bird_051_12_trip
2017-05-21T17:32:07Z,141.59515,40.84907,bird_051,K17B45,14,2017,34622.13936866602,12,2017_bird_051_12_trip
2017-05-21T17:33:07Z,141.59515,40.84885,bird_051,K17B45,14,2017,34597.81155756088,12,2017_bird_051_12_trip
2017-05-21T17:34:08Z,141.5954,40.8492,bird_051,K17B45,14,2017,34638.45745642401,12,2017_bird_051_12_trip
2017-05-21T17:35:06Z,141.59538,40.84914,bird_051,K17B45,14,2017,34631.667034720405,12,2017_bird_051_12_trip
2017-05-21T17:36:06Z,141.59564999999998,40.84896,bird_051,K17B45,14,2017,34613.87621653492,12,2017_bird_051_12_trip
2017-05-21T17:37:06Z,141.59561,40.84907,bird_051,K17B45,14,2017,34625.724930036515,12,2017_bird_051_12_trip
2017-05-21T17:38:07Z,141.59564999999998,40.848879999999994,bird_051,K17B45,14,2017,34605.030751340964,12,2017_bird_051_12_trip
2017-05-21T17:39:07Z,141.59579,40.84893,bird_051,K17B45,14,2017,34611.66065433785,12,2017_bird_051_12_trip
2017-05-21T17:40:07Z,141.59587,40.84876,bird_051,K17B45,14,2017,34593.496249616444,12,2017_bird_051_12_trip
2017-05-21T17:41:07Z,141.59579,40.84898,bird_051,K17B45,14,2017,34617.18889878952,12,2017_bird_051_12_trip
2017-05-21T17:42:08Z,141.59589,40.84865,bird_051,K17B45,14,2017,34581.49257373204,12,2017_bird_051_12_trip
2017-05-21T17:43:06Z,141.59607,40.84873,bird_051,K17B45,14,2017,34591.76418753619,12,2017_bird_051_12_trip
2017-05-21T17:44:07Z,141.59597,40.8489,bird_051,K17B45,14,2017,34609.76594206643,12,2017_bird_051_12_trip
2017-05-21T17:45:07Z,141.59615,40.848879999999994,bird_051,K17B45,14,2017,34608.983691312365,12,2017_bird_051_12_trip
2017-05-21T17:46:07Z,141.59604000000002,40.84873,bird_051,K17B45,14,2017,34591.52594491556,12,2017_bird_051_12_trip
2017-05-21T17:47:08Z,141.59617,40.84881,bird_051,K17B45,14,2017,34601.40403134644,12,2017_bird_051_12_trip
2017-05-21T17:48:06Z,141.59586,40.8488,bird_051,K17B45,14,2017,34597.839734647176,12,2017_bird_051_12_trip
2017-05-21T17:49:07Z,141.59617,40.84873,bird_051,K17B45,14,2017,34592.55966015581,12,2017_bird_051_12_trip
2017-05-21T17:50:07Z,141.59613000000002,40.848659999999995,bird_051,K17B45,14,2017,34584.502345887675,12,2017_bird_051_12_trip
2017-05-21T17:51:07Z,141.5961,40.8487,bird_051,K17B45,14,2017,34588.68592680668,12,2017_bird_051_12_trip
2017-05-21T17:52:07Z,141.59605,40.84865,bird_051,K17B45,14,2017,34582.76074272963,12,2017_bird_051_12_trip
2017-05-21T17:53:06Z,141.59612,40.84839,bird_051,K17B45,14,2017,34554.57288409156,12,2017_bird_051_12_trip
2017-05-21T17:54:07Z,141.59624000000002,40.84863,bird_051,K17B45,14,2017,34582.06245294659,12,2017_bird_051_12_trip
2017-05-21T17:55:06Z,141.59618,40.84872,bird_051,K17B45,14,2017,34591.5337775976,12,2017_bird_051_12_trip
2017-05-21T17:56:07Z,141.59612,40.84856,bird_051,K17B45,14,2017,34573.367229839714,12,2017_bird_051_12_trip
2017-05-21T17:57:07Z,141.59624000000002,40.84847,bird_051,K17B45,14,2017,34564.374110291545,12,2017_bird_051_12_trip
2017-05-21T17:58:07Z,141.59617,40.84834,bird_051,K17B45,14,2017,34549.44364413656,12,2017_bird_051_12_trip
2017-05-21T17:59:08Z,141.59623000000002,40.84845,bird_051,K17B45,14,2017,34562.08321880587,12,2017_bird_051_12_trip
2017-05-21T18:00:06Z,141.5961,40.84833,bird_051,K17B45,14,2017,34547.780349543485,12,2017_bird_051_12_trip
2017-05-21T18:01:06Z,141.59632000000002,40.84858,bird_051,K17B45,14,2017,34577.174142982745,12,2017_bird_051_12_trip
2017-05-21T18:02:07Z,141.59633000000002,40.84838,bird_051,K17B45,14,2017,34555.1442275221,12,2017_bird_051_12_trip
2017-05-21T18:03:07Z,141.59617,40.84805,bird_051,K17B45,14,2017,34517.38333340623,12,2017_bird_051_12_trip
2017-05-21T18:04:07Z,141.59633000000002,40.84825,bird_051,K17B45,14,2017,34540.77284837661,12,2017_bird_051_12_trip
2017-05-21T18:05:08Z,141.59640000000002,40.848279999999995,bird_051,K17B45,14,2017,34544.650467438616,12,2017_bird_051_12_trip
2017-05-21T18:06:06Z,141.59654999999998,40.84803,bird_051,K17B45,14,2017,34518.220600629116,12,2017_bird_051_12_trip
2017-05-21T18:07:07Z,141.59657,40.848,bird_051,K17B45,14,2017,34515.06560194896,12,2017_bird_051_12_trip
2017-05-21T18:08:07Z,141.59681,40.84827,bird_051,K17B45,14,2017,34546.8520139324,12,2017_bird_051_12_trip
2017-05-21T18:09:07Z,141.59705,40.8482,bird_051,K17B45,14,2017,34541.066704920326,12,2017_bird_051_12_trip
2017-05-21T18:10:07Z,141.59711,40.8487,bird_051,K17B45,14,2017,34596.821231345144,12,2017_bird_051_12_trip
2017-05-21T18:11:07Z,141.59623000000002,40.84941,bird_051,K17B45,14,2017,34668.214690548586,12,2017_bird_051_12_trip
2017-05-21T18:12:07Z,141.59622000000002,40.8493,bird_051,K17B45,14,2017,34655.97402669263,12,2017_bird_051_12_trip
2017-05-21T18:13:06Z,141.59515,40.850449999999995,bird_051,K17B45,14,2017,34774.744421278374,12,2017_bird_051_12_trip
2017-05-21T18:14:06Z,141.59545,40.851789999999994,bird_051,K17B45,14,2017,34925.24489069782,12,2017_bird_051_12_trip
2017-05-21T18:15:06Z,141.59595,40.8522,bird_051,K17B45,14,2017,34974.47478936216,12,2017_bird_051_12_trip
2017-05-21T18:16:06Z,141.59574,40.852999999999994,bird_051,K17B45,14,2017,35061.296274563116,12,2017_bird_051_12_trip
2017-05-21T18:17:06Z,141.59581,40.85305999999999,bird_051,K17B45,14,2017,35068.47530959514,12,2017_bird_051_12_trip
2017-05-21T18:18:08Z,141.59505,40.85461999999999,bird_051,K17B45,14,2017,35235.15114007204,12,2017_bird_051_12_trip
2017-05-21T18:19:06Z,141.59555999999998,40.85512,bird_051,K17B45,14,2017,35294.34342701525,12,2017_bird_051_12_trip
2017-05-21T18:20:08Z,141.59568,40.85444999999999,bird_051,K17B45,14,2017,35221.17458748821,12,2017_bird_051_12_trip
2017-05-21T18:21:07Z,141.59622000000002,40.85435,bird_051,K17B45,14,2017,35214.317100282904,12,2017_bird_051_12_trip
2017-05-21T18:22:06Z,141.59774000000002,40.851969999999994,bird_051,K17B45,14,2017,34963.39875271374,12,2017_bird_051_12_trip
2017-05-21T18:23:07Z,141.59232000000003,40.84697,bird_051,K17B45,14,2017,34368.67613712606,12,2017_bird_051_12_trip
2017-05-21T18:24:06Z,141.58859,40.84558,bird_051,K17B45,14,2017,34189.28717105921,12,2017_bird_051_12_trip
2017-05-21T18:25:07Z,141.58893000000003,40.845659999999995,bird_051,K17B45,14,2017,34200.35805819842,12,2017_bird_051_12_trip
2017-05-21T18:26:06Z,141.58869,40.845479999999995,bird_051,K17B45,14,2017,34178.86365478814,12,2017_bird_051_12_trip
2017-05-21T18:27:08Z,141.58896,40.84554,bird_051,K17B45,14,2017,34187.268645359414,12,2017_bird_051_12_trip
2017-05-21T18:28:06Z,141.58886999999999,40.84515,bird_051,K17B45,14,2017,34143.500228264165,12,2017_bird_051_12_trip
2017-05-21T18:29:07Z,141.58906,40.84524,bird_051,K17B45,14,2017,34154.711182374915,12,2017_bird_051_12_trip
2017-05-21T18:30:06Z,141.58936,40.845310000000005,bird_051,K17B45,14,2017,34164.44401808084,12,2017_bird_051_12_trip
2017-05-21T18:31:08Z,141.58918,40.84514,bird_051,K17B45,14,2017,34144.43133870453,12,2017_bird_051_12_trip
2017-05-21T18:32:06Z,141.59087,40.843619999999994,bird_051,K17B45,14,2017,33987.67568528282,12,2017_bird_051_12_trip
2017-05-21T18:33:09Z,141.58707,40.837419999999995,bird_051,K17B45,14,2017,33275.995944254624,12,2017_bird_051_12_trip
2017-05-21T18:34:07Z,141.58332,40.83053,bird_051,K17B45,14,2017,32490.31375474001,12,2017_bird_051_12_trip
2017-05-21T18:35:08Z,141.57933,40.822750000000006,bird_051,K17B45,14,2017,31606.943115362297,12,2017_bird_051_12_trip
2017-05-21T18:36:07Z,141.57557999999997,40.81486999999999,bird_051,K17B45,14,2017,30716.07456755351,12,2017_bird_051_12_trip
2017-05-21T18:37:07Z,141.5726,40.80661,bird_051,K17B45,14,2017,29788.17413333745,12,2017_bird_051_12_trip
2017-05-21T18:38:06Z,141.57143000000002,40.79832000000001,bird_051,K17B45,14,2017,28864.25701037226,12,2017_bird_051_12_trip
2017-05-21T18:39:08Z,141.57193,40.79043000000001,bird_051,K17B45,14,2017,27990.61552741726,12,2017_bird_051_12_trip
2017-05-21T18:40:07Z,141.56921,40.78255000000001,bird_051,K17B45,14,2017,27107.089756892423,12,2017_bird_051_12_trip
2017-05-21T18:41:08Z,141.56565999999998,40.7743,bird_051,K17B45,14,2017,26182.021633640197,12,2017_bird_051_12_trip
2017-05-21T18:42:07Z,141.56212000000002,40.76652000000001,bird_051,K17B45,14,2017,25312.071941171263,12,2017_bird_051_12_trip
2017-05-21T18:43:07Z,141.55844000000005,40.75886,bird_051,K17B45,14,2017,24458.653617092437,12,2017_bird_051_12_trip
2017-05-21T18:44:07Z,141.55515,40.7512,bird_051,K17B45,14,2017,23608.826345841502,12,2017_bird_051_12_trip
2017-05-21T18:45:07Z,141.55232000000004,40.74345,bird_051,K17B45,14,2017,22751.67401814137,12,2017_bird_051_12_trip
2017-05-21T18:46:07Z,141.54960999999997,40.73571000000001,bird_051,K17B45,14,2017,21898.208194860108,12,2017_bird_051_12_trip
2017-05-21T18:47:07Z,141.54841000000002,40.727700000000006,bird_051,K17B45,14,2017,21012.66388110008,12,2017_bird_051_12_trip
2017-05-21T18:48:07Z,141.54757999999998,40.719750000000005,bird_051,K17B45,14,2017,20133.29641324351,12,2017_bird_051_12_trip
2017-05-21T18:49:07Z,141.54649,40.712,bird_051,K17B45,14,2017,19277.74928970698,12,2017_bird_051_12_trip
2017-05-21T18:50:07Z,141.54525999999998,40.70407,bird_051,K17B45,14,2017,18403.85046315637,12,2017_bird_051_12_trip
2017-05-21T18:51:07Z,141.54379999999998,40.696070000000006,bird_051,K17B45,14,2017,17524.773940865718,12,2017_bird_051_12_trip
2017-05-21T18:52:07Z,141.54301999999998,40.688030000000005,bird_051,K17B45,14,2017,16638.81043457133,12,2017_bird_051_12_trip
2017-05-21T18:53:07Z,141.54149,40.67988,bird_051,K17B45,14,2017,15747.096890018149,12,2017_bird_051_12_trip
2017-05-21T18:54:08Z,141.53904,40.67157,bird_051,K17B45,14,2017,14848.487016414983,12,2017_bird_051_12_trip
2017-05-21T18:55:08Z,141.53646,40.663430000000005,bird_051,K17B45,14,2017,13976.253013916234,12,2017_bird_051_12_trip
2017-05-21T18:56:08Z,141.53435,40.655170000000005,bird_051,K17B45,14,2017,13092.752035316424,12,2017_bird_051_12_trip
2017-05-21T18:57:08Z,141.53357999999997,40.6466,bird_051,K17B45,14,2017,12163.483330890642,12,2017_bird_051_12_trip
2017-05-21T18:58:08Z,141.53281,40.63833000000001,bird_051,K17B45,14,2017,11271.076571901856,12,2017_bird_051_12_trip
2017-05-21T18:59:08Z,141.53259,40.62970000000001,bird_051,K17B45,14,2017,10334.874604946268,12,2017_bird_051_12_trip
2017-05-21T19:00:07Z,141.53204000000002,40.621300000000005,bird_051,K17B45,14,2017,9434.41650852531,12,2017_bird_051_12_trip
2017-05-21T19:01:08Z,141.53248000000002,40.612350000000006,bird_051,K17B45,14,2017,8460.719173852303,12,2017_bird_051_12_trip
2017-05-21T19:02:07Z,141.53323,40.60356,bird_051,K17B45,14,2017,7502.303410840003,12,2017_bird_051_12_trip
2017-05-21T19:03:07Z,141.53389,40.59472,bird_051,K17B45,14,2017,6546.771839092139,12,2017_bird_051_12_trip
2017-05-21T19:04:08Z,141.53442,40.58569,bird_051,K17B45,14,2017,5584.926707491661,12,2017_bird_051_12_trip
2017-05-21T19:05:07Z,141.53617,40.57756,bird_051,K17B45,14,2017,4691.093018077294,12,2017_bird_051_12_trip
2017-05-21T19:06:07Z,141.53586,40.56918,bird_051,K17B45,14,2017,3862.405526249386,12,2017_bird_051_12_trip
2017-05-21T19:07:08Z,141.5364,40.56176,bird_051,K17B45,14,2017,3136.2821987950742,12,2017_bird_051_12_trip
2017-05-21T19:08:07Z,141.53749000000002,40.55465999999999,bird_051,K17B45,14,2017,2465.9299056205123,12,2017_bird_051_12_trip
2017-05-21T19:09:07Z,141.54425999999998,40.54969,bird_051,K17B45,14,2017,1671.0783733640671,12,2017_bird_051_12_trip
2017-05-18T22:26:06Z,141.56975999999997,40.54958,bird_045,K17C13,15,2017,1595.4687394240964,3,2017_bird_045_3_trip
2017-05-18T22:27:07Z,141.57734000000002,40.55269,bird_045,K17C13,15,2017,2289.369190284478,3,2017_bird_045_3_trip
2017-05-18T22:28:06Z,141.58195,40.55694,bird_045,K17C13,15,2017,2897.959167552413,3,2017_bird_045_3_trip
2017-05-18T22:29:06Z,141.58704000000003,40.56157,bird_045,K17C13,15,2017,3566.4916706728895,3,2017_bird_045_3_trip
2017-05-18T22:30:06Z,141.59283000000002,40.566370000000006,bird_045,K17C13,15,2017,4290.460512696754,3,2017_bird_045_3_trip
2017-05-18T22:31:06Z,141.5992,40.5706,bird_045,K17C13,15,2017,5003.5148796747035,3,2017_bird_045_3_trip
2017-05-18T22:32:06Z,141.60472,40.57549,bird_045,K17C13,15,2017,5718.420093083315,3,2017_bird_045_3_trip
2017-05-18T22:33:05Z,141.60980999999998,40.58009,bird_045,K17C13,15,2017,6385.202852986254,3,2017_bird_045_3_trip
2017-05-18T22:34:06Z,141.61549999999997,40.58563,bird_045,K17C13,15,2017,7163.026014481778,3,2017_bird_045_3_trip
2017-05-18T22:35:06Z,141.62188,40.590810000000005,bird_045,K17C13,15,2017,7952.072100253682,3,2017_bird_045_3_trip
2017-05-18T22:36:06Z,141.628,40.59628,bird_045,K17C13,15,2017,8749.568851934968,3,2017_bird_045_3_trip
2017-05-18T22:37:06Z,141.6349,40.60123,bird_045,K17C13,15,2017,9550.012556536069,3,2017_bird_045_3_trip
2017-05-18T22:38:06Z,141.64028,40.60729,bird_045,K17C13,15,2017,10352.875580947291,3,2017_bird_045_3_trip
2017-05-18T22:39:06Z,141.64566999999997,40.61238,bird_045,K17C13,15,2017,11077.811763443538,3,2017_bird_045_3_trip
2017-05-18T22:40:05Z,141.65156,40.61712,bird_045,K17C13,15,2017,11802.592153250507,3,2017_bird_045_3_trip
2017-05-18T22:41:06Z,141.65736,40.622800000000005,bird_045,K17C13,15,2017,12599.44570642877,3,2017_bird_045_3_trip
2017-05-18T22:42:05Z,141.6629,40.628780000000006,bird_045,K17C13,15,2017,13406.722703042373,3,2017_bird_045_3_trip
2017-05-18T22:43:05Z,141.66868,40.63461,bird_045,K17C13,15,2017,14215.53099764845,3,2017_bird_045_3_trip
2017-05-18T22:44:06Z,141.67478999999997,40.64039,bird_045,K17C13,15,2017,15038.816867999718,3,2017_bird_045_3_trip
2017-05-18T22:45:06Z,141.68077,40.64664,bird_045,K17C13,15,2017,15894.24929653907,3,2017_bird_045_3_trip
2017-05-18T22:46:06Z,141.68693000000002,40.65227,bird_045,K17C13,15,2017,16707.901228850642,3,2017_bird_045_3_trip
2017-05-18T22:47:05Z,141.69087,40.65905,bird_045,K17C13,15,2017,17496.49390184536,3,2017_bird_045_3_trip
2017-05-18T22:48:05Z,141.69618,40.66418,bird_045,K17C13,15,2017,18221.462243075865,3,2017_bird_045_3_trip
2017-05-18T22:49:06Z,141.7004,40.66942,bird_045,K17C13,15,2017,18896.654888382054,3,2017_bird_045_3_trip
2017-05-18T22:50:05Z,141.70538,40.67455,bird_045,K17C13,15,2017,19603.89032241068,3,2017_bird_045_3_trip
2017-05-18T22:51:06Z,141.71024999999997,40.68006,bird_045,K17C13,15,2017,20337.81097144946,3,2017_bird_045_3_trip
2017-05-18T22:52:06Z,141.71356999999995,40.68645,bird_045,K17C13,15,2017,21065.24160209097,3,2017_bird_045_3_trip
2017-05-18T22:53:05Z,141.71817,40.69173000000001,bird_045,K17C13,15,2017,21765.879239010177,3,2017_bird_045_3_trip
2017-05-18T22:54:06Z,141.7217,40.698240000000006,bird_045,K17C13,15,2017,22517.753912308737,3,2017_bird_045_3_trip
2017-05-18T22:55:06Z,141.72588,40.70383,bird_045,K17C13,15,2017,23224.42042918413,3,2017_bird_045_3_trip
2017-05-18T22:56:06Z,141.72942,40.71031000000001,bird_045,K17C13,15,2017,23976.995871172407,3,2017_bird_045_3_trip
2017-05-18T22:57:05Z,141.73304999999996,40.71369,bird_045,K17C13,15,2017,24461.47813080796,3,2017_bird_045_3_trip
2017-05-18T22:58:06Z,141.73807,40.71862,bird_045,K17C13,15,2017,25154.02497555694,3,2017_bird_045_3_trip
2017-05-18T22:59:06Z,141.74188999999998,40.724140000000006,bird_045,K17C13,15,2017,25837.214560613043,3,2017_bird_045_3_trip
2017-05-18T23:00:06Z,141.74949999999995,40.72612000000001,bird_045,K17C13,15,2017,26403.64741616032,3,2017_bird_045_3_trip
2017-05-18T23:01:06Z,141.75364,40.73146,bird_045,K17C13,15,2017,27086.400157906417,3,2017_bird_045_3_trip
2017-05-18T23:02:07Z,141.75842000000003,40.73629,bird_045,K17C13,15,2017,27757.68978745376,3,2017_bird_045_3_trip
2017-05-18T23:03:07Z,141.76236,40.74146,bird_045,K17C13,15,2017,28415.446059674978,3,2017_bird_045_3_trip
2017-05-18T23:04:06Z,141.76686999999998,40.74658,bird_045,K17C13,15,2017,29098.3470799642,3,2017_bird_045_3_trip
2017-05-18T23:05:06Z,141.77263,40.75056,bird_045,K17C13,15,2017,29745.432426162704,3,2017_bird_045_3_trip
2017-05-18T23:06:07Z,141.77534999999995,40.75607,bird_045,K17C13,15,2017,30370.425689565236,3,2017_bird_045_3_trip
2017-05-18T23:07:08Z,141.77948999999998,40.76048,bird_045,K17C13,15,2017,30971.80901306438,3,2017_bird_045_3_trip
2017-05-18T23:08:33Z,141.78456999999997,40.76655000000001,bird_045,K17C13,15,2017,31767.93053150355,3,2017_bird_045_3_trip
2017-05-18T23:09:05Z,141.78751,40.76914000000001,bird_045,K17C13,15,2017,32147.131670363335,3,2017_bird_045_3_trip
2017-05-18T23:10:05Z,141.79389999999998,40.77263000000001,bird_045,K17C13,15,2017,32782.9053564079,3,2017_bird_045_3_trip
2017-05-18T23:11:06Z,141.80040000000002,40.77644,bird_045,K17C13,15,2017,33453.51488956877,3,2017_bird_045_3_trip
2017-05-18T23:12:05Z,141.80165,40.77673000000001,bird_045,K17C13,15,2017,33543.855731493146,3,2017_bird_045_3_trip
2017-05-18T23:13:06Z,141.80164000000002,40.7768,bird_045,K17C13,15,2017,33549.4571070434,3,2017_bird_045_3_trip
2017-05-18T23:14:06Z,141.80168,40.77718,bird_045,K17C13,15,2017,33584.78004549776,3,2017_bird_045_3_trip
2017-05-18T23:15:05Z,141.80255,40.77789,bird_045,K17C13,15,2017,33692.128807364104,3,2017_bird_045_3_trip
2017-05-18T23:16:05Z,141.80256,40.77804,bird_045,K17C13,15,2017,33705.7729657764,3,2017_bird_045_3_trip
2017-05-18T23:17:06Z,141.80256,40.77826,bird_045,K17C13,15,2017,33725.02745003641,3,2017_bird_045_3_trip
2017-05-18T23:18:06Z,141.80257,40.77841000000001,bird_045,K17C13,15,2017,33738.67860805912,3,2017_bird_045_3_trip
2017-05-18T23:19:07Z,141.80276,40.77845000000001,bird_045,K17C13,15,2017,33752.04828598163,3,2017_bird_045_3_trip
2017-05-18T23:20:05Z,141.80789,40.78012,bird_045,K17C13,15,2017,34165.473532057884,3,2017_bird_045_3_trip
2017-05-18T23:21:06Z,141.81614000000002,40.78210000000001,bird_045,K17C13,15,2017,34772.52317391012,3,2017_bird_045_3_trip
2017-05-18T23:22:07Z,141.82437000000002,40.78497,bird_045,K17C13,15,2017,35459.27912130234,3,2017_bird_045_3_trip
2017-05-18T23:23:05Z,141.83199000000002,40.78801000000001,bird_045,K17C13,15,2017,36130.449349756535,3,2017_bird_045_3_trip
2017-05-18T23:24:05Z,141.84046,40.79046,bird_045,K17C13,15,2017,36800.58297582418,3,2017_bird_045_3_trip
2017-05-18T23:25:05Z,141.84892000000002,40.79277000000001,bird_045,K17C13,15,2017,37462.11016323483,3,2017_bird_045_3_trip
2017-05-18T23:26:06Z,141.85782000000003,40.79371000000001,bird_045,K17C13,15,2017,38038.75712818392,3,2017_bird_045_3_trip
2017-05-18T23:27:05Z,141.86646000000002,40.79498,bird_045,K17C13,15,2017,38633.80541877031,3,2017_bird_045_3_trip
2017-05-18T23:28:05Z,141.87498,40.79690000000001,bird_045,K17C13,15,2017,39279.568182755065,3,2017_bird_045_3_trip
2017-05-18T23:29:04Z,141.88250000000002,40.800079999999994,bird_045,K17C13,15,2017,39972.03612506122,3,2017_bird_045_3_trip
2017-05-18T23:30:06Z,141.88858000000002,40.80452,bird_045,K17C13,15,2017,40682.888672250985,3,2017_bird_045_3_trip
2017-05-18T23:31:04Z,141.89673000000002,40.80612,bird_045,K17C13,15,2017,41287.35041330113,3,2017_bird_045_3_trip
2017-05-18T23:32:05Z,141.90602,40.80573,bird_045,K17C13,15,2017,41805.979638741774,3,2017_bird_045_3_trip
2017-05-18T23:33:05Z,141.91495999999998,40.8054,bird_045,K17C13,15,2017,42316.398464629085,3,2017_bird_045_3_trip
2017-05-18T23:34:05Z,141.92363,40.80619,bird_045,K17C13,15,2017,42903.46803308071,3,2017_bird_045_3_trip
2017-05-18T23:35:06Z,141.92612000000003,40.80683,bird_045,K17C13,15,2017,43104.54896153296,3,2017_bird_045_3_trip
2017-05-18T23:36:05Z,141.93040000000002,40.81079999999999,bird_045,K17C13,15,2017,43670.14865738013,3,2017_bird_045_3_trip
2017-05-18T23:37:05Z,141.93344000000002,40.81209,bird_045,K17C13,15,2017,43954.65043533301,3,2017_bird_045_3_trip
2017-05-18T23:38:07Z,141.94117,40.8125,bird_045,K17C13,15,2017,44460.465103465125,3,2017_bird_045_3_trip
2017-05-18T23:39:05Z,141.94798,40.810199999999995,bird_045,K17C13,15,2017,44709.87317359161,3,2017_bird_045_3_trip
2017-05-18T23:40:06Z,141.95587,40.80998,bird_045,K17C13,15,2017,45188.30407066549,3,2017_bird_045_3_trip
2017-05-18T23:41:05Z,141.96334000000002,40.81013,bird_045,K17C13,15,2017,45671.83402033231,3,2017_bird_045_3_trip
2017-05-18T23:42:06Z,141.97065999999998,40.81201,bird_045,K17C13,15,2017,46274.82385207509,3,2017_bird_045_3_trip
2017-05-18T23:43:06Z,141.97719,40.81517,bird_045,K17C13,15,2017,46921.17349105524,3,2017_bird_045_3_trip
2017-05-18T23:44:05Z,141.98287000000002,40.81621,bird_045,K17C13,15,2017,47360.152002232055,3,2017_bird_045_3_trip
2017-05-18T23:45:05Z,141.98905,40.819469999999995,bird_045,K17C13,15,2017,47991.80670583754,3,2017_bird_045_3_trip
2017-05-18T23:46:05Z,141.99606,40.8217,bird_045,K17C13,15,2017,48603.09402808163,3,2017_bird_045_3_trip
2017-05-18T23:47:06Z,142.00255,40.82404,bird_045,K17C13,15,2017,49189.35804947911,3,2017_bird_045_3_trip
2017-05-18T23:48:04Z,142.00607,40.828390000000006,bird_045,K17C13,15,2017,49727.57189832061,3,2017_bird_045_3_trip
2017-05-18T23:49:05Z,142.01397999999998,40.828520000000005,bird_045,K17C13,15,2017,50248.445508084325,3,2017_bird_045_3_trip
2017-05-18T23:50:05Z,142.02140000000003,40.82925,bird_045,K17C13,15,2017,50782.955111369905,3,2017_bird_045_3_trip
2017-05-18T23:51:05Z,142.0293,40.828120000000006,bird_045,K17C13,15,2017,51221.717761804175,3,2017_bird_045_3_trip
2017-05-18T23:52:06Z,142.03726,40.82692,bird_045,K17C13,15,2017,51664.888710307416,3,2017_bird_045_3_trip
2017-05-18T23:53:05Z,142.04559999999998,40.82654,bird_045,K17C13,15,2017,52194.288145257,3,2017_bird_045_3_trip
2017-05-18T23:54:04Z,142.05353,40.82851000000001,bird_045,K17C13,15,2017,52858.21093743278,3,2017_bird_045_3_trip
2017-05-18T23:55:05Z,142.05881000000002,40.83022,bird_045,K17C13,15,2017,53327.587025442524,3,2017_bird_045_3_trip
2017-05-18T23:56:05Z,142.06479,40.83411,bird_045,K17C13,15,2017,53990.56877547063,3,2017_bird_045_3_trip
2017-05-18T23:57:04Z,142.07273,40.83441,bird_045,K17C13,15,2017,54545.05845460066,3,2017_bird_045_3_trip
2017-05-18T23:58:06Z,142.07977999999997,40.83229,bird_045,K17C13,15,2017,54882.32963684176,3,2017_bird_045_3_trip
2017-05-18T23:59:05Z,142.08610000000002,40.82966,bird_045,K17C13,15,2017,55141.94925802016,3,2017_bird_045_3_trip
2017-05-19T00:00:33Z,142.09387999999998,40.82627,bird_045,K17C13,15,2017,55459.39088204501,3,2017_bird_045_3_trip
2017-05-19T00:01:06Z,142.09636,40.82416,bird_045,K17C13,15,2017,55497.275497181094,3,2017_bird_045_3_trip
2017-05-19T00:02:06Z,142.10003,40.81985999999999,bird_045,K17C13,15,2017,55483.19432815235,3,2017_bird_045_3_trip
2017-05-19T00:03:15Z,142.10636,40.81543,bird_045,K17C13,15,2017,55654.35325394227,3,2017_bird_045_3_trip
2017-05-19T00:04:11Z,142.11249999999998,40.8124,bird_045,K17C13,15,2017,55904.99685508105,3,2017_bird_045_3_trip
2017-05-19T00:05:06Z,142.11639,40.80972,bird_045,K17C13,15,2017,56021.56972515895,3,2017_bird_045_3_trip
2017-05-19T00:06:07Z,142.12214000000003,40.80544,bird_045,K17C13,15,2017,56181.32238423693,3,2017_bird_045_3_trip
2017-05-19T00:07:06Z,142.12545,40.80037,bird_045,K17C13,15,2017,56127.19285760297,3,2017_bird_045_3_trip
2017-05-19T00:08:07Z,142.12644000000003,40.795480000000005,bird_045,K17C13,15,2017,55921.38464314662,3,2017_bird_045_3_trip
2017-05-19T00:09:05Z,142.12746,40.79064,bird_045,K17C13,15,2017,55725.21181859506,3,2017_bird_045_3_trip
2017-05-19T00:10:09Z,142.12791000000001,40.78551000000001,bird_045,K17C13,15,2017,55475.96524800841,3,2017_bird_045_3_trip
2017-05-19T00:11:12Z,142.13591,40.78372,bird_045,K17C13,15,2017,55968.69627787009,3,2017_bird_045_3_trip
2017-05-19T00:12:09Z,142.14311999999998,40.782610000000005,bird_045,K17C13,15,2017,56443.303041718646,3,2017_bird_045_3_trip
2017-05-19T00:13:09Z,142.15051,40.7813,bird_045,K17C13,15,2017,56923.72022821732,3,2017_bird_045_3_trip
2017-05-19T00:14:05Z,142.15815,40.78165,bird_045,K17C13,15,2017,57511.72663421698,3,2017_bird_045_3_trip
2017-05-19T00:15:12Z,142.16407999999998,40.782430000000005,bird_045,K17C13,15,2017,57995.15106136223,3,2017_bird_045_3_trip
2017-05-19T00:16:05Z,142.16407999999998,40.78233000000001,bird_045,K17C13,15,2017,57990.00131375946,3,2017_bird_045_3_trip
2017-05-19T00:17:06Z,142.16418,40.78192,bird_045,K17C13,15,2017,57976.38667473369,3,2017_bird_045_3_trip
2017-05-19T00:18:18Z,142.16428,40.78165,bird_045,K17C13,15,2017,57969.994971807275,3,2017_bird_045_3_trip
2017-05-19T00:19:12Z,142.1644,40.781479999999995,bird_045,K17C13,15,2017,57970.24832179011,3,2017_bird_045_3_trip
2017-05-19T00:20:19Z,142.16438,40.78122,bird_045,K17C13,15,2017,57955.411893524055,3,2017_bird_045_3_trip
2017-05-19T00:21:12Z,142.16455999999997,40.78102,bird_045,K17C13,15,2017,57958.63849283024,3,2017_bird_045_3_trip
2017-05-19T00:22:12Z,142.16463,40.78068,bird_045,K17C13,15,2017,57946.47137734823,3,2017_bird_045_3_trip
2017-05-19T00:23:07Z,142.16458999999998,40.78062,bird_045,K17C13,15,2017,57940.404354179576,3,2017_bird_045_3_trip
2017-05-19T00:24:10Z,142.16491,40.78022,bird_045,K17C13,15,2017,57943.93420193506,3,2017_bird_045_3_trip
2017-05-19T00:25:33Z,142.16502,40.77989,bird_045,K17C13,15,2017,57935.33445088349,3,2017_bird_045_3_trip
2017-05-19T00:26:04Z,142.16495999999998,40.77967,bird_045,K17C13,15,2017,57919.61513725303,3,2017_bird_045_3_trip
2017-05-19T00:27:04Z,142.16532,40.779340000000005,bird_045,K17C13,15,2017,57929.80631921395,3,2017_bird_045_3_trip
2017-05-19T00:28:06Z,142.1651,40.77908,bird_045,K17C13,15,2017,57900.068342070925,3,2017_bird_045_3_trip
2017-05-19T00:29:06Z,142.16537,40.77906,bird_045,K17C13,15,2017,57919.31175201406,3,2017_bird_045_3_trip
2017-05-19T00:30:06Z,142.16542,40.77864,bird_045,K17C13,15,2017,57901.721439423825,3,2017_bird_045_3_trip
2017-05-19T00:31:05Z,142.16928,40.77884,bird_045,K17C13,15,2017,58201.80642359195,3,2017_bird_045_3_trip
2017-05-19T00:32:07Z,142.17635,40.77917000000001,bird_045,K17C13,15,2017,58750.36819909045,3,2017_bird_045_3_trip
2017-05-19T00:33:06Z,142.18372,40.77935000000001,bird_045,K17C13,15,2017,59315.08747470004,3,2017_bird_045_3_trip
2017-05-19T00:34:07Z,142.19148,40.77882,bird_045,K17C13,15,2017,59875.56667234501,3,2017_bird_045_3_trip
2017-05-19T00:35:06Z,142.19904999999997,40.77935000000001,bird_045,K17C13,15,2017,60475.17276183569,3,2017_bird_045_3_trip
2017-05-19T00:36:07Z,142.20549999999997,40.776990000000005,bird_045,K17C13,15,2017,60851.31589769571,3,2017_bird_045_3_trip
2017-05-19T00:37:05Z,142.21243,40.775360000000006,bird_045,K17C13,15,2017,61302.30257332201,3,2017_bird_045_3_trip
2017-05-19T00:38:06Z,142.21952999999996,40.77345,bird_045,K17C13,15,2017,61756.11218550229,3,2017_bird_045_3_trip
2017-05-19T00:39:06Z,142.21674,40.77008,bird_045,K17C13,15,2017,61385.9407052641,3,2017_bird_045_3_trip
2017-05-19T00:40:04Z,142.21242,40.7679,bird_045,K17C13,15,2017,60953.64755755509,3,2017_bird_045_3_trip
2017-05-19T00:41:04Z,142.20729,40.766490000000005,bird_045,K17C13,15,2017,60494.58293096512,3,2017_bird_045_3_trip
2017-05-19T00:42:05Z,142.20254,40.76498,bird_045,K17C13,15,2017,60060.10779075061,3,2017_bird_045_3_trip
2017-05-19T00:43:05Z,142.19824000000003,40.76257000000001,bird_045,K17C13,15,2017,59618.76122707057,3,2017_bird_045_3_trip
2017-05-19T00:44:04Z,142.19764,40.76285000000001,bird_045,K17C13,15,2017,59585.52984210599,3,2017_bird_045_3_trip
2017-05-19T00:45:05Z,142.19749000000002,40.762310000000014,bird_045,K17C13,15,2017,59549.162416748026,3,2017_bird_045_3_trip
2017-05-19T00:46:08Z,142.19758,40.76218000000001,bird_045,K17C13,15,2017,59550.10816970411,3,2017_bird_045_3_trip
2017-05-19T00:47:06Z,142.19755999999998,40.76196,bird_045,K17C13,15,2017,59538.46997690876,3,2017_bird_045_3_trip
2017-05-19T00:48:08Z,142.19786,40.761770000000006,bird_045,K17C13,15,2017,59552.82450744373,3,2017_bird_045_3_trip
2017-05-19T00:49:07Z,142.19772,40.76154,bird_045,K17C13,15,2017,59531.51656686757,3,2017_bird_045_3_trip
2017-05-19T00:50:07Z,142.19765999999998,40.76127,bird_045,K17C13,15,2017,59514.5377360616,3,2017_bird_045_3_trip
2017-05-19T00:51:06Z,142.19782,40.76104,bird_045,K17C13,15,2017,59516.327263404775,3,2017_bird_045_3_trip
2017-05-19T00:52:08Z,142.19779,40.760850000000005,bird_045,K17C13,15,2017,59505.33484710633,3,2017_bird_045_3_trip
2017-05-19T00:53:06Z,142.19783,40.76062,bird_045,K17C13,15,2017,59497.91005668103,3,2017_bird_045_3_trip
2017-05-19T00:54:07Z,142.19774999999998,40.76019000000001,bird_045,K17C13,15,2017,59472.13794425078,3,2017_bird_045_3_trip
2017-05-19T00:55:06Z,142.19774,40.760070000000006,bird_045,K17C13,15,2017,59465.89985337245,3,2017_bird_045_3_trip
2017-05-19T00:56:05Z,142.198,40.75994,bird_045,K17C13,15,2017,59480.00340642888,3,2017_bird_045_3_trip
2017-05-19T00:57:07Z,142.19463,40.7591,bird_045,K17C13,15,2017,59182.21724687507,3,2017_bird_045_3_trip
2017-05-19T00:58:12Z,142.18954,40.75908,bird_045,K17C13,15,2017,58789.63315241167,3,2017_bird_045_3_trip
2017-05-19T00:59:08Z,142.18452,40.7586,bird_045,K17C13,15,2017,58381.730533441914,3,2017_bird_045_3_trip
2017-05-19T01:00:08Z,142.17928999999998,40.75743,bird_045,K17C13,15,2017,57926.057093078176,3,2017_bird_045_3_trip
2017-05-19T01:01:07Z,142.17385999999996,40.75571000000001,bird_045,K17C13,15,2017,57429.635921262015,3,2017_bird_045_3_trip
2017-05-19T01:02:06Z,142.16809,40.75585,bird_045,K17C13,15,2017,56993.58397477818,3,2017_bird_045_3_trip
2017-05-19T01:03:07Z,142.16235,40.75516,bird_045,K17C13,15,2017,56521.69298359554,3,2017_bird_045_3_trip
2017-05-19T01:04:06Z,142.1567,40.755590000000005,bird_045,K17C13,15,2017,56109.92559113288,3,2017_bird_045_3_trip
2017-05-19T01:05:06Z,142.15114000000003,40.75732,bird_045,K17C13,15,2017,55768.40086262311,3,2017_bird_045_3_trip
2017-05-19T01:06:05Z,142.14526999999998,40.75844,bird_045,K17C13,15,2017,55376.23447667434,3,2017_bird_045_3_trip
2017-05-19T01:07:05Z,142.14022,40.760070000000006,bird_045,K17C13,15,2017,55073.22490653027,3,2017_bird_045_3_trip
2017-05-19T01:08:06Z,142.13394,40.76042,bird_045,K17C13,15,2017,54615.88827296282,3,2017_bird_045_3_trip
2017-05-19T01:09:05Z,142.12846000000002,40.75994,bird_045,K17C13,15,2017,54178.566628501925,3,2017_bird_045_3_trip
2017-05-19T01:10:05Z,142.12256,40.75992,bird_045,K17C13,15,2017,53733.32276021134,3,2017_bird_045_3_trip
2017-05-19T01:11:06Z,142.11684999999997,40.76006,bird_045,K17C13,15,2017,53311.43481791278,3,2017_bird_045_3_trip
2017-05-19T01:12:05Z,142.11096999999998,40.760760000000005,bird_045,K17C13,15,2017,52906.66564034081,3,2017_bird_045_3_trip
2017-05-19T01:13:05Z,142.10488999999998,40.76192,bird_045,K17C13,15,2017,52512.6561711094,3,2017_bird_045_3_trip
2017-05-19T01:14:08Z,142.09837000000002,40.76291000000001,bird_045,K17C13,15,2017,52079.41631008731,3,2017_bird_045_3_trip
2017-05-19T01:15:05Z,142.09247000000002,40.76393000000001,bird_045,K17C13,15,2017,51696.163169488646,3,2017_bird_045_3_trip
2017-05-19T01:16:05Z,142.08626,40.76409,bird_045,K17C13,15,2017,51245.8265910219,3,2017_bird_045_3_trip
2017-05-19T01:17:06Z,142.08083000000002,40.76351000000001,bird_045,K17C13,15,2017,50814.10534920828,3,2017_bird_045_3_trip
2017-05-19T01:18:05Z,142.07487999999998,40.763360000000006,bird_045,K17C13,15,2017,50368.244593539006,3,2017_bird_045_3_trip
2017-05-19T01:19:06Z,142.06864000000002,40.76348,bird_045,K17C13,15,2017,49917.14968450926,3,2017_bird_045_3_trip
2017-05-19T01:20:06Z,142.06243000000003,40.76447,bird_045,K17C13,15,2017,49518.39225113921,3,2017_bird_045_3_trip
2017-05-19T01:21:05Z,142.05620000000002,40.7648,bird_045,K17C13,15,2017,49083.45233819572,3,2017_bird_045_3_trip
2017-05-19T01:22:05Z,142.05002000000002,40.765980000000006,bird_045,K17C13,15,2017,48702.625055101395,3,2017_bird_045_3_trip
2017-05-19T01:23:04Z,142.04379999999998,40.76743,bird_045,K17C13,15,2017,48337.62659216844,3,2017_bird_045_3_trip
2017-05-19T01:24:04Z,142.03743000000003,40.769180000000006,bird_045,K17C13,15,2017,47983.13807152159,3,2017_bird_045_3_trip
2017-05-19T01:25:04Z,142.03137,40.77045,bird_045,K17C13,15,2017,47626.247834021015,3,2017_bird_045_3_trip
2017-05-19T01:26:05Z,142.02473,40.77108,bird_045,K17C13,15,2017,47192.86425878389,3,2017_bird_045_3_trip
2017-05-19T01:27:05Z,142.01844000000003,40.77214000000001,bird_045,K17C13,15,2017,46813.30718207252,3,2017_bird_045_3_trip
2017-05-19T01:28:05Z,142.01206,40.77413000000001,bird_045,K17C13,15,2017,46488.556250446454,3,2017_bird_045_3_trip
2017-05-19T01:29:06Z,142.00581,40.77649,bird_045,K17C13,15,2017,46201.32966261845,3,2017_bird_045_3_trip
2017-05-19T01:30:04Z,141.99982,40.7794,bird_045,K17C13,15,2017,45973.18742311444,3,2017_bird_045_3_trip
2017-05-19T01:31:05Z,141.99357999999998,40.78312,bird_045,K17C13,15,2017,45787.89440830695,3,2017_bird_045_3_trip
2017-05-19T01:32:04Z,141.98787000000002,40.78664,bird_045,K17C13,15,2017,45634.09321987352,3,2017_bird_045_3_trip
2017-05-19T01:33:04Z,141.98272000000003,40.791340000000005,bird_045,K17C13,15,2017,45605.95202894142,3,2017_bird_045_3_trip
2017-05-19T01:34:04Z,141.97682,40.79482,bird_045,K17C13,15,2017,45453.9221411104,3,2017_bird_045_3_trip
2017-05-19T01:35:05Z,141.97194000000002,40.79964,bird_045,K17C13,15,2017,45471.21371894303,3,2017_bird_045_3_trip
2017-05-19T01:36:04Z,141.96684000000002,40.80423999999999,bird_045,K17C13,15,2017,45468.62267824726,3,2017_bird_045_3_trip
2017-05-19T01:37:04Z,141.96178,40.80855,bird_045,K17C13,15,2017,45457.258250453946,3,2017_bird_045_3_trip
2017-05-19T01:38:04Z,141.95658,40.81285,bird_045,K17C13,15,2017,45445.47150450979,3,2017_bird_045_3_trip
2017-05-19T01:39:05Z,141.95145000000002,40.81554,bird_045,K17C13,15,2017,45326.13001468251,3,2017_bird_045_3_trip
2017-05-19T01:40:05Z,141.94637,40.819939999999995,bird_045,K17C13,15,2017,45346.02119274975,3,2017_bird_045_3_trip
2017-05-19T01:41:06Z,141.94185,40.825320000000005,bird_045,K17C13,15,2017,45485.06834112247,3,2017_bird_045_3_trip
2017-05-19T01:42:04Z,141.93698,40.82987,bird_045,K17C13,15,2017,45548.59405711135,3,2017_bird_045_3_trip
2017-05-19T01:43:05Z,141.93146000000002,40.833859999999994,bird_045,K17C13,15,2017,45538.56859093447,3,2017_bird_045_3_trip
2017-05-19T01:44:05Z,141.92518,40.83715,bird_045,K17C13,15,2017,45437.13447555097,3,2017_bird_045_3_trip
2017-05-19T01:45:05Z,141.92229000000003,40.84204,bird_045,K17C13,15,2017,45668.84439534821,3,2017_bird_045_3_trip
2017-05-19T01:46:05Z,141.92183000000003,40.84826,bird_045,K17C13,15,2017,46153.9387663123,3,2017_bird_045_3_trip
2017-05-19T01:47:05Z,141.92052,40.85437,bird_045,K17C13,15,2017,46587.75404226704,3,2017_bird_045_3_trip
2017-05-19T01:48:04Z,141.91913,40.86024,bird_045,K17C13,15,2017,47003.01843371571,3,2017_bird_045_3_trip
2017-05-19T01:49:04Z,141.91634000000002,40.86523,bird_045,K17C13,15,2017,47273.17094293569,3,2017_bird_045_3_trip
2017-05-19T01:50:04Z,141.9128,40.87018,bird_045,K17C13,15,2017,47505.93020196085,3,2017_bird_045_3_trip
2017-05-19T01:51:04Z,141.91011,40.87546,bird_045,K17C13,15,2017,47819.14358764695,3,2017_bird_045_3_trip
2017-05-19T01:52:04Z,141.90643000000003,40.88001,bird_045,K17C13,15,2017,48023.3050650796,3,2017_bird_045_3_trip
2017-05-19T01:53:06Z,141.90162,40.88415,bird_045,K17C13,15,2017,48140.00473326878,3,2017_bird_045_3_trip
2017-05-19T01:54:06Z,141.89639000000005,40.88775999999999,bird_045,K17C13,15,2017,48195.89352074192,3,2017_bird_045_3_trip
2017-05-19T01:55:05Z,141.89093000000005,40.89143,bird_045,K17C13,15,2017,48253.17936276242,3,2017_bird_045_3_trip
2017-05-19T01:56:05Z,141.88645000000002,40.895700000000005,bird_045,K17C13,15,2017,48420.27436031187,3,2017_bird_045_3_trip
2017-05-19T01:57:05Z,141.88181000000003,40.90083,bird_045,K17C13,15,2017,48665.585991627966,3,2017_bird_045_3_trip
2017-05-19T01:58:06Z,141.87765,40.90602,bird_045,K17C13,15,2017,48947.41953715492,3,2017_bird_045_3_trip
2017-05-19T01:59:04Z,141.8733,40.91057,bird_045,K17C13,15,2017,49168.57435984578,3,2017_bird_045_3_trip
2017-05-19T02:00:04Z,141.86895,40.91594,bird_045,K17C13,15,2017,49473.6867103138,3,2017_bird_045_3_trip
2017-05-19T02:01:05Z,141.86619000000002,40.921679999999995,bird_045,K17C13,15,2017,49891.90821200249,3,2017_bird_045_3_trip
2017-05-19T02:02:05Z,141.86575,40.92182,bird_045,K17C13,15,2017,49885.744937307994,3,2017_bird_045_3_trip
2017-05-19T02:03:05Z,141.86549000000002,40.92323,bird_045,K17C13,15,2017,50007.81629564759,3,2017_bird_045_3_trip
2017-05-19T02:04:06Z,141.86202000000003,40.92576,bird_045,K17C13,15,2017,50096.64913220365,3,2017_bird_045_3_trip
2017-05-19T02:05:04Z,141.85788000000002,40.92998,bird_045,K17C13,15,2017,50321.81822491373,3,2017_bird_045_3_trip
2017-05-19T02:06:05Z,141.85245000000003,40.93301,bird_045,K17C13,15,2017,50384.13174590616,3,2017_bird_045_3_trip
2017-05-19T02:07:04Z,141.84897,40.93805,bird_045,K17C13,15,2017,50727.707581413626,3,2017_bird_045_3_trip
2017-05-19T02:08:05Z,141.84442,40.94311,bird_045,K17C13,15,2017,51035.80981191345,3,2017_bird_045_3_trip
2017-05-19T02:09:04Z,141.84156,40.94733,bird_045,K17C13,15,2017,51335.11386099973,3,2017_bird_045_3_trip
2017-05-19T02:10:05Z,141.83946,40.949279999999995,bird_045,K17C13,15,2017,51444.20259819604,3,2017_bird_045_3_trip
2017-05-19T02:11:05Z,141.83934000000002,40.94959,bird_045,K17C13,15,2017,51470.011775924446,3,2017_bird_045_3_trip
2017-05-19T02:12:06Z,141.83939,40.94987999999999,bird_045,K17C13,15,2017,51500.49834110639,3,2017_bird_045_3_trip
2017-05-19T02:13:06Z,141.83924000000002,40.94954,bird_045,K17C13,15,2017,51461.18787022026,3,2017_bird_045_3_trip
2017-05-19T02:14:06Z,141.83837000000003,40.95093,bird_045,K17C13,15,2017,51564.17388806666,3,2017_bird_045_3_trip
2017-05-19T02:15:04Z,141.83682000000002,40.95665,bird_045,K17C13,15,2017,52069.18107802633,3,2017_bird_045_3_trip
2017-05-19T02:16:06Z,141.83666,40.96321,bird_045,K17C13,15,2017,52713.16751717621,3,2017_bird_045_3_trip
2017-05-19T02:17:05Z,141.84074,40.96865,bird_045,K17C13,15,2017,53407.17760265258,3,2017_bird_045_3_trip
2017-05-19T02:18:06Z,141.84284000000002,40.97471,bird_045,K17C13,15,2017,54088.04287911246,3,2017_bird_045_3_trip
2017-05-19T02:19:05Z,141.84277,40.981069999999995,bird_045,K17C13,15,2017,54718.240027407075,3,2017_bird_045_3_trip
2017-05-19T02:20:05Z,141.83982,40.986889999999995,bird_045,K17C13,15,2017,55190.897531400195,3,2017_bird_045_3_trip
2017-05-19T02:21:06Z,141.83608,40.9918,bird_045,K17C13,15,2017,55548.453053819125,3,2017_bird_045_3_trip
2017-05-19T02:22:05Z,141.83282000000003,40.99737,bird_045,K17C13,15,2017,55994.29914470313,3,2017_bird_045_3_trip
2017-05-19T02:23:05Z,141.83416,41.00316,bird_045,K17C13,15,2017,56626.0888496347,3,2017_bird_045_3_trip
2017-05-19T02:24:05Z,141.84041000000002,41.0064,bird_045,K17C13,15,2017,57172.18190868267,3,2017_bird_045_3_trip
2017-05-19T02:25:05Z,141.84605,41.00677,bird_045,K17C13,15,2017,57409.83295357433,3,2017_bird_045_3_trip
2017-05-19T02:26:05Z,141.85200000000003,41.00634,bird_045,K17C13,15,2017,57581.65019426835,3,2017_bird_045_3_trip
2017-05-19T02:27:04Z,141.85864000000004,41.00611000000001,bird_045,K17C13,15,2017,57802.8956383048,3,2017_bird_045_3_trip
2017-05-19T02:28:04Z,141.86491,41.00515000000001,bird_045,K17C13,15,2017,57942.31406676424,3,2017_bird_045_3_trip
2017-05-19T02:29:05Z,141.87132000000005,41.00436,bird_045,K17C13,15,2017,58108.60016196567,3,2017_bird_045_3_trip
2017-05-19T02:30:05Z,141.87454999999997,41.0015,bird_045,K17C13,15,2017,57951.74687164725,3,2017_bird_045_3_trip
2017-05-19T02:31:06Z,141.87732000000003,40.9977,bird_045,K17C13,15,2017,57687.16869467042,3,2017_bird_045_3_trip
2017-05-19T02:32:05Z,141.87786,40.99469,bird_045,K17C13,15,2017,57413.708589232694,3,2017_bird_045_3_trip
2017-05-19T02:33:05Z,141.87732000000003,40.99112,bird_045,K17C13,15,2017,57043.026915706934,3,2017_bird_045_3_trip
2017-05-19T02:34:04Z,141.8792,40.98759,bird_045,K17C13,15,2017,56774.07712424265,3,2017_bird_045_3_trip
2017-05-19T02:35:05Z,141.88078000000002,40.98411,bird_045,K17C13,15,2017,56499.638410159605,3,2017_bird_045_3_trip
2017-05-19T02:36:05Z,141.88481000000002,40.98111,bird_045,K17C13,15,2017,56374.43453700733,3,2017_bird_045_3_trip
2017-05-19T02:37:06Z,141.88577,40.977290000000004,bird_045,K17C13,15,2017,56045.46670159412,3,2017_bird_045_3_trip
2017-05-19T02:38:04Z,141.88651000000002,40.97359,bird_045,K17C13,15,2017,55720.18487308796,3,2017_bird_045_3_trip
2017-05-19T02:39:05Z,141.88822000000005,40.97035,bird_045,K17C13,15,2017,55481.41325334484,3,2017_bird_045_3_trip
2017-05-19T02:40:05Z,141.88964000000001,40.96662,bird_045,K17C13,15,2017,55185.0783033189,3,2017_bird_045_3_trip
2017-05-19T02:41:06Z,141.88851000000005,40.96308,bird_045,K17C13,15,2017,54798.49814890134,3,2017_bird_045_3_trip
2017-05-19T02:42:05Z,141.88532000000004,40.96,bird_045,K17C13,15,2017,54367.2475911592,3,2017_bird_045_3_trip
2017-05-19T02:43:04Z,141.88558,40.956239999999994,bird_045,K17C13,15,2017,54019.91809855395,3,2017_bird_045_3_trip
2017-05-19T02:44:06Z,141.88534000000004,40.95218,bird_045,K17C13,15,2017,53623.296655328246,3,2017_bird_045_3_trip
2017-05-19T02:45:06Z,141.88671000000002,40.948330000000006,bird_045,K17C13,15,2017,53318.21336065849,3,2017_bird_045_3_trip
2017-05-19T02:46:05Z,141.88681000000005,40.94465,bird_045,K17C13,15,2017,52974.73363590209,3,2017_bird_045_3_trip
2017-05-19T02:47:05Z,141.88477,40.94073,bird_045,K17C13,15,2017,52514.24817805246,3,2017_bird_045_3_trip
2017-05-19T02:48:06Z,141.88183000000004,40.93714,bird_045,K17C13,15,2017,52044.94679380051,3,2017_bird_045_3_trip
2017-05-19T02:49:05Z,141.87964999999997,40.93373,bird_045,K17C13,15,2017,51626.416249207214,3,2017_bird_045_3_trip
2017-05-19T02:50:06Z,141.87693000000002,40.92976,bird_045,K17C13,15,2017,51131.08202162644,3,2017_bird_045_3_trip
2017-05-19T02:51:33Z,141.87394,40.92473,bird_045,K17C13,15,2017,50523.89734058501,3,2017_bird_045_3_trip
2017-05-19T02:52:05Z,141.87296,40.92269,bird_045,K17C13,15,2017,50288.086715198566,3,2017_bird_045_3_trip
2017-05-19T02:53:06Z,141.87171,40.91902,bird_045,K17C13,15,2017,49887.02167465359,3,2017_bird_045_3_trip
2017-05-19T02:54:06Z,141.87128,40.91538,bird_045,K17C13,15,2017,49526.12712187145,3,2017_bird_045_3_trip
2017-05-19T02:55:05Z,141.87045,40.911719999999995,bird_045,K17C13,15,2017,49145.880162025045,3,2017_bird_045_3_trip
2017-05-19T02:56:05Z,141.87046,40.90831000000001,bird_045,K17C13,15,2017,48827.86573028042,3,2017_bird_045_3_trip
2017-05-19T02:57:06Z,141.87017,40.90485,bird_045,K17C13,15,2017,48492.26479569945,3,2017_bird_045_3_trip
2017-05-19T02:58:06Z,141.87211000000002,40.90194,bird_045,K17C13,15,2017,48311.82324998524,3,2017_bird_045_3_trip
2017-05-19T02:59:06Z,141.87351999999998,40.89864,bird_045,K17C13,15,2017,48072.59811612048,3,2017_bird_045_3_trip
2017-05-19T03:00:08Z,141.87494,40.89498,bird_045,K17C13,15,2017,47802.69923099993,3,2017_bird_045_3_trip
2017-05-19T03:01:06Z,141.87564999999998,40.891279999999995,bird_045,K17C13,15,2017,47497.42928312157,3,2017_bird_045_3_trip
2017-05-19T03:02:05Z,141.87776,40.889219999999995,bird_045,K17C13,15,2017,47410.71857645176,3,2017_bird_045_3_trip
2017-05-19T03:03:06Z,141.87623000000002,40.88524,bird_045,K17C13,15,2017,46974.66736268941,3,2017_bird_045_3_trip
2017-05-19T03:04:06Z,141.87565999999998,40.88127999999999,bird_045,K17C13,15,2017,46587.64481690743,3,2017_bird_045_3_trip
2017-05-19T03:05:35Z,141.87684000000002,40.87635,bird_045,K17C13,15,2017,46200.2691856002,3,2017_bird_045_3_trip
2017-05-19T03:06:04Z,141.87819000000002,40.87434,bird_045,K17C13,15,2017,46086.45686023937,3,2017_bird_045_3_trip
2017-05-19T03:07:05Z,141.88016000000002,40.87042,bird_045,K17C13,15,2017,45834.29898181741,3,2017_bird_045_3_trip
2017-05-19T03:08:04Z,141.88319,40.86705,bird_045,K17C13,15,2017,45688.15231878733,3,2017_bird_045_3_trip
2017-05-19T03:09:04Z,141.88558,40.863330000000005,bird_045,K17C13,15,2017,45482.3283162351,3,2017_bird_045_3_trip
2017-05-19T03:10:04Z,141.88877000000002,40.85993,bird_045,K17C13,15,2017,45349.89067960686,3,2017_bird_045_3_trip
2017-05-19T03:11:05Z,141.89054000000002,40.85574,bird_045,K17C13,15,2017,45078.47385216225,3,2017_bird_045_3_trip
2017-05-19T03:12:06Z,141.89165,40.85173999999999,bird_045,K17C13,15,2017,44791.912473574805,3,2017_bird_045_3_trip
2017-05-19T03:13:04Z,141.89314000000002,40.84804,bird_045,K17C13,15,2017,44554.24307339355,3,2017_bird_045_3_trip
2017-05-19T03:14:05Z,141.89506,40.84401999999999,bird_045,K17C13,15,2017,44315.68834558371,3,2017_bird_045_3_trip
2017-05-19T03:15:04Z,141.89654000000002,40.84045,bird_045,K17C13,15,2017,44094.69174403688,3,2017_bird_045_3_trip
2017-05-19T03:16:04Z,141.89767,40.83659,bird_045,K17C13,15,2017,43832.856115240735,3,2017_bird_045_3_trip
2017-05-19T03:17:05Z,141.89838000000003,40.83224,bird_045,K17C13,15,2017,43509.663342574546,3,2017_bird_045_3_trip
2017-05-19T03:18:05Z,141.90024000000005,40.828320000000005,bird_045,K17C13,15,2017,43289.99818107927,3,2017_bird_045_3_trip
2017-05-19T03:19:04Z,141.90092,40.82551000000001,bird_045,K17C13,15,2017,43097.69687251178,3,2017_bird_045_3_trip
2017-05-19T03:20:04Z,141.90163,40.82136,bird_045,K17C13,15,2017,42799.51115181444,3,2017_bird_045_3_trip
2017-05-19T03:21:05Z,141.90355999999997,40.81705999999999,bird_045,K17C13,15,2017,42563.030907194734,3,2017_bird_045_3_trip
2017-05-19T03:22:04Z,141.90666,40.81334,bird_045,K17C13,15,2017,42446.23166089187,3,2017_bird_045_3_trip
2017-05-19T03:23:05Z,141.91099,40.81005999999999,bird_045,K17C13,15,2017,42442.608522978226,3,2017_bird_045_3_trip
2017-05-19T03:24:04Z,141.91546,40.80741,bird_045,K17C13,15,2017,42502.73326420031,3,2017_bird_045_3_trip
2017-05-19T03:25:06Z,141.91968999999995,40.804399999999994,bird_045,K17C13,15,2017,42525.88558901417,3,2017_bird_045_3_trip
2017-05-19T03:26:04Z,141.92223000000004,40.80103999999999,bird_045,K17C13,15,2017,42424.138207961725,3,2017_bird_045_3_trip
2017-05-19T03:27:04Z,141.92335,40.79719000000001,bird_045,K17C13,15,2017,42201.59063662691,3,2017_bird_045_3_trip
2017-05-19T03:28:04Z,141.92484000000002,40.793670000000006,bird_045,K17C13,15,2017,42030.19344023179,3,2017_bird_045_3_trip
2017-05-19T03:29:05Z,141.92624000000004,40.78956,bird_045,K17C13,15,2017,41812.87197989691,3,2017_bird_045_3_trip
2017-05-19T03:30:04Z,141.92738000000003,40.78555000000001,bird_045,K17C13,15,2017,41590.538829925565,3,2017_bird_045_3_trip
2017-05-19T03:31:04Z,141.9295,40.78135,bird_045,K17C13,15,2017,41421.20508590656,3,2017_bird_045_3_trip
2017-05-19T03:32:05Z,141.93,40.77649,bird_045,K17C13,15,2017,41105.28677288654,3,2017_bird_045_3_trip
2017-05-19T03:33:06Z,141.92993,40.77215000000001,bird_045,K17C13,15,2017,40793.44893697423,3,2017_bird_045_3_trip
2017-05-19T03:34:04Z,141.93074,40.76812000000001,bird_045,K17C13,15,2017,40564.41536999846,3,2017_bird_045_3_trip
2017-05-19T03:35:05Z,141.92985,40.76350000000001,bird_045,K17C13,15,2017,40185.89890813406,3,2017_bird_045_3_trip
2017-05-19T03:36:04Z,141.93088,40.75986,bird_045,K17C13,15,2017,40005.340567286905,3,2017_bird_045_3_trip
2017-05-19T03:37:06Z,141.93184000000002,40.75606,bird_045,K17C13,15,2017,39812.80914288028,3,2017_bird_045_3_trip
2017-05-19T03:38:04Z,141.93155,40.75174,bird_045,K17C13,15,2017,39504.854764394615,3,2017_bird_045_3_trip
2017-05-19T03:39:05Z,141.93119000000002,40.747330000000005,bird_045,K17C13,15,2017,39189.696522505576,3,2017_bird_045_3_trip
2017-05-19T03:40:05Z,141.92999,40.74329,bird_045,K17C13,15,2017,38844.4515164305,3,2017_bird_045_3_trip
2017-05-19T03:41:04Z,141.92911,40.74041,bird_045,K17C13,15,2017,38598.10033048712,3,2017_bird_045_3_trip
2017-05-19T03:42:04Z,141.93329,40.73873000000001,bird_045,K17C13,15,2017,38779.65005793283,3,2017_bird_045_3_trip
2017-05-19T03:43:04Z,141.93952,40.73834000000001,bird_045,K17C13,15,2017,39188.255226081594,3,2017_bird_045_3_trip
2017-05-19T03:44:04Z,141.94507,40.737550000000006,bird_045,K17C13,15,2017,39527.264999153274,3,2017_bird_045_3_trip
2017-05-19T03:45:05Z,141.95014000000003,40.73653000000001,bird_045,K17C13,15,2017,39821.21354893665,3,2017_bird_045_3_trip
2017-05-19T03:46:06Z,141.95387,40.73349,bird_045,K17C13,15,2017,39901.24849824097,3,2017_bird_045_3_trip
2017-05-19T03:47:04Z,141.95774000000003,40.731300000000005,bird_045,K17C13,15,2017,40046.68545451335,3,2017_bird_045_3_trip
2017-05-19T03:48:05Z,141.96110000000002,40.72909000000001,bird_045,K17C13,15,2017,40157.90671869791,3,2017_bird_045_3_trip
2017-05-19T03:49:04Z,141.96644000000003,40.72744,bird_045,K17C13,15,2017,40447.68021704616,3,2017_bird_045_3_trip
2017-05-19T03:50:05Z,141.97247000000002,40.727450000000005,bird_045,K17C13,15,2017,40885.33007950279,3,2017_bird_045_3_trip
2017-05-19T03:51:05Z,141.97878,40.727250000000005,bird_045,K17C13,15,2017,41333.27933149273,3,2017_bird_045_3_trip
2017-05-19T03:52:05Z,141.98540000000003,40.726960000000005,bird_045,K17C13,15,2017,41800.98213491417,3,2017_bird_045_3_trip
2017-05-19T03:53:05Z,141.98951,40.72665000000001,bird_045,K17C13,15,2017,42085.37104080311,3,2017_bird_045_3_trip
2017-05-19T03:54:05Z,141.99549000000002,40.72614000000001,bird_045,K17C13,15,2017,42497.69583521088,3,2017_bird_045_3_trip
2017-05-19T03:55:04Z,142.00164,40.72724,bird_045,K17C13,15,2017,43011.08422761507,3,2017_bird_045_3_trip
2017-05-19T03:56:04Z,142.00775,40.72691000000001,bird_045,K17C13,15,2017,43445.70642779302,3,2017_bird_045_3_trip
2017-05-19T03:57:06Z,142.01221,40.724850000000004,bird_045,K17C13,15,2017,43668.53519741738,3,2017_bird_045_3_trip
2017-05-19T03:58:05Z,142.01657999999998,40.72336000000001,bird_045,K17C13,15,2017,43917.339913269774,3,2017_bird_045_3_trip
2017-05-19T03:59:06Z,142.01928999999998,40.72042,bird_045,K17C13,15,2017,43970.081237503546,3,2017_bird_045_3_trip
2017-05-19T04:00:07Z,142.01915999999997,40.72035000000001,bird_045,K17C13,15,2017,43956.75957797779,3,2017_bird_045_3_trip
2017-05-19T04:01:06Z,142.01914999999997,40.72048,bird_045,K17C13,15,2017,43962.60447527519,3,2017_bird_045_3_trip
2017-05-19T04:02:05Z,142.01893,40.72033000000001,bird_045,K17C13,15,2017,43938.458894088035,3,2017_bird_045_3_trip
2017-05-19T04:03:07Z,142.01864999999998,40.72006,bird_045,K17C13,15,2017,43903.718210032166,3,2017_bird_045_3_trip
2017-05-19T04:04:09Z,142.01854999999998,40.719910000000006,bird_045,K17C13,15,2017,43888.59671264109,3,2017_bird_045_3_trip
2017-05-19T04:05:07Z,142.01834000000002,40.71981,bird_045,K17C13,15,2017,43867.74123022789,3,2017_bird_045_3_trip
2017-05-19T04:06:08Z,142.01816,40.71954,bird_045,K17C13,15,2017,43840.53010424481,3,2017_bird_045_3_trip
2017-05-19T04:07:33Z,142.01765999999998,40.719530000000006,bird_045,K17C13,15,2017,43802.42939808742,3,2017_bird_045_3_trip
2017-05-19T04:08:04Z,142.01769,40.71958,bird_045,K17C13,15,2017,43807.21878894869,3,2017_bird_045_3_trip
2017-05-19T04:09:04Z,142.01766999999998,40.718900000000005,bird_045,K17C13,15,2017,43771.29983779163,3,2017_bird_045_3_trip
2017-05-19T04:10:05Z,142.02247000000003,40.72336000000001,bird_045,K17C13,15,2017,44358.541190830765,3,2017_bird_045_3_trip
2017-05-19T04:11:05Z,142.02402,40.72455000000001,bird_045,K17C13,15,2017,44535.650639905805,3,2017_bird_045_3_trip
2017-05-19T04:12:05Z,142.02733000000003,40.721160000000005,bird_045,K17C13,15,2017,44612.52940792965,3,2017_bird_045_3_trip
2017-05-19T04:13:06Z,142.03149000000002,40.718210000000006,bird_045,K17C13,15,2017,44780.25767497422,3,2017_bird_045_3_trip
2017-05-19T04:14:04Z,142.03394,40.71644,bird_045,K17C13,15,2017,44879.584675097205,3,2017_bird_045_3_trip
2017-05-19T04:15:05Z,142.03338,40.716550000000005,bird_045,K17C13,15,2017,44842.394796777335,3,2017_bird_045_3_trip
2017-05-19T04:16:05Z,142.03348,40.7163,bird_045,K17C13,15,2017,44837.832875270156,3,2017_bird_045_3_trip
2017-05-19T04:17:06Z,142.03338,40.71611000000001,bird_045,K17C13,15,2017,44821.00409009561,3,2017_bird_045_3_trip
2017-05-19T04:18:06Z,142.03333,40.7158,bird_045,K17C13,15,2017,44802.158672745856,3,2017_bird_045_3_trip
2017-05-19T04:19:04Z,142.03312,40.71576,bird_045,K17C13,15,2017,44784.256598674736,3,2017_bird_045_3_trip
2017-05-19T04:20:04Z,142.0329,40.71558,bird_045,K17C13,15,2017,44758.80424955047,3,2017_bird_045_3_trip
2017-05-19T04:21:04Z,142.03303,40.7158,bird_045,K17C13,15,2017,44779.35695693169,3,2017_bird_045_3_trip
2017-05-19T04:22:06Z,142.03276,40.71563,bird_045,K17C13,15,2017,44750.58766826809,3,2017_bird_045_3_trip
2017-05-19T04:23:05Z,142.03286,40.71516,bird_045,K17C13,15,2017,44735.41683521146,3,2017_bird_045_3_trip
2017-05-19T04:24:05Z,142.03245,40.715390000000006,bird_045,K17C13,15,2017,44715.38452442979,3,2017_bird_045_3_trip
2017-05-19T04:25:06Z,142.03258,40.71507,bird_045,K17C13,15,2017,44709.767233103245,3,2017_bird_045_3_trip
2017-05-19T04:26:06Z,142.03247000000002,40.714879999999994,bird_045,K17C13,15,2017,44692.20818227653,3,2017_bird_045_3_trip
2017-05-19T04:27:04Z,142.03241000000003,40.714679999999994,bird_045,K17C13,15,2017,44677.97448763559,3,2017_bird_045_3_trip
2017-05-19T04:28:05Z,142.03234000000003,40.7147,bird_045,K17C13,15,2017,44673.6160038792,3,2017_bird_045_3_trip
2017-05-19T04:29:06Z,142.03227,40.71444,bird_045,K17C13,15,2017,44655.72909745194,3,2017_bird_045_3_trip
2017-05-19T04:30:05Z,142.03215,40.71434,bird_045,K17C13,15,2017,44641.76987652148,3,2017_bird_045_3_trip
2017-05-19T04:31:04Z,142.03208,40.71424,bird_045,K17C13,15,2017,44631.61640075379,3,2017_bird_045_3_trip
2017-05-19T04:32:05Z,142.03201,40.71413,bird_045,K17C13,15,2017,44620.98175356846,3,2017_bird_045_3_trip
2017-05-19T04:33:05Z,142.03195,40.71402,bird_045,K17C13,15,2017,44611.10984783546,3,2017_bird_045_3_trip
2017-05-19T04:34:05Z,142.03189,40.71379,bird_045,K17C13,15,2017,44595.45739824888,3,2017_bird_045_3_trip
2017-05-19T04:35:04Z,142.03579,40.715320000000006,bird_045,K17C13,15,2017,44966.08004171747,3,2017_bird_045_3_trip
2017-05-19T04:36:06Z,142.04285,40.71662,bird_045,K17C13,15,2017,45566.354714091474,3,2017_bird_045_3_trip
2017-05-19T04:37:06Z,142.04943,40.71826,bird_045,K17C13,15,2017,46146.56252335051,3,2017_bird_045_3_trip
2017-05-19T04:38:06Z,142.05644000000004,40.7199,bird_045,K17C13,15,2017,46759.71670297085,3,2017_bird_045_3_trip
2017-05-19T04:39:05Z,142.06333,40.721700000000006,bird_045,K17C13,15,2017,47371.43948663279,3,2017_bird_045_3_trip
2017-05-19T04:40:06Z,142.07035,40.72171000000001,bird_045,K17C13,15,2017,47909.01459858186,3,2017_bird_045_3_trip
2017-05-19T04:41:05Z,142.07658999999998,40.720490000000005,bird_045,K17C13,15,2017,48331.14275601915,3,2017_bird_045_3_trip
2017-05-19T04:42:05Z,142.08326,40.7194,bird_045,K17C13,15,2017,48794.78473274477,3,2017_bird_045_3_trip
2017-05-19T04:43:05Z,142.08899000000002,40.71739,bird_045,K17C13,15,2017,49147.06433151704,3,2017_bird_045_3_trip
2017-05-19T04:44:06Z,142.09452,40.71469,bird_045,K17C13,15,2017,49456.95475753165,3,2017_bird_045_3_trip
2017-05-19T04:45:06Z,142.09975999999995,40.711479999999995,bird_045,K17C13,15,2017,49726.799349495785,3,2017_bird_045_3_trip
2017-05-19T04:46:05Z,142.10455999999996,40.708400000000005,bird_045,K17C13,15,2017,49972.61962758616,3,2017_bird_045_3_trip
2017-05-19T04:47:04Z,142.10855999999998,40.70555000000001,bird_045,K17C13,15,2017,50169.32486347958,3,2017_bird_045_3_trip
2017-05-19T04:48:04Z,142.11218,40.70164,bird_045,K17C13,15,2017,50297.43387827003,3,2017_bird_045_3_trip
2017-05-19T04:49:05Z,142.11580999999998,40.69746,bird_045,K17C13,15,2017,50421.234090383055,3,2017_bird_045_3_trip
2017-05-19T04:50:05Z,142.11802,40.69313000000001,bird_045,K17C13,15,2017,50432.27943980576,3,2017_bird_045_3_trip
2017-05-19T04:51:05Z,142.12031000000002,40.68865,bird_045,K17C13,15,2017,50449.55750882575,3,2017_bird_045_3_trip
2017-05-19T04:52:04Z,142.12454,40.68471,bird_045,K17C13,15,2017,50647.052758732265,3,2017_bird_045_3_trip
2017-05-19T04:53:04Z,142.12688,40.680710000000005,bird_045,K17C13,15,2017,50696.03073337037,3,2017_bird_045_3_trip
2017-05-19T04:54:04Z,142.13034000000002,40.67653000000001,bird_045,K17C13,15,2017,50834.04478417476,3,2017_bird_045_3_trip
2017-05-19T04:55:05Z,142.13283,40.67264,bird_045,K17C13,15,2017,50908.4057370257,3,2017_bird_045_3_trip
2017-05-19T04:56:05Z,142.13854999999998,40.66995000000001,bird_045,K17C13,15,2017,51286.750782302144,3,2017_bird_045_3_trip
2017-05-19T04:57:05Z,142.14341,40.66646,bird_045,K17C13,15,2017,51574.436844571086,3,2017_bird_045_3_trip
2017-05-19T04:58:06Z,142.15,40.66684,bird_045,K17C13,15,2017,52122.25311914554,3,2017_bird_045_3_trip
2017-05-19T04:59:04Z,142.15596,40.66890000000001,bird_045,K17C13,15,2017,52669.3164590265,3,2017_bird_045_3_trip
2017-05-19T05:00:04Z,142.16308999999998,40.668870000000005,bird_045,K17C13,15,2017,53248.92225784599,3,2017_bird_045_3_trip
2017-05-19T05:01:05Z,142.16925999999998,40.6692,bird_045,K17C13,15,2017,53761.42957469661,3,2017_bird_045_3_trip
2017-05-19T05:02:05Z,142.17594999999997,40.6714,bird_045,K17C13,15,2017,54371.79322303886,3,2017_bird_045_3_trip
2017-05-19T05:03:05Z,142.18324,40.67229,bird_045,K17C13,15,2017,54992.1697622001,3,2017_bird_045_3_trip
2017-05-19T05:04:05Z,142.18929,40.672830000000005,bird_045,K17C13,15,2017,55501.23612347634,3,2017_bird_045_3_trip
2017-05-19T05:05:05Z,142.19613,40.674130000000005,bird_045,K17C13,15,2017,56097.1325711504,3,2017_bird_045_3_trip
2017-05-19T05:06:05Z,142.20323,40.6752,bird_045,K17C13,15,2017,56707.47576004468,3,2017_bird_045_3_trip
2017-05-19T05:07:06Z,142.21006999999997,40.67707,bird_045,K17C13,15,2017,57320.089019491774,3,2017_bird_045_3_trip
2017-05-19T05:08:05Z,142.2129,40.67791,bird_045,K17C13,15,2017,57575.51036239765,3,2017_bird_045_3_trip
2017-05-19T05:09:04Z,142.2188,40.67804,bird_045,K17C13,15,2017,58060.42251348266,3,2017_bird_045_3_trip
2017-05-19T05:10:04Z,142.22536,40.67765,bird_045,K17C13,15,2017,58584.409970781446,3,2017_bird_045_3_trip
2017-05-19T05:11:04Z,142.23201,40.67689,bird_045,K17C13,15,2017,59105.82276326955,3,2017_bird_045_3_trip
2017-05-19T05:12:05Z,142.23524999999998,40.675250000000005,bird_045,K17C13,15,2017,59324.49071257428,3,2017_bird_045_3_trip
2017-05-19T05:13:05Z,142.24152999999998,40.67649,bird_045,K17C13,15,2017,59873.00455046703,3,2017_bird_045_3_trip
2017-05-19T05:14:05Z,142.24814999999998,40.67723,bird_045,K17C13,15,2017,60435.37170814477,3,2017_bird_045_3_trip
2017-05-19T05:15:04Z,142.25397999999998,40.68047,bird_045,K17C13,15,2017,61003.16900990635,3,2017_bird_045_3_trip
2017-05-19T05:16:06Z,142.26114,40.68147,bird_045,K17C13,15,2017,61616.82662473714,3,2017_bird_045_3_trip
2017-05-19T05:17:05Z,142.26774,40.68279,bird_045,K17C13,15,2017,62193.71157327205,3,2017_bird_045_3_trip
2017-05-19T05:18:04Z,142.27410999999998,40.683,bird_045,K17C13,15,2017,62720.63823543351,3,2017_bird_045_3_trip
2017-05-19T05:19:04Z,142.27990999999997,40.68107,bird_045,K17C13,15,2017,63142.10430845997,3,2017_bird_045_3_trip
2017-05-19T05:20:04Z,142.28501,40.678270000000005,bird_045,K17C13,15,2017,63484.606271005265,3,2017_bird_045_3_trip
2017-05-19T05:21:05Z,142.28682,40.67421,bird_045,K17C13,15,2017,63526.59318822623,3,2017_bird_045_3_trip
2017-05-19T05:22:05Z,142.29113,40.67250000000001,bird_045,K17C13,15,2017,63837.298846708654,3,2017_bird_045_3_trip
2017-05-19T05:23:05Z,142.29539,40.67027,bird_045,K17C13,15,2017,64132.081100498326,3,2017_bird_045_3_trip
2017-05-19T05:24:06Z,142.30096,40.668470000000006,bird_045,K17C13,15,2017,64547.04668361594,3,2017_bird_045_3_trip
2017-05-19T05:25:07Z,142.30581,40.66817000000001,bird_045,K17C13,15,2017,64939.97178535708,3,2017_bird_045_3_trip
2017-05-19T05:26:06Z,142.30579,40.66817000000001,bird_045,K17C13,15,2017,64938.32111987315,3,2017_bird_045_3_trip
2017-05-19T05:27:07Z,142.3058,40.66824,bird_045,K17C13,15,2017,64940.83685614423,3,2017_bird_045_3_trip
2017-05-19T05:28:07Z,142.30581,40.66831000000001,bird_045,K17C13,15,2017,64943.353434677534,3,2017_bird_045_3_trip
2017-05-19T05:29:05Z,142.3058,40.66852000000001,bird_045,K17C13,15,2017,64947.60733486723,3,2017_bird_045_3_trip
2017-05-19T05:30:06Z,142.30572,40.66844,bird_045,K17C13,15,2017,64939.06951083599,3,2017_bird_045_3_trip
2017-05-19T05:31:06Z,142.30571,40.66841000000001,bird_045,K17C13,15,2017,64937.51853000896,3,2017_bird_045_3_trip
2017-05-19T05:32:05Z,142.30559,40.66863000000001,bird_045,K17C13,15,2017,64932.942265344616,3,2017_bird_045_3_trip
2017-05-19T05:33:05Z,142.30554,40.66852000000001,bird_045,K17C13,15,2017,64926.151775059574,3,2017_bird_045_3_trip
2017-05-19T05:34:06Z,142.30552,40.66871000000001,bird_045,K17C13,15,2017,64929.10539441373,3,2017_bird_045_3_trip
2017-05-19T05:35:05Z,142.30557,40.668580000000006,bird_045,K17C13,15,2017,64930.080501073826,3,2017_bird_045_3_trip
2017-05-19T05:36:06Z,142.30566,40.668800000000005,bird_045,K17C13,15,2017,64942.84020767974,3,2017_bird_045_3_trip
2017-05-19T05:37:06Z,142.30563,40.66857000000001,bird_045,K17C13,15,2017,64934.78943612536,3,2017_bird_045_3_trip
2017-05-19T05:38:06Z,142.30531000000002,40.668940000000006,bird_045,K17C13,15,2017,64917.36106039661,3,2017_bird_045_3_trip
2017-05-19T05:39:05Z,142.30559,40.668780000000005,bird_045,K17C13,15,2017,64936.57913265191,3,2017_bird_045_3_trip
2017-05-19T05:40:07Z,142.30551,40.66924,bird_045,K17C13,15,2017,64941.157750203194,3,2017_bird_045_3_trip
2017-05-19T05:41:05Z,142.30542000000003,40.66928,bird_045,K17C13,15,2017,64934.70706901182,3,2017_bird_045_3_trip
2017-05-19T05:42:07Z,142.30547,40.66922,bird_045,K17C13,15,2017,64937.37096690629,3,2017_bird_045_3_trip
2017-05-19T05:43:05Z,142.30527,40.66985,bird_045,K17C13,15,2017,64936.24737033133,3,2017_bird_045_3_trip
2017-05-19T05:44:05Z,142.30543000000003,40.66915000000001,bird_045,K17C13,15,2017,64932.36741810694,3,2017_bird_045_3_trip
2017-05-19T05:45:06Z,142.30531000000002,40.67013000000001,bird_045,K17C13,15,2017,64946.4028077474,3,2017_bird_045_3_trip
2017-05-19T05:46:05Z,142.30534000000003,40.66942,bird_045,K17C13,15,2017,64931.51929712215,3,2017_bird_045_3_trip
2017-05-19T05:47:06Z,142.30521000000002,40.66955000000001,bird_045,K17C13,15,2017,64923.96742852257,3,2017_bird_045_3_trip
2017-05-19T05:48:08Z,142.30528,40.66895000000001,bird_045,K17C13,15,2017,64915.128875554605,3,2017_bird_045_3_trip
2017-05-19T05:49:06Z,142.30506,40.66985,bird_045,K17C13,15,2017,64918.927443474335,3,2017_bird_045_3_trip
2017-05-19T05:50:07Z,142.30515,40.669790000000006,bird_045,K17C13,15,2017,64924.88254852316,3,2017_bird_045_3_trip
2017-05-19T05:51:06Z,142.30246000000002,40.66796,bird_045,K17C13,15,2017,64658.42728305415,3,2017_bird_045_3_trip
2017-05-19T05:52:08Z,142.30679,40.670300000000005,bird_045,K17C13,15,2017,65072.62252302457,3,2017_bird_045_3_trip
2017-05-19T05:53:08Z,142.31284000000002,40.67137,bird_045,K17C13,15,2017,65597.77392736128,3,2017_bird_045_3_trip
2017-05-19T05:54:08Z,142.30803000000003,40.67147,bird_045,K17C13,15,2017,65203.625803155344,3,2017_bird_045_3_trip
2017-05-19T05:55:06Z,142.30055,40.67349,bird_045,K17C13,15,2017,64637.82634864235,3,2017_bird_045_3_trip
2017-05-19T05:56:06Z,142.29397999999998,40.67183,bird_045,K17C13,15,2017,64054.9751327029,3,2017_bird_045_3_trip
2017-05-19T05:57:05Z,142.29017,40.66883000000001,bird_045,K17C13,15,2017,63666.13554535486,3,2017_bird_045_3_trip
2017-05-19T05:58:05Z,142.28659,40.66516000000001,bird_045,K17C13,15,2017,63280.98706676638,3,2017_bird_045_3_trip
2017-05-19T05:59:05Z,142.28588,40.66127,bird_045,K17C13,15,2017,63129.52659774952,3,2017_bird_045_3_trip
2017-05-19T06:00:06Z,142.28492,40.65709,bird_045,K17C13,15,2017,62953.41558464908,3,2017_bird_045_3_trip
2017-05-19T06:01:05Z,142.28244000000004,40.65396,bird_045,K17C13,15,2017,62677.59309707378,3,2017_bird_045_3_trip
2017-05-19T06:02:06Z,142.28261,40.65242,bird_045,K17C13,15,2017,62657.65081628049,3,2017_bird_045_3_trip
2017-05-19T06:03:05Z,142.27898,40.6493,bird_045,K17C13,15,2017,62288.82435263332,3,2017_bird_045_3_trip
2017-05-19T06:04:06Z,142.27748,40.645520000000005,bird_045,K17C13,15,2017,62084.401958111586,3,2017_bird_045_3_trip
2017-05-19T06:05:05Z,142.27611,40.64265,bird_045,K17C13,15,2017,61911.58565008633,3,2017_bird_045_3_trip
2017-05-19T06:06:05Z,142.27451999999997,40.639230000000005,bird_045,K17C13,15,2017,61710.98249644195,3,2017_bird_045_3_trip
2017-05-19T06:07:06Z,142.2673,40.63895000000001,bird_045,K17C13,15,2017,61104.42206363246,3,2017_bird_045_3_trip
2017-05-19T06:08:06Z,142.26506999999998,40.63533000000001,bird_045,K17C13,15,2017,60848.16191361147,3,2017_bird_045_3_trip
2017-05-19T06:09:05Z,142.26252,40.63182,bird_045,K17C13,15,2017,60569.397295515824,3,2017_bird_045_3_trip
2017-05-19T06:10:05Z,142.26014,40.628960000000006,bird_045,K17C13,15,2017,60318.489289006786,3,2017_bird_045_3_trip
2017-05-19T06:11:05Z,142.25327,40.62879000000001,bird_045,K17C13,15,2017,59741.95213001142,3,2017_bird_045_3_trip
2017-05-19T06:12:05Z,142.24597999999995,40.62885000000001,bird_045,K17C13,15,2017,59134.6954686994,3,2017_bird_045_3_trip
2017-05-19T06:13:07Z,142.23855999999998,40.628660000000004,bird_045,K17C13,15,2017,58512.15980627036,3,2017_bird_045_3_trip
2017-05-19T06:14:05Z,142.23146,40.62879000000001,bird_045,K17C13,15,2017,57922.436019819026,3,2017_bird_045_3_trip
2017-05-19T06:15:06Z,142.22499,40.62778,bird_045,K17C13,15,2017,57363.95379435282,3,2017_bird_045_3_trip
2017-05-19T06:16:06Z,142.22006,40.62530000000001,bird_045,K17C13,15,2017,56906.66496149015,3,2017_bird_045_3_trip
2017-05-19T06:17:05Z,142.21343,40.62471000000001,bird_045,K17C13,15,2017,56342.59892417137,3,2017_bird_045_3_trip
2017-05-19T06:18:05Z,142.20687999999998,40.62533000000001,bird_045,K17C13,15,2017,55807.76001979581,3,2017_bird_045_3_trip
2017-05-19T06:19:05Z,142.20279,40.62349,bird_045,K17C13,15,2017,55432.33910477105,3,2017_bird_045_3_trip
2017-05-19T06:20:06Z,142.19565999999998,40.623160000000006,bird_045,K17C13,15,2017,54831.40855593089,3,2017_bird_045_3_trip
2017-05-19T06:21:06Z,142.19298,40.62196,bird_045,K17C13,15,2017,54585.5906770585,3,2017_bird_045_3_trip
2017-05-19T06:22:06Z,142.18547,40.62221000000001,bird_045,K17C13,15,2017,53963.73605683204,3,2017_bird_045_3_trip
2017-05-19T06:23:06Z,142.17771,40.62257000000001,bird_045,K17C13,15,2017,53323.48108947799,3,2017_bird_045_3_trip
2017-05-19T06:24:06Z,142.17107,40.62129,bird_045,K17C13,15,2017,52745.6122190521,3,2017_bird_045_3_trip
2017-05-19T06:25:06Z,142.16324999999998,40.620920000000005,bird_045,K17C13,15,2017,52086.6692173033,3,2017_bird_045_3_trip
2017-05-19T06:26:06Z,142.15588,40.62029,bird_045,K17C13,15,2017,51460.33167054407,3,2017_bird_045_3_trip
2017-05-19T06:27:05Z,142.14864999999998,40.619310000000006,bird_045,K17C13,15,2017,50838.950059564355,3,2017_bird_045_3_trip
2017-05-19T06:28:05Z,142.14806,40.61904,bird_045,K17C13,15,2017,50784.59627461789,3,2017_bird_045_3_trip
2017-05-19T06:29:06Z,142.1482,40.61906,bird_045,K17C13,15,2017,50796.64829430053,3,2017_bird_045_3_trip
2017-05-19T06:30:06Z,142.14744000000002,40.61818,bird_045,K17C13,15,2017,50716.51016234709,3,2017_bird_045_3_trip
2017-05-19T06:31:05Z,142.14171,40.61603,bird_045,K17C13,15,2017,50198.18894365076,3,2017_bird_045_3_trip
2017-05-19T06:32:07Z,142.13433,40.61532,bird_045,K17C13,15,2017,49569.317899604226,3,2017_bird_045_3_trip
2017-05-19T06:33:06Z,142.12657,40.61516,bird_045,K17C13,15,2017,48919.14750657436,3,2017_bird_045_3_trip
2017-05-19T06:34:08Z,142.11885999999998,40.614619999999995,bird_045,K17C13,15,2017,48266.06902985088,3,2017_bird_045_3_trip
2017-05-19T06:35:07Z,142.11678999999998,40.61244,bird_045,K17C13,15,2017,48052.37180594299,3,2017_bird_045_3_trip
2017-05-19T06:36:07Z,142.11299999999997,40.60985,bird_045,K17C13,15,2017,47688.53949567136,3,2017_bird_045_3_trip
2017-05-19T06:37:07Z,142.10717,40.6076,bird_045,K17C13,15,2017,47161.33819195191,3,2017_bird_045_3_trip
2017-05-19T06:38:07Z,142.10002,40.60668,bird_045,K17C13,15,2017,46547.66646795519,3,2017_bird_045_3_trip
2017-05-19T06:39:07Z,142.0938,40.60475,bird_045,K17C13,15,2017,45993.98585457428,3,2017_bird_045_3_trip
2017-05-19T06:40:06Z,142.08725,40.602720000000005,bird_045,K17C13,15,2017,45411.33733078251,3,2017_bird_045_3_trip
2017-05-19T06:41:07Z,142.08327,40.602030000000006,bird_045,K17C13,15,2017,45066.70416007583,3,2017_bird_045_3_trip
2017-05-19T06:42:07Z,142.07832000000002,40.599030000000006,bird_045,K17C13,15,2017,44602.38462383374,3,2017_bird_045_3_trip
2017-05-19T06:43:07Z,142.07226,40.59731000000001,bird_045,K17C13,15,2017,44067.01983957936,3,2017_bird_045_3_trip
2017-05-19T06:44:06Z,142.06571,40.59552000000001,bird_045,K17C13,15,2017,43489.7705563362,3,2017_bird_045_3_trip
2017-05-19T06:45:05Z,142.05785,40.594710000000006,bird_045,K17C13,15,2017,42818.410672042344,3,2017_bird_045_3_trip
2017-05-19T06:46:06Z,142.05214000000004,40.594350000000006,bird_045,K17C13,15,2017,42334.319548759806,3,2017_bird_045_3_trip
2017-05-19T06:47:08Z,142.0451,40.59293000000001,bird_045,K17C13,15,2017,41721.98593823519,3,2017_bird_045_3_trip
2017-05-19T06:48:06Z,142.03743000000003,40.59204,bird_045,K17C13,15,2017,41065.257259501166,3,2017_bird_045_3_trip
2017-05-19T06:49:06Z,142.03102,40.59089,bird_045,K17C13,15,2017,40510.037902449105,3,2017_bird_045_3_trip
2017-05-19T06:50:06Z,142.02323,40.58963,bird_045,K17C13,15,2017,39837.48260394479,3,2017_bird_045_3_trip
2017-05-19T06:51:06Z,142.01547,40.58907,bird_045,K17C13,15,2017,39178.32301174415,3,2017_bird_045_3_trip
2017-05-19T06:52:07Z,142.00834000000003,40.58777,bird_045,K17C13,15,2017,38560.471682363685,3,2017_bird_045_3_trip
2017-05-19T06:53:06Z,142.00095,40.58678,bird_045,K17C13,15,2017,37925.64703932557,3,2017_bird_045_3_trip
2017-05-19T06:54:06Z,141.99367999999998,40.58545,bird_045,K17C13,15,2017,37295.69417505427,3,2017_bird_045_3_trip
2017-05-19T06:55:33Z,141.98394000000002,40.58284,bird_045,K17C13,15,2017,36439.55923110251,3,2017_bird_045_3_trip
2017-05-19T06:56:05Z,141.98034000000004,40.58165999999999,bird_045,K17C13,15,2017,36120.21182700176,3,2017_bird_045_3_trip
2017-05-19T06:57:04Z,141.9733,40.5803,bird_045,K17C13,15,2017,35509.66195767523,3,2017_bird_045_3_trip
2017-05-19T06:58:04Z,141.96545,40.57943,bird_045,K17C13,15,2017,34838.12659749835,3,2017_bird_045_3_trip
2017-05-19T06:59:04Z,141.95756,40.57905,bird_045,K17C13,15,2017,34170.21256901397,3,2017_bird_045_3_trip
2017-05-19T07:00:05Z,141.94973,40.57811000000001,bird_045,K17C13,15,2017,33499.3305740315,3,2017_bird_045_3_trip
2017-05-19T07:01:05Z,141.94172,40.57785,bird_045,K17C13,15,2017,32823.10972712961,3,2017_bird_045_3_trip
2017-05-19T07:02:04Z,141.93402,40.57729,bird_045,K17C13,15,2017,32168.62262638058,3,2017_bird_045_3_trip
2017-05-19T07:03:04Z,141.92694000000003,40.57844,bird_045,K17C13,15,2017,31591.818801667785,3,2017_bird_045_3_trip
2017-05-19T07:04:04Z,141.91908999999998,40.57866,bird_045,K17C13,15,2017,30937.114455892584,3,2017_bird_045_3_trip
2017-05-19T07:05:05Z,141.91084999999998,40.57922,bird_045,K17C13,15,2017,30255.73813255173,3,2017_bird_045_3_trip
2017-05-19T07:06:04Z,141.90321,40.57911000000001,bird_045,K17C13,15,2017,29614.23269805148,3,2017_bird_045_3_trip
2017-05-19T07:07:05Z,141.89509,40.5799,bird_045,K17C13,15,2017,28948.288622396805,3,2017_bird_045_3_trip
2017-05-19T07:08:04Z,141.88736000000003,40.57988,bird_045,K17C13,15,2017,28301.711798234224,3,2017_bird_045_3_trip
2017-05-19T07:09:04Z,141.8794,40.57959,bird_045,K17C13,15,2017,27631.405643194736,3,2017_bird_045_3_trip
2017-05-19T07:10:05Z,141.87133000000003,40.57929,bird_045,K17C13,15,2017,26951.955428835852,3,2017_bird_045_3_trip
2017-05-19T07:11:04Z,141.86344000000005,40.57906,bird_045,K17C13,15,2017,26289.08515552253,3,2017_bird_045_3_trip
2017-05-19T07:12:05Z,141.85538000000005,40.57867,bird_045,K17C13,15,2017,25609.273766935316,3,2017_bird_045_3_trip
2017-05-19T07:13:04Z,141.84769,40.57799,bird_045,K17C13,15,2017,24954.916274226085,3,2017_bird_045_3_trip
2017-05-19T07:14:04Z,141.84309,40.57663,bird_045,K17C13,15,2017,24545.2582436908,3,2017_bird_045_3_trip
2017-05-19T07:15:05Z,141.83575,40.57628,bird_045,K17C13,15,2017,23926.336604544547,3,2017_bird_045_3_trip
2017-05-19T07:16:05Z,141.82871000000003,40.57504,bird_045,K17C13,15,2017,23315.420365640846,3,2017_bird_045_3_trip
2017-05-19T07:17:05Z,141.82151000000002,40.57381,bird_045,K17C13,15,2017,22691.37821813197,3,2017_bird_045_3_trip
2017-05-19T07:18:04Z,141.81447,40.57245,bird_045,K17C13,15,2017,22078.274561753304,3,2017_bird_045_3_trip
2017-05-19T07:19:04Z,141.80729000000002,40.571259999999995,bird_045,K17C13,15,2017,21456.7273353458,3,2017_bird_045_3_trip
2017-05-19T07:20:05Z,141.79959999999997,40.57127,bird_045,K17C13,15,2017,20815.246928050936,3,2017_bird_045_3_trip
2017-05-19T07:21:04Z,141.79364999999996,40.56949,bird_045,K17C13,15,2017,20285.099947176277,3,2017_bird_045_3_trip
2017-05-19T07:22:04Z,141.78665999999998,40.56811000000001,bird_045,K17C13,15,2017,19675.926605586355,3,2017_bird_045_3_trip
2017-05-19T07:23:05Z,141.77956999999995,40.56707,bird_045,K17C13,15,2017,19064.702308381908,3,2017_bird_045_3_trip
2017-05-19T07:24:04Z,141.77295999999998,40.56504,bird_045,K17C13,15,2017,18475.92846121065,3,2017_bird_045_3_trip
2017-05-19T07:25:04Z,141.76671,40.56269,bird_045,K17C13,15,2017,17912.949616330017,3,2017_bird_045_3_trip
2017-05-19T07:26:05Z,141.75924,40.56123,bird_045,K17C13,15,2017,17263.406772595987,3,2017_bird_045_3_trip
2017-05-19T07:27:05Z,141.75098,40.560590000000005,bird_045,K17C13,15,2017,16560.9577441664,3,2017_bird_045_3_trip
2017-05-19T07:28:04Z,141.74258999999998,40.55998,bird_045,K17C13,15,2017,15848.174432503438,3,2017_bird_045_3_trip
2017-05-19T07:29:04Z,141.73388999999997,40.55903,bird_045,K17C13,15,2017,15103.853183202897,3,2017_bird_045_3_trip
2017-05-19T07:30:05Z,141.72494999999998,40.55819,bird_045,K17C13,15,2017,14341.26251822917,3,2017_bird_045_3_trip
2017-05-19T07:31:05Z,141.71632,40.55716,bird_045,K17C13,15,2017,13601.454605174906,3,2017_bird_045_3_trip
2017-05-19T07:32:06Z,141.70747,40.55625,bird_045,K17C13,15,2017,12845.229605609087,3,2017_bird_045_3_trip
2017-05-19T07:33:05Z,141.69834000000003,40.55585,bird_045,K17C13,15,2017,12074.381930475138,3,2017_bird_045_3_trip
2017-05-19T07:34:05Z,141.68873000000002,40.55572,bird_045,K17C13,15,2017,11268.943737349084,3,2017_bird_045_3_trip
2017-05-19T07:35:05Z,141.67861,40.55558,bird_045,K17C13,15,2017,10422.163286224424,3,2017_bird_045_3_trip
2017-05-19T07:36:05Z,141.67153,40.5553,bird_045,K17C13,15,2017,9827.02209632271,3,2017_bird_045_3_trip
2017-05-19T07:37:05Z,141.66192,40.55477,bird_045,K17C13,15,2017,9017.027898924727,3,2017_bird_045_3_trip
2017-05-19T07:38:05Z,141.65206,40.55403999999999,bird_045,K17C13,15,2017,8182.879278475873,3,2017_bird_045_3_trip
2017-05-19T07:39:05Z,141.64269,40.55254,bird_045,K17C13,15,2017,7371.949130195775,3,2017_bird_045_3_trip
2017-05-19T07:40:05Z,141.63304999999997,40.55131,bird_045,K17C13,15,2017,6545.029642898679,3,2017_bird_045_3_trip
2017-05-19T07:41:05Z,141.62418,40.54923,bird_045,K17C13,15,2017,5761.955576233391,3,2017_bird_045_3_trip
2017-05-19T07:42:04Z,141.61507999999998,40.54887,bird_045,K17C13,15,2017,5000.639747634926,3,2017_bird_045_3_trip
2017-05-19T07:43:05Z,141.60604,40.5475,bird_045,K17C13,15,2017,4220.44252560248,3,2017_bird_045_3_trip
2017-05-19T07:44:05Z,141.59655999999998,40.546130000000005,bird_045,K17C13,15,2017,3404.323719013416,3,2017_bird_045_3_trip
2017-05-19T07:45:04Z,141.58884000000003,40.54407,bird_045,K17C13,15,2017,2714.91995052978,3,2017_bird_045_3_trip
2017-05-19T07:46:05Z,141.58076,40.54254,bird_045,K17C13,15,2017,2009.8215749819624,3,2017_bird_045_3_trip
2017-05-19T07:47:04Z,141.57042,40.5431,bird_045,K17C13,15,2017,1194.980396864078,3,2017_bird_045_3_trip
2017-05-16T16:20:09Z,141.5606,40.5475,bird_055,K17D79,13,2017,1019.7220576831284,11,2017_bird_055_11_trip
2017-05-16T16:21:08Z,141.56879,40.55261,bird_055,K17D79,13,2017,1821.0506432865172,11,2017_bird_055_11_trip
2017-05-16T16:22:08Z,141.57663,40.55705999999999,bird_055,K17D79,13,2017,2607.0845420960054,11,2017_bird_055_11_trip
2017-05-16T16:23:08Z,141.58525,40.56167,bird_055,K17D79,13,2017,3470.372029004114,11,2017_bird_055_11_trip
2017-05-16T16:24:08Z,141.59173,40.56494,bird_055,K17D79,13,2017,4111.80926076042,11,2017_bird_055_11_trip
2017-05-16T16:25:09Z,141.59587,40.56797,bird_055,K17D79,13,2017,4597.588480210077,11,2017_bird_055_11_trip
2017-05-16T16:26:10Z,141.59939,40.571040000000004,bird_055,K17D79,13,2017,5049.584006325247,11,2017_bird_055_11_trip
2017-05-16T16:27:08Z,141.6022,40.57382,bird_055,K17D79,13,2017,5436.733759842693,11,2017_bird_055_11_trip
2017-05-16T16:28:08Z,141.60609,40.57608,bird_055,K17D79,13,2017,5846.427092407989,11,2017_bird_055_11_trip
2017-05-16T16:29:09Z,141.60713,40.57742,bird_055,K17D79,13,2017,6014.326301779222,11,2017_bird_055_11_trip
2017-05-16T16:30:08Z,141.60689,40.577459999999995,bird_055,K17D79,13,2017,6003.357823707063,11,2017_bird_055_11_trip
2017-05-16T16:31:09Z,141.60717,40.5775,bird_055,K17D79,13,2017,6023.054901545039,11,2017_bird_055_11_trip
2017-05-16T16:32:08Z,141.60649999999998,40.57773,bird_055,K17D79,13,2017,6002.0981000446,11,2017_bird_055_11_trip
2017-05-16T16:33:09Z,141.60736,40.5776,bird_055,K17D79,13,2017,6042.232773758849,11,2017_bird_055_11_trip
2017-05-16T16:34:08Z,141.60724000000002,40.57772,bird_055,K17D79,13,2017,6044.714017049665,11,2017_bird_055_11_trip
2017-05-16T16:35:08Z,141.60722,40.57765,bird_055,K17D79,13,2017,6037.953522841392,11,2017_bird_055_11_trip
2017-05-16T16:36:09Z,141.60743000000002,40.57796,bird_055,K17D79,13,2017,6075.054364704546,11,2017_bird_055_11_trip
2017-05-16T16:37:08Z,141.60762,40.57808,bird_055,K17D79,13,2017,6095.816108205604,11,2017_bird_055_11_trip
2017-05-16T16:38:10Z,141.6078,40.578050000000005,bird_055,K17D79,13,2017,6104.029820108902,11,2017_bird_055_11_trip
2017-05-16T16:39:09Z,141.61082,40.58055,bird_055,K17D79,13,2017,6481.331743713528,11,2017_bird_055_11_trip
2017-05-16T16:40:10Z,141.61558999999997,40.584599999999995,bird_055,K17D79,13,2017,7085.385797185132,11,2017_bird_055_11_trip
2017-05-16T16:41:08Z,141.61966999999996,40.58845,bird_055,K17D79,13,2017,7633.097857225095,11,2017_bird_055_11_trip
2017-05-16T16:42:08Z,141.62509,40.592220000000005,bird_055,K17D79,13,2017,8252.756494845575,11,2017_bird_055_11_trip
2017-05-16T16:43:08Z,141.63092,40.59563000000001,bird_055,K17D79,13,2017,8868.220786359525,11,2017_bird_055_11_trip
2017-05-16T16:44:08Z,141.63654999999997,40.59874000000001,bird_055,K17D79,13,2017,9449.009266003824,11,2017_bird_055_11_trip
2017-05-16T16:45:08Z,141.6413,40.60242,bird_055,K17D79,13,2017,10022.253282304082,11,2017_bird_055_11_trip
2017-05-16T16:46:08Z,141.64559999999997,40.60654,bird_055,K17D79,13,2017,10603.273433527373,11,2017_bird_055_11_trip
2017-05-16T16:47:09Z,141.64997999999997,40.61094,bird_055,K17D79,13,2017,11211.626826311283,11,2017_bird_055_11_trip
2017-05-16T16:48:08Z,141.6539,40.614819999999995,bird_055,K17D79,13,2017,11751.879473848036,11,2017_bird_055_11_trip
2017-05-16T16:49:08Z,141.65794000000002,40.61881,bird_055,K17D79,13,2017,12308.273564365734,11,2017_bird_055_11_trip
2017-05-16T16:50:09Z,141.66245,40.62285000000001,bird_055,K17D79,13,2017,12896.324157566103,11,2017_bird_055_11_trip
2017-05-16T16:51:08Z,141.66715,40.62670000000001,bird_055,K17D79,13,2017,13480.178607529277,11,2017_bird_055_11_trip
2017-05-16T16:52:08Z,141.67281,40.630570000000006,bird_055,K17D79,13,2017,14121.6433521018,11,2017_bird_055_11_trip
2017-05-16T16:53:08Z,141.67883,40.6338,bird_055,K17D79,13,2017,14733.36299753517,11,2017_bird_055_11_trip
2017-05-16T16:54:08Z,141.68448,40.636610000000005,bird_055,K17D79,13,2017,15290.796925820558,11,2017_bird_055_11_trip
2017-05-16T16:55:08Z,141.69054,40.63947,bird_055,K17D79,13,2017,15877.678347082858,11,2017_bird_055_11_trip
2017-05-16T16:56:08Z,141.69718,40.6416,bird_055,K17D79,13,2017,16444.407262641264,11,2017_bird_055_11_trip
2017-05-16T16:57:08Z,141.70389999999998,40.64367,bird_055,K17D79,13,2017,17014.455061921406,11,2017_bird_055_11_trip
2017-05-16T16:58:10Z,141.71074,40.6465,bird_055,K17D79,13,2017,17652.008932721652,11,2017_bird_055_11_trip
2017-05-16T16:59:08Z,141.71616999999998,40.64989,bird_055,K17D79,13,2017,18244.86630608886,11,2017_bird_055_11_trip
2017-05-16T17:00:09Z,141.72195,40.65351,bird_055,K17D79,13,2017,18876.850501102806,11,2017_bird_055_11_trip
2017-05-16T17:01:09Z,141.72804000000002,40.65697,bird_055,K17D79,13,2017,19516.296252912285,11,2017_bird_055_11_trip
2017-05-16T17:02:08Z,141.73413,40.66058,bird_055,K17D79,13,2017,20167.096539155435,11,2017_bird_055_11_trip
2017-05-16T17:03:09Z,141.73969999999997,40.66448,bird_055,K17D79,13,2017,20806.93369291028,11,2017_bird_055_11_trip
2017-05-16T17:04:09Z,141.74590999999998,40.66823000000001,bird_055,K17D79,13,2017,21475.744673800164,11,2017_bird_055_11_trip
2017-05-16T17:05:09Z,141.75220000000002,40.67175,bird_055,K17D79,13,2017,22132.60487096606,11,2017_bird_055_11_trip
2017-05-16T17:06:09Z,141.7592,40.674859999999995,bird_055,K17D79,13,2017,22804.300646232823,11,2017_bird_055_11_trip
2017-05-16T17:07:08Z,141.76512,40.67864,bird_055,K17D79,13,2017,23457.30537023586,11,2017_bird_055_11_trip
2017-05-16T17:08:09Z,141.77292,40.68101,bird_055,K17D79,13,2017,24126.95689250042,11,2017_bird_055_11_trip
2017-05-16T17:09:09Z,141.78001,40.68458,bird_055,K17D79,13,2017,24839.763445519773,11,2017_bird_055_11_trip
2017-05-16T17:10:09Z,141.78771,40.68718,bird_055,K17D79,13,2017,25522.47800780647,11,2017_bird_055_11_trip
2017-05-16T17:11:09Z,141.79133000000002,40.68838,bird_055,K17D79,13,2017,25842.395286289935,11,2017_bird_055_11_trip
2017-05-16T17:12:09Z,141.79142000000002,40.688190000000006,bird_055,K17D79,13,2017,25834.67547964761,11,2017_bird_055_11_trip
2017-05-16T17:13:10Z,141.79144000000002,40.68828,bird_055,K17D79,13,2017,25842.38838249088,11,2017_bird_055_11_trip
2017-05-16T17:14:12Z,141.79152,40.68732,bird_055,K17D79,13,2017,25779.260233787496,11,2017_bird_055_11_trip
2017-05-16T17:15:10Z,141.79173,40.68719,bird_055,K17D79,13,2017,25783.683158745585,11,2017_bird_055_11_trip
2017-05-16T17:16:09Z,141.79169,40.68745,bird_055,K17D79,13,2017,25799.54024954868,11,2017_bird_055_11_trip
2017-05-16T17:17:09Z,141.79155999999998,40.68584,bird_055,K17D79,13,2017,25677.06630662092,11,2017_bird_055_11_trip
2017-05-16T17:18:13Z,141.79172,40.68548,bird_055,K17D79,13,2017,25662.122851743403,11,2017_bird_055_11_trip
2017-05-16T17:19:09Z,141.79032,40.68606,bird_055,K17D79,13,2017,25611.827024282626,11,2017_bird_055_11_trip
2017-05-16T17:20:09Z,141.79038,40.68636,bird_055,K17D79,13,2017,25637.00583298018,11,2017_bird_055_11_trip
2017-05-16T17:21:09Z,141.79093,40.6863,bird_055,K17D79,13,2017,25668.535822907503,11,2017_bird_055_11_trip
2017-05-16T17:22:09Z,141.79113,40.68657,bird_055,K17D79,13,2017,25700.685336010636,11,2017_bird_055_11_trip
2017-05-16T17:23:09Z,141.7904,40.685950000000005,bird_055,K17D79,13,2017,25609.239434615345,11,2017_bird_055_11_trip
2017-05-16T17:24:12Z,141.79101,40.685930000000006,bird_055,K17D79,13,2017,25647.55797227719,11,2017_bird_055_11_trip
2017-05-16T17:25:11Z,141.79094,40.68629,bird_055,K17D79,13,2017,25668.478441038995,11,2017_bird_055_11_trip
2017-05-16T17:26:13Z,141.79124000000002,40.68614,bird_055,K17D79,13,2017,25677.399945419296,11,2017_bird_055_11_trip
2017-05-16T17:27:10Z,141.79124000000002,40.68619,bird_055,K17D79,13,2017,25680.937243974564,11,2017_bird_055_11_trip
2017-05-16T17:28:10Z,141.79258,40.68846,bird_055,K17D79,13,2017,25929.137770175923,11,2017_bird_055_11_trip
2017-05-16T17:29:09Z,141.79221,40.68908,bird_055,K17D79,13,2017,25949.343822796494,11,2017_bird_055_11_trip
2017-05-16T17:30:10Z,141.7928,40.6884,bird_055,K17D79,13,2017,25939.151656798265,11,2017_bird_055_11_trip
2017-05-16T17:31:11Z,141.79286,40.68867,bird_055,K17D79,13,2017,25962.25163962195,11,2017_bird_055_11_trip
2017-05-16T17:32:10Z,141.79269,40.6889,bird_055,K17D79,13,2017,25967.603486907843,11,2017_bird_055_11_trip
2017-05-16T17:33:11Z,141.79388999999998,40.68826,bird_055,K17D79,13,2017,26000.072782845687,11,2017_bird_055_11_trip
2017-05-16T17:34:10Z,141.79305999999997,40.68891000000001,bird_055,K17D79,13,2017,25992.3108908116,11,2017_bird_055_11_trip
2017-05-16T17:35:10Z,141.79315999999997,40.68946,bird_055,K17D79,13,2017,26037.987867884694,11,2017_bird_055_11_trip
2017-05-16T17:36:12Z,141.79334,40.68899,bird_055,K17D79,13,2017,26016.17190329654,11,2017_bird_055_11_trip
2017-05-16T17:37:10Z,141.79154,40.6889,bird_055,K17D79,13,2017,25893.122712209955,11,2017_bird_055_11_trip
2017-05-16T17:38:11Z,141.79099,40.68923,bird_055,K17D79,13,2017,25881.185909328033,11,2017_bird_055_11_trip
2017-05-16T17:39:37Z,141.79151,40.68828,bird_055,K17D79,13,2017,25846.92465776077,11,2017_bird_055_11_trip
2017-05-16T17:40:08Z,141.79149999999998,40.68828,bird_055,K17D79,13,2017,25846.276584057963,11,2017_bird_055_11_trip
2017-05-16T17:41:08Z,141.79356999999996,40.68847,bird_055,K17D79,13,2017,25994.151990123097,11,2017_bird_055_11_trip
2017-05-16T17:42:09Z,141.79377999999997,40.68824,bird_055,K17D79,13,2017,25991.496856182417,11,2017_bird_055_11_trip
2017-05-16T17:43:09Z,141.79459999999995,40.688370000000006,bird_055,K17D79,13,2017,26054.09196051838,11,2017_bird_055_11_trip
2017-05-16T17:44:08Z,141.79464999999996,40.68791,bird_055,K17D79,13,2017,26024.82962463443,11,2017_bird_055_11_trip
2017-05-16T17:45:08Z,141.79672,40.68985,bird_055,K17D79,13,2017,26296.931159649077,11,2017_bird_055_11_trip
2017-05-16T17:46:08Z,141.79654999999997,40.689910000000005,bird_055,K17D79,13,2017,26290.11371990385,11,2017_bird_055_11_trip
2017-05-16T17:47:09Z,141.79693,40.689,bird_055,K17D79,13,2017,26250.554450201715,11,2017_bird_055_11_trip
2017-05-16T17:48:08Z,141.7974,40.68894,bird_055,K17D79,13,2017,26277.026162673246,11,2017_bird_055_11_trip
2017-05-16T17:49:09Z,141.79698,40.688590000000005,bird_055,K17D79,13,2017,26224.927968663033,11,2017_bird_055_11_trip
2017-05-16T17:50:09Z,141.7971,40.68969,bird_055,K17D79,13,2017,26310.36851482743,11,2017_bird_055_11_trip
2017-05-16T17:51:08Z,141.7977,40.690360000000005,bird_055,K17D79,13,2017,26396.857931915565,11,2017_bird_055_11_trip
2017-05-16T17:52:10Z,141.79738,40.689910000000005,bird_055,K17D79,13,2017,26344.173944764243,11,2017_bird_055_11_trip
2017-05-16T17:53:09Z,141.79756999999998,40.69012000000001,bird_055,K17D79,13,2017,26371.407558395586,11,2017_bird_055_11_trip
2017-05-16T17:54:09Z,141.79782,40.69005000000001,bird_055,K17D79,13,2017,26382.75422099848,11,2017_bird_055_11_trip
2017-05-16T17:55:09Z,141.79798,40.68997,bird_055,K17D79,13,2017,26387.537699222317,11,2017_bird_055_11_trip
2017-05-16T17:56:09Z,141.79813,40.69002,bird_055,K17D79,13,2017,26400.854063314106,11,2017_bird_055_11_trip
2017-05-16T17:57:09Z,141.79824000000002,40.690070000000006,bird_055,K17D79,13,2017,26411.561058511023,11,2017_bird_055_11_trip
2017-05-16T17:58:09Z,141.79851,40.68986,bird_055,K17D79,13,2017,26414.371269059517,11,2017_bird_055_11_trip
2017-05-16T17:59:08Z,141.79847,40.68989,bird_055,K17D79,13,2017,26413.874062205927,11,2017_bird_055_11_trip
2017-05-16T18:00:10Z,141.79858,40.68969,bird_055,K17D79,13,2017,26406.96534981813,11,2017_bird_055_11_trip
2017-05-16T18:01:08Z,141.80026,40.69186,bird_055,K17D79,13,2017,26669.767843654332,11,2017_bird_055_11_trip
2017-05-16T18:02:08Z,141.80036,40.691970000000005,bird_055,K17D79,13,2017,26684.06531321233,11,2017_bird_055_11_trip
2017-05-16T18:03:10Z,141.80048000000002,40.69187,bird_055,K17D79,13,2017,26684.81153310967,11,2017_bird_055_11_trip
2017-05-16T18:04:10Z,141.80062,40.69220000000001,bird_055,K17D79,13,2017,26717.27774834111,11,2017_bird_055_11_trip
2017-05-16T18:05:09Z,141.80062,40.691930000000006,bird_055,K17D79,13,2017,26698.178835277868,11,2017_bird_055_11_trip
2017-05-16T18:06:12Z,141.80081,40.69178,bird_055,K17D79,13,2017,26699.96840126815,11,2017_bird_055_11_trip
2017-05-16T18:07:14Z,141.80097,40.69176,bird_055,K17D79,13,2017,26708.994433187618,11,2017_bird_055_11_trip
2017-05-16T18:08:09Z,141.80111000000002,40.69172,bird_055,K17D79,13,2017,26715.307894657344,11,2017_bird_055_11_trip
2017-05-16T18:09:09Z,141.80136000000002,40.691930000000006,bird_055,K17D79,13,2017,26746.443053080257,11,2017_bird_055_11_trip
2017-05-16T18:10:09Z,141.80488,40.69555000000001,bird_055,K17D79,13,2017,27231.89572242825,11,2017_bird_055_11_trip
2017-05-16T18:11:09Z,141.81133000000003,40.69784,bird_055,K17D79,13,2017,27814.17119360488,11,2017_bird_055_11_trip
2017-05-16T18:12:10Z,141.8129,40.69849000000001,bird_055,K17D79,13,2017,27962.542022149944,11,2017_bird_055_11_trip
2017-05-16T18:13:12Z,141.81298,40.69827000000001,bird_055,K17D79,13,2017,27952.29693838433,11,2017_bird_055_11_trip
2017-05-16T18:14:09Z,141.81321,40.698240000000006,bird_055,K17D79,13,2017,27965.23753891359,11,2017_bird_055_11_trip
2017-05-16T18:15:10Z,141.8134,40.69815000000001,bird_055,K17D79,13,2017,27971.35402105261,11,2017_bird_055_11_trip
2017-05-16T18:16:12Z,141.81364999999997,40.69808,bird_055,K17D79,13,2017,27982.816067253854,11,2017_bird_055_11_trip
2017-05-16T18:17:13Z,141.81386999999998,40.69810000000001,bird_055,K17D79,13,2017,27998.63479883668,11,2017_bird_055_11_trip
2017-05-16T18:18:10Z,141.8141,40.69789,bird_055,K17D79,13,2017,27998.999441638236,11,2017_bird_055_11_trip
2017-05-16T18:19:09Z,141.81446,40.69791000000001,bird_055,K17D79,13,2017,28024.0196864379,11,2017_bird_055_11_trip
2017-05-16T18:20:09Z,141.81452,40.69782,bird_055,K17D79,13,2017,28021.661965090218,11,2017_bird_055_11_trip
2017-05-16T18:21:10Z,141.81484999999998,40.69781,bird_055,K17D79,13,2017,28042.632971441035,11,2017_bird_055_11_trip
2017-05-16T18:22:09Z,141.81619,40.69682,bird_055,K17D79,13,2017,28061.906288851005,11,2017_bird_055_11_trip
2017-05-16T18:23:09Z,141.81592,40.69499,bird_055,K17D79,13,2017,27917.46579427777,11,2017_bird_055_11_trip
2017-05-16T18:24:09Z,141.81898,40.69626,bird_055,K17D79,13,2017,28207.81849721609,11,2017_bird_055_11_trip
2017-05-16T18:25:09Z,141.81904999999998,40.696290000000005,bird_055,K17D79,13,2017,28214.52674599416,11,2017_bird_055_11_trip
2017-05-16T18:26:10Z,141.81915999999998,40.69596000000001,bird_055,K17D79,13,2017,28199.14656619867,11,2017_bird_055_11_trip
2017-05-16T18:27:10Z,141.82192000000003,40.69575000000001,bird_055,K17D79,13,2017,28368.50120858613,11,2017_bird_055_11_trip
2017-05-16T18:28:10Z,141.82237000000003,40.69593000000001,bird_055,K17D79,13,2017,28410.796554731853,11,2017_bird_055_11_trip
2017-05-16T18:29:10Z,141.82129000000003,40.696000000000005,bird_055,K17D79,13,2017,28343.566889416605,11,2017_bird_055_11_trip
2017-05-16T18:30:09Z,141.82149000000004,40.69571000000001,bird_055,K17D79,13,2017,28337.092256492226,11,2017_bird_055_11_trip
2017-05-16T18:31:09Z,141.82162000000002,40.695690000000006,bird_055,K17D79,13,2017,28344.39747944982,11,2017_bird_055_11_trip
2017-05-16T18:32:09Z,141.81975999999997,40.694230000000005,bird_055,K17D79,13,2017,28120.770178008912,11,2017_bird_055_11_trip
2017-05-16T18:33:09Z,141.81971,40.69382,bird_055,K17D79,13,2017,28089.525729078417,11,2017_bird_055_11_trip
2017-05-16T18:34:10Z,141.81984,40.69382,bird_055,K17D79,13,2017,28098.212851769506,11,2017_bird_055_11_trip
2017-05-16T18:35:09Z,141.81986999999998,40.693810000000006,bird_055,K17D79,13,2017,28099.537985494953,11,2017_bird_055_11_trip
2017-05-16T18:36:09Z,141.81981,40.693540000000006,bird_055,K17D79,13,2017,28077.180753832945,11,2017_bird_055_11_trip
2017-05-16T18:37:08Z,141.82001000000002,40.69377000000001,bird_055,K17D79,13,2017,28106.177707868897,11,2017_bird_055_11_trip
2017-05-16T18:38:09Z,141.81985999999998,40.69344,bird_055,K17D79,13,2017,28073.73511551362,11,2017_bird_055_11_trip
2017-05-16T18:39:09Z,141.81996999999998,40.69342,bird_055,K17D79,13,2017,28079.73684194499,11,2017_bird_055_11_trip
2017-05-16T18:40:09Z,141.82019000000005,40.69350000000001,bird_055,K17D79,13,2017,28099.88543574762,11,2017_bird_055_11_trip
2017-05-16T18:41:09Z,141.82026000000002,40.69339000000001,bird_055,K17D79,13,2017,28097.109946655768,11,2017_bird_055_11_trip
2017-05-16T18:42:09Z,141.82039000000003,40.69337000000001,bird_055,K17D79,13,2017,28104.457445533888,11,2017_bird_055_11_trip
2017-05-16T18:43:09Z,141.82051,40.69335000000001,bird_055,K17D79,13,2017,28111.137798102885,11,2017_bird_055_11_trip
2017-05-16T18:44:08Z,141.82057,40.69323000000001,bird_055,K17D79,13,2017,28107.02937997013,11,2017_bird_055_11_trip
2017-05-16T18:45:08Z,141.82074000000003,40.69330000000001,bird_055,K17D79,13,2017,28123.158286407863,11,2017_bird_055_11_trip
2017-05-16T18:46:09Z,141.82073000000003,40.69311000000001,bird_055,K17D79,13,2017,28109.630191497155,11,2017_bird_055_11_trip
2017-05-16T18:47:08Z,141.82093000000003,40.69330000000001,bird_055,K17D79,13,2017,28135.89012486629,11,2017_bird_055_11_trip
2017-05-16T18:48:08Z,141.82095,40.69319000000001,bird_055,K17D79,13,2017,28129.789071501484,11,2017_bird_055_11_trip
2017-05-16T18:49:09Z,141.82101000000003,40.69293000000001,bird_055,K17D79,13,2017,28116.238474813243,11,2017_bird_055_11_trip
2017-05-16T18:50:08Z,141.82109000000003,40.693000000000005,bird_055,K17D79,13,2017,28126.334147925387,11,2017_bird_055_11_trip
2017-05-16T18:51:08Z,141.82112000000004,40.69294000000001,bird_055,K17D79,13,2017,28124.29390186287,11,2017_bird_055_11_trip
2017-05-16T18:52:08Z,141.82141000000004,40.69288,bird_055,K17D79,13,2017,28139.706493841404,11,2017_bird_055_11_trip
2017-05-16T18:53:10Z,141.82138000000003,40.69273000000001,bird_055,K17D79,13,2017,28127.573824037707,11,2017_bird_055_11_trip
2017-05-16T18:54:08Z,141.82158,40.69293000000001,bird_055,K17D79,13,2017,28154.493004262687,11,2017_bird_055_11_trip
2017-05-16T18:55:08Z,141.82167,40.69263000000001,bird_055,K17D79,13,2017,28140.314664413632,11,2017_bird_055_11_trip
2017-05-16T18:56:08Z,141.82176,40.69284,bird_055,K17D79,13,2017,28160.512045740423,11,2017_bird_055_11_trip
2017-05-16T18:57:09Z,141.82168,40.69268,bird_055,K17D79,13,2017,28144.355051633254,11,2017_bird_055_11_trip
2017-05-16T18:58:09Z,141.82178000000002,40.692600000000006,bird_055,K17D79,13,2017,28145.686688803013,11,2017_bird_055_11_trip
2017-05-16T18:59:09Z,141.82186000000002,40.69255000000001,bird_055,K17D79,13,2017,28147.69812836381,11,2017_bird_055_11_trip
2017-05-16T19:00:08Z,141.82198000000002,40.69251000000001,bird_055,K17D79,13,2017,28153.074752339144,11,2017_bird_055_11_trip
2017-05-16T19:01:09Z,141.82211000000004,40.69267000000001,bird_055,K17D79,13,2017,28172.58238509781,11,2017_bird_055_11_trip
2017-05-16T19:02:09Z,141.82208000000003,40.69234000000001,bird_055,K17D79,13,2017,28148.3690250822,11,2017_bird_055_11_trip
2017-05-16T19:03:08Z,141.82216000000005,40.692220000000006,bird_055,K17D79,13,2017,28145.68953379199,11,2017_bird_055_11_trip
2017-05-16T19:04:08Z,141.81898,40.689310000000006,bird_055,K17D79,13,2017,27736.33670108413,11,2017_bird_055_11_trip
2017-05-16T19:05:09Z,141.81486999999998,40.68492,bird_055,K17D79,13,2017,27165.995299524995,11,2017_bird_055_11_trip
2017-05-16T19:06:10Z,141.80996,40.6812,bird_055,K17D79,13,2017,26586.522904235942,11,2017_bird_055_11_trip
2017-05-16T19:07:10Z,141.80451,40.67869,bird_055,K17D79,13,2017,26050.377715623257,11,2017_bird_055_11_trip
2017-05-16T19:08:09Z,141.79951999999997,40.6767,bird_055,K17D79,13,2017,25580.023906797636,11,2017_bird_055_11_trip
2017-05-16T19:09:11Z,141.79433,40.67328,bird_055,K17D79,13,2017,25001.23122195751,11,2017_bird_055_11_trip
2017-05-16T19:10:08Z,141.79064999999997,40.66986,bird_055,K17D79,13,2017,24525.15600072812,11,2017_bird_055_11_trip
2017-05-16T19:11:09Z,141.78684,40.66536000000001,bird_055,K17D79,13,2017,23970.286455104644,11,2017_bird_055_11_trip
2017-05-16T19:12:08Z,141.78288,40.66129,bird_055,K17D79,13,2017,23434.6714910643,11,2017_bird_055_11_trip
2017-05-16T19:13:10Z,141.77877999999998,40.65669,bird_055,K17D79,13,2017,22856.873603886692,11,2017_bird_055_11_trip
2017-05-16T19:14:08Z,141.77425999999997,40.65324,bird_055,K17D79,13,2017,22324.300503533857,11,2017_bird_055_11_trip
2017-05-16T19:15:09Z,141.76980999999998,40.64996,bird_055,K17D79,13,2017,21807.69437419017,11,2017_bird_055_11_trip
2017-05-16T19:16:09Z,141.76475999999997,40.64647,bird_055,K17D79,13,2017,21236.34480104727,11,2017_bird_055_11_trip
2017-05-16T19:17:08Z,141.76004999999998,40.64352,bird_055,K17D79,13,2017,20722.70346003332,11,2017_bird_055_11_trip
2017-05-16T19:18:08Z,141.75534000000002,40.63968,bird_055,K17D79,13,2017,20154.039817203295,11,2017_bird_055_11_trip
2017-05-16T19:19:09Z,141.75018,40.636390000000006,bird_055,K17D79,13,2017,19588.18944576673,11,2017_bird_055_11_trip
2017-05-16T19:20:08Z,141.74561999999997,40.63241000000001,bird_055,K17D79,13,2017,19022.91164498099,11,2017_bird_055_11_trip
2017-05-16T19:21:09Z,141.73993,40.62904,bird_055,K17D79,13,2017,18415.306580525757,11,2017_bird_055_11_trip
2017-05-16T19:22:08Z,141.73374999999996,40.626850000000005,bird_055,K17D79,13,2017,17844.508005898497,11,2017_bird_055_11_trip
2017-05-16T19:23:08Z,141.72768,40.623340000000006,bird_055,K17D79,13,2017,17201.35017919518,11,2017_bird_055_11_trip
2017-05-16T19:24:08Z,141.72164,40.61963,bird_055,K17D79,13,2017,16548.351631325248,11,2017_bird_055_11_trip
2017-05-16T19:25:09Z,141.71514999999997,40.6164,bird_055,K17D79,13,2017,15892.426344767264,11,2017_bird_055_11_trip
2017-05-16T19:26:08Z,141.71007999999998,40.61303,bird_055,K17D79,13,2017,15329.173805614671,11,2017_bird_055_11_trip
2017-05-16T19:27:10Z,141.70534999999998,40.60878,bird_055,K17D79,13,2017,14738.877368195095,11,2017_bird_055_11_trip
2017-05-16T19:28:09Z,141.70095999999998,40.60502,bird_055,K17D79,13,2017,14203.772852911625,11,2017_bird_055_11_trip
2017-05-16T19:29:09Z,141.69559999999998,40.60096,bird_055,K17D79,13,2017,13582.91527984213,11,2017_bird_055_11_trip
2017-05-16T19:30:08Z,141.68992,40.59745,bird_055,K17D79,13,2017,12970.994289607315,11,2017_bird_055_11_trip
2017-05-16T19:31:09Z,141.68488,40.59382,bird_055,K17D79,13,2017,12400.21151152607,11,2017_bird_055_11_trip
2017-05-16T19:32:08Z,141.67997999999997,40.590050000000005,bird_055,K17D79,13,2017,11833.853112838118,11,2017_bird_055_11_trip
2017-05-16T19:33:09Z,141.67415999999997,40.586659999999995,bird_055,K17D79,13,2017,11221.079077167136,11,2017_bird_055_11_trip
2017-05-16T19:34:08Z,141.6685,40.58294,bird_055,K17D79,13,2017,10604.060563606385,11,2017_bird_055_11_trip
2017-05-16T19:35:10Z,141.66287,40.5786,bird_055,K17D79,13,2017,9960.38140473111,11,2017_bird_055_11_trip
2017-05-16T19:36:10Z,141.65756,40.57553000000001,bird_055,K17D79,13,2017,9406.586901972796,11,2017_bird_055_11_trip
2017-05-16T19:37:10Z,141.65152,40.572320000000005,bird_055,K17D79,13,2017,8791.520762063801,11,2017_bird_055_11_trip
2017-05-16T19:38:09Z,141.64544999999998,40.56922,bird_055,K17D79,13,2017,8180.437208990363,11,2017_bird_055_11_trip
2017-05-16T19:39:09Z,141.63868,40.56609,bird_055,K17D79,13,2017,7514.987322583834,11,2017_bird_055_11_trip
2017-05-16T19:40:08Z,141.63228,40.563300000000005,bird_055,K17D79,13,2017,6894.198755791402,11,2017_bird_055_11_trip
2017-05-16T19:41:09Z,141.62497,40.56027,bird_055,K17D79,13,2017,6192.705557418185,11,2017_bird_055_11_trip
2017-05-16T19:42:08Z,141.61786999999998,40.55806,bird_055,K17D79,13,2017,5543.278142466017,11,2017_bird_055_11_trip
2017-05-16T19:43:08Z,141.61068999999998,40.5555,bird_055,K17D79,13,2017,4872.524957904699,11,2017_bird_055_11_trip
2017-05-16T19:44:09Z,141.60332,40.55319,bird_055,K17D79,13,2017,4197.651437695493,11,2017_bird_055_11_trip
2017-05-16T19:45:09Z,141.59615,40.55171,bird_055,K17D79,13,2017,3574.8867713539753,11,2017_bird_055_11_trip
2017-05-16T19:46:10Z,141.58888000000002,40.55005,bird_055,K17D79,13,2017,2938.514898707718,11,2017_bird_055_11_trip
2017-05-16T19:47:09Z,141.58186,40.54888,bird_055,K17D79,13,2017,2350.3252531018707,11,2017_bird_055_11_trip
2017-05-16T19:48:09Z,141.57574,40.54606,bird_055,K17D79,13,2017,1745.2226602257997,11,2017_bird_055_11_trip
2017-05-16T19:49:10Z,141.56841000000003,40.54427,bird_055,K17D79,13,2017,1110.7319599707191,11,2017_bird_055_11_trip
2017-05-17T05:38:07Z,141.53963,40.54339,bird_020,K17E02,18,2017,1612.6183497658562,1,2017_bird_020_1_trip
2017-05-17T05:39:06Z,141.53021,40.54528,bird_020,K17E02,18,2017,2436.0676923122155,1,2017_bird_020_1_trip
2017-05-17T05:40:07Z,141.52061,40.54756,bird_020,K17E02,18,2017,3287.762534768966,1,2017_bird_020_1_trip
2017-05-17T05:41:08Z,141.51484,40.54743,bird_020,K17E02,18,2017,3752.789761643435,1,2017_bird_020_1_trip
2017-05-17T05:42:07Z,141.51486999999997,40.54734,bird_020,K17E02,18,2017,3747.740202695871,1,2017_bird_020_1_trip
2017-05-17T05:43:06Z,141.51480999999998,40.54756,bird_020,K17E02,18,2017,3759.032216703217,1,2017_bird_020_1_trip
2017-05-17T05:44:06Z,141.51514999999998,40.54738,bird_020,K17E02,18,2017,3725.991394943964,1,2017_bird_020_1_trip
2017-05-17T05:45:08Z,141.51524,40.547439999999995,bird_020,K17E02,18,2017,3720.382618909701,1,2017_bird_020_1_trip
2017-05-17T05:46:06Z,141.51531,40.54707,bird_020,K17E02,18,2017,3704.0343867370143,1,2017_bird_020_1_trip
2017-05-17T05:47:07Z,141.51546,40.54743,bird_020,K17E02,18,2017,3702.114592796211,1,2017_bird_020_1_trip
2017-05-17T05:48:05Z,141.51550999999998,40.54758,bird_020,K17E02,18,2017,3702.4745610972222,1,2017_bird_020_1_trip
2017-05-17T05:49:06Z,141.51306999999997,40.54656,bird_020,K17E02,18,2017,3874.594219039798,1,2017_bird_020_1_trip
2017-05-17T05:50:06Z,141.51262,40.54553000000001,bird_020,K17E02,18,2017,3887.5221505795776,1,2017_bird_020_1_trip
2017-05-17T05:51:06Z,141.51287,40.54523,bird_020,K17E02,18,2017,3860.286470546456,1,2017_bird_020_1_trip
2017-05-17T05:52:06Z,141.51287,40.54518,bird_020,K17E02,18,2017,3859.233774230802,1,2017_bird_020_1_trip
2017-05-17T05:53:06Z,141.51288,40.545190000000005,bird_020,K17E02,18,2017,3858.611889260379,1,2017_bird_020_1_trip
2017-05-17T05:54:06Z,141.51288,40.545190000000005,bird_020,K17E02,18,2017,3858.611889260379,1,2017_bird_020_1_trip
2017-05-17T05:55:06Z,141.51289,40.54514,bird_020,K17E02,18,2017,3856.733100619712,1,2017_bird_020_1_trip
2017-05-17T05:56:06Z,141.51288,40.545350000000006,bird_020,K17E02,18,2017,3862.013258183008,1,2017_bird_020_1_trip
2017-05-17T05:57:05Z,141.5129,40.54513000000001,bird_020,K17E02,18,2017,3855.6925618962928,1,2017_bird_020_1_trip
2017-05-17T05:58:06Z,141.51287,40.54516,bird_020,K17E02,18,2017,3858.8148521798225,1,2017_bird_020_1_trip
2017-05-17T05:59:06Z,141.51288,40.54513000000001,bird_020,K17E02,18,2017,3857.356701313188,1,2017_bird_020_1_trip
2017-05-17T06:00:06Z,141.51295,40.54499,bird_020,K17E02,18,2017,3848.6423762759578,1,2017_bird_020_1_trip
2017-05-17T06:01:06Z,141.51295,40.54487,bird_020,K17E02,18,2017,3846.21356034088,1,2017_bird_020_1_trip
2017-05-17T06:02:06Z,141.5129,40.54509,bird_020,K17E02,18,2017,3854.8615782975976,1,2017_bird_020_1_trip
2017-05-17T06:03:05Z,141.51282,40.545100000000005,bird_020,K17E02,18,2017,3861.726654296391,1,2017_bird_020_1_trip
2017-05-17T06:04:06Z,141.51287,40.54511000000001,bird_020,K17E02,18,2017,3857.772941751662,1,2017_bird_020_1_trip
2017-05-17T06:05:06Z,141.51293,40.54502,bird_020,K17E02,18,2017,3850.92160842967,1,2017_bird_020_1_trip
2017-05-17T06:06:05Z,141.51293,40.54497,bird_020,K17E02,18,2017,3849.899978804935,1,2017_bird_020_1_trip
2017-05-17T06:07:05Z,141.51288,40.54515000000001,bird_020,K17E02,18,2017,3857.7738641083342,1,2017_bird_020_1_trip
2017-05-17T06:08:05Z,141.51295,40.54511000000001,bird_020,K17E02,18,2017,3851.115768565915,1,2017_bird_020_1_trip
2017-05-17T06:09:05Z,141.51288,40.5449,bird_020,K17E02,18,2017,3852.6481026730976,1,2017_bird_020_1_trip
2017-05-17T06:10:06Z,141.51285,40.54515000000001,bird_020,K17E02,18,2017,3860.269851936903,1,2017_bird_020_1_trip
2017-05-17T06:11:05Z,141.51286,40.54504,bird_020,K17E02,18,2017,3857.159713018438,1,2017_bird_020_1_trip
2017-05-17T06:12:06Z,141.51285,40.54525,bird_020,K17E02,18,2017,3862.372794110053,1,2017_bird_020_1_trip
2017-05-17T06:13:06Z,141.51289,40.54532,bird_020,K17E02,18,2017,3860.538296787169,1,2017_bird_020_1_trip
2017-05-17T06:14:06Z,141.51321,40.54526,bird_020,K17E02,18,2017,3832.655011201202,1,2017_bird_020_1_trip
2017-05-17T06:15:06Z,141.51321,40.5452,bird_020,K17E02,18,2017,3831.37777765439,1,2017_bird_020_1_trip
2017-05-17T06:16:05Z,141.51325999999997,40.54516,bird_020,K17E02,18,2017,3826.373974711248,1,2017_bird_020_1_trip
2017-05-17T06:17:04Z,141.51319999999998,40.545100000000005,bird_020,K17E02,18,2017,3830.105867555366,1,2017_bird_020_1_trip
2017-05-17T06:18:05Z,141.51313,40.54522,bird_020,K17E02,18,2017,3838.454051535504,1,2017_bird_020_1_trip
2017-05-17T06:19:05Z,141.51322,40.54524,bird_020,K17E02,18,2017,3831.3966792857263,1,2017_bird_020_1_trip
2017-05-17T06:20:05Z,141.51313,40.54525,bird_020,K17E02,18,2017,3839.0920231462505,1,2017_bird_020_1_trip
2017-05-17T06:21:05Z,141.51317999999998,40.54505,bird_020,K17E02,18,2017,3830.730253807036,1,2017_bird_020_1_trip
2017-05-17T06:22:05Z,141.51307999999997,40.54513000000001,bird_020,K17E02,18,2017,3840.716493982302,1,2017_bird_020_1_trip
2017-05-17T06:23:05Z,141.51318999999998,40.54508,bird_020,K17E02,18,2017,3830.52099776714,1,2017_bird_020_1_trip
2017-05-17T06:24:06Z,141.51314,40.54516,bird_020,K17E02,18,2017,3836.354696085676,1,2017_bird_020_1_trip
2017-05-17T06:25:05Z,141.51296,40.54523,bird_020,K17E02,18,2017,3852.8020794693434,1,2017_bird_020_1_trip
2017-05-17T06:26:06Z,141.51309999999998,40.545100000000005,bird_020,K17E02,18,2017,3838.426206987873,1,2017_bird_020_1_trip
2017-05-17T06:27:05Z,141.51300999999998,40.54515000000001,bird_020,K17E02,18,2017,3846.958604777776,1,2017_bird_020_1_trip
2017-05-17T06:28:04Z,141.51319999999998,40.54497,bird_020,K17E02,18,2017,3827.4178205196295,1,2017_bird_020_1_trip
2017-05-17T06:29:07Z,141.51295,40.54513000000001,bird_020,K17E02,18,2017,3851.532328418923,1,2017_bird_020_1_trip
2017-05-17T06:30:06Z,141.51296,40.54511000000001,bird_020,K17E02,18,2017,3850.283651365022,1,2017_bird_020_1_trip
2017-05-17T06:31:04Z,141.51273,40.54552,bird_020,K17E02,18,2017,3878.168321488879,1,2017_bird_020_1_trip
2017-05-17T06:32:04Z,141.51282,40.54524,bird_020,K17E02,18,2017,3864.655936945054,1,2017_bird_020_1_trip
2017-05-17T06:33:05Z,141.51313,40.54553000000001,bird_020,K17E02,18,2017,3845.1805015277528,1,2017_bird_020_1_trip
2017-05-17T06:34:06Z,141.51308999999998,40.54547,bird_020,K17E02,18,2017,3847.176833756394,1,2017_bird_020_1_trip
2017-05-17T06:35:05Z,141.51339,40.548950000000005,bird_020,K17E02,18,2017,3917.5795351837182,1,2017_bird_020_1_trip
2017-05-17T06:36:06Z,141.51327999999998,40.554959999999994,bird_020,K17E02,18,2017,4170.683970437077,1,2017_bird_020_1_trip
2017-05-17T06:37:08Z,141.51407999999998,40.55694,bird_020,K17E02,18,2017,4211.512801501532,1,2017_bird_020_1_trip
2017-05-17T06:38:07Z,141.51415999999998,40.55705999999999,bird_020,K17E02,18,2017,4212.045850932453,1,2017_bird_020_1_trip
2017-05-17T06:39:06Z,141.51358999999997,40.55759,bird_020,K17E02,18,2017,4282.941124435506,1,2017_bird_020_1_trip
2017-05-17T06:40:06Z,141.51429,40.55693,bird_020,K17E02,18,2017,4195.411122318695,1,2017_bird_020_1_trip
2017-05-17T06:41:06Z,141.51449999999997,40.55669,bird_020,K17E02,18,2017,4166.960649490858,1,2017_bird_020_1_trip
2017-05-17T06:42:06Z,141.51414,40.55703,bird_020,K17E02,18,2017,4211.907618397754,1,2017_bird_020_1_trip
2017-05-17T06:43:07Z,141.5142,40.55705,bird_020,K17E02,18,2017,4208.545624464483,1,2017_bird_020_1_trip
2017-05-17T06:44:04Z,141.51412,40.55693,bird_020,K17E02,18,2017,4208.0101871575625,1,2017_bird_020_1_trip
2017-05-17T06:45:04Z,141.51414,40.556999999999995,bird_020,K17E02,18,2017,4210.2911828052875,1,2017_bird_020_1_trip
2017-05-17T06:46:05Z,141.51443,40.55701,bird_020,K17E02,18,2017,4189.368662460926,1,2017_bird_020_1_trip
2017-05-17T06:47:05Z,141.51406999999998,40.55698,bird_020,K17E02,18,2017,4214.402013074478,1,2017_bird_020_1_trip
2017-05-17T06:48:05Z,141.51389999999998,40.55692,bird_020,K17E02,18,2017,4223.797420531598,1,2017_bird_020_1_trip
2017-05-17T06:49:05Z,141.51421,40.55685,bird_020,K17E02,18,2017,4197.045293389109,1,2017_bird_020_1_trip
2017-05-17T06:50:05Z,141.51388999999998,40.557019999999994,bird_020,K17E02,18,2017,4229.894287990552,1,2017_bird_020_1_trip
2017-05-17T06:51:05Z,141.51394,40.55701,bird_020,K17E02,18,2017,4225.650234242933,1,2017_bird_020_1_trip
2017-05-17T06:52:05Z,141.51423,40.55693,bird_020,K17E02,18,2017,4199.856528865511,1,2017_bird_020_1_trip
2017-05-17T06:53:07Z,141.51416999999998,40.556999999999995,bird_020,K17E02,18,2017,4208.069209237271,1,2017_bird_020_1_trip
2017-05-17T06:54:06Z,141.51413,40.557039999999994,bird_020,K17E02,18,2017,4213.187236546249,1,2017_bird_020_1_trip
2017-05-17T06:55:06Z,141.51432,40.55707999999999,bird_020,K17E02,18,2017,4201.293447988198,1,2017_bird_020_1_trip
2017-05-17T06:56:07Z,141.51439,40.556819999999995,bird_020,K17E02,18,2017,4182.086849695604,1,2017_bird_020_1_trip
2017-05-17T06:57:07Z,141.51432,40.557039999999994,bird_020,K17E02,18,2017,4199.127320636053,1,2017_bird_020_1_trip
2017-05-17T06:58:07Z,141.51422,40.55695,bird_020,K17E02,18,2017,4201.673348983537,1,2017_bird_020_1_trip
2017-05-17T06:59:07Z,141.51388999999998,40.556819999999995,bird_020,K17E02,18,2017,4219.207878534633,1,2017_bird_020_1_trip
2017-05-17T07:00:07Z,141.51396999999997,40.55714,bird_020,K17E02,18,2017,4230.427204705247,1,2017_bird_020_1_trip
2017-05-17T07:01:06Z,141.51361999999995,40.557199999999995,bird_020,K17E02,18,2017,4259.578428359693,1,2017_bird_020_1_trip
2017-05-17T07:02:07Z,141.51411,40.55705,bird_020,K17E02,18,2017,4215.207272998651,1,2017_bird_020_1_trip
2017-05-17T07:03:07Z,141.5144,40.55693,bird_020,K17E02,18,2017,4187.264975164653,1,2017_bird_020_1_trip
2017-05-17T07:04:06Z,141.51414999999997,40.55707999999999,bird_020,K17E02,18,2017,4213.866213007401,1,2017_bird_020_1_trip
2017-05-17T07:05:06Z,141.51424999999998,40.55698,bird_020,K17E02,18,2017,4201.067122093099,1,2017_bird_020_1_trip
2017-05-17T07:06:06Z,141.51425999999998,40.55705,bird_020,K17E02,18,2017,4204.106341511124,1,2017_bird_020_1_trip
2017-05-17T07:07:06Z,141.51434,40.55697,bird_020,K17E02,18,2017,4193.86474625351,1,2017_bird_020_1_trip
2017-05-17T07:08:07Z,141.51437,40.55703,bird_020,K17E02,18,2017,4194.888323570147,1,2017_bird_020_1_trip
2017-05-17T07:09:06Z,141.51406999999998,40.55707999999999,bird_020,K17E02,18,2017,4219.786850360179,1,2017_bird_020_1_trip
2017-05-17T07:10:05Z,141.51395999999997,40.55689,bird_020,K17E02,18,2017,4217.739633379213,1,2017_bird_020_1_trip
2017-05-17T07:11:06Z,141.51412,40.557019999999994,bird_020,K17E02,18,2017,4212.849719636471,1,2017_bird_020_1_trip
2017-05-17T07:12:06Z,141.5144,40.5569,bird_020,K17E02,18,2017,4185.64785246308,1,2017_bird_020_1_trip
2017-05-17T07:13:06Z,141.51449999999997,40.55679,bird_020,K17E02,18,2017,4172.321054577406,1,2017_bird_020_1_trip
2017-05-17T07:14:06Z,141.5142,40.557039999999994,bird_020,K17E02,18,2017,4208.005571328317,1,2017_bird_020_1_trip
2017-05-17T07:15:06Z,141.51393,40.55705,bird_020,K17E02,18,2017,4228.540320175327,1,2017_bird_020_1_trip
2017-05-17T07:16:05Z,141.51448,40.55698,bird_020,K17E02,18,2017,4184.047106937176,1,2017_bird_020_1_trip
2017-05-17T07:17:06Z,141.51371999999998,40.557089999999995,bird_020,K17E02,18,2017,4246.2561498801615,1,2017_bird_020_1_trip
2017-05-17T07:18:07Z,141.51429,40.55698,bird_020,K17E02,18,2017,4198.105581244397,1,2017_bird_020_1_trip
2017-05-17T07:19:06Z,141.51432,40.55697,bird_020,K17E02,18,2017,4195.345222665871,1,2017_bird_020_1_trip
2017-05-17T07:20:07Z,141.51385999999997,40.55707999999999,bird_020,K17E02,18,2017,4235.340732523511,1,2017_bird_020_1_trip
2017-05-17T07:21:06Z,141.51527,40.55683,bird_020,K17E02,18,2017,4117.54460312462,1,2017_bird_020_1_trip
2017-05-17T07:22:06Z,141.51438,40.55698,bird_020,K17E02,18,2017,4191.44447819221,1,2017_bird_020_1_trip
2017-05-17T07:23:06Z,141.51397999999998,40.557019999999994,bird_020,K17E02,18,2017,4223.22216285303,1,2017_bird_020_1_trip
2017-05-17T07:24:05Z,141.51419,40.55698,bird_020,K17E02,18,2017,4205.510641541125,1,2017_bird_020_1_trip
2017-05-17T07:25:05Z,141.51424999999998,40.55685999999999,bird_020,K17E02,18,2017,4194.614430868486,1,2017_bird_020_1_trip
2017-05-17T07:26:05Z,141.51441,40.55692,bird_020,K17E02,18,2017,4185.9852971863975,1,2017_bird_020_1_trip
2017-05-17T07:27:05Z,141.51404,40.55697,bird_020,K17E02,18,2017,4216.088786236474,1,2017_bird_020_1_trip
2017-05-17T07:28:06Z,141.51395999999997,40.556999999999995,bird_020,K17E02,18,2017,4223.630585028119,1,2017_bird_020_1_trip
2017-05-17T07:29:07Z,141.51426999999998,40.55712,bird_020,K17E02,18,2017,4207.157899347499,1,2017_bird_020_1_trip
2017-05-17T07:30:06Z,141.51494,40.55819,bird_020,K17E02,18,2017,4217.725951914443,1,2017_bird_020_1_trip
2017-05-17T07:31:07Z,141.51679,40.563010000000006,bird_020,K17E02,18,2017,4392.574424737285,1,2017_bird_020_1_trip
2017-05-17T07:32:34Z,141.52185,40.569700000000005,bird_020,K17E02,18,2017,4592.646153577796,1,2017_bird_020_1_trip
2017-05-17T07:33:06Z,141.52283000000003,40.5724,bird_020,K17E02,18,2017,4770.385558743616,1,2017_bird_020_1_trip
2017-05-17T07:34:06Z,141.52505,40.57716,bird_020,K17E02,18,2017,5092.184691350085,1,2017_bird_020_1_trip
2017-05-17T07:35:06Z,141.52646,40.58209,bird_020,K17E02,18,2017,5502.077951927391,1,2017_bird_020_1_trip
2017-05-17T07:36:06Z,141.52833000000004,40.58725999999999,bird_020,K17E02,18,2017,5944.407957347123,1,2017_bird_020_1_trip
2017-05-17T07:37:05Z,141.53044000000003,40.592940000000006,bird_020,K17E02,18,2017,6457.153333192843,1,2017_bird_020_1_trip
2017-05-17T07:38:06Z,141.53184000000002,40.59917000000001,bird_020,K17E02,18,2017,7070.346923986523,1,2017_bird_020_1_trip
2017-05-17T07:39:06Z,141.53254,40.60459,bird_020,K17E02,18,2017,7628.376845032764,1,2017_bird_020_1_trip
2017-05-17T07:40:05Z,141.53385999999998,40.61062,bird_020,K17E02,18,2017,8245.66237485876,1,2017_bird_020_1_trip
2017-05-17T07:41:06Z,141.53528,40.61731,bird_020,K17E02,18,2017,8941.766571205868,1,2017_bird_020_1_trip
2017-05-17T07:42:06Z,141.53605,40.62391000000001,bird_020,K17E02,18,2017,9646.793848316143,1,2017_bird_020_1_trip
2017-05-17T07:43:05Z,141.53596,40.63119,bird_020,K17E02,18,2017,10443.055478753577,1,2017_bird_020_1_trip
2017-05-17T07:44:05Z,141.53531,40.638420000000004,bird_020,K17E02,18,2017,11243.441772386754,1,2017_bird_020_1_trip
2017-05-17T07:45:06Z,141.53446,40.64646,bird_020,K17E02,18,2017,12135.908396446745,1,2017_bird_020_1_trip
2017-05-17T07:46:06Z,141.53402,40.65402,bird_020,K17E02,18,2017,12970.7853979069,1,2017_bird_020_1_trip
2017-05-17T07:47:06Z,141.53437,40.66103,bird_020,K17E02,18,2017,13736.18745448412,1,2017_bird_020_1_trip
2017-05-17T07:48:05Z,141.53549999999998,40.66794,bird_020,K17E02,18,2017,14483.359875548029,1,2017_bird_020_1_trip
2017-05-17T07:49:05Z,141.53654,40.6746,bird_020,K17E02,18,2017,15206.460200561994,1,2017_bird_020_1_trip
2017-05-17T07:50:06Z,141.5386,40.68176,bird_020,K17E02,18,2017,15977.852619825991,1,2017_bird_020_1_trip
2017-05-17T07:51:05Z,141.54126,40.68778,bird_020,K17E02,18,2017,16622.854060236627,1,2017_bird_020_1_trip
2017-05-17T07:52:06Z,141.54478999999998,40.69346,bird_020,K17E02,18,2017,17230.120825323775,1,2017_bird_020_1_trip
2017-05-17T07:53:05Z,141.54774999999998,40.699250000000006,bird_020,K17E02,18,2017,17858.412720342752,1,2017_bird_020_1_trip
2017-05-17T07:54:06Z,141.55098,40.70388,bird_020,K17E02,18,2017,18361.64673554904,1,2017_bird_020_1_trip
2017-05-17T07:55:05Z,141.55491,40.709050000000005,bird_020,K17E02,18,2017,18928.583619279012,1,2017_bird_020_1_trip
2017-05-17T07:56:05Z,141.55911,40.71451,bird_020,K17E02,18,2017,19533.95202646902,1,2017_bird_020_1_trip
2017-05-17T07:57:09Z,141.56374,40.720470000000006,bird_020,K17E02,18,2017,20202.05785047765,1,2017_bird_020_1_trip
2017-05-17T07:58:05Z,141.56842000000003,40.725130000000014,bird_020,K17E02,18,2017,20733.07691394762,1,2017_bird_020_1_trip
2017-05-17T07:59:06Z,141.57286,40.730410000000006,bird_020,K17E02,18,2017,21338.279535064717,1,2017_bird_020_1_trip
2017-05-17T08:00:06Z,141.57625,40.73693000000001,bird_020,K17E02,18,2017,22079.664719413977,1,2017_bird_020_1_trip
2017-05-17T08:01:05Z,141.57795,40.743930000000006,bird_020,K17E02,18,2017,22865.456935604143,1,2017_bird_020_1_trip
2017-05-17T08:02:07Z,141.57523,40.75107,bird_020,K17E02,18,2017,23640.54159317156,1,2017_bird_020_1_trip
2017-05-17T08:03:13Z,141.57148,40.753330000000005,bird_020,K17E02,18,2017,23873.321148070107,1,2017_bird_020_1_trip
2017-05-17T08:04:10Z,141.57164999999998,40.75337,bird_020,K17E02,18,2017,23878.468882520025,1,2017_bird_020_1_trip
2017-05-17T08:05:07Z,141.56438,40.75491,bird_020,K17E02,18,2017,24026.74530613433,1,2017_bird_020_1_trip
2017-05-17T08:06:10Z,141.56394999999998,40.75528,bird_020,K17E02,18,2017,24066.983047065412,1,2017_bird_020_1_trip
2017-05-17T08:07:06Z,141.56378999999998,40.755320000000005,bird_020,K17E02,18,2017,24071.12589421232,1,2017_bird_020_1_trip
2017-05-17T08:08:08Z,141.56373,40.7556,bird_020,K17E02,18,2017,24102.10265118619,1,2017_bird_020_1_trip
2017-05-17T08:09:08Z,141.56360999999998,40.75587,bird_020,K17E02,18,2017,24131.86315728686,1,2017_bird_020_1_trip
2017-05-17T08:10:33Z,141.56211000000002,40.75689,bird_020,K17E02,18,2017,24242.78142948949,1,2017_bird_020_1_trip
2017-05-17T08:11:04Z,141.55987,40.76012000000001,bird_020,K17E02,18,2017,24599.220477834264,1,2017_bird_020_1_trip
2017-05-17T08:12:04Z,141.55602000000002,40.766960000000005,bird_020,K17E02,18,2017,25358.404213806945,1,2017_bird_020_1_trip
2017-05-17T08:13:04Z,141.55131000000003,40.77419,bird_020,K17E02,18,2017,26166.35145234349,1,2017_bird_020_1_trip
2017-05-17T08:14:04Z,141.54784999999998,40.7817,bird_020,K17E02,18,2017,27007.517878530023,1,2017_bird_020_1_trip
2017-05-17T08:15:04Z,141.54467999999997,40.78912,bird_020,K17E02,18,2017,27840.365670706266,1,2017_bird_020_1_trip
2017-05-17T08:16:04Z,141.54464,40.79611000000001,bird_020,K17E02,18,2017,28616.149659820745,1,2017_bird_020_1_trip
2017-05-17T08:17:05Z,141.54482,40.79876000000001,bird_020,K17E02,18,2017,28909.644512145573,1,2017_bird_020_1_trip
2017-05-17T08:18:05Z,141.54467999999997,40.798840000000006,bird_020,K17E02,18,2017,28918.967149843877,1,2017_bird_020_1_trip
2017-05-17T08:19:04Z,141.54467999999997,40.79898000000001,bird_020,K17E02,18,2017,28934.503013372883,1,2017_bird_020_1_trip
2017-05-17T08:20:04Z,141.541,40.80032,bird_020,K17E02,18,2017,29096.556163856556,1,2017_bird_020_1_trip
2017-05-17T08:21:05Z,141.53972,40.79982,bird_020,K17E02,18,2017,29046.529210151548,1,2017_bird_020_1_trip
2017-05-17T08:22:05Z,141.5398,40.79974000000001,bird_020,K17E02,18,2017,29037.305846984065,1,2017_bird_020_1_trip
2017-05-17T08:23:04Z,141.54,40.79782,bird_020,K17E02,18,2017,28823.5015283312,1,2017_bird_020_1_trip
2017-05-17T08:24:05Z,141.53858,40.795660000000005,bird_020,K17E02,18,2017,28590.46146951712,1,2017_bird_020_1_trip
2017-05-17T08:25:04Z,141.53853,40.79565000000001,bird_020,K17E02,18,2017,28589.590919774113,1,2017_bird_020_1_trip
2017-05-17T08:26:04Z,141.53802000000002,40.79554000000001,bird_020,K17E02,18,2017,28579.861088429952,1,2017_bird_020_1_trip
2017-05-17T08:27:04Z,141.53096,40.79841000000001,bird_020,K17E02,18,2017,28938.38623954922,1,2017_bird_020_1_trip
2017-05-17T08:28:04Z,141.52863000000002,40.80007,bird_020,K17E02,18,2017,29138.07327266571,1,2017_bird_020_1_trip
2017-05-17T08:29:04Z,141.52856,40.80009,bird_020,K17E02,18,2017,29140.78456173235,1,2017_bird_020_1_trip
2017-05-17T08:30:04Z,141.52837000000002,40.8001,bird_020,K17E02,18,2017,29143.249270071075,1,2017_bird_020_1_trip
2017-05-17T08:31:04Z,141.52835000000002,40.79993000000001,bird_020,K17E02,18,2017,29124.582667918978,1,2017_bird_020_1_trip
2017-05-17T08:32:04Z,141.52398,40.79858000000001,bird_020,K17E02,18,2017,29009.09106504916,1,2017_bird_020_1_trip
2017-05-17T08:33:04Z,141.52405,40.79849000000001,bird_020,K17E02,18,2017,28998.56521045991,1,2017_bird_020_1_trip
2017-05-17T08:34:06Z,141.52413,40.79852000000001,bird_020,K17E02,18,2017,29001.219728139014,1,2017_bird_020_1_trip
2017-05-17T08:35:05Z,141.52415,40.79852000000001,bird_020,K17E02,18,2017,29001.05473736898,1,2017_bird_020_1_trip
2017-05-17T08:36:05Z,141.52415,40.79858000000001,bird_020,K17E02,18,2017,29007.685852900715,1,2017_bird_020_1_trip
2017-05-17T08:37:05Z,141.52425,40.79857000000001,bird_020,K17E02,18,2017,29005.757334732843,1,2017_bird_020_1_trip
2017-05-17T08:38:06Z,141.52436,40.79849000000001,bird_020,K17E02,18,2017,28996.012481136775,1,2017_bird_020_1_trip
2017-05-17T08:39:05Z,141.52444000000003,40.798530000000014,bird_020,K17E02,18,2017,28999.778624027294,1,2017_bird_020_1_trip
2017-05-17T08:40:04Z,141.52455999999998,40.79852000000001,bird_020,K17E02,18,2017,28997.69395358774,1,2017_bird_020_1_trip
2017-05-17T08:41:05Z,141.52456999999998,40.79863000000001,bird_020,K17E02,18,2017,29009.771000709672,1,2017_bird_020_1_trip
2017-05-17T08:42:06Z,141.52459,40.79878000000001,bird_020,K17E02,18,2017,29026.188177434215,1,2017_bird_020_1_trip
2017-05-17T08:43:06Z,141.52477,40.798840000000006,bird_020,K17E02,18,2017,29031.360792392115,1,2017_bird_020_1_trip
2017-05-17T08:44:05Z,141.52493,40.79880000000001,bird_020,K17E02,18,2017,29025.64843537922,1,2017_bird_020_1_trip
2017-05-17T08:45:06Z,141.5251,40.79896000000001,bird_020,K17E02,18,2017,29041.97171810912,1,2017_bird_020_1_trip
2017-05-17T08:46:06Z,141.52522000000002,40.79897000000001,bird_020,K17E02,18,2017,29042.11882235283,1,2017_bird_020_1_trip
2017-05-17T08:47:05Z,141.52536,40.79906,bird_020,K17E02,18,2017,29050.95534407319,1,2017_bird_020_1_trip
2017-05-17T08:48:06Z,141.52549000000002,40.79921000000001,bird_020,K17E02,18,2017,29066.51017987838,1,2017_bird_020_1_trip
2017-05-17T08:49:06Z,141.52563,40.79899000000001,bird_020,K17E02,18,2017,29041.08214129794,1,2017_bird_020_1_trip
2017-05-17T08:50:06Z,141.5257,40.799040000000005,bird_020,K17E02,18,2017,29046.06015244858,1,2017_bird_020_1_trip
2017-05-17T08:51:06Z,141.52595,40.79901000000001,bird_020,K17E02,18,2017,29040.787326968784,1,2017_bird_020_1_trip
2017-05-17T08:52:04Z,141.53088,40.79829000000001,bird_020,K17E02,18,2017,28925.62848362388,1,2017_bird_020_1_trip
2017-05-17T08:53:06Z,141.53604,40.79748,bird_020,K17E02,18,2017,28805.049942362984,1,2017_bird_020_1_trip
2017-05-17T08:54:07Z,141.53609,40.79712000000001,bird_020,K17E02,18,2017,28764.884865067714,1,2017_bird_020_1_trip
2017-05-17T08:55:08Z,141.53633000000002,40.79744,bird_020,K17E02,18,2017,28799.07492168789,1,2017_bird_020_1_trip
2017-05-17T08:56:05Z,141.54081,40.79549000000001,bird_020,K17E02,18,2017,28561.61775989692,1,2017_bird_020_1_trip
2017-05-17T08:57:06Z,141.54594999999998,40.793600000000005,bird_020,K17E02,18,2017,28333.553103416703,1,2017_bird_020_1_trip
2017-05-17T08:58:10Z,141.54694999999998,40.79305000000001,bird_020,K17E02,18,2017,28269.692052535265,1,2017_bird_020_1_trip
2017-05-17T08:59:08Z,141.54695999999998,40.79279000000001,bird_020,K17E02,18,2017,28240.806850227626,1,2017_bird_020_1_trip
2017-05-17T09:00:08Z,141.54702,40.79279000000001,bird_020,K17E02,18,2017,28240.645624835408,1,2017_bird_020_1_trip
2017-05-17T09:01:07Z,141.54715,40.79255000000001,bird_020,K17E02,18,2017,28213.66057029126,1,2017_bird_020_1_trip
2017-05-17T09:02:08Z,141.54728,40.79247000000001,bird_020,K17E02,18,2017,28204.43860172236,1,2017_bird_020_1_trip
2017-05-17T09:03:08Z,141.5474,40.79239000000001,bird_020,K17E02,18,2017,28195.246563188088,1,2017_bird_020_1_trip
2017-05-17T09:04:06Z,141.54757999999998,40.79265000000001,bird_020,K17E02,18,2017,28223.644813458424,1,2017_bird_020_1_trip
2017-05-17T09:05:08Z,141.54774999999998,40.79265000000001,bird_020,K17E02,18,2017,28223.21679826374,1,2017_bird_020_1_trip
2017-05-17T09:06:10Z,141.5478,40.79259000000001,bird_020,K17E02,18,2017,28216.432195667243,1,2017_bird_020_1_trip
2017-05-17T09:07:10Z,141.54793,40.79253000000001,bird_020,K17E02,18,2017,28209.45121262511,1,2017_bird_020_1_trip
2017-05-17T09:08:11Z,141.54803,40.79243000000001,bird_020,K17E02,18,2017,28198.10689944228,1,2017_bird_020_1_trip
2017-05-17T09:09:06Z,141.54797,40.790870000000005,bird_020,K17E02,18,2017,28025.088204028605,1,2017_bird_020_1_trip
2017-05-17T09:10:05Z,141.54768,40.78707,bird_020,K17E02,18,2017,27604.015126037004,1,2017_bird_020_1_trip
2017-05-17T09:11:09Z,141.54935999999998,40.78326,bird_020,K17E02,18,2017,27177.09985891627,1,2017_bird_020_1_trip
2017-05-17T09:12:33Z,141.55161,40.78178,bird_020,K17E02,18,2017,27008.560575131694,1,2017_bird_020_1_trip
2017-05-17T09:13:33Z,141.55171,40.78189,bird_020,K17E02,18,2017,27020.61659295085,1,2017_bird_020_1_trip
2017-05-17T09:14:04Z,141.55182000000002,40.78187,bird_020,K17E02,18,2017,27018.22600020508,1,2017_bird_020_1_trip
2017-05-17T09:15:04Z,141.55172000000002,40.78179,bird_020,K17E02,18,2017,27009.497930175916,1,2017_bird_020_1_trip
2017-05-17T09:16:04Z,141.55276,40.78172,bird_020,K17E02,18,2017,27000.24851424641,1,2017_bird_020_1_trip
2017-05-17T09:17:04Z,141.553,40.78164,bird_020,K17E02,18,2017,26991.065231368153,1,2017_bird_020_1_trip
2017-05-17T09:18:04Z,141.55278,40.78161,bird_020,K17E02,18,2017,26988.00884575781,1,2017_bird_020_1_trip
2017-05-17T09:19:03Z,141.55295,40.78138,bird_020,K17E02,18,2017,26962.256706926655,1,2017_bird_020_1_trip
2017-05-17T09:20:05Z,141.55308,40.78178,bird_020,K17E02,18,2017,27006.51390149064,1,2017_bird_020_1_trip
2017-05-17T09:21:06Z,141.55308,40.78193,bird_020,K17E02,18,2017,27023.16967969882,1,2017_bird_020_1_trip
2017-05-17T09:22:04Z,141.55333000000002,40.78194,bird_020,K17E02,18,2017,27023.989100722203,1,2017_bird_020_1_trip
2017-05-17T09:23:04Z,141.55318,40.78207,bird_020,K17E02,18,2017,27038.59676833299,1,2017_bird_020_1_trip
2017-05-17T09:24:04Z,141.55329,40.78201000000001,bird_020,K17E02,18,2017,27031.807312063986,1,2017_bird_020_1_trip
2017-05-17T09:25:04Z,141.55336,40.78229,bird_020,K17E02,18,2017,27062.819256907133,1,2017_bird_020_1_trip
2017-05-17T09:26:04Z,141.55343000000002,40.782430000000005,bird_020,K17E02,18,2017,27078.287050713177,1,2017_bird_020_1_trip
2017-05-17T09:27:04Z,141.5535,40.78244,bird_020,K17E02,18,2017,27079.32095622455,1,2017_bird_020_1_trip
2017-05-17T09:28:05Z,141.55351,40.78245,bird_020,K17E02,18,2017,27080.420539713996,1,2017_bird_020_1_trip
2017-05-17T09:29:04Z,141.55365999999998,40.782520000000005,bird_020,K17E02,18,2017,27088.03426525636,1,2017_bird_020_1_trip
2017-05-17T09:30:03Z,141.55331,40.782210000000006,bird_020,K17E02,18,2017,27053.992475103132,1,2017_bird_020_1_trip
2017-05-17T09:31:04Z,141.55379,40.78244,bird_020,K17E02,18,2017,27079.017823702176,1,2017_bird_020_1_trip
2017-05-17T09:32:04Z,141.55401,40.78242,bird_020,K17E02,18,2017,27076.581820601597,1,2017_bird_020_1_trip
2017-05-17T09:33:04Z,141.55363,40.78228,bird_020,K17E02,18,2017,27061.415744202503,1,2017_bird_020_1_trip
2017-05-17T09:34:05Z,141.55397,40.78213000000001,bird_020,K17E02,18,2017,27044.417660969695,1,2017_bird_020_1_trip
2017-05-17T09:35:03Z,141.55407,40.78233000000001,bird_020,K17E02,18,2017,27066.531494530285,1,2017_bird_020_1_trip
2017-05-17T09:36:03Z,141.55429,40.78215000000001,bird_020,K17E02,18,2017,27046.344650542655,1,2017_bird_020_1_trip
2017-05-17T09:37:04Z,141.55445,40.78231000000001,bird_020,K17E02,18,2017,27063.97495848096,1,2017_bird_020_1_trip
2017-05-17T09:38:04Z,141.5568,40.77947,bird_020,K17E02,18,2017,26747.366550515588,1,2017_bird_020_1_trip
2017-05-17T09:39:04Z,141.55846000000005,40.77696,bird_020,K17E02,18,2017,26468.64497259893,1,2017_bird_020_1_trip
2017-05-17T09:40:06Z,141.55915,40.77734,bird_020,K17E02,18,2017,26511.067385021262,1,2017_bird_020_1_trip
2017-05-17T09:41:04Z,141.55825000000002,40.77752,bird_020,K17E02,18,2017,26530.789953662133,1,2017_bird_020_1_trip
2017-05-17T09:42:03Z,141.55831000000003,40.77785,bird_020,K17E02,18,2017,26567.447180921114,1,2017_bird_020_1_trip
2017-05-17T09:43:04Z,141.55842000000004,40.77807000000001,bird_020,K17E02,18,2017,26591.90057492735,1,2017_bird_020_1_trip
2017-05-17T09:44:04Z,141.55841000000004,40.778290000000005,bird_020,K17E02,18,2017,26616.32922771772,1,2017_bird_020_1_trip
2017-05-17T09:45:04Z,141.55840000000003,40.77835000000001,bird_020,K17E02,18,2017,26622.990029139863,1,2017_bird_020_1_trip
2017-05-17T09:46:04Z,141.55833000000004,40.77862,bird_020,K17E02,18,2017,26652.95902194852,1,2017_bird_020_1_trip
2017-05-17T09:47:04Z,141.55875,40.77889,bird_020,K17E02,18,2017,26683.04780954629,1,2017_bird_020_1_trip
2017-05-17T09:48:05Z,141.55853000000002,40.77884,bird_020,K17E02,18,2017,26677.434211041433,1,2017_bird_020_1_trip
2017-05-17T09:49:05Z,141.55853000000002,40.77886,bird_020,K17E02,18,2017,26679.655194133236,1,2017_bird_020_1_trip
2017-05-17T09:50:03Z,141.55869,40.77922,bird_020,K17E02,18,2017,26719.676011466825,1,2017_bird_020_1_trip
2017-05-17T09:51:04Z,141.55859,40.77911000000001,bird_020,K17E02,18,2017,26707.432857704975,1,2017_bird_020_1_trip
2017-05-17T09:52:04Z,141.55861000000002,40.77922,bird_020,K17E02,18,2017,26719.653594944575,1,2017_bird_020_1_trip
2017-05-17T09:53:03Z,141.5586,40.77947,bird_020,K17E02,18,2017,26747.413186086116,1,2017_bird_020_1_trip
2017-05-17T09:54:03Z,141.55841000000004,40.77951000000001,bird_020,K17E02,18,2017,26751.809339831856,1,2017_bird_020_1_trip
2017-05-17T09:55:05Z,141.55864000000005,40.779990000000005,bird_020,K17E02,18,2017,26805.16957044479,1,2017_bird_020_1_trip
2017-05-17T09:56:05Z,141.5586,40.779970000000006,bird_020,K17E02,18,2017,26802.9377360939,1,2017_bird_020_1_trip
2017-05-17T09:57:04Z,141.55856,40.78005,bird_020,K17E02,18,2017,26811.811241894426,1,2017_bird_020_1_trip
2017-05-17T09:58:05Z,141.55840000000003,40.78018,bird_020,K17E02,18,2017,26826.210228597294,1,2017_bird_020_1_trip
2017-05-17T09:59:06Z,141.55841000000004,40.78024,bird_020,K17E02,18,2017,26832.875324443332,1,2017_bird_020_1_trip
2017-05-17T10:00:05Z,141.55847000000003,40.780330000000006,bird_020,K17E02,18,2017,26842.8831397688,1,2017_bird_020_1_trip
2017-05-17T10:01:06Z,141.55848000000003,40.78039,bird_020,K17E02,18,2017,26849.54841706553,1,2017_bird_020_1_trip
2017-05-17T10:02:05Z,141.55862000000002,40.78043,bird_020,K17E02,18,2017,26854.025690316827,1,2017_bird_020_1_trip
2017-05-17T10:03:05Z,141.5605,40.77789,bird_020,K17E02,18,2017,26572.951232244075,1,2017_bird_020_1_trip
2017-05-17T10:04:05Z,141.56376999999998,40.7743,bird_020,K17E02,18,2017,26178.349565233257,1,2017_bird_020_1_trip
2017-05-17T10:05:05Z,141.56384,40.77421,bird_020,K17E02,18,2017,26168.475751272512,1,2017_bird_020_1_trip
2017-05-17T10:06:03Z,141.56396999999998,40.774370000000005,bird_020,K17E02,18,2017,26186.46381533212,1,2017_bird_020_1_trip
2017-05-17T10:07:04Z,141.56405999999998,40.77462,bird_020,K17E02,18,2017,26214.377762701588,1,2017_bird_020_1_trip
2017-05-17T10:08:04Z,141.56405999999998,40.77498,bird_020,K17E02,18,2017,26254.346911598488,1,2017_bird_020_1_trip
2017-05-17T10:09:04Z,141.56396999999998,40.77492,bird_020,K17E02,18,2017,26247.52814168798,1,2017_bird_020_1_trip
2017-05-17T10:10:03Z,141.56409,40.77507000000001,bird_020,K17E02,18,2017,26264.392074303432,1,2017_bird_020_1_trip
2017-05-17T10:11:04Z,141.5641,40.775470000000006,bird_020,K17E02,18,2017,26308.81984026044,1,2017_bird_020_1_trip
2017-05-17T10:12:04Z,141.56404999999998,40.77541000000001,bird_020,K17E02,18,2017,26302.07033343935,1,2017_bird_020_1_trip
2017-05-17T10:13:04Z,141.56419,40.77566,bird_020,K17E02,18,2017,26330.074571971974,1,2017_bird_020_1_trip
2017-05-17T10:14:04Z,141.56416,40.77586,bird_020,K17E02,18,2017,26352.225994456912,1,2017_bird_020_1_trip
2017-05-17T10:15:06Z,141.56429,40.77599000000001,bird_020,K17E02,18,2017,26366.89273753487,1,2017_bird_020_1_trip
2017-05-17T10:16:04Z,141.56447,40.77618,bird_020,K17E02,18,2017,26388.317903244817,1,2017_bird_020_1_trip
2017-05-17T10:17:04Z,141.56459999999998,40.776,bird_020,K17E02,18,2017,26368.57825984711,1,2017_bird_020_1_trip
2017-05-17T10:18:04Z,141.56497,40.77637000000001,bird_020,K17E02,18,2017,26410.375844941405,1,2017_bird_020_1_trip
2017-05-17T10:19:05Z,141.56507,40.77642,bird_020,K17E02,18,2017,26416.127580292163,1,2017_bird_020_1_trip
2017-05-17T10:20:05Z,141.56515,40.776300000000006,bird_020,K17E02,18,2017,26402.968128785174,1,2017_bird_020_1_trip
2017-05-17T10:21:06Z,141.56518,40.77627,bird_020,K17E02,18,2017,26399.699076057714,1,2017_bird_020_1_trip
2017-05-17T10:22:05Z,141.56541000000001,40.7764,bird_020,K17E02,18,2017,26414.61026540866,1,2017_bird_020_1_trip
2017-05-17T10:23:04Z,141.56544000000002,40.776250000000005,bird_020,K17E02,18,2017,26398.021628143048,1,2017_bird_020_1_trip
2017-05-17T10:24:05Z,141.56581,40.776610000000005,bird_020,K17E02,18,2017,26438.78975937056,1,2017_bird_020_1_trip
2017-05-17T10:25:05Z,141.56587,40.776790000000005,bird_020,K17E02,18,2017,26458.905365376733,1,2017_bird_020_1_trip
2017-05-17T10:26:06Z,141.56595,40.77667,bird_020,K17E02,18,2017,26445.76380505689,1,2017_bird_020_1_trip
2017-05-17T10:27:05Z,141.56592,40.77666,bird_020,K17E02,18,2017,26444.58610590391,1,2017_bird_020_1_trip
2017-05-17T10:28:05Z,141.56622000000002,40.77669,bird_020,K17E02,18,2017,26448.603272447912,1,2017_bird_020_1_trip
2017-05-17T10:29:04Z,141.56631000000002,40.77683,bird_020,K17E02,18,2017,26464.35497231996,1,2017_bird_020_1_trip
2017-05-17T10:30:04Z,141.56612,40.77706,bird_020,K17E02,18,2017,26489.444698085343,1,2017_bird_020_1_trip
2017-05-17T10:31:07Z,141.56628,40.77711000000001,bird_020,K17E02,18,2017,26495.366407904967,1,2017_bird_020_1_trip
2017-05-17T10:32:04Z,141.5665,40.77722,bird_020,K17E02,18,2017,26508.098720229667,1,2017_bird_020_1_trip
2017-05-17T10:33:07Z,141.56654,40.7773,bird_020,K17E02,18,2017,26517.075295611237,1,2017_bird_020_1_trip
2017-05-17T10:34:04Z,141.56682,40.77726,bird_020,K17E02,18,2017,26513.32069597524,1,2017_bird_020_1_trip
2017-05-17T10:35:05Z,141.56682,40.777530000000006,bird_020,K17E02,18,2017,26543.291098457565,1,2017_bird_020_1_trip
2017-05-17T10:36:05Z,141.56673,40.77757,bird_020,K17E02,18,2017,26547.50878311559,1,2017_bird_020_1_trip
2017-05-17T10:37:06Z,141.56706,40.77765,bird_020,K17E02,18,2017,26557.214750159612,1,2017_bird_020_1_trip
2017-05-17T10:38:06Z,141.56721000000002,40.77774,bird_020,K17E02,18,2017,26567.589556875144,1,2017_bird_020_1_trip
2017-05-17T10:39:05Z,141.56726,40.77781,bird_020,K17E02,18,2017,26575.48898546014,1,2017_bird_020_1_trip
2017-05-17T10:40:06Z,141.56762,40.777910000000006,bird_020,K17E02,18,2017,26587.541269106976,1,2017_bird_020_1_trip
2017-05-17T10:41:05Z,141.56754999999998,40.778220000000005,bird_020,K17E02,18,2017,26621.761425599616,1,2017_bird_020_1_trip
2017-05-17T10:42:05Z,141.5678,40.778290000000005,bird_020,K17E02,18,2017,26630.207231899283,1,2017_bird_020_1_trip
2017-05-17T10:43:05Z,141.56767,40.77866,bird_020,K17E02,18,2017,26670.920818700837,1,2017_bird_020_1_trip
2017-05-17T10:44:06Z,141.56811000000002,40.778650000000006,bird_020,K17E02,18,2017,26671.024600879267,1,2017_bird_020_1_trip
2017-05-17T10:45:06Z,141.56816,40.77873000000001,bird_020,K17E02,18,2017,26680.044779694697,1,2017_bird_020_1_trip
2017-05-17T10:46:05Z,141.56808,40.77919000000001,bird_020,K17E02,18,2017,26730.873862383607,1,2017_bird_020_1_trip
2017-05-17T10:47:05Z,141.56821000000002,40.77919000000001,bird_020,K17E02,18,2017,26731.2405112559,1,2017_bird_020_1_trip
2017-05-17T10:48:06Z,141.56838000000002,40.779410000000006,bird_020,K17E02,18,2017,26756.14347046616,1,2017_bird_020_1_trip
2017-05-17T10:49:06Z,141.56859,40.77955000000001,bird_020,K17E02,18,2017,26772.291815556837,1,2017_bird_020_1_trip
2017-05-17T10:50:05Z,141.56833000000003,40.78005,bird_020,K17E02,18,2017,26827.030656152903,1,2017_bird_020_1_trip
2017-05-17T10:51:07Z,141.56855,40.7803,bird_020,K17E02,18,2017,26855.41204349138,1,2017_bird_020_1_trip
2017-05-17T10:52:35Z,141.56894000000003,40.78044,bird_020,K17E02,18,2017,26872.106180783492,1,2017_bird_020_1_trip
2017-05-17T10:53:04Z,141.56893000000002,40.78042,bird_020,K17E02,18,2017,26869.85644651601,1,2017_bird_020_1_trip
2017-05-17T10:54:05Z,141.5691,40.78078,bird_020,K17E02,18,2017,26910.324430800036,1,2017_bird_020_1_trip
2017-05-17T10:55:03Z,141.56934,40.78077,bird_020,K17E02,18,2017,26909.955610993027,1,2017_bird_020_1_trip
2017-05-17T10:56:04Z,141.56954999999996,40.78103,bird_020,K17E02,18,2017,26939.468990086163,1,2017_bird_020_1_trip
2017-05-17T10:57:04Z,141.56963,40.78102,bird_020,K17E02,18,2017,26938.61385254012,1,2017_bird_020_1_trip
2017-05-17T10:58:03Z,141.56966999999997,40.78116,bird_020,K17E02,18,2017,26954.277538975723,1,2017_bird_020_1_trip
2017-05-17T10:59:04Z,141.56975999999997,40.781110000000005,bird_020,K17E02,18,2017,26949.018322483116,1,2017_bird_020_1_trip
2017-05-17T11:00:04Z,141.56992,40.78104,bird_020,K17E02,18,2017,26941.77023629896,1,2017_bird_020_1_trip
2017-05-17T11:01:04Z,141.57003,40.7812,bird_020,K17E02,18,2017,26959.88586033708,1,2017_bird_020_1_trip
2017-05-17T11:02:04Z,141.57007,40.78137,bird_020,K17E02,18,2017,26978.88189064084,1,2017_bird_020_1_trip
2017-05-17T11:03:04Z,141.57037,40.78145,bird_020,K17E02,18,2017,26988.762028642373,1,2017_bird_020_1_trip
2017-05-17T11:04:04Z,141.57049,40.781479999999995,bird_020,K17E02,18,2017,26992.49864809552,1,2017_bird_020_1_trip
2017-05-17T11:05:04Z,141.57049999999998,40.78157,bird_020,K17E02,18,2017,27002.519087284316,1,2017_bird_020_1_trip
2017-05-17T11:06:06Z,141.57094,40.78144,bird_020,K17E02,18,2017,26989.62374445413,1,2017_bird_020_1_trip
2017-05-17T11:07:05Z,141.57092,40.78157,bird_020,K17E02,18,2017,27003.97696816008,1,2017_bird_020_1_trip
2017-05-17T11:08:04Z,141.57119,40.78159,bird_020,K17E02,18,2017,27007.157778835433,1,2017_bird_020_1_trip
2017-05-17T11:09:04Z,141.57108,40.781859999999995,bird_020,K17E02,18,2017,27036.720265708613,1,2017_bird_020_1_trip
2017-05-17T11:10:05Z,141.57137,40.78192,bird_020,K17E02,18,2017,27044.42191178735,1,2017_bird_020_1_trip
2017-05-17T11:11:04Z,141.57154,40.78192,bird_020,K17E02,18,2017,27045.04458768953,1,2017_bird_020_1_trip
2017-05-17T11:12:04Z,141.57173,40.782,bird_020,K17E02,18,2017,27054.6248214984,1,2017_bird_020_1_trip
2017-05-17T11:13:05Z,141.57191,40.78202,bird_020,K17E02,18,2017,27057.52000570589,1,2017_bird_020_1_trip
2017-05-17T11:14:04Z,141.57212,40.78215000000001,bird_020,K17E02,18,2017,27072.741447606415,1,2017_bird_020_1_trip
2017-05-17T11:15:05Z,141.57229,40.78204,bird_020,K17E02,18,2017,27061.194595271027,1,2017_bird_020_1_trip
2017-05-17T11:16:05Z,141.57240000000002,40.78233000000001,bird_020,K17E02,18,2017,27093.79300808546,1,2017_bird_020_1_trip
2017-05-17T11:17:04Z,141.57263,40.78236,bird_020,K17E02,18,2017,27098.026068179253,1,2017_bird_020_1_trip
2017-05-17T11:18:04Z,141.57283,40.782410000000006,bird_020,K17E02,18,2017,27104.370657851323,1,2017_bird_020_1_trip
2017-05-17T11:19:04Z,141.57289,40.78262,bird_020,K17E02,18,2017,27127.9060064471,1,2017_bird_020_1_trip
2017-05-17T11:20:04Z,141.57304999999997,40.78274,bird_020,K17E02,18,2017,27141.864602334743,1,2017_bird_020_1_trip
2017-05-17T11:21:04Z,141.57329,40.78278,bird_020,K17E02,18,2017,27147.285608173577,1,2017_bird_020_1_trip
2017-05-17T11:22:03Z,141.57348,40.782810000000005,bird_020,K17E02,18,2017,27151.402888306176,1,2017_bird_020_1_trip
2017-05-17T11:23:05Z,141.57368999999997,40.78278,bird_020,K17E02,18,2017,27148.959549574527,1,2017_bird_020_1_trip
2017-05-17T11:24:05Z,141.57374,40.78295000000001,bird_020,K17E02,18,2017,27168.02626621431,1,2017_bird_020_1_trip
2017-05-17T11:25:05Z,141.57407999999998,40.78289,bird_020,K17E02,18,2017,27162.831438488633,1,2017_bird_020_1_trip
2017-05-17T11:26:04Z,141.57433,40.78302,bird_020,K17E02,18,2017,27178.340936973593,1,2017_bird_020_1_trip
2017-05-17T11:27:05Z,141.57444,40.78316,bird_020,K17E02,18,2017,27194.352203932653,1,2017_bird_020_1_trip
2017-05-17T11:28:06Z,141.5744,40.78336,bird_020,K17E02,18,2017,27216.354852394285,1,2017_bird_020_1_trip
2017-05-17T11:29:03Z,141.57461999999998,40.78325,bird_020,K17E02,18,2017,27205.13383479723,1,2017_bird_020_1_trip
2017-05-17T11:30:04Z,141.57508,40.78327,bird_020,K17E02,18,2017,27209.43688940245,1,2017_bird_020_1_trip
2017-05-17T11:31:04Z,141.57488999999998,40.783530000000006,bird_020,K17E02,18,2017,27237.400012789534,1,2017_bird_020_1_trip
2017-05-17T11:32:03Z,141.57499,40.783710000000006,bird_020,K17E02,18,2017,27257.814908897188,1,2017_bird_020_1_trip
2017-05-17T11:33:05Z,141.57546,40.783530000000006,bird_020,K17E02,18,2017,27240.029572199765,1,2017_bird_020_1_trip
2017-05-17T11:34:05Z,141.57558999999998,40.78364,bird_020,K17E02,18,2017,27252.837556071976,1,2017_bird_020_1_trip
2017-05-17T11:35:04Z,141.57564,40.78374,bird_020,K17E02,18,2017,27264.1613812629,1,2017_bird_020_1_trip
2017-05-17T11:36:05Z,141.57604999999998,40.78379,bird_020,K17E02,18,2017,27271.666388353337,1,2017_bird_020_1_trip
2017-05-17T11:37:03Z,141.5761,40.78395,bird_020,K17E02,18,2017,27289.647190759453,1,2017_bird_020_1_trip
2017-05-17T11:38:05Z,141.57638,40.78382,bird_020,K17E02,18,2017,27276.60268606015,1,2017_bird_020_1_trip
2017-05-17T11:39:05Z,141.57658999999998,40.78383,bird_020,K17E02,18,2017,27278.75078940608,1,2017_bird_020_1_trip
2017-05-17T11:40:05Z,141.57691,40.7837,bird_020,K17E02,18,2017,27265.94645746092,1,2017_bird_020_1_trip
2017-05-17T11:41:05Z,141.57711,40.78364,bird_020,K17E02,18,2017,27260.31368984395,1,2017_bird_020_1_trip
2017-05-17T11:42:05Z,141.57725,40.78374,bird_020,K17E02,18,2017,27272.116922366346,1,2017_bird_020_1_trip
2017-05-17T11:43:05Z,141.57747,40.78369,bird_020,K17E02,18,2017,27267.714715272483,1,2017_bird_020_1_trip
2017-05-17T11:44:05Z,141.57777,40.7836,bird_020,K17E02,18,2017,27259.31470601797,1,2017_bird_020_1_trip
2017-05-17T11:45:05Z,141.57806,40.78356,bird_020,K17E02,18,2017,27256.426947433756,1,2017_bird_020_1_trip
2017-05-17T11:46:04Z,141.57815,40.78365,bird_020,K17E02,18,2017,27266.885133204683,1,2017_bird_020_1_trip
2017-05-17T11:47:05Z,141.57831000000002,40.78366,bird_020,K17E02,18,2017,27268.858869260144,1,2017_bird_020_1_trip
2017-05-17T11:48:05Z,141.57836,40.78381,bird_020,K17E02,18,2017,27285.75351899967,1,2017_bird_020_1_trip
2017-05-17T11:49:04Z,141.57876,40.78382,bird_020,K17E02,18,2017,27289.05850560936,1,2017_bird_020_1_trip
2017-05-17T11:50:05Z,141.57914,40.7836,bird_020,K17E02,18,2017,27266.807902926317,1,2017_bird_020_1_trip
2017-05-17T11:51:05Z,141.5794,40.78368,bird_020,K17E02,18,2017,27277.148898392938,1,2017_bird_020_1_trip
2017-05-17T11:52:06Z,141.57966999999996,40.78372,bird_020,K17E02,18,2017,27283.13284579413,1,2017_bird_020_1_trip
2017-05-17T11:53:06Z,141.57970999999998,40.78383,bird_020,K17E02,18,2017,27295.551079361067,1,2017_bird_020_1_trip
2017-05-17T11:54:05Z,141.57994999999997,40.78388,bird_020,K17E02,18,2017,27302.4877282922,1,2017_bird_020_1_trip
2017-05-17T11:55:06Z,141.58022000000005,40.78379,bird_020,K17E02,18,2017,27294.107749723687,1,2017_bird_020_1_trip
2017-05-17T11:56:05Z,141.58033000000003,40.78381,bird_020,K17E02,18,2017,27296.976614538427,1,2017_bird_020_1_trip
2017-05-17T11:57:05Z,141.58049000000003,40.78392,bird_020,K17E02,18,2017,27310.11720189545,1,2017_bird_020_1_trip
2017-05-17T11:58:04Z,141.5809,40.78387,bird_020,K17E02,18,2017,27307.05821873799,1,2017_bird_020_1_trip
2017-05-17T11:59:06Z,141.58116,40.78389,bird_020,K17E02,18,2017,27310.868325345447,1,2017_bird_020_1_trip
2017-05-17T12:00:05Z,141.58131000000003,40.78389,bird_020,K17E02,18,2017,27311.79648073148,1,2017_bird_020_1_trip
2017-05-17T12:01:05Z,141.58145000000002,40.78401,bird_020,K17E02,18,2017,27325.957525433245,1,2017_bird_020_1_trip
2017-05-17T12:02:05Z,141.5816,40.78407,bird_020,K17E02,18,2017,27333.54107423951,1,2017_bird_020_1_trip
2017-05-17T12:03:05Z,141.58192000000005,40.78402,bird_020,K17E02,18,2017,27330.026709950773,1,2017_bird_020_1_trip
2017-05-17T12:04:04Z,141.58210000000005,40.78398,bird_020,K17E02,18,2017,27326.747046758537,1,2017_bird_020_1_trip
2017-05-17T12:05:05Z,141.58224000000004,40.78405,bird_020,K17E02,18,2017,27335.39785677526,1,2017_bird_020_1_trip
2017-05-17T12:06:05Z,141.5825,40.784110000000005,bird_020,K17E02,18,2017,27343.725513497753,1,2017_bird_020_1_trip
2017-05-17T12:07:05Z,141.58318,40.78385,bird_020,K17E02,18,2017,27319.431149663975,1,2017_bird_020_1_trip
2017-05-17T12:08:05Z,141.58315,40.78401,bird_020,K17E02,18,2017,27336.94256405114,1,2017_bird_020_1_trip
2017-05-17T12:09:05Z,141.58328,40.78402,bird_020,K17E02,18,2017,27338.920506242262,1,2017_bird_020_1_trip
2017-05-17T12:10:05Z,141.58361,40.78405,bird_020,K17E02,18,2017,27344.47171561159,1,2017_bird_020_1_trip
2017-05-17T12:11:05Z,141.58375999999998,40.78419,bird_020,K17E02,18,2017,27360.99069271398,1,2017_bird_020_1_trip
2017-05-17T12:12:05Z,141.58422000000002,40.78404,bird_020,K17E02,18,2017,27347.56212379834,1,2017_bird_020_1_trip
2017-05-17T12:13:06Z,141.58433000000002,40.78409,bird_020,K17E02,18,2017,27353.86272620324,1,2017_bird_020_1_trip
2017-05-17T12:14:05Z,141.58458,40.78419,bird_020,K17E02,18,2017,27366.68380120491,1,2017_bird_020_1_trip
2017-05-17T12:15:05Z,141.58503000000002,40.78399,bird_020,K17E02,18,2017,27347.752523795665,1,2017_bird_020_1_trip
2017-05-17T12:16:05Z,141.58493000000001,40.7842,bird_020,K17E02,18,2017,27370.27344103759,1,2017_bird_020_1_trip
2017-05-17T12:17:05Z,141.58542000000003,40.78403,bird_020,K17E02,18,2017,27354.994738707515,1,2017_bird_020_1_trip
2017-05-17T12:18:05Z,141.5858,40.784,bird_020,K17E02,18,2017,27354.45800844517,1,2017_bird_020_1_trip
2017-05-17T12:19:06Z,141.5859,40.78406,bird_020,K17E02,18,2017,27361.833794240378,1,2017_bird_020_1_trip
2017-05-17T12:20:05Z,141.58604000000005,40.7842,bird_020,K17E02,18,2017,27378.358323847697,1,2017_bird_020_1_trip
2017-05-17T12:21:06Z,141.58614000000003,40.78421,bird_020,K17E02,18,2017,27380.20853597376,1,2017_bird_020_1_trip
2017-05-17T12:22:06Z,141.58646000000002,40.784130000000005,bird_020,K17E02,18,2017,27373.758331528737,1,2017_bird_020_1_trip
2017-05-17T12:23:05Z,141.58672,40.78423,bird_020,K17E02,18,2017,27386.786928831632,1,2017_bird_020_1_trip
2017-05-17T12:24:05Z,141.58686,40.784130000000005,bird_020,K17E02,18,2017,27376.794479064323,1,2017_bird_020_1_trip
2017-05-17T12:25:05Z,141.58703000000003,40.784,bird_020,K17E02,18,2017,27363.720937339687,1,2017_bird_020_1_trip
2017-05-17T12:26:06Z,141.58717,40.784130000000005,bird_020,K17E02,18,2017,27379.17600548322,1,2017_bird_020_1_trip
2017-05-17T12:27:05Z,141.58784000000003,40.78421,bird_020,K17E02,18,2017,27393.253235983717,1,2017_bird_020_1_trip
2017-05-17T12:28:06Z,141.58803000000003,40.78406,bird_020,K17E02,18,2017,27378.174148488964,1,2017_bird_020_1_trip
2017-05-17T12:29:06Z,141.58810000000005,40.784110000000005,bird_020,K17E02,18,2017,27384.2588148488,1,2017_bird_020_1_trip
2017-05-17T12:30:05Z,141.58826000000002,40.78396,bird_020,K17E02,18,2017,27368.954022680056,1,2017_bird_020_1_trip
2017-05-17T12:31:06Z,141.58882000000003,40.78416,bird_020,K17E02,18,2017,27395.58645911322,1,2017_bird_020_1_trip
2017-05-17T12:32:06Z,141.58883000000003,40.784110000000005,bird_020,K17E02,18,2017,27390.141425810885,1,2017_bird_020_1_trip
2017-05-17T12:33:06Z,141.58894000000004,40.78404,bird_020,K17E02,18,2017,27383.30292660668,1,2017_bird_020_1_trip
2017-05-17T12:34:07Z,141.58935,40.78398,bird_020,K17E02,18,2017,27380.04916518985,1,2017_bird_020_1_trip
2017-05-17T12:35:06Z,141.58948,40.78404,bird_020,K17E02,18,2017,27387.759768096992,1,2017_bird_020_1_trip
2017-05-17T12:36:06Z,141.58994,40.78401,bird_020,K17E02,18,2017,27388.30102487694,1,2017_bird_020_1_trip
2017-05-17T12:37:07Z,141.59018,40.78396,bird_020,K17E02,18,2017,27384.810610731656,1,2017_bird_020_1_trip
2017-05-17T12:38:07Z,141.5901,40.78409,bird_020,K17E02,18,2017,27398.494242076667,1,2017_bird_020_1_trip
2017-05-17T12:39:07Z,141.59045,40.78398,bird_020,K17E02,18,2017,27389.326405747328,1,2017_bird_020_1_trip
2017-05-17T12:40:07Z,141.59049000000002,40.78389,bird_020,K17E02,18,2017,27379.727040067817,1,2017_bird_020_1_trip
2017-05-17T12:41:07Z,141.59041000000002,40.78388,bird_020,K17E02,18,2017,27377.935947576625,1,2017_bird_020_1_trip
2017-05-17T12:42:33Z,141.59101,40.78384,bird_020,K17E02,18,2017,27378.70577173244,1,2017_bird_020_1_trip
2017-05-17T12:43:04Z,141.59107,40.78368,bird_020,K17E02,18,2017,27361.55740825944,1,2017_bird_020_1_trip
2017-05-17T12:44:05Z,141.59133000000003,40.78381,bird_020,K17E02,18,2017,27378.19790454307,1,2017_bird_020_1_trip
2017-05-17T12:45:05Z,141.59162,40.7837,bird_020,K17E02,18,2017,27368.61590055965,1,2017_bird_020_1_trip
2017-05-17T12:46:04Z,141.59175,40.78366,bird_020,K17E02,18,2017,27365.356455151068,1,2017_bird_020_1_trip
2017-05-17T12:47:04Z,141.59189,40.78351000000001,bird_020,K17E02,18,2017,27350.04494664456,1,2017_bird_020_1_trip
2017-05-17T12:48:06Z,141.59213000000003,40.78352,bird_020,K17E02,18,2017,27353.308101113875,1,2017_bird_020_1_trip
2017-05-17T12:49:04Z,141.59238000000002,40.78338,bird_020,K17E02,18,2017,27340.116350039694,1,2017_bird_020_1_trip
2017-05-17T12:50:04Z,141.59272,40.78351000000001,bird_020,K17E02,18,2017,27357.574854551687,1,2017_bird_020_1_trip
2017-05-17T12:51:05Z,141.59293000000002,40.78336,bird_020,K17E02,18,2017,27342.950792088504,1,2017_bird_020_1_trip
2017-05-17T12:52:04Z,141.59309,40.7833,bird_020,K17E02,18,2017,27337.80980236989,1,2017_bird_020_1_trip
2017-05-17T12:53:06Z,141.59334,40.78326,bird_020,K17E02,18,2017,27335.723928744017,1,2017_bird_020_1_trip
2017-05-17T12:54:04Z,141.59363,40.7832,bird_020,K17E02,18,2017,27331.82467911292,1,2017_bird_020_1_trip
2017-05-17T12:55:04Z,141.59372,40.78307,bird_020,K17E02,18,2017,27318.32841205868,1,2017_bird_020_1_trip
2017-05-17T12:56:06Z,141.59404999999998,40.783150000000006,bird_020,K17E02,18,2017,27330.289525534154,1,2017_bird_020_1_trip
2017-05-17T12:57:04Z,141.59405999999998,40.78295000000001,bird_020,K17E02,18,2017,27308.317356948523,1,2017_bird_020_1_trip
2017-05-17T12:58:04Z,141.59442,40.78304,bird_020,K17E02,18,2017,27321.700117079065,1,2017_bird_020_1_trip
2017-05-17T12:59:04Z,141.59479,40.78301,bird_020,K17E02,18,2017,27321.97402580897,1,2017_bird_020_1_trip
2017-05-17T13:00:04Z,141.59484,40.78291000000001,bird_020,K17E02,18,2017,27311.43033941725,1,2017_bird_020_1_trip
2017-05-17T13:01:04Z,141.59518,40.78288,bird_020,K17E02,18,2017,27311.451520531464,1,2017_bird_020_1_trip
2017-05-17T13:02:05Z,141.59533000000002,40.782810000000005,bird_020,K17E02,18,2017,27305.21023857912,1,2017_bird_020_1_trip
2017-05-17T13:03:04Z,141.59549,40.7828,bird_020,K17E02,18,2017,27305.691653299196,1,2017_bird_020_1_trip
2017-05-17T13:04:04Z,141.59571,40.78283,bird_020,K17E02,18,2017,27311.188962054843,1,2017_bird_020_1_trip
2017-05-17T13:05:04Z,141.59593,40.782790000000006,bird_020,K17E02,18,2017,27308.979887030506,1,2017_bird_020_1_trip
2017-05-17T13:06:04Z,141.59618,40.78287,bird_020,K17E02,18,2017,27320.317221530488,1,2017_bird_020_1_trip
2017-05-17T13:07:04Z,141.59640000000002,40.78284,bird_020,K17E02,18,2017,27319.237661692692,1,2017_bird_020_1_trip
2017-05-17T13:08:04Z,141.59655999999998,40.782790000000006,bird_020,K17E02,18,2017,27315.354057663808,1,2017_bird_020_1_trip
2017-05-17T13:09:04Z,141.59689,40.78268,bird_020,K17E02,18,2017,27306.60935211667,1,2017_bird_020_1_trip
2017-05-17T13:10:04Z,141.5971,40.78268,bird_020,K17E02,18,2017,27308.775672851843,1,2017_bird_020_1_trip
2017-05-17T13:11:04Z,141.59765,40.782790000000006,bird_020,K17E02,18,2017,27326.624186644916,1,2017_bird_020_1_trip
2017-05-17T13:12:05Z,141.59761,40.78257000000001,bird_020,K17E02,18,2017,27301.963076928132,1,2017_bird_020_1_trip
2017-05-17T13:13:04Z,141.59775,40.7826,bird_020,K17E02,18,2017,27306.7382202254,1,2017_bird_020_1_trip
2017-05-17T13:14:04Z,141.59804000000003,40.782590000000006,bird_020,K17E02,18,2017,27308.696370040427,1,2017_bird_020_1_trip
2017-05-17T13:15:04Z,141.59814000000003,40.782630000000005,bird_020,K17E02,18,2017,27314.163300826374,1,2017_bird_020_1_trip
2017-05-17T13:16:04Z,141.59843000000004,40.78254,bird_020,K17E02,18,2017,27307.33794479749,1,2017_bird_020_1_trip
2017-05-17T13:17:04Z,141.59865,40.782630000000005,bird_020,K17E02,18,2017,27319.60951573516,1,2017_bird_020_1_trip
2017-05-17T13:18:04Z,141.59882000000002,40.78255000000001,bird_020,K17E02,18,2017,27312.62871225917,1,2017_bird_020_1_trip
2017-05-17T13:19:05Z,141.59913,40.78267,bird_020,K17E02,18,2017,27329.20157911511,1,2017_bird_020_1_trip
2017-05-17T13:20:04Z,141.59929,40.78276,bird_020,K17E02,18,2017,27340.854201883343,1,2017_bird_020_1_trip
2017-05-17T13:21:04Z,141.59964,40.78289,bird_020,K17E02,18,2017,27358.999768475664,1,2017_bird_020_1_trip
2017-05-17T13:22:04Z,141.59964,40.78273000000001,bird_020,K17E02,18,2017,27341.383089335995,1,2017_bird_020_1_trip
2017-05-17T13:23:04Z,141.5999,40.78293000000001,bird_020,K17E02,18,2017,27366.26901803189,1,2017_bird_020_1_trip
2017-05-17T13:24:04Z,141.60013,40.78282,bird_020,K17E02,18,2017,27356.708842432803,1,2017_bird_020_1_trip
2017-05-17T13:25:04Z,141.60031,40.78294,bird_020,K17E02,18,2017,27371.923008950707,1,2017_bird_020_1_trip
2017-05-17T13:26:05Z,141.60055999999997,40.78294,bird_020,K17E02,18,2017,27374.720441928595,1,2017_bird_020_1_trip
2017-05-17T13:27:04Z,141.6008,40.78303,bird_020,K17E02,18,2017,27387.325879550943,1,2017_bird_020_1_trip
2017-05-17T13:28:04Z,141.60092,40.782970000000006,bird_020,K17E02,18,2017,27382.078355149333,1,2017_bird_020_1_trip
2017-05-17T13:29:04Z,141.60139,40.78312,bird_020,K17E02,18,2017,27403.927741572326,1,2017_bird_020_1_trip
2017-05-17T13:30:04Z,141.60152,40.78325,bird_020,K17E02,18,2017,27419.71821373983,1,2017_bird_020_1_trip
2017-05-17T13:31:04Z,141.60178,40.78325,bird_020,K17E02,18,2017,27422.70483315628,1,2017_bird_020_1_trip
2017-05-17T13:32:04Z,141.60211,40.78333000000001,bird_020,K17E02,18,2017,27435.320104541992,1,2017_bird_020_1_trip
2017-05-17T13:33:04Z,141.60244000000003,40.78344,bird_020,K17E02,18,2017,27451.26025540667,1,2017_bird_020_1_trip
2017-05-17T13:34:05Z,141.60264,40.78341,bird_020,K17E02,18,2017,27450.302247162344,1,2017_bird_020_1_trip
2017-05-17T13:35:04Z,141.60292,40.78351000000001,bird_020,K17E02,18,2017,27464.59331274698,1,2017_bird_020_1_trip
2017-05-17T13:36:04Z,141.60292,40.78347,bird_020,K17E02,18,2017,27460.194944627427,1,2017_bird_020_1_trip
2017-05-17T13:37:04Z,141.6032,40.783570000000005,bird_020,K17E02,18,2017,27474.503955999993,1,2017_bird_020_1_trip
2017-05-17T13:38:04Z,141.60343,40.7836,bird_020,K17E02,18,2017,27480.538439480853,1,2017_bird_020_1_trip
2017-05-17T13:39:04Z,141.60365999999996,40.783710000000006,bird_020,K17E02,18,2017,27495.37980002012,1,2017_bird_020_1_trip
2017-05-17T13:40:04Z,141.60414999999998,40.784879999999994,bird_020,K17E02,18,2017,27629.871776891177,1,2017_bird_020_1_trip
2017-05-17T13:41:04Z,141.60457999999997,40.78522,bird_020,K17E02,18,2017,27672.43928303595,1,2017_bird_020_1_trip
2017-05-17T13:42:04Z,141.60463,40.78522,bird_020,K17E02,18,2017,27673.04657596287,1,2017_bird_020_1_trip
2017-05-17T13:43:04Z,141.60484,40.785230000000006,bird_020,K17E02,18,2017,27676.702941652107,1,2017_bird_020_1_trip
2017-05-17T13:44:04Z,141.60497999999998,40.78535000000001,bird_020,K17E02,18,2017,27691.599276869827,1,2017_bird_020_1_trip
2017-05-17T13:45:04Z,141.60514,40.78533000000001,bird_020,K17E02,18,2017,27691.36263428739,1,2017_bird_020_1_trip
2017-05-17T13:46:05Z,141.60550999999998,40.785320000000006,bird_020,K17E02,18,2017,27694.823483493434,1,2017_bird_020_1_trip
2017-05-17T13:47:05Z,141.60565999999997,40.78533000000001,bird_020,K17E02,18,2017,27697.780235425453,1,2017_bird_020_1_trip
2017-05-17T13:48:04Z,141.60587999999998,40.78536,bird_020,K17E02,18,2017,27703.810923196033,1,2017_bird_020_1_trip
2017-05-17T13:49:04Z,141.6061,40.785320000000006,bird_020,K17E02,18,2017,27702.165652294876,1,2017_bird_020_1_trip
2017-05-17T13:50:04Z,141.60632,40.78538,bird_020,K17E02,18,2017,27711.51456349214,1,2017_bird_020_1_trip
2017-05-17T13:51:04Z,141.60625,40.78533000000001,bird_020,K17E02,18,2017,27705.1444622484,1,2017_bird_020_1_trip
2017-05-17T13:52:04Z,141.60671,40.78538,bird_020,K17E02,18,2017,27716.436593772138,1,2017_bird_020_1_trip
2017-05-17T13:53:04Z,141.60673,40.78526,bird_020,K17E02,18,2017,27703.515239219472,1,2017_bird_020_1_trip
2017-05-17T13:54:04Z,141.60736,40.78542,bird_020,K17E02,18,2017,27729.11557017096,1,2017_bird_020_1_trip
2017-05-17T13:55:04Z,141.60782,40.785520000000005,bird_020,K17E02,18,2017,27746.01836437298,1,2017_bird_020_1_trip
2017-05-17T13:56:04Z,141.6079,40.78553000000001,bird_020,K17E02,18,2017,27748.15188086576,1,2017_bird_020_1_trip
2017-05-17T13:57:04Z,141.60813000000002,40.785540000000005,bird_020,K17E02,18,2017,27752.23699116953,1,2017_bird_020_1_trip
2017-05-17T13:58:04Z,141.60827,40.78547,bird_020,K17E02,18,2017,27746.382234300538,1,2017_bird_020_1_trip
2017-05-17T13:59:05Z,141.60866,40.785590000000006,bird_020,K17E02,18,2017,27764.657220910245,1,2017_bird_020_1_trip
2017-05-17T14:00:04Z,141.60883,40.785590000000006,bird_020,K17E02,18,2017,27766.896347024933,1,2017_bird_020_1_trip
2017-05-17T14:01:04Z,141.60906999999995,40.785590000000006,bird_020,K17E02,18,2017,27770.06982812971,1,2017_bird_020_1_trip
2017-05-17T14:02:05Z,141.60916999999998,40.785630000000005,bird_020,K17E02,18,2017,27775.78307571798,1,2017_bird_020_1_trip
2017-05-17T14:03:04Z,141.60934999999998,40.78555000000001,bird_020,K17E02,18,2017,27769.40421210837,1,2017_bird_020_1_trip
2017-05-17T14:04:04Z,141.60969999999998,40.785700000000006,bird_020,K17E02,18,2017,27790.529406643014,1,2017_bird_020_1_trip
2017-05-17T14:05:04Z,141.60991,40.785790000000006,bird_020,K17E02,18,2017,27803.216722445424,1,2017_bird_020_1_trip
2017-05-17T14:06:04Z,141.61006999999998,40.7858,bird_020,K17E02,18,2017,27806.46865814936,1,2017_bird_020_1_trip
2017-05-17T14:07:04Z,141.60996999999998,40.78584,bird_020,K17E02,18,2017,27809.505727759395,1,2017_bird_020_1_trip
2017-05-17T14:08:05Z,141.61135,40.78676,bird_020,K17E02,18,2017,27929.12056019291,1,2017_bird_020_1_trip
2017-05-17T14:09:04Z,141.61142,40.78666,bird_020,K17E02,18,2017,27919.128483293644,1,2017_bird_020_1_trip
2017-05-17T14:10:04Z,141.61171,40.786750000000005,bird_020,K17E02,18,2017,27932.99523857168,1,2017_bird_020_1_trip
2017-05-17T14:11:04Z,141.61204999999998,40.78687,bird_020,K17E02,18,2017,27950.862245643453,1,2017_bird_020_1_trip
2017-05-17T14:12:04Z,141.61233,40.78692,bird_020,K17E02,18,2017,27960.247835034206,1,2017_bird_020_1_trip
2017-05-17T14:13:04Z,141.61241,40.787,bird_020,K17E02,18,2017,27970.129013351052,1,2017_bird_020_1_trip
2017-05-17T14:14:04Z,141.61271,40.78689,bird_020,K17E02,18,2017,27962.299654842944,1,2017_bird_020_1_trip
2017-05-17T14:15:04Z,141.61274,40.78696,bird_020,K17E02,18,2017,27970.38682712384,1,2017_bird_020_1_trip
2017-05-17T14:16:04Z,141.61323,40.78707,bird_020,K17E02,18,2017,27989.36472870305,1,2017_bird_020_1_trip
2017-05-17T14:17:05Z,141.61324999999997,40.78703,bird_020,K17E02,18,2017,27985.270491838575,1,2017_bird_020_1_trip
2017-05-17T14:18:05Z,141.61355999999995,40.78699,bird_020,K17E02,18,2017,27985.312460820092,1,2017_bird_020_1_trip
2017-05-17T14:19:04Z,141.61435999999998,40.78753,bird_020,K17E02,18,2017,28055.9080251489,1,2017_bird_020_1_trip
2017-05-17T14:20:04Z,141.61463999999998,40.78752,bird_020,K17E02,18,2017,28058.874256444265,1,2017_bird_020_1_trip
2017-05-17T14:21:04Z,141.61487999999997,40.78762,bird_020,K17E02,18,2017,28073.307709177396,1,2017_bird_020_1_trip
2017-05-17T14:22:05Z,141.61509999999998,40.78776,bird_020,K17E02,18,2017,28091.834673339577,1,2017_bird_020_1_trip
2017-05-17T14:23:05Z,141.61785999999998,40.789550000000006,bird_020,K17E02,18,2017,28328.67048518362,1,2017_bird_020_1_trip
2017-05-17T14:24:04Z,141.6254,40.79249000000001,bird_020,K17E02,18,2017,28770.1042767144,1,2017_bird_020_1_trip
2017-05-17T14:25:05Z,141.62950999999998,40.79384,bird_020,K17E02,18,2017,28987.91868471685,1,2017_bird_020_1_trip
2017-05-17T14:26:05Z,141.62976999999998,40.79391000000001,bird_020,K17E02,18,2017,29000.13681645849,1,2017_bird_020_1_trip
2017-05-17T14:27:04Z,141.63009,40.79379000000001,bird_020,K17E02,18,2017,28992.818837804003,1,2017_bird_020_1_trip
2017-05-17T14:28:04Z,141.63056999999998,40.79409,bird_020,K17E02,18,2017,29033.97684405076,1,2017_bird_020_1_trip
2017-05-17T14:29:04Z,141.63065999999998,40.79397000000001,bird_020,K17E02,18,2017,29022.575442433867,1,2017_bird_020_1_trip
2017-05-17T14:30:04Z,141.63439,40.79668,bird_020,K17E02,18,2017,29384.743291499417,1,2017_bird_020_1_trip
2017-05-17T14:31:06Z,141.64108,40.79971000000001,bird_020,K17E02,18,2017,29841.680183883087,1,2017_bird_020_1_trip
2017-05-17T14:32:04Z,141.64146,40.79983000000001,bird_020,K17E02,18,2017,29862.239458591408,1,2017_bird_020_1_trip
2017-05-17T14:33:04Z,141.64157999999998,40.799780000000005,bird_020,K17E02,18,2017,29859.25763839507,1,2017_bird_020_1_trip
2017-05-17T14:34:04Z,141.64221,40.79991000000001,bird_020,K17E02,18,2017,29885.984908707644,1,2017_bird_020_1_trip
2017-05-17T14:35:04Z,141.64217,40.799890000000005,bird_020,K17E02,18,2017,29883.0192652675,1,2017_bird_020_1_trip
2017-05-17T14:36:04Z,141.64261,40.799690000000005,bird_020,K17E02,18,2017,29870.388007113143,1,2017_bird_020_1_trip
2017-05-17T14:37:05Z,141.64298,40.799960000000006,bird_020,K17E02,18,2017,29907.024059473773,1,2017_bird_020_1_trip
2017-05-17T14:38:05Z,141.64327999999998,40.799980000000005,bird_020,K17E02,18,2017,29915.311720413643,1,2017_bird_020_1_trip
2017-05-17T14:39:05Z,141.64351999999997,40.79993000000001,bird_020,K17E02,18,2017,29914.846710731596,1,2017_bird_020_1_trip
2017-05-17T14:40:04Z,141.64371999999997,40.79994000000001,bird_020,K17E02,18,2017,29920.034868820894,1,2017_bird_020_1_trip
2017-05-17T14:41:05Z,141.64406999999997,40.80009,bird_020,K17E02,18,2017,29943.40187106447,1,2017_bird_020_1_trip
2017-05-17T14:42:04Z,141.64419999999998,40.80004,bird_020,K17E02,18,2017,29940.704366490907,1,2017_bird_020_1_trip
2017-05-17T14:43:05Z,141.64468999999997,40.80012,bird_020,K17E02,18,2017,29959.473857771707,1,2017_bird_020_1_trip
2017-05-17T14:44:04Z,141.64512,40.80011,bird_020,K17E02,18,2017,29967.3548515269,1,2017_bird_020_1_trip
2017-05-17T14:45:06Z,141.64543,40.80025,bird_020,K17E02,18,2017,29988.898751695975,1,2017_bird_020_1_trip
2017-05-17T14:46:04Z,141.64577999999997,40.800259999999994,bird_020,K17E02,18,2017,29997.31625181668,1,2017_bird_020_1_trip
2017-05-17T14:47:03Z,141.64643,40.800239999999995,bird_020,K17E02,18,2017,30008.873500407302,1,2017_bird_020_1_trip
2017-05-17T14:48:05Z,141.64639,40.80032,bird_020,K17E02,18,2017,30016.627642467236,1,2017_bird_020_1_trip
2017-05-17T14:49:05Z,141.64668999999998,40.8003,bird_020,K17E02,18,2017,30020.832188597793,1,2017_bird_020_1_trip
2017-05-17T14:50:05Z,141.64707,40.80034,bird_020,K17E02,18,2017,30033.208466536787,1,2017_bird_020_1_trip
2017-05-17T14:51:04Z,141.64746,40.80037,bird_020,K17E02,18,2017,30044.754191329193,1,2017_bird_020_1_trip
2017-05-17T14:52:03Z,141.64788,40.8005,bird_020,K17E02,18,2017,30067.715725826452,1,2017_bird_020_1_trip
2017-05-17T14:53:05Z,141.64803,40.80041,bird_020,K17E02,18,2017,30061.273441144986,1,2017_bird_020_1_trip
2017-05-17T14:54:05Z,141.64841,40.800419999999995,bird_020,K17E02,18,2017,30070.53525841723,1,2017_bird_020_1_trip
2017-05-17T14:55:04Z,141.64856999999998,40.80047,bird_020,K17E02,18,2017,30079.359563655125,1,2017_bird_020_1_trip
2017-05-17T14:56:04Z,141.64900999999998,40.800459999999994,bird_020,K17E02,18,2017,30087.82131499725,1,2017_bird_020_1_trip
2017-05-17T14:57:05Z,141.64954999999995,40.80039,bird_020,K17E02,18,2017,30092.073699089717,1,2017_bird_020_1_trip
2017-05-17T14:58:05Z,141.64969999999997,40.80052,bird_020,K17E02,18,2017,30109.296073380745,1,2017_bird_020_1_trip
2017-05-17T14:59:05Z,141.64998999999997,40.80052,bird_020,K17E02,18,2017,30115.647119482608,1,2017_bird_020_1_trip
2017-05-17T15:00:05Z,141.65030000000002,40.80063,bird_020,K17E02,18,2017,30134.24998799832,1,2017_bird_020_1_trip
2017-05-17T15:01:05Z,141.65054999999998,40.80059,bird_020,K17E02,18,2017,30135.467261596892,1,2017_bird_020_1_trip
2017-05-17T15:02:05Z,141.65107,40.80056,bird_020,K17E02,18,2017,30143.74898334109,1,2017_bird_020_1_trip
2017-05-17T15:03:05Z,141.65129000000002,40.80067999999999,bird_020,K17E02,18,2017,30161.487392985953,1,2017_bird_020_1_trip
2017-05-17T15:04:06Z,141.65171,40.80073,bird_020,K17E02,18,2017,30176.188972848813,1,2017_bird_020_1_trip
2017-05-17T15:05:05Z,141.65188,40.800839999999994,bird_020,K17E02,18,2017,30191.762562347092,1,2017_bird_020_1_trip
2017-05-17T15:06:05Z,141.65224000000003,40.80074,bird_020,K17E02,18,2017,30189.10726415453,1,2017_bird_020_1_trip
2017-05-17T15:07:06Z,141.65263000000002,40.800889999999995,bird_020,K17E02,18,2017,30213.919529178187,1,2017_bird_020_1_trip
2017-05-17T15:08:07Z,141.65299000000002,40.80085,bird_020,K17E02,18,2017,30217.748317065605,1,2017_bird_020_1_trip
2017-05-17T15:09:05Z,141.65349999999998,40.80085,bird_020,K17E02,18,2017,30229.286479348848,1,2017_bird_020_1_trip
2017-05-17T15:10:06Z,141.65348,40.80087,bird_020,K17E02,18,2017,30230.972250810388,1,2017_bird_020_1_trip
2017-05-17T15:11:05Z,141.65391,40.80087,bird_020,K17E02,18,2017,30240.742285291708,1,2017_bird_020_1_trip
2017-05-17T15:12:07Z,141.65398,40.80105,bird_020,K17E02,18,2017,30261.58378194582,1,2017_bird_020_1_trip
2017-05-17T15:13:06Z,141.65444000000002,40.80101,bird_020,K17E02,18,2017,30267.80493373845,1,2017_bird_020_1_trip
2017-05-17T15:14:05Z,141.65473,40.80116,bird_020,K17E02,18,2017,30290.478057430373,1,2017_bird_020_1_trip
2017-05-17T15:15:06Z,141.65312,40.80275,bird_020,K17E02,18,2017,30424.02676873793,1,2017_bird_020_1_trip
2017-05-17T15:16:06Z,141.65333,40.8028,bird_020,K17E02,18,2017,30434.096678477872,1,2017_bird_020_1_trip
2017-05-17T15:17:07Z,141.65432,40.80338,bird_020,K17E02,18,2017,30518.504601247765,1,2017_bird_020_1_trip
2017-05-17T15:18:05Z,141.65456999999998,40.80336,bird_020,K17E02,18,2017,30522.03638020153,1,2017_bird_020_1_trip
2017-05-17T15:19:05Z,141.65474,40.80337,bird_020,K17E02,18,2017,30526.969961541105,1,2017_bird_020_1_trip
2017-05-17T15:20:06Z,141.65509,40.8033,bird_020,K17E02,18,2017,30527.461454343447,1,2017_bird_020_1_trip
2017-05-17T15:21:05Z,141.65548,40.803239999999995,bird_020,K17E02,18,2017,30529.96900831229,1,2017_bird_020_1_trip
2017-05-17T15:22:06Z,141.6556,40.803239999999995,bird_020,K17E02,18,2017,30532.720887641717,1,2017_bird_020_1_trip
2017-05-17T15:23:07Z,141.65609,40.803259999999995,bird_020,K17E02,18,2017,30546.126667909717,1,2017_bird_020_1_trip
2017-05-17T15:24:07Z,141.65634000000003,40.803239999999995,bird_020,K17E02,18,2017,30549.75979557455,1,2017_bird_020_1_trip
2017-05-17T15:25:06Z,141.65668,40.803279999999994,bird_020,K17E02,18,2017,30561.899414261552,1,2017_bird_020_1_trip
2017-05-17T15:26:08Z,141.65688,40.8032,bird_020,K17E02,18,2017,30557.99797692177,1,2017_bird_020_1_trip
2017-05-17T15:27:07Z,141.65721000000002,40.80314,bird_020,K17E02,18,2017,30559.270289439875,1,2017_bird_020_1_trip
2017-05-17T15:28:06Z,141.65753,40.80317,bird_020,K17E02,18,2017,30569.939216430936,1,2017_bird_020_1_trip
2017-05-17T15:29:07Z,141.65776,40.803079999999994,bird_020,K17E02,18,2017,30565.717947196557,1,2017_bird_020_1_trip
2017-05-17T15:30:07Z,141.65817,40.803079999999994,bird_020,K17E02,18,2017,30575.34068234116,1,2017_bird_020_1_trip
2017-05-17T15:31:07Z,141.65843000000004,40.803059999999995,bird_020,K17E02,18,2017,30579.32910124477,1,2017_bird_020_1_trip
2017-05-17T15:32:33Z,141.65895,40.80307,bird_020,K17E02,18,2017,30592.681573160524,1,2017_bird_020_1_trip
2017-05-17T15:33:04Z,141.65929,40.80307,bird_020,K17E02,18,2017,30600.74633042806,1,2017_bird_020_1_trip
2017-05-17T15:34:03Z,141.65946,40.80304,bird_020,K17E02,18,2017,30601.59171940844,1,2017_bird_020_1_trip
2017-05-17T15:35:03Z,141.66001,40.80295,bird_020,K17E02,18,2017,30605.12712975323,1,2017_bird_020_1_trip
2017-05-17T15:36:04Z,141.66026,40.80303,bird_020,K17E02,18,2017,30619.63217459298,1,2017_bird_020_1_trip
2017-05-17T15:37:04Z,141.66057999999998,40.80296,bird_020,K17E02,18,2017,30619.86163135847,1,2017_bird_020_1_trip
2017-05-17T15:38:04Z,141.66084999999998,40.80301,bird_020,K17E02,18,2017,30631.682295261748,1,2017_bird_020_1_trip
2017-05-17T15:39:04Z,141.66107,40.80296,bird_020,K17E02,18,2017,30631.668385450183,1,2017_bird_020_1_trip
2017-05-17T15:40:04Z,141.66131,40.80279,bird_020,K17E02,18,2017,30619.38495104451,1,2017_bird_020_1_trip
2017-05-17T15:41:04Z,141.66164,40.80293,bird_020,K17E02,18,2017,30642.276800378793,1,2017_bird_020_1_trip
2017-05-17T15:42:04Z,141.66206,40.80296,bird_020,K17E02,18,2017,30655.679819650264,1,2017_bird_020_1_trip
2017-05-17T15:43:04Z,141.6625,40.80311,bird_020,K17E02,18,2017,30682.362002155296,1,2017_bird_020_1_trip
2017-05-17T15:44:05Z,141.66248000000002,40.80296,bird_020,K17E02,18,2017,30665.929837776726,1,2017_bird_020_1_trip
2017-05-17T15:45:04Z,141.66291,40.80293,bird_020,K17E02,18,2017,30673.275459415938,1,2017_bird_020_1_trip
2017-05-17T15:46:05Z,141.66329,40.80302,bird_020,K17E02,18,2017,30692.177233194707,1,2017_bird_020_1_trip
2017-05-17T15:47:05Z,141.6634,40.803079999999994,bird_020,K17E02,18,2017,30701.259112572257,1,2017_bird_020_1_trip
2017-05-17T15:48:05Z,141.66395999999995,40.80319,bird_020,K17E02,18,2017,30726.766794055013,1,2017_bird_020_1_trip
2017-05-17T15:49:04Z,141.66423,40.80313,bird_020,K17E02,18,2017,30727.08721471445,1,2017_bird_020_1_trip
2017-05-17T15:50:05Z,141.66462,40.8032,bird_020,K17E02,18,2017,30744.20626999474,1,2017_bird_020_1_trip
2017-05-17T15:51:05Z,141.66472,40.803259999999995,bird_020,K17E02,18,2017,30753.062067255825,1,2017_bird_020_1_trip
2017-05-17T15:52:05Z,141.66538,40.80338,bird_020,K17E02,18,2017,30782.26896604281,1,2017_bird_020_1_trip
2017-05-17T15:53:05Z,141.66547,40.80325,bird_020,K17E02,18,2017,30770.73710950503,1,2017_bird_020_1_trip
2017-05-17T15:54:04Z,141.66574,40.80341,bird_020,K17E02,18,2017,30794.474365785776,1,2017_bird_020_1_trip
2017-05-17T15:55:05Z,141.6661,40.80341,bird_020,K17E02,18,2017,30803.525618777003,1,2017_bird_020_1_trip
2017-05-17T15:56:05Z,141.66656999999998,40.80353,bird_020,K17E02,18,2017,30828.098013679843,1,2017_bird_020_1_trip
2017-05-17T15:57:05Z,141.66668,40.8035,bird_020,K17E02,18,2017,30827.700598793817,1,2017_bird_020_1_trip
2017-05-17T15:58:04Z,141.66718,40.8034,bird_020,K17E02,18,2017,30829.784781271697,1,2017_bird_020_1_trip
2017-05-17T15:59:05Z,141.6675,40.80357,bird_020,K17E02,18,2017,30855.924683327637,1,2017_bird_020_1_trip
2017-05-17T16:00:05Z,141.6678,40.80361,bird_020,K17E02,18,2017,30867.806701987105,1,2017_bird_020_1_trip
2017-05-17T16:01:06Z,141.66799,40.80363,bird_020,K17E02,18,2017,30874.776274770764,1,2017_bird_020_1_trip
2017-05-17T16:02:05Z,141.66831000000002,40.80365,bird_020,K17E02,18,2017,30885.082316318098,1,2017_bird_020_1_trip
2017-05-17T16:03:05Z,141.66859,40.80372,bird_020,K17E02,18,2017,30899.670442048577,1,2017_bird_020_1_trip
2017-05-17T16:04:05Z,141.66865,40.80376,bird_020,K17E02,18,2017,30905.44267133716,1,2017_bird_020_1_trip
2017-05-17T16:05:04Z,141.66919,40.80385999999999,bird_020,K17E02,18,2017,30929.917728226807,1,2017_bird_020_1_trip
2017-05-17T16:06:05Z,141.66952999999998,40.80387999999999,bird_020,K17E02,18,2017,30940.813103795837,1,2017_bird_020_1_trip
2017-05-17T16:07:04Z,141.66956999999996,40.804219999999994,bird_020,K17E02,18,2017,30977.78887269894,1,2017_bird_020_1_trip
2017-05-17T16:08:04Z,141.67038,40.80416,bird_020,K17E02,18,2017,30992.448730608692,1,2017_bird_020_1_trip
2017-05-17T16:09:04Z,141.66991,40.80419,bird_020,K17E02,18,2017,30983.415772410724,1,2017_bird_020_1_trip
2017-05-17T16:10:06Z,141.67067999999998,40.80455,bird_020,K17E02,18,2017,31041.454927633225,1,2017_bird_020_1_trip
2017-05-17T16:11:06Z,141.67737,40.80829,bird_020,K17E02,18,2017,31613.38239592248,1,2017_bird_020_1_trip
2017-05-17T16:12:05Z,141.6847,40.81147999999999,bird_020,K17E02,18,2017,32150.881772782377,1,2017_bird_020_1_trip
2017-05-17T16:13:04Z,141.68719000000002,40.81291,bird_020,K17E02,18,2017,32371.199591689117,1,2017_bird_020_1_trip
2017-05-17T16:14:05Z,141.68749000000005,40.81291,bird_020,K17E02,18,2017,32379.7927549851,1,2017_bird_020_1_trip
2017-05-17T16:15:05Z,141.68768,40.81297,bird_020,K17E02,18,2017,32391.50966323813,1,2017_bird_020_1_trip
2017-05-17T16:16:06Z,141.68811000000002,40.81314,bird_020,K17E02,18,2017,32421.616980650346,1,2017_bird_020_1_trip
2017-05-17T16:17:06Z,141.68832000000003,40.813199999999995,bird_020,K17E02,18,2017,32433.92607761217,1,2017_bird_020_1_trip
2017-05-17T16:18:05Z,141.68848000000003,40.81331,bird_020,K17E02,18,2017,32450.017919957547,1,2017_bird_020_1_trip
2017-05-17T16:19:05Z,141.68895,40.81331,bird_020,K17E02,18,2017,32463.589060326532,1,2017_bird_020_1_trip
2017-05-17T16:20:05Z,141.68921,40.813219999999994,bird_020,K17E02,18,2017,32461.728279402385,1,2017_bird_020_1_trip
2017-05-17T16:21:05Z,141.68954999999997,40.81332,bird_020,K17E02,18,2017,32482.01898992856,1,2017_bird_020_1_trip
2017-05-17T16:22:05Z,141.68974999999998,40.81341,bird_020,K17E02,18,2017,32497.21261970495,1,2017_bird_020_1_trip
2017-05-17T16:23:04Z,141.69006,40.813469999999995,bird_020,K17E02,18,2017,32512.486022079913,1,2017_bird_020_1_trip
2017-05-17T16:24:05Z,141.69038,40.81354,bird_020,K17E02,18,2017,32529.10847175748,1,2017_bird_020_1_trip
2017-05-17T16:25:05Z,141.69057999999998,40.81361999999999,bird_020,K17E02,18,2017,32543.28218644606,1,2017_bird_020_1_trip
2017-05-17T16:26:06Z,141.69098,40.81361999999999,bird_020,K17E02,18,2017,32554.980670455378,1,2017_bird_020_1_trip
2017-05-17T16:27:05Z,141.69128,40.813689999999994,bird_020,K17E02,18,2017,32571.06320401636,1,2017_bird_020_1_trip
2017-05-17T16:28:06Z,141.69139,40.81379,bird_020,K17E02,18,2017,32584.70268026452,1,2017_bird_020_1_trip
2017-05-17T16:29:05Z,141.69176,40.8139,bird_020,K17E02,18,2017,32607.023799550832,1,2017_bird_020_1_trip
2017-05-17T16:30:06Z,141.69218,40.81383,bird_020,K17E02,18,2017,32612.109453740355,1,2017_bird_020_1_trip
2017-05-17T16:31:05Z,141.69245,40.81399,bird_020,K17E02,18,2017,32636.723879246965,1,2017_bird_020_1_trip
2017-05-17T16:32:06Z,141.6926,40.81401999999999,bird_020,K17E02,18,2017,32644.27637436578,1,2017_bird_020_1_trip
2017-05-17T16:33:06Z,141.69296,40.81408999999999,bird_020,K17E02,18,2017,32662.208735136097,1,2017_bird_020_1_trip
2017-05-17T16:34:06Z,141.69333,40.814159999999994,bird_020,K17E02,18,2017,32680.45828141531,1,2017_bird_020_1_trip
2017-05-17T16:35:06Z,141.69356999999997,40.81426999999999,bird_020,K17E02,18,2017,32699.02068147158,1,2017_bird_020_1_trip
2017-05-17T16:36:04Z,141.69394,40.81425999999999,bird_020,K17E02,18,2017,32708.991874122967,1,2017_bird_020_1_trip
2017-05-17T16:37:06Z,141.69415999999998,40.814339999999994,bird_020,K17E02,18,2017,32723.861241321025,1,2017_bird_020_1_trip
2017-05-17T16:38:07Z,141.69444,40.81437,bird_020,K17E02,18,2017,32735.33617016426,1,2017_bird_020_1_trip
2017-05-17T16:39:04Z,141.69477999999998,40.814499999999995,bird_020,K17E02,18,2017,32759.003124422725,1,2017_bird_020_1_trip
2017-05-17T16:40:05Z,141.69504999999998,40.81459999999999,bird_020,K17E02,18,2017,32777.47191220887,1,2017_bird_020_1_trip
2017-05-17T16:41:04Z,141.69518,40.81461999999999,bird_020,K17E02,18,2017,32783.44592874499,1,2017_bird_020_1_trip
2017-05-17T16:42:04Z,141.69549999999998,40.814719999999994,bird_020,K17E02,18,2017,32803.43110394499,1,2017_bird_020_1_trip
2017-05-17T16:43:04Z,141.69592,40.81479999999999,bird_020,K17E02,18,2017,32824.36630518131,1,2017_bird_020_1_trip
2017-05-17T16:44:05Z,141.69634000000002,40.814789999999995,bird_020,K17E02,18,2017,32835.99643682486,1,2017_bird_020_1_trip
2017-05-17T16:45:06Z,141.69652,40.81481999999999,bird_020,K17E02,18,2017,32844.54587226389,1,2017_bird_020_1_trip
2017-05-17T16:46:06Z,141.69681,40.814899999999994,bird_020,K17E02,18,2017,32861.613109633734,1,2017_bird_020_1_trip
2017-05-17T16:47:05Z,141.69735,40.81493999999999,bird_020,K17E02,18,2017,32882.13553904977,1,2017_bird_020_1_trip
2017-05-17T16:48:06Z,141.69759,40.815059999999995,bird_020,K17E02,18,2017,32901.86148937683,1,2017_bird_020_1_trip
2017-05-17T16:49:06Z,141.69793,40.81507,bird_020,K17E02,18,2017,32913.24785004144,1,2017_bird_020_1_trip
2017-05-17T16:50:06Z,141.69812000000002,40.81515,bird_020,K17E02,18,2017,32927.32439928126,1,2017_bird_020_1_trip
2017-05-17T16:51:07Z,141.69842000000003,40.81518,bird_020,K17E02,18,2017,32939.58909796632,1,2017_bird_020_1_trip
2017-05-17T16:52:06Z,141.69875,40.81521,bird_020,K17E02,18,2017,32952.78747884506,1,2017_bird_020_1_trip
2017-05-17T16:53:04Z,141.69904999999997,40.81527,bird_020,K17E02,18,2017,32968.1879592448,1,2017_bird_020_1_trip
2017-05-17T16:54:05Z,141.69937,40.81535,bird_020,K17E02,18,2017,32986.285011485146,1,2017_bird_020_1_trip
2017-05-17T16:55:06Z,141.69968999999998,40.81537,bird_020,K17E02,18,2017,32998.19273414066,1,2017_bird_020_1_trip
2017-05-17T16:56:06Z,141.69994999999997,40.81542,bird_020,K17E02,18,2017,33011.369906181666,1,2017_bird_020_1_trip
2017-05-17T16:57:06Z,141.70039,40.81549,bird_020,K17E02,18,2017,33032.18288465394,1,2017_bird_020_1_trip
2017-05-17T16:58:06Z,141.70067999999998,40.81554,bird_020,K17E02,18,2017,33046.31639413053,1,2017_bird_020_1_trip
2017-05-17T16:59:07Z,141.70102,40.81561,bird_020,K17E02,18,2017,33064.07860374765,1,2017_bird_020_1_trip
2017-05-17T17:00:07Z,141.70147,40.81573,bird_020,K17E02,18,2017,33090.43789693634,1,2017_bird_020_1_trip
2017-05-17T17:01:07Z,141.70142,40.81612,bird_020,K17E02,18,2017,33129.15476445426,1,2017_bird_020_1_trip
2017-05-17T17:02:05Z,141.70738,40.81983,bird_020,K17E02,18,2017,33698.69531999436,1,2017_bird_020_1_trip
2017-05-17T17:03:33Z,141.72077,40.824659999999994,bird_020,K17E02,18,2017,34631.29205771655,1,2017_bird_020_1_trip
2017-05-17T17:04:05Z,141.72655999999998,40.82606,bird_020,K17E02,18,2017,34970.94072925916,1,2017_bird_020_1_trip
2017-05-17T17:05:06Z,141.73523,40.83016,bird_020,K17E02,18,2017,35688.97075189361,1,2017_bird_020_1_trip
2017-05-17T17:06:06Z,141.74386999999996,40.83447,bird_020,K17E02,18,2017,36433.172256595586,1,2017_bird_020_1_trip
2017-05-17T17:07:06Z,141.74973999999995,40.83531000000001,bird_020,K17E02,18,2017,36733.952282843275,1,2017_bird_020_1_trip
2017-05-17T17:08:05Z,141.75002,40.835330000000006,bird_020,K17E02,18,2017,36746.413923605265,1,2017_bird_020_1_trip
2017-05-17T17:09:06Z,141.75018,40.83546,bird_020,K17E02,18,2017,36765.3393437748,1,2017_bird_020_1_trip
2017-05-17T17:10:07Z,141.75055999999998,40.83564,bird_020,K17E02,18,2017,36797.48074934026,1,2017_bird_020_1_trip
2017-05-17T17:11:05Z,141.75064999999998,40.83569,bird_020,K17E02,18,2017,36805.82780645089,1,2017_bird_020_1_trip
2017-05-17T17:12:06Z,141.75064999999998,40.83575,bird_020,K17E02,18,2017,36811.79702093771,1,2017_bird_020_1_trip
2017-05-17T17:13:05Z,141.75132000000002,40.83572,bird_020,K17E02,18,2017,36833.95593077966,1,2017_bird_020_1_trip
2017-05-17T17:14:06Z,141.75136,40.83582,bird_020,K17E02,18,2017,36845.40103612492,1,2017_bird_020_1_trip
2017-05-17T17:15:06Z,141.75128,40.83605,bird_020,K17E02,18,2017,36865.265967329,1,2017_bird_020_1_trip
2017-05-17T17:16:06Z,141.75146,40.83618,bird_020,K17E02,18,2017,36884.95166434495,1,2017_bird_020_1_trip
2017-05-17T17:17:05Z,141.75166,40.83636,bird_020,K17E02,18,2017,36910.361417284585,1,2017_bird_020_1_trip
2017-05-17T17:18:06Z,141.75198,40.8365,bird_020,K17E02,18,2017,36936.306775310746,1,2017_bird_020_1_trip
2017-05-17T17:19:07Z,141.75239000000002,40.83653,bird_020,K17E02,18,2017,36954.71790260353,1,2017_bird_020_1_trip
2017-05-17T17:20:05Z,141.75208,40.83687,bird_020,K17E02,18,2017,36976.847807758226,1,2017_bird_020_1_trip
2017-05-17T17:21:05Z,141.75242000000003,40.837039999999995,bird_020,K17E02,18,2017,37006.53032699984,1,2017_bird_020_1_trip
2017-05-17T17:22:06Z,141.7525,40.83712,bird_020,K17E02,18,2017,37017.49122839473,1,2017_bird_020_1_trip
2017-05-17T17:23:06Z,141.75265,40.837239999999994,bird_020,K17E02,18,2017,37035.061672643315,1,2017_bird_020_1_trip
2017-05-17T17:24:06Z,141.75288,40.83738,bird_020,K17E02,18,2017,37057.63218533184,1,2017_bird_020_1_trip
2017-05-17T17:25:05Z,141.75293000000002,40.83751,bird_020,K17E02,18,2017,37072.4330388283,1,2017_bird_020_1_trip
2017-05-17T17:26:06Z,141.75329,40.83763999999999,bird_020,K17E02,18,2017,37098.91050818135,1,2017_bird_020_1_trip
2017-05-17T17:27:05Z,141.75313,40.83783,bird_020,K17E02,18,2017,37111.76208572679,1,2017_bird_020_1_trip
2017-05-17T17:28:05Z,141.75341,40.83799,bird_020,K17E02,18,2017,37138.20521378142,1,2017_bird_020_1_trip
2017-05-17T17:29:05Z,141.75381,40.83818,bird_020,K17E02,18,2017,37172.15796194613,1,2017_bird_020_1_trip
2017-05-17T17:30:05Z,141.75394999999995,40.8384,bird_020,K17E02,18,2017,37199.29043241757,1,2017_bird_020_1_trip
2017-05-17T17:31:05Z,141.75399,40.83857,bird_020,K17E02,18,2017,37217.68537863748,1,2017_bird_020_1_trip
2017-05-17T17:32:06Z,141.75386999999998,40.83885,bird_020,K17E02,18,2017,37240.982284451406,1,2017_bird_020_1_trip
2017-05-17T17:33:06Z,141.75391,40.83899,bird_020,K17E02,18,2017,37256.400153120936,1,2017_bird_020_1_trip
2017-05-17T17:34:05Z,141.75499,40.83882,bird_020,K17E02,18,2017,37280.27648193617,1,2017_bird_020_1_trip
2017-05-17T17:35:05Z,141.75477999999998,40.83909,bird_020,K17E02,18,2017,37299.141380841225,1,2017_bird_020_1_trip
2017-05-17T17:36:05Z,141.75463,40.83938,bird_020,K17E02,18,2017,37322.27887188278,1,2017_bird_020_1_trip
2017-05-17T17:37:05Z,141.75537,40.83943,bird_020,K17E02,18,2017,37355.19609777129,1,2017_bird_020_1_trip
2017-05-17T17:38:06Z,141.75545,40.83956,bird_020,K17E02,18,2017,37371.12535943181,1,2017_bird_020_1_trip
2017-05-17T17:39:06Z,141.75521,40.83979,bird_020,K17E02,18,2017,37384.88710368028,1,2017_bird_020_1_trip
2017-05-17T17:40:06Z,141.75555999999995,40.84001,bird_020,K17E02,18,2017,37419.95352271289,1,2017_bird_020_1_trip
2017-05-17T17:41:06Z,141.75582,40.84012,bird_020,K17E02,18,2017,37440.70388823607,1,2017_bird_020_1_trip
2017-05-17T17:42:05Z,141.75594999999998,40.840259999999994,bird_020,K17E02,18,2017,37459.517129526685,1,2017_bird_020_1_trip
2017-05-17T17:43:05Z,141.75639,40.84035,bird_020,K17E02,18,2017,37485.10718449107,1,2017_bird_020_1_trip
2017-05-17T17:44:05Z,141.75624000000002,40.84067999999999,bird_020,K17E02,18,2017,37512.17385405374,1,2017_bird_020_1_trip
2017-05-17T17:45:07Z,141.75914,40.84309,bird_020,K17E02,18,2017,37861.21290284254,1,2017_bird_020_1_trip
2017-05-17T17:46:06Z,141.76049,40.842879999999994,bird_020,K17E02,18,2017,37891.90815763789,1,2017_bird_020_1_trip
2017-05-17T17:47:33Z,141.76045,40.84313,bird_020,K17E02,18,2017,37915.1231654678,1,2017_bird_020_1_trip
2017-05-17T17:48:03Z,141.76046,40.84318,bird_020,K17E02,18,2017,37920.45489461253,1,2017_bird_020_1_trip
2017-05-17T17:49:04Z,141.76074,40.84333,bird_020,K17E02,18,2017,37946.00790081495,1,2017_bird_020_1_trip
2017-05-17T17:50:03Z,141.7609,40.843689999999995,bird_020,K17E02,18,2017,37987.758373001416,1,2017_bird_020_1_trip
2017-05-17T17:51:04Z,141.76106,40.84363999999999,bird_020,K17E02,18,2017,37988.92985913631,1,2017_bird_020_1_trip
2017-05-17T17:52:04Z,141.76125,40.84379,bird_020,K17E02,18,2017,38011.04502986638,1,2017_bird_020_1_trip
2017-05-17T17:53:03Z,141.76146,40.84347999999999,bird_020,K17E02,18,2017,37988.4211476554,1,2017_bird_020_1_trip
2017-05-17T17:54:04Z,141.76158999999998,40.84403999999999,bird_020,K17E02,18,2017,38048.79999845638,1,2017_bird_020_1_trip
2017-05-17T17:55:04Z,141.76171,40.84403,bird_020,K17E02,18,2017,38052.4083117743,1,2017_bird_020_1_trip
2017-05-17T17:56:04Z,141.76187,40.84415,bird_020,K17E02,18,2017,38070.41115015012,1,2017_bird_020_1_trip
2017-05-17T17:57:04Z,141.7621,40.84459999999999,bird_020,K17E02,18,2017,38123.74007728825,1,2017_bird_020_1_trip
2017-05-17T17:58:04Z,141.76231,40.844339999999995,bird_020,K17E02,18,2017,38106.0794416689,1,2017_bird_020_1_trip
2017-05-17T17:59:04Z,141.76253,40.844629999999995,bird_020,K17E02,18,2017,38143.19949196893,1,2017_bird_020_1_trip
2017-05-17T18:00:04Z,141.76278,40.84459999999999,bird_020,K17E02,18,2017,38149.83470729563,1,2017_bird_020_1_trip
2017-05-17T18:01:04Z,141.76293,40.84487999999999,bird_020,K17E02,18,2017,38183.27759070808,1,2017_bird_020_1_trip
2017-05-17T18:02:04Z,141.76326999999998,40.8449,bird_020,K17E02,18,2017,38198.32519819118,1,2017_bird_020_1_trip
2017-05-17T18:03:04Z,141.76348,40.84523,bird_020,K17E02,18,2017,38239.01558765675,1,2017_bird_020_1_trip
2017-05-17T18:04:04Z,141.76354999999995,40.84516,bird_020,K17E02,18,2017,38234.79139650612,1,2017_bird_020_1_trip
2017-05-17T18:05:05Z,141.76951999999997,40.84846,bird_020,K17E02,18,2017,38791.64272239414,1,2017_bird_020_1_trip
2017-05-17T18:06:05Z,141.77915999999996,40.85103999999999,bird_020,K17E02,18,2017,39426.26463894933,1,2017_bird_020_1_trip
2017-05-17T18:07:04Z,141.78796,40.85453999999999,bird_020,K17E02,18,2017,40124.08564932653,1,2017_bird_020_1_trip
2017-05-17T18:08:04Z,141.79628,40.85843,bird_020,K17E02,18,2017,40844.74779883601,1,2017_bird_020_1_trip
2017-05-17T18:09:04Z,141.80426,40.86256,bird_020,K17E02,18,2017,41577.87800568306,1,2017_bird_020_1_trip
2017-05-17T18:10:05Z,141.80898000000002,40.86754,bird_020,K17E02,18,2017,42256.03847743278,1,2017_bird_020_1_trip
2017-05-17T18:11:05Z,141.81335,40.87269,bird_020,K17E02,18,2017,42935.68339808154,1,2017_bird_020_1_trip
2017-05-17T18:12:04Z,141.81554999999997,40.87629,bird_020,K17E02,18,2017,43374.43436223243,1,2017_bird_020_1_trip
2017-05-17T18:13:04Z,141.81554,40.8762,bird_020,K17E02,18,2017,43365.37646695454,1,2017_bird_020_1_trip
2017-05-17T18:14:04Z,141.8155,40.8766,bird_020,K17E02,18,2017,43402.05336283049,1,2017_bird_020_1_trip
2017-05-17T18:15:05Z,141.8154,40.876639999999995,bird_020,K17E02,18,2017,43401.64925915397,1,2017_bird_020_1_trip
2017-05-17T18:16:05Z,141.8153,40.87669,bird_020,K17E02,18,2017,43402.20704685836,1,2017_bird_020_1_trip
2017-05-17T18:17:05Z,141.81525,40.87673,bird_020,K17E02,18,2017,43403.92662004681,1,2017_bird_020_1_trip
2017-05-17T18:18:05Z,141.81524000000002,40.87692,bird_020,K17E02,18,2017,43421.74172279434,1,2017_bird_020_1_trip
2017-05-17T18:19:05Z,141.81514,40.8769,bird_020,K17E02,18,2017,43415.58503929526,1,2017_bird_020_1_trip
2017-05-17T18:20:04Z,141.81505,40.87687999999999,bird_020,K17E02,18,2017,43409.852745739125,1,2017_bird_020_1_trip
2017-05-17T18:21:04Z,141.81711,40.88053,bird_020,K17E02,18,2017,43847.58678968357,1,2017_bird_020_1_trip
2017-05-17T18:22:04Z,141.81687,40.88057,bird_020,K17E02,18,2017,43841.29178770298,1,2017_bird_020_1_trip
2017-05-17T18:23:03Z,141.81685,40.88061999999999,bird_020,K17E02,18,2017,43845.252850528,1,2017_bird_020_1_trip
2017-05-17T18:24:04Z,141.81697,40.88092,bird_020,K17E02,18,2017,43879.154335029365,1,2017_bird_020_1_trip
2017-05-17T18:25:05Z,141.81686,40.8809,bird_020,K17E02,18,2017,43872.58949481851,1,2017_bird_020_1_trip
2017-05-17T18:26:05Z,141.81683,40.88103,bird_020,K17E02,18,2017,43883.82187272082,1,2017_bird_020_1_trip
2017-05-17T18:27:05Z,141.81789,40.88276,bird_020,K17E02,18,2017,44094.86741908041,1,2017_bird_020_1_trip
2017-05-17T18:28:05Z,141.82167,40.88804,bird_020,K17E02,18,2017,44761.95576525458,1,2017_bird_020_1_trip
2017-05-17T18:29:04Z,141.82506,40.89215000000001,bird_020,K17E02,18,2017,45300.075143562535,1,2017_bird_020_1_trip
2017-05-17T18:30:05Z,141.82493000000002,40.892140000000005,bird_020,K17E02,18,2017,45293.63459983403,1,2017_bird_020_1_trip
2017-05-17T18:31:05Z,141.82507,40.89224,bird_020,K17E02,18,2017,45309.15138150719,1,2017_bird_020_1_trip
2017-05-17T18:32:05Z,141.82512000000003,40.89237000000001,bird_020,K17E02,18,2017,45323.760437958255,1,2017_bird_020_1_trip
2017-05-17T18:33:06Z,141.82516,40.89238,bird_020,K17E02,18,2017,45326.40779747032,1,2017_bird_020_1_trip
2017-05-17T18:34:05Z,141.82515,40.892390000000006,bird_020,K17E02,18,2017,45326.94805924062,1,2017_bird_020_1_trip
2017-05-17T18:35:04Z,141.82520000000002,40.8924,bird_020,K17E02,18,2017,45330.01693433562,1,2017_bird_020_1_trip
2017-05-17T18:36:04Z,141.82848000000004,40.89686,bird_020,K17E02,18,2017,45897.15243792113,1,2017_bird_020_1_trip
2017-05-17T18:37:05Z,141.83272000000002,40.90231000000001,bird_020,K17E02,18,2017,46599.93745712722,1,2017_bird_020_1_trip
2017-05-17T18:38:05Z,141.83272000000002,40.90267,bird_020,K17E02,18,2017,46634.56046461172,1,2017_bird_020_1_trip
2017-05-17T18:39:05Z,141.83289000000002,40.90279,bird_020,K17E02,18,2017,46653.26233345497,1,2017_bird_020_1_trip
2017-05-17T18:40:05Z,141.83287,40.90304,bird_020,K17E02,18,2017,46676.46742614776,1,2017_bird_020_1_trip
2017-05-17T18:41:06Z,141.83272000000002,40.902930000000005,bird_020,K17E02,18,2017,46659.57129671948,1,2017_bird_020_1_trip
2017-05-17T18:42:05Z,141.83285,40.90326,bird_020,K17E02,18,2017,46696.79109762476,1,2017_bird_020_1_trip
2017-05-17T18:43:04Z,141.83289000000002,40.9032,bird_020,K17E02,18,2017,46692.70167444109,1,2017_bird_020_1_trip
2017-05-17T18:44:05Z,141.83283000000003,40.90327,bird_020,K17E02,18,2017,46696.91177335526,1,2017_bird_020_1_trip
2017-05-17T18:45:04Z,141.83646000000002,40.90818,bird_020,K17E02,18,2017,47322.05473435724,1,2017_bird_020_1_trip
2017-05-17T18:46:05Z,141.84085,40.91381,bird_020,K17E02,18,2017,48048.43319874355,1,2017_bird_020_1_trip
2017-05-17T18:47:05Z,141.84195,40.91683999999999,bird_020,K17E02,18,2017,48386.3116438923,1,2017_bird_020_1_trip
2017-05-17T18:48:04Z,141.84213000000003,40.91703,bird_020,K17E02,18,2017,48412.16002113895,1,2017_bird_020_1_trip
2017-05-17T18:49:05Z,141.84184000000002,40.91693,bird_020,K17E02,18,2017,48390.36792566719,1,2017_bird_020_1_trip
2017-05-17T18:50:04Z,141.84194000000002,40.916889999999995,bird_020,K17E02,18,2017,48390.70790299759,1,2017_bird_020_1_trip
2017-05-17T18:51:05Z,141.84498,40.92149,bird_020,K17E02,18,2017,48961.24414459508,1,2017_bird_020_1_trip
2017-05-17T18:52:05Z,141.85200000000003,40.92714,bird_020,K17E02,18,2017,49800.06301783734,1,2017_bird_020_1_trip
2017-05-17T18:53:05Z,141.85942000000003,40.93256,bird_020,K17E02,18,2017,50634.60541607364,1,2017_bird_020_1_trip
2017-05-17T18:54:05Z,141.86644000000004,40.93797,bird_020,K17E02,18,2017,51452.14340352908,1,2017_bird_020_1_trip
2017-05-17T18:55:05Z,141.87131000000002,40.94283,bird_020,K17E02,18,2017,52125.47574192397,1,2017_bird_020_1_trip
2017-05-17T18:56:05Z,141.87742000000003,40.94787999999999,bird_020,K17E02,18,2017,52870.479686393715,1,2017_bird_020_1_trip
2017-05-17T18:57:04Z,141.88223000000005,40.95309,bird_020,K17E02,18,2017,53574.88727291012,1,2017_bird_020_1_trip
2017-05-17T18:58:05Z,141.88716000000002,40.95869,bird_020,K17E02,18,2017,54321.67233935614,1,2017_bird_020_1_trip
2017-05-17T18:59:05Z,141.89192000000003,40.96412,bird_020,K17E02,18,2017,55044.91466094804,1,2017_bird_020_1_trip
2017-05-17T19:00:05Z,141.89713000000003,40.96888,bird_020,K17E02,18,2017,55723.943975338014,1,2017_bird_020_1_trip
2017-05-17T19:01:04Z,141.90256,40.97365,bird_020,K17E02,18,2017,56413.69341029721,1,2017_bird_020_1_trip
2017-05-17T19:02:05Z,141.90755,40.978530000000006,bird_020,K17E02,18,2017,57094.87197259471,1,2017_bird_020_1_trip
2017-05-17T19:03:05Z,141.91154,40.9836,bird_020,K17E02,18,2017,57750.42162397496,1,2017_bird_020_1_trip
2017-05-17T19:04:05Z,141.91452999999998,40.98883,bird_020,K17E02,18,2017,58377.51245834635,1,2017_bird_020_1_trip
2017-05-17T19:05:05Z,141.9206,40.9938,bird_020,K17E02,18,2017,59114.40205569144,1,2017_bird_020_1_trip
2017-05-17T19:06:03Z,141.92636000000002,40.998360000000005,bird_020,K17E02,18,2017,59799.2076902606,1,2017_bird_020_1_trip
2017-05-17T19:07:05Z,141.93368999999998,41.00133,bird_020,K17E02,18,2017,60403.68707900143,1,2017_bird_020_1_trip
2017-05-17T19:08:05Z,141.94107,41.00494,bird_020,K17E02,18,2017,61072.62136045815,1,2017_bird_020_1_trip
2017-05-17T19:09:05Z,141.94815,41.00905,bird_020,K17E02,18,2017,61776.516422605746,1,2017_bird_020_1_trip
2017-05-17T19:10:05Z,141.95417,41.01376,bird_020,K17E02,18,2017,62489.639197692144,1,2017_bird_020_1_trip
2017-05-17T19:11:05Z,141.95917,41.01832,bird_020,K17E02,18,2017,63142.80249476545,1,2017_bird_020_1_trip
2017-05-17T19:12:06Z,141.96276,41.021370000000005,bird_020,K17E02,18,2017,63590.882323998754,1,2017_bird_020_1_trip
2017-05-17T19:13:06Z,141.9626,41.02096,bird_020,K17E02,18,2017,63545.2902924668,1,2017_bird_020_1_trip
2017-05-17T19:14:05Z,141.96253000000002,41.02081,bird_020,K17E02,18,2017,63528.090293704176,1,2017_bird_020_1_trip
2017-05-17T19:15:06Z,141.96248000000003,41.02067,bird_020,K17E02,18,2017,63512.73368244613,1,2017_bird_020_1_trip
2017-05-17T19:16:05Z,141.96236000000002,41.02045,bird_020,K17E02,18,2017,63486.720444570936,1,2017_bird_020_1_trip
2017-05-17T19:17:06Z,141.96249000000003,41.02053000000001,bird_020,K17E02,18,2017,63500.10337159641,1,2017_bird_020_1_trip
2017-05-17T19:18:05Z,141.96240000000003,41.02376,bird_020,K17E02,18,2017,63798.19510418116,1,2017_bird_020_1_trip
2017-05-17T19:19:06Z,141.96614000000002,41.02444,bird_020,K17E02,18,2017,64031.35754231627,1,2017_bird_020_1_trip
2017-05-17T19:20:06Z,141.97157,41.0272,bird_020,K17E02,18,2017,64536.45706981137,1,2017_bird_020_1_trip
2017-05-17T19:21:06Z,141.9767,41.029430000000005,bird_020,K17E02,18,2017,64979.206383972654,1,2017_bird_020_1_trip
2017-05-17T19:22:06Z,141.98153000000002,41.02992,bird_020,K17E02,18,2017,65247.478181181126,1,2017_bird_020_1_trip
2017-05-17T19:23:06Z,141.98141000000004,41.02966,bird_020,K17E02,18,2017,65217.8174587421,1,2017_bird_020_1_trip
2017-05-17T19:24:06Z,141.98165,41.029720000000005,bird_020,K17E02,18,2017,65234.493083965404,1,2017_bird_020_1_trip
2017-05-17T19:25:06Z,141.98232000000004,41.030350000000006,bird_020,K17E02,18,2017,65323.92238691922,1,2017_bird_020_1_trip
2017-05-17T19:26:05Z,141.98862000000003,41.03425,bird_020,K17E02,18,2017,65977.55142939641,1,2017_bird_020_1_trip
2017-05-17T19:27:06Z,141.98876,41.035700000000006,bird_020,K17E02,18,2017,66118.23228050351,1,2017_bird_020_1_trip
2017-05-17T19:28:05Z,141.98869000000002,41.04012,bird_020,K17E02,18,2017,66524.70647370697,1,2017_bird_020_1_trip
2017-05-17T19:29:06Z,141.98948,41.04297,bird_020,K17E02,18,2017,66825.82153321695,1,2017_bird_020_1_trip
2017-05-17T19:30:06Z,141.98954,41.04269,bird_020,K17E02,18,2017,66802.56676792378,1,2017_bird_020_1_trip
2017-05-17T19:31:04Z,141.98975,41.045750000000005,bird_020,K17E02,18,2017,67096.76306092237,1,2017_bird_020_1_trip
2017-05-17T19:32:05Z,141.98961,41.04623,bird_020,K17E02,18,2017,67135.02300559012,1,2017_bird_020_1_trip
2017-05-17T19:33:06Z,141.98986,41.04614,bird_020,K17E02,18,2017,67138.10681252167,1,2017_bird_020_1_trip
2017-05-17T19:34:05Z,141.98982,41.04578,bird_020,K17E02,18,2017,67102.76646285449,1,2017_bird_020_1_trip
2017-05-17T19:35:08Z,141.99005,41.04566,bird_020,K17E02,18,2017,67102.15552829807,1,2017_bird_020_1_trip
2017-05-17T19:36:05Z,141.99028,41.04541,bird_020,K17E02,18,2017,67089.46079629507,1,2017_bird_020_1_trip
2017-05-17T19:37:05Z,141.99037,41.0467,bird_020,K17E02,18,2017,67213.61982935997,1,2017_bird_020_1_trip
2017-05-17T19:38:04Z,141.993,41.04917,bird_020,K17E02,18,2017,67564.14579524027,1,2017_bird_020_1_trip
2017-05-17T19:39:05Z,141.99318,41.04888,bird_020,K17E02,18,2017,67545.4319203503,1,2017_bird_020_1_trip
2017-05-17T19:40:04Z,141.99319,41.04862,bird_020,K17E02,18,2017,67521.70901729299,1,2017_bird_020_1_trip
2017-05-17T19:41:05Z,141.99331,41.048300000000005,bird_020,K17E02,18,2017,67497.4682077316,1,2017_bird_020_1_trip
2017-05-17T19:42:05Z,141.99334000000002,41.04811000000001,bird_020,K17E02,18,2017,67481.18344546467,1,2017_bird_020_1_trip
2017-05-17T19:43:07Z,141.99654,41.0495,bird_020,K17E02,18,2017,67757.72721834031,1,2017_bird_020_1_trip
2017-05-17T19:44:06Z,142.00401,41.051739999999995,bird_020,K17E02,18,2017,68311.46226777817,1,2017_bird_020_1_trip
2017-05-17T19:45:04Z,142.0109,41.050259999999994,bird_020,K17E02,18,2017,68497.70046201584,1,2017_bird_020_1_trip
2017-05-17T19:46:06Z,142.01758999999998,41.04808,bird_020,K17E02,18,2017,68615.22395223712,1,2017_bird_020_1_trip
2017-05-17T19:47:05Z,142.024,41.04518,bird_020,K17E02,18,2017,68659.11362653537,1,2017_bird_020_1_trip
2017-05-17T19:48:06Z,142.02895,41.04114,bird_020,K17E02,18,2017,68534.34760618766,1,2017_bird_020_1_trip
2017-05-17T19:49:06Z,142.03467999999998,41.03724,bird_020,K17E02,18,2017,68466.13197470651,1,2017_bird_020_1_trip
2017-05-17T19:50:05Z,142.03371,41.0326,bird_020,K17E02,18,2017,68002.47222271792,1,2017_bird_020_1_trip
2017-05-17T19:51:04Z,142.03443,41.02795,bird_020,K17E02,18,2017,67623.56856773389,1,2017_bird_020_1_trip
2017-05-17T19:52:05Z,142.03563,41.022850000000005,bird_020,K17E02,18,2017,67230.95499927034,1,2017_bird_020_1_trip
2017-05-17T19:53:05Z,142.03619,41.01787999999999,bird_020,K17E02,18,2017,66819.7882898329,1,2017_bird_020_1_trip
2017-05-17T19:54:04Z,142.03785,41.013,bird_020,K17E02,18,2017,66475.20490277212,1,2017_bird_020_1_trip
2017-05-17T19:55:04Z,142.03967999999998,41.007439999999995,bird_020,K17E02,18,2017,66083.02260020391,1,2017_bird_020_1_trip
2017-05-17T19:56:04Z,142.04262,41.00246,bird_020,K17E02,18,2017,65803.29867156503,1,2017_bird_020_1_trip
2017-05-17T19:57:05Z,142.0426,40.99714,bird_020,K17E02,18,2017,65341.82060982887,1,2017_bird_020_1_trip
2017-05-17T19:58:05Z,142.04193,40.99259000000001,bird_020,K17E02,18,2017,64914.05802604837,1,2017_bird_020_1_trip
2017-05-17T19:59:05Z,142.04068999999998,40.98787999999999,bird_020,K17E02,18,2017,64443.26944051791,1,2017_bird_020_1_trip
2017-05-17T20:00:32Z,142.03899,40.98065,bird_020,K17E02,18,2017,63733.45163580129,1,2017_bird_020_1_trip
2017-05-17T20:01:05Z,142.03833000000003,40.97793,bird_020,K17E02,18,2017,63465.96029167305,1,2017_bird_020_1_trip
2017-05-17T20:02:05Z,142.03637,40.97347,bird_020,K17E02,18,2017,62980.521831266255,1,2017_bird_020_1_trip
2017-05-17T20:03:04Z,142.03564,40.968610000000005,bird_020,K17E02,18,2017,62528.78216979584,1,2017_bird_020_1_trip
2017-05-17T20:04:06Z,142.03385999999998,40.9647,bird_020,K17E02,18,2017,62101.12452262498,1,2017_bird_020_1_trip
2017-05-17T20:05:05Z,142.03271,40.96022,bird_020,K17E02,18,2017,61660.52792071223,1,2017_bird_020_1_trip
2017-05-17T20:06:04Z,142.03127,40.95615,bird_020,K17E02,18,2017,61239.32536348641,1,2017_bird_020_1_trip
2017-05-17T20:07:05Z,142.02915,40.95203,bird_020,K17E02,18,2017,60776.96766874099,1,2017_bird_020_1_trip
2017-05-17T20:08:04Z,142.02675,40.948150000000005,bird_020,K17E02,18,2017,60319.55664317389,1,2017_bird_020_1_trip
2017-05-17T20:09:04Z,142.02536,40.943459999999995,bird_020,K17E02,18,2017,59851.19561756365,1,2017_bird_020_1_trip
2017-05-17T20:10:05Z,142.02308,40.93845,bird_020,K17E02,18,2017,59307.54239461237,1,2017_bird_020_1_trip
2017-05-17T20:11:05Z,142.02259,40.93752,bird_020,K17E02,18,2017,59202.97609929049,1,2017_bird_020_1_trip
2017-05-17T20:12:06Z,142.02241000000004,40.93713,bird_020,K17E02,18,2017,59160.56123575034,1,2017_bird_020_1_trip
2017-05-17T20:13:06Z,142.02235000000002,40.9367,bird_020,K17E02,18,2017,59121.566993607245,1,2017_bird_020_1_trip
2017-05-17T20:14:05Z,142.02029000000002,40.93485,bird_020,K17E02,18,2017,58852.77110461509,1,2017_bird_020_1_trip
2017-05-17T20:15:05Z,142.01944,40.93362,bird_020,K17E02,18,2017,58703.21587337373,1,2017_bird_020_1_trip
2017-05-17T20:16:07Z,142.01932,40.93319,bird_020,K17E02,18,2017,58660.88564308953,1,2017_bird_020_1_trip
2017-05-17T20:17:05Z,142.01926999999998,40.93296,bird_020,K17E02,18,2017,58639.044888231154,1,2017_bird_020_1_trip
2017-05-17T20:18:05Z,142.0188,40.93261,bird_020,K17E02,18,2017,58583.683487150534,1,2017_bird_020_1_trip
2017-05-17T20:19:05Z,142.01882,40.93208,bird_020,K17E02,18,2017,58540.96573611539,1,2017_bird_020_1_trip
2017-05-17T20:20:05Z,142.01904999999996,40.931819999999995,bird_020,K17E02,18,2017,58532.4043934401,1,2017_bird_020_1_trip
2017-05-17T20:21:06Z,142.01908999999998,40.93135,bird_020,K17E02,18,2017,58495.82020695005,1,2017_bird_020_1_trip
2017-05-17T20:22:05Z,142.02055,40.92762,bird_020,K17E02,18,2017,58271.06273033833,1,2017_bird_020_1_trip
2017-05-17T20:23:06Z,142.02024000000003,40.927150000000005,bird_020,K17E02,18,2017,58214.88860463798,1,2017_bird_020_1_trip
2017-05-17T20:24:06Z,142.02055,40.9268,bird_020,K17E02,18,2017,58203.7468186082,1,2017_bird_020_1_trip
2017-05-17T20:25:05Z,142.02045,40.926570000000005,bird_020,K17E02,18,2017,58179.19989585637,1,2017_bird_020_1_trip
2017-05-17T20:26:05Z,142.02029000000002,40.92612,bird_020,K17E02,18,2017,58133.20403799244,1,2017_bird_020_1_trip
2017-05-17T20:27:06Z,142.02041000000003,40.92584,bird_020,K17E02,18,2017,58117.06395590994,1,2017_bird_020_1_trip
2017-05-17T20:28:05Z,142.02084000000002,40.92556,bird_020,K17E02,18,2017,58118.566505239534,1,2017_bird_020_1_trip
2017-05-17T20:29:06Z,142.02023000000003,40.925050000000006,bird_020,K17E02,18,2017,58042.097277483495,1,2017_bird_020_1_trip
2017-05-17T20:30:05Z,142.02069,40.924130000000005,bird_020,K17E02,18,2017,57992.986092957915,1,2017_bird_020_1_trip
2017-05-17T20:31:06Z,142.02174000000002,40.92201000000001,bird_020,K17E02,18,2017,57879.87466465513,1,2017_bird_020_1_trip
2017-05-17T20:32:06Z,142.02203000000003,40.92173,bird_020,K17E02,18,2017,57873.66598648062,1,2017_bird_020_1_trip
2017-05-17T20:33:06Z,142.02686,40.9189,bird_020,K17E02,18,2017,57922.07873921835,1,2017_bird_020_1_trip
2017-05-17T20:34:04Z,142.03344,40.91545,bird_020,K17E02,18,2017,58027.73723936226,1,2017_bird_020_1_trip
2017-05-17T20:35:06Z,142.03225,40.91477,bird_020,K17E02,18,2017,57903.77893689782,1,2017_bird_020_1_trip
2017-05-17T20:36:06Z,142.03252,40.91461,bird_020,K17E02,18,2017,57906.797169420446,1,2017_bird_020_1_trip
2017-05-17T20:37:06Z,142.03211000000002,40.91413,bird_020,K17E02,18,2017,57844.46313264839,1,2017_bird_020_1_trip
2017-05-17T20:38:06Z,142.03168,40.91379,bird_020,K17E02,18,2017,57792.13845519878,1,2017_bird_020_1_trip
2017-05-17T20:39:05Z,142.03186,40.9135,bird_020,K17E02,18,2017,57779.52965302547,1,2017_bird_020_1_trip
2017-05-17T20:40:06Z,142.03132000000002,40.91301,bird_020,K17E02,18,2017,57708.78993998358,1,2017_bird_020_1_trip
2017-05-17T20:41:06Z,142.03159,40.91282,bird_020,K17E02,18,2017,57709.45497812322,1,2017_bird_020_1_trip
2017-05-17T20:42:06Z,142.03174,40.91243,bird_020,K17E02,18,2017,57687.15559911313,1,2017_bird_020_1_trip
2017-05-17T20:43:07Z,142.03108,40.91197,bird_020,K17E02,18,2017,57611.77381629017,1,2017_bird_020_1_trip
2017-05-17T20:44:05Z,142.03054999999998,40.91153,bird_020,K17E02,18,2017,57545.61174869845,1,2017_bird_020_1_trip
2017-05-17T20:45:07Z,142.03086,40.91123,bird_020,K17E02,18,2017,57539.898620316904,1,2017_bird_020_1_trip
2017-05-17T20:46:07Z,142.03074,40.91087999999999,bird_020,K17E02,18,2017,57504.97876513193,1,2017_bird_020_1_trip
2017-05-17T20:47:06Z,142.0303,40.91047999999999,bird_020,K17E02,18,2017,57447.28892165471,1,2017_bird_020_1_trip
2017-05-17T20:48:06Z,142.03062,40.91031,bird_020,K17E02,18,2017,57452.55615720202,1,2017_bird_020_1_trip
2017-05-17T20:49:07Z,142.03043000000002,40.90992,bird_020,K17E02,18,2017,57410.35874660945,1,2017_bird_020_1_trip
2017-05-17T20:50:05Z,142.03303,40.90765999999999,bird_020,K17E02,18,2017,57384.37850041758,1,2017_bird_020_1_trip
2017-05-17T20:51:06Z,142.03293000000002,40.9073,bird_020,K17E02,18,2017,57349.99300246661,1,2017_bird_020_1_trip
2017-05-17T20:52:07Z,142.0327,40.90683,bird_020,K17E02,18,2017,57299.227698204595,1,2017_bird_020_1_trip
2017-05-17T20:53:06Z,142.03384999999997,40.90548,bird_020,K17E02,18,2017,57260.85314747622,1,2017_bird_020_1_trip
2017-05-17T20:54:07Z,142.03753,40.904619999999994,bird_020,K17E02,18,2017,57412.28593396718,1,2017_bird_020_1_trip
2017-05-17T20:55:06Z,142.03747,40.90411,bird_020,K17E02,18,2017,57368.73096866358,1,2017_bird_020_1_trip
2017-05-17T20:56:07Z,142.03743000000003,40.90376,bird_020,K17E02,18,2017,57338.92403756132,1,2017_bird_020_1_trip
2017-05-17T20:57:07Z,142.03761,40.90337,bird_020,K17E02,18,2017,57319.146447514075,1,2017_bird_020_1_trip
2017-05-17T20:58:07Z,142.03807,40.90324,bird_020,K17E02,18,2017,57336.48253100129,1,2017_bird_020_1_trip
2017-05-17T20:59:07Z,142.0376,40.90269,bird_020,K17E02,18,2017,57265.35430263833,1,2017_bird_020_1_trip
2017-05-17T21:00:05Z,142.04172,40.90072,bird_020,K17E02,18,2017,57359.23984819802,1,2017_bird_020_1_trip
2017-05-17T21:01:05Z,142.05126,40.8986,bird_020,K17E02,18,2017,57774.10398541359,1,2017_bird_020_1_trip
2017-05-17T21:02:06Z,142.05618,40.89366,bird_020,K17E02,18,2017,57699.8056426344,1,2017_bird_020_1_trip
2017-05-17T21:03:07Z,142.05592,40.89301,bird_020,K17E02,18,2017,57634.60327037217,1,2017_bird_020_1_trip
2017-05-17T21:04:07Z,142.0555,40.89264,bird_020,K17E02,18,2017,57580.7052887525,1,2017_bird_020_1_trip
2017-05-17T21:05:10Z,142.05531000000002,40.892100000000006,bird_020,K17E02,18,2017,57528.1649798341,1,2017_bird_020_1_trip
2017-05-17T21:06:08Z,142.05554,40.89198,bird_020,K17E02,18,2017,57533.310541915,1,2017_bird_020_1_trip
2017-05-17T21:07:08Z,142.05573,40.89196,bird_020,K17E02,18,2017,57543.54185402387,1,2017_bird_020_1_trip
2017-05-17T21:08:09Z,142.05542000000003,40.89142,bird_020,K17E02,18,2017,57483.62095418228,1,2017_bird_020_1_trip
2017-05-17T21:09:06Z,142.05529,40.89109,bird_020,K17E02,18,2017,57450.68489253808,1,2017_bird_020_1_trip
2017-05-17T21:10:10Z,142.05461,40.89025,bird_020,K17E02,18,2017,57345.27217170461,1,2017_bird_020_1_trip
2017-05-17T21:11:07Z,142.05448,40.88991,bird_020,K17E02,18,2017,57311.59879654394,1,2017_bird_020_1_trip
2017-05-17T21:12:07Z,142.05436,40.88957,bird_020,K17E02,18,2017,57278.55174311885,1,2017_bird_020_1_trip
2017-05-17T21:13:07Z,142.05431000000002,40.88907999999999,bird_020,K17E02,18,2017,57238.55514810575,1,2017_bird_020_1_trip
2017-05-17T21:14:06Z,142.0542,40.88876,bird_020,K17E02,18,2017,57207.65392276798,1,2017_bird_020_1_trip
2017-05-17T21:15:07Z,142.05398,40.8883,bird_020,K17E02,18,2017,57159.408816444935,1,2017_bird_020_1_trip
2017-05-17T21:16:08Z,142.05392,40.887739999999994,bird_020,K17E02,18,2017,57113.583784143986,1,2017_bird_020_1_trip
2017-05-17T21:17:06Z,142.05394,40.88715,bird_020,K17E02,18,2017,57070.50484563714,1,2017_bird_020_1_trip
2017-05-17T21:18:07Z,142.05402,40.88657,bird_020,K17E02,18,2017,57031.9476633916,1,2017_bird_020_1_trip
2017-05-17T21:19:33Z,142.06362,40.887049999999995,bird_020,K17E02,18,2017,57666.83376396652,1,2017_bird_020_1_trip
2017-05-17T21:20:06Z,142.06974999999997,40.88627999999999,bird_020,K17E02,18,2017,57995.15971542824,1,2017_bird_020_1_trip
2017-05-17T21:21:06Z,142.08073000000002,40.88383999999999,bird_020,K17E02,18,2017,58513.451777828974,1,2017_bird_020_1_trip
2017-05-17T21:22:06Z,142.09176,40.88137,bird_020,K17E02,18,2017,59044.15932204892,1,2017_bird_020_1_trip
2017-05-17T21:23:05Z,142.09253,40.881139999999995,bird_020,K17E02,18,2017,59077.52672848439,1,2017_bird_020_1_trip
2017-05-17T21:24:06Z,142.09245,40.88054,bird_020,K17E02,18,2017,59029.627365560336,1,2017_bird_020_1_trip
2017-05-17T21:25:06Z,142.09240000000003,40.880199999999995,bird_020,K17E02,18,2017,59002.19879159569,1,2017_bird_020_1_trip
2017-05-17T21:26:33Z,142.09244000000004,40.88007999999999,bird_020,K17E02,18,2017,58996.2526277943,1,2017_bird_020_1_trip
2017-05-17T21:27:04Z,142.09251,40.87993,bird_020,K17E02,18,2017,58990.11860350762,1,2017_bird_020_1_trip
2017-05-17T21:28:04Z,142.09247000000002,40.87979,bird_020,K17E02,18,2017,58977.576097207806,1,2017_bird_020_1_trip
2017-05-17T21:29:04Z,142.09249000000003,40.87963,bird_020,K17E02,18,2017,58967.50021190925,1,2017_bird_020_1_trip
2017-05-17T21:30:04Z,142.09235,40.87914,bird_020,K17E02,18,2017,58923.6227136384,1,2017_bird_020_1_trip
2017-05-17T21:31:05Z,142.09224000000003,40.87893,bird_020,K17E02,18,2017,58901.58326542797,1,2017_bird_020_1_trip
2017-05-17T21:32:04Z,142.09199,40.87845,bird_020,K17E02,18,2017,58851.309069178475,1,2017_bird_020_1_trip
2017-05-17T21:33:05Z,142.09210000000002,40.87837,bird_020,K17E02,18,2017,58852.76682505027,1,2017_bird_020_1_trip
2017-05-17T21:34:04Z,142.09206,40.87802,bird_020,K17E02,18,2017,58825.35220761487,1,2017_bird_020_1_trip
2017-05-17T21:35:04Z,142.09226,40.877849999999995,bird_020,K17E02,18,2017,58826.28156764019,1,2017_bird_020_1_trip
2017-05-17T21:36:04Z,142.09224000000003,40.877599999999994,bird_020,K17E02,18,2017,58807.27274572482,1,2017_bird_020_1_trip
2017-05-17T21:37:04Z,142.09214000000003,40.87725999999999,bird_020,K17E02,18,2017,58776.70397335105,1,2017_bird_020_1_trip
2017-05-17T21:38:05Z,142.09218,40.87713,bird_020,K17E02,18,2017,58770.10010611142,1,2017_bird_020_1_trip
2017-05-17T21:39:04Z,142.092,40.87671,bird_020,K17E02,18,2017,58728.68889303957,1,2017_bird_020_1_trip
2017-05-17T21:40:04Z,142.09198,40.87674,bird_020,K17E02,18,2017,58729.511475315485,1,2017_bird_020_1_trip
2017-05-17T21:41:04Z,142.09193000000002,40.87712,bird_020,K17E02,18,2017,58753.15479304722,1,2017_bird_020_1_trip
2017-05-17T21:42:05Z,142.09168,40.87689,bird_020,K17E02,18,2017,58720.63682167904,1,2017_bird_020_1_trip
2017-05-17T21:43:05Z,142.09171,40.87656,bird_020,K17E02,18,2017,58699.23436758296,1,2017_bird_020_1_trip
2017-05-17T21:44:04Z,142.09177,40.87618,bird_020,K17E02,18,2017,58676.26276190066,1,2017_bird_020_1_trip
2017-05-17T21:45:04Z,142.09179,40.87607,bird_020,K17E02,18,2017,58669.78826924945,1,2017_bird_020_1_trip
2017-05-17T21:46:04Z,142.09175,40.87586,bird_020,K17E02,18,2017,58652.34839179529,1,2017_bird_020_1_trip
2017-05-17T21:47:05Z,142.09205,40.87567,bird_020,K17E02,18,2017,58658.4445601022,1,2017_bird_020_1_trip
2017-05-17T21:48:04Z,142.09640000000002,40.873999999999995,bird_020,K17E02,18,2017,58824.78876065801,1,2017_bird_020_1_trip
2017-05-17T21:49:05Z,142.09673,40.87367999999999,bird_020,K17E02,18,2017,58823.97649473637,1,2017_bird_020_1_trip
2017-05-17T21:50:04Z,142.09674,40.87314,bird_020,K17E02,18,2017,58786.860039088184,1,2017_bird_020_1_trip
2017-05-17T21:51:05Z,142.09674,40.87315,bird_020,K17E02,18,2017,58787.55916624678,1,2017_bird_020_1_trip
2017-05-17T21:52:04Z,142.09646,40.87264,bird_020,K17E02,18,2017,58733.57207493738,1,2017_bird_020_1_trip
2017-05-17T21:53:04Z,142.10649999999998,40.87053,bird_020,K17E02,18,2017,59248.33585360554,1,2017_bird_020_1_trip
2017-05-17T21:54:04Z,142.11197,40.87423999999999,bird_020,K17E02,18,2017,59865.55560542871,1,2017_bird_020_1_trip
2017-05-17T21:55:04Z,142.11169999999998,40.87508,bird_020,K17E02,18,2017,59905.60999667122,1,2017_bird_020_1_trip
2017-05-17T21:56:04Z,142.11181,40.875,bird_020,K17E02,18,2017,59907.3579374282,1,2017_bird_020_1_trip
2017-05-17T21:57:04Z,142.11159999999998,40.87521,bird_020,K17E02,18,2017,59907.97581594529,1,2017_bird_020_1_trip
2017-05-17T21:58:04Z,142.11199,40.87473,bird_020,K17E02,18,2017,59900.63607555341,1,2017_bird_020_1_trip
2017-05-17T21:59:04Z,142.11208,40.874419999999994,bird_020,K17E02,18,2017,59885.22631502163,1,2017_bird_020_1_trip
2017-05-17T22:00:05Z,142.11222,40.87433,bird_020,K17E02,18,2017,59888.28625650786,1,2017_bird_020_1_trip
2017-05-17T22:01:04Z,142.11234000000002,40.87433,bird_020,K17E02,18,2017,59896.22282112232,1,2017_bird_020_1_trip
2017-05-17T22:02:04Z,142.11249,40.87418,bird_020,K17E02,18,2017,59895.82057643667,1,2017_bird_020_1_trip
2017-05-17T22:03:04Z,142.11257999999998,40.87374,bird_020,K17E02,18,2017,59871.511219857086,1,2017_bird_020_1_trip
2017-05-17T22:04:04Z,142.11265999999998,40.87369,bird_020,K17E02,18,2017,59873.3699394324,1,2017_bird_020_1_trip
2017-05-17T22:05:04Z,142.11274,40.873439999999995,bird_020,K17E02,18,2017,59861.4867131737,1,2017_bird_020_1_trip
2017-05-17T22:06:04Z,142.11271,40.873439999999995,bird_020,K17E02,18,2017,59859.499900075,1,2017_bird_020_1_trip
2017-05-17T22:07:04Z,142.11282,40.8734,bird_020,K17E02,18,2017,59864.03730579379,1,2017_bird_020_1_trip
2017-05-17T22:08:04Z,142.11847,40.87463,bird_020,K17E02,18,2017,60323.04682204548,1,2017_bird_020_1_trip
2017-05-17T22:09:05Z,142.12533000000002,40.87043,bird_020,K17E02,18,2017,60495.5661849429,1,2017_bird_020_1_trip
2017-05-17T22:10:04Z,142.12933,40.86634,bird_020,K17E02,18,2017,60490.83392019737,1,2017_bird_020_1_trip
2017-05-17T22:11:04Z,142.13158,40.862950000000005,bird_020,K17E02,18,2017,60418.63689978887,1,2017_bird_020_1_trip
2017-05-17T22:12:04Z,142.13153,40.86265,bird_020,K17E02,18,2017,60395.476203780294,1,2017_bird_020_1_trip
2017-05-17T22:13:04Z,142.13146,40.86231000000001,bird_020,K17E02,18,2017,60368.33391547098,1,2017_bird_020_1_trip
2017-05-17T22:14:04Z,142.13163,40.86227,bird_020,K17E02,18,2017,60377.24437997016,1,2017_bird_020_1_trip
2017-05-17T22:15:04Z,142.13164999999998,40.862210000000005,bird_020,K17E02,18,2017,60374.65392871909,1,2017_bird_020_1_trip
2017-05-17T22:16:04Z,142.13161,40.861799999999995,bird_020,K17E02,18,2017,60344.96678559484,1,2017_bird_020_1_trip
2017-05-17T22:17:04Z,142.13169,40.8617,bird_020,K17E02,18,2017,60343.82806885434,1,2017_bird_020_1_trip
2017-05-17T22:18:04Z,142.13143000000002,40.86153,bird_020,K17E02,18,2017,60314.98524471844,1,2017_bird_020_1_trip
2017-05-17T22:19:04Z,142.13172,40.8612,bird_020,K17E02,18,2017,60313.01660531326,1,2017_bird_020_1_trip
2017-05-17T22:20:04Z,142.13185,40.861079999999994,bird_020,K17E02,18,2017,60313.97799075885,1,2017_bird_020_1_trip
2017-05-17T22:21:04Z,142.13199,40.86062,bird_020,K17E02,18,2017,60293.32323450161,1,2017_bird_020_1_trip
2017-05-17T22:22:04Z,142.13184,40.86058,bird_020,K17E02,18,2017,60280.49359324709,1,2017_bird_020_1_trip
2017-05-17T22:23:04Z,142.13188,40.8605,bird_020,K17E02,18,2017,60277.96999642073,1,2017_bird_020_1_trip
2017-05-17T22:24:04Z,142.13189,40.86024,bird_020,K17E02,18,2017,60261.60916419318,1,2017_bird_020_1_trip
2017-05-17T22:25:04Z,142.13211,40.8599,bird_020,K17E02,18,2017,60254.32016285179,1,2017_bird_020_1_trip
2017-05-17T22:26:04Z,142.1318,40.86002,bird_020,K17E02,18,2017,60241.06890702896,1,2017_bird_020_1_trip
2017-05-17T22:27:05Z,142.13206,40.85959,bird_020,K17E02,18,2017,60230.626225796645,1,2017_bird_020_1_trip
2017-05-17T22:28:04Z,142.13221,40.85959999999999,bird_020,K17E02,18,2017,60241.49987093987,1,2017_bird_020_1_trip
2017-05-17T22:29:04Z,142.13644000000002,40.85725999999999,bird_020,K17E02,18,2017,60378.10050964631,1,2017_bird_020_1_trip
2017-05-17T22:30:05Z,142.13652,40.8571,bird_020,K17E02,18,2017,60373.21594980488,1,2017_bird_020_1_trip
2017-05-17T22:31:04Z,142.1367,40.85687999999999,bird_020,K17E02,18,2017,60371.30514015932,1,2017_bird_020_1_trip
2017-05-17T22:32:04Z,142.13661,40.85647999999999,bird_020,K17E02,18,2017,60339.26027173032,1,2017_bird_020_1_trip
2017-05-17T22:33:04Z,142.13658999999998,40.85652,bird_020,K17E02,18,2017,60340.47627358282,1,2017_bird_020_1_trip
2017-05-17T22:34:05Z,142.13669,40.85619,bird_020,K17E02,18,2017,60325.997586115926,1,2017_bird_020_1_trip
2017-05-17T22:35:04Z,142.13678,40.85603999999999,bird_020,K17E02,18,2017,60322.47812645807,1,2017_bird_020_1_trip
2017-05-17T22:36:03Z,142.13684,40.855819999999994,bird_020,K17E02,18,2017,60312.38636624354,1,2017_bird_020_1_trip
2017-05-17T22:37:04Z,142.1369,40.85561,bird_020,K17E02,18,2017,60302.94855595267,1,2017_bird_020_1_trip
2017-05-17T22:38:03Z,142.13702,40.85529,bird_020,K17E02,18,2017,60290.54395122773,1,2017_bird_020_1_trip
2017-05-17T22:39:04Z,142.13708,40.85512,bird_020,K17E02,18,2017,60283.70471510742,1,2017_bird_020_1_trip
2017-05-17T22:40:04Z,142.13712,40.85487999999999,bird_020,K17E02,18,2017,60270.988136675325,1,2017_bird_020_1_trip
2017-05-17T22:41:04Z,142.13732000000002,40.854730000000004,bird_020,K17E02,18,2017,60275.067744597,1,2017_bird_020_1_trip
2017-05-17T22:42:04Z,142.14274,40.85173,bird_020,K17E02,18,2017,60456.71674563634,1,2017_bird_020_1_trip
2017-05-17T22:43:05Z,142.14864,40.84795999999999,bird_020,K17E02,18,2017,60628.29023629722,1,2017_bird_020_1_trip
2017-05-17T22:44:05Z,142.14842000000002,40.84667,bird_020,K17E02,18,2017,60532.29096998021,1,2017_bird_020_1_trip
2017-05-17T22:45:04Z,142.14846,40.84635,bird_020,K17E02,18,2017,60515.103840956304,1,2017_bird_020_1_trip
2017-05-17T22:46:04Z,142.14847,40.84627,bird_020,K17E02,18,2017,60510.80959059507,1,2017_bird_020_1_trip
2017-05-17T22:47:04Z,142.14851,40.84601,bird_020,K17E02,18,2017,60497.38364549808,1,2017_bird_020_1_trip
2017-05-17T22:48:05Z,142.14858999999998,40.84583,bird_020,K17E02,18,2017,60491.746183485906,1,2017_bird_020_1_trip
2017-05-17T22:49:05Z,142.14889,40.84567,bird_020,K17E02,18,2017,60502.72134418259,1,2017_bird_020_1_trip
2017-05-17T22:50:04Z,142.14902999999998,40.84542,bird_020,K17E02,18,2017,60496.934274199906,1,2017_bird_020_1_trip
2017-05-17T22:51:05Z,142.14967999999996,40.84441,bird_020,K17E02,18,2017,60479.60603420671,1,2017_bird_020_1_trip
2017-05-17T22:52:04Z,142.15864000000002,40.84163999999999,bird_020,K17E02,18,2017,60938.247544953905,1,2017_bird_020_1_trip
2017-05-17T22:53:06Z,142.1679,40.83832,bird_020,K17E02,18,2017,61392.73927769407,1,2017_bird_020_1_trip
2017-05-17T22:54:05Z,142.17259,40.83594,bird_020,K17E02,18,2017,61584.91808694526,1,2017_bird_020_1_trip
2017-05-17T22:55:06Z,142.17264,40.83564,bird_020,K17E02,18,2017,61570.73037251931,1,2017_bird_020_1_trip
2017-05-17T22:56:05Z,142.17274999999998,40.8354,bird_020,K17E02,18,2017,61564.388817603154,1,2017_bird_020_1_trip
2017-05-17T22:57:05Z,142.17278,40.8351,bird_020,K17E02,18,2017,61548.80144129563,1,2017_bird_020_1_trip
2017-05-17T22:58:06Z,142.17284,40.834869999999995,bird_020,K17E02,18,2017,61539.503912256085,1,2017_bird_020_1_trip
2017-05-17T22:59:06Z,142.17301999999998,40.834489999999995,bird_020,K17E02,18,2017,61529.9435511201,1,2017_bird_020_1_trip
2017-05-17T23:00:06Z,142.17674999999997,40.83192,bird_020,K17E02,18,2017,61646.33913712879,1,2017_bird_020_1_trip
2017-05-17T23:01:05Z,142.18577,40.82867,bird_020,K17E02,18,2017,62108.16744951239,1,2017_bird_020_1_trip
2017-05-17T23:02:06Z,142.19436,40.82355,bird_020,K17E02,18,2017,62441.895243437735,1,2017_bird_020_1_trip
2017-05-17T23:03:06Z,142.19699,40.81819,bird_020,K17E02,18,2017,62336.962218161025,1,2017_bird_020_1_trip
2017-05-17T23:04:05Z,142.19535,40.81802,bird_020,K17E02,18,2017,62207.412694154875,1,2017_bird_020_1_trip
2017-05-17T23:05:05Z,142.19011,40.82023,bird_020,K17E02,18,2017,61946.6198209323,1,2017_bird_020_1_trip
2017-05-17T23:06:05Z,142.1856,40.82006,bird_020,K17E02,18,2017,61608.27663296858,1,2017_bird_020_1_trip
2017-05-17T23:07:05Z,142.18123000000003,40.81951,bird_020,K17E02,18,2017,61259.254550501864,1,2017_bird_020_1_trip
2017-05-17T23:08:06Z,142.17733,40.81907,bird_020,K17E02,18,2017,60950.888758710345,1,2017_bird_020_1_trip
2017-05-17T23:09:05Z,142.17474,40.81834,bird_020,K17E02,18,2017,60721.50689106284,1,2017_bird_020_1_trip
2017-05-17T23:10:05Z,142.17457999999996,40.81836,bird_020,K17E02,18,2017,60711.01439103008,1,2017_bird_020_1_trip
2017-05-17T23:11:06Z,142.17454999999995,40.81809,bird_020,K17E02,18,2017,60693.58825806456,1,2017_bird_020_1_trip
2017-05-17T23:12:06Z,142.17438,40.81804,bird_020,K17E02,18,2017,60678.41480722801,1,2017_bird_020_1_trip
2017-05-17T23:13:33Z,142.17467999999997,40.81727999999999,bird_020,K17E02,18,2017,60657.365287791,1,2017_bird_020_1_trip
2017-05-17T23:14:04Z,142.17485999999997,40.81707999999999,bird_020,K17E02,18,2017,60659.19566058514,1,2017_bird_020_1_trip
2017-05-17T23:15:05Z,142.17467999999997,40.816869999999994,bird_020,K17E02,18,2017,60634.2870931527,1,2017_bird_020_1_trip
2017-05-17T23:16:04Z,142.17474,40.81665,bird_020,K17E02,18,2017,60626.27954059984,1,2017_bird_020_1_trip
2017-05-17T23:17:05Z,142.17478999999997,40.816379999999995,bird_020,K17E02,18,2017,60614.744517744184,1,2017_bird_020_1_trip
2017-05-17T23:18:04Z,142.17465999999996,40.816219999999994,bird_020,K17E02,18,2017,60596.29611366406,1,2017_bird_020_1_trip
2017-05-17T23:19:04Z,142.17481999999998,40.81594,bird_020,K17E02,18,2017,60592.22614930299,1,2017_bird_020_1_trip
2017-05-17T23:20:04Z,142.17514,40.81542,bird_020,K17E02,18,2017,60586.38275518367,1,2017_bird_020_1_trip
2017-05-17T23:21:04Z,142.17496999999997,40.81536,bird_020,K17E02,18,2017,60570.63723696609,1,2017_bird_020_1_trip
2017-05-17T23:22:04Z,142.17503,40.8151,bird_020,K17E02,18,2017,60560.45241335676,1,2017_bird_020_1_trip
2017-05-17T23:23:05Z,142.17493,40.81473999999999,bird_020,K17E02,18,2017,60533.0252803234,1,2017_bird_020_1_trip
2017-05-17T23:24:05Z,142.17525999999998,40.81445999999999,bird_020,K17E02,18,2017,60541.43744544719,1,2017_bird_020_1_trip
2017-05-17T23:25:04Z,142.17523,40.81415,bird_020,K17E02,18,2017,60521.942315887194,1,2017_bird_020_1_trip
2017-05-17T23:26:05Z,142.17528,40.81387999999999,bird_020,K17E02,18,2017,60510.528148695645,1,2017_bird_020_1_trip
2017-05-17T23:27:04Z,142.17537,40.81353,bird_020,K17E02,18,2017,60497.589661961174,1,2017_bird_020_1_trip
2017-05-17T23:28:05Z,142.1753,40.81345,bird_020,K17E02,18,2017,60488.02431216921,1,2017_bird_020_1_trip
2017-05-17T23:29:05Z,142.17547,40.81296,bird_020,K17E02,18,2017,60473.166915081616,1,2017_bird_020_1_trip
2017-05-17T23:30:06Z,142.17555999999996,40.81274,bird_020,K17E02,18,2017,60467.510999209146,1,2017_bird_020_1_trip
2017-05-17T23:31:05Z,142.17564,40.812479999999994,bird_020,K17E02,18,2017,60458.91367422389,1,2017_bird_020_1_trip
2017-05-17T23:32:05Z,142.17561999999998,40.812259999999995,bird_020,K17E02,18,2017,60445.240416543464,1,2017_bird_020_1_trip
2017-05-17T23:33:05Z,142.17568999999995,40.81197999999999,bird_020,K17E02,18,2017,60434.8260638119,1,2017_bird_020_1_trip
2017-05-17T23:34:05Z,142.17587999999998,40.81159999999999,bird_020,K17E02,18,2017,60427.663898612576,1,2017_bird_020_1_trip
2017-05-17T23:35:05Z,142.17604999999998,40.81123999999999,bird_020,K17E02,18,2017,60420.17751218239,1,2017_bird_020_1_trip
2017-05-17T23:36:04Z,142.17606999999998,40.81101999999999,bird_020,K17E02,18,2017,60409.4775431166,1,2017_bird_020_1_trip
2017-05-17T23:37:05Z,142.17602,40.810759999999995,bird_020,K17E02,18,2017,60391.45235699264,1,2017_bird_020_1_trip
2017-05-17T23:38:05Z,142.17624,40.81045999999999,bird_020,K17E02,18,2017,60390.99781736162,1,2017_bird_020_1_trip
2017-05-17T23:39:04Z,142.17641,40.80995,bird_020,K17E02,18,2017,60375.33409250066,1,2017_bird_020_1_trip
2017-05-17T23:40:05Z,142.17648,40.80972,bird_020,K17E02,18,2017,60367.79874524883,1,2017_bird_020_1_trip
2017-05-17T23:41:04Z,142.17595999999998,40.80931,bird_020,K17E02,18,2017,60307.12660952148,1,2017_bird_020_1_trip
2017-05-17T23:42:05Z,142.17635,40.80636,bird_020,K17E02,18,2017,60174.170688344755,1,2017_bird_020_1_trip
2017-05-17T23:43:05Z,142.17638,40.80604,bird_020,K17E02,18,2017,60158.93439203296,1,2017_bird_020_1_trip
2017-05-17T23:44:05Z,142.17644,40.805879999999995,bird_020,K17E02,18,2017,60154.63206866119,1,2017_bird_020_1_trip
2017-05-17T23:45:05Z,142.17628,40.80567,bird_020,K17E02,18,2017,60131.43223551288,1,2017_bird_020_1_trip
2017-05-17T23:46:05Z,142.17654,40.8054,bird_020,K17E02,18,2017,60135.87117891308,1,2017_bird_020_1_trip
2017-05-17T23:47:05Z,142.17650999999998,40.805110000000006,bird_020,K17E02,18,2017,60117.90275357767,1,2017_bird_020_1_trip
2017-05-17T23:48:05Z,142.17663,40.80473,bird_020,K17E02,18,2017,60106.104908681205,1,2017_bird_020_1_trip
2017-05-17T23:49:05Z,142.17673,40.804489999999994,bird_020,K17E02,18,2017,60100.45160069101,1,2017_bird_020_1_trip
2017-05-17T23:50:06Z,142.17668999999998,40.804179999999995,bird_020,K17E02,18,2017,60080.706072155255,1,2017_bird_020_1_trip
2017-05-17T23:51:05Z,142.17675999999997,40.80395,bird_020,K17E02,18,2017,60073.409057286175,1,2017_bird_020_1_trip
2017-05-17T23:52:06Z,142.17693,40.803619999999995,bird_020,K17E02,18,2017,60068.08541418207,1,2017_bird_020_1_trip
2017-05-17T23:53:05Z,142.17684999999997,40.80334,bird_020,K17E02,18,2017,60047.05531795307,1,2017_bird_020_1_trip
2017-05-17T23:54:06Z,142.17691,40.80303,bird_020,K17E02,18,2017,60034.739519748815,1,2017_bird_020_1_trip
2017-05-17T23:55:05Z,142.17694999999998,40.80272,bird_020,K17E02,18,2017,60020.96600778211,1,2017_bird_020_1_trip
2017-05-17T23:56:06Z,142.17682,40.80252,bird_020,K17E02,18,2017,60000.59311040009,1,2017_bird_020_1_trip
2017-05-17T23:57:05Z,142.17699,40.80228,bird_020,K17E02,18,2017,60000.207416944446,1,2017_bird_020_1_trip
2017-05-17T23:58:05Z,142.17694999999998,40.80205,bird_020,K17E02,18,2017,59984.873355005395,1,2017_bird_020_1_trip
2017-05-17T23:59:05Z,142.17696999999998,40.80179999999999,bird_020,K17E02,18,2017,59972.90067170963,1,2017_bird_020_1_trip
2017-05-18T00:00:05Z,142.17704,40.80152,bird_020,K17E02,18,2017,59963.01913697449,1,2017_bird_020_1_trip
2017-05-18T00:01:06Z,142.17705999999998,40.801269999999995,bird_020,K17E02,18,2017,59951.06959678508,1,2017_bird_020_1_trip
2017-05-18T00:02:05Z,142.17687999999998,40.800819999999995,bird_020,K17E02,18,2017,59913.62484730703,1,2017_bird_020_1_trip
2017-05-18T00:03:05Z,142.17752,40.7978,bird_020,K17E02,18,2017,59799.81910809717,1,2017_bird_020_1_trip
2017-05-18T00:04:06Z,142.17776999999998,40.79750000000001,bird_020,K17E02,18,2017,59802.42928281296,1,2017_bird_020_1_trip
2017-05-18T00:05:06Z,142.17774,40.797340000000005,bird_020,K17E02,18,2017,59791.72000532241,1,2017_bird_020_1_trip
2017-05-18T00:06:06Z,142.17774,40.79711000000001,bird_020,K17E02,18,2017,59779.529968956274,1,2017_bird_020_1_trip
2017-05-18T00:07:05Z,142.17777999999998,40.79674000000001,bird_020,K17E02,18,2017,59762.90534834304,1,2017_bird_020_1_trip
2017-05-18T00:08:06Z,142.17798,40.79644,bird_020,K17E02,18,2017,59761.8798854192,1,2017_bird_020_1_trip
2017-05-18T00:09:06Z,142.17782,40.79628,bird_020,K17E02,18,2017,59741.547968650826,1,2017_bird_020_1_trip
2017-05-18T00:10:06Z,142.17804999999998,40.79598000000001,bird_020,K17E02,18,2017,59742.779260235235,1,2017_bird_020_1_trip
2017-05-18T00:11:06Z,142.17806,40.79578000000001,bird_020,K17E02,18,2017,59732.9689506781,1,2017_bird_020_1_trip
2017-05-18T00:12:06Z,142.17809,40.79550000000001,bird_020,K17E02,18,2017,59720.434279599,1,2017_bird_020_1_trip
2017-05-18T00:13:06Z,142.17818,40.79525000000001,bird_020,K17E02,18,2017,59713.951236365305,1,2017_bird_020_1_trip
2017-05-18T00:14:05Z,142.17832,40.79509000000001,bird_020,K17E02,18,2017,59715.93283232197,1,2017_bird_020_1_trip
2017-05-18T00:15:05Z,142.17842000000002,40.79487,bird_020,K17E02,18,2017,59711.7937223854,1,2017_bird_020_1_trip
2017-05-18T00:16:07Z,142.17844000000002,40.79469,bird_020,K17E02,18,2017,59703.81915409592,1,2017_bird_020_1_trip
2017-05-18T00:17:07Z,142.17848,40.79442,bird_020,K17E02,18,2017,59692.611639268296,1,2017_bird_020_1_trip
2017-05-18T00:18:06Z,142.1786,40.79406,bird_020,K17E02,18,2017,59682.64840564195,1,2017_bird_020_1_trip
2017-05-18T00:19:06Z,142.17833000000002,40.79408,bird_020,K17E02,18,2017,59663.61179628244,1,2017_bird_020_1_trip
2017-05-18T00:20:05Z,142.17799,40.793870000000005,bird_020,K17E02,18,2017,59627.30456061335,1,2017_bird_020_1_trip
2017-05-18T00:21:06Z,142.17884,40.79352000000001,bird_020,K17E02,18,2017,59672.22028464256,1,2017_bird_020_1_trip
2017-05-18T00:22:06Z,142.17878,40.79331000000001,bird_020,K17E02,18,2017,59656.766655267,1,2017_bird_020_1_trip
2017-05-18T00:23:07Z,142.17904999999996,40.79305000000001,bird_020,K17E02,18,2017,59663.28013677495,1,2017_bird_020_1_trip
2017-05-18T00:24:06Z,142.17888,40.79292000000001,bird_020,K17E02,18,2017,59643.82798704685,1,2017_bird_020_1_trip
2017-05-18T00:25:06Z,142.17808,40.79061000000001,bird_020,K17E02,18,2017,59463.899444611096,1,2017_bird_020_1_trip
2017-05-18T00:26:09Z,142.17360999999997,40.78925,bird_020,K17E02,18,2017,59059.80090255797,1,2017_bird_020_1_trip
2017-05-18T00:27:07Z,142.16933,40.78894,bird_020,K17E02,18,2017,58724.643030529376,1,2017_bird_020_1_trip
2017-05-18T00:28:07Z,142.16684,40.78884,bird_020,K17E02,18,2017,58534.01906516763,1,2017_bird_020_1_trip
2017-05-18T00:29:07Z,142.16464999999997,40.785630000000005,bird_020,K17E02,18,2017,58203.32903252752,1,2017_bird_020_1_trip
2017-05-18T00:30:06Z,142.16004999999998,40.78321,bird_020,K17E02,18,2017,57734.43396859303,1,2017_bird_020_1_trip
2017-05-18T00:31:05Z,142.16574,40.77810000000001,bird_020,K17E02,18,2017,57898.3610652999,1,2017_bird_020_1_trip
2017-05-18T00:32:06Z,142.16876,40.772850000000005,bird_020,K17E02,18,2017,57862.71660190794,1,2017_bird_020_1_trip
2017-05-18T00:33:06Z,142.16699,40.76788,bird_020,K17E02,18,2017,57484.186801074626,1,2017_bird_020_1_trip
2017-05-18T00:34:06Z,142.16245,40.7646,bird_020,K17E02,18,2017,56979.952487615345,1,2017_bird_020_1_trip
2017-05-18T00:35:05Z,142.15805,40.76173000000001,bird_020,K17E02,18,2017,56506.596702119154,1,2017_bird_020_1_trip
2017-05-18T00:36:06Z,142.15322,40.758950000000006,bird_020,K17E02,18,2017,56005.11350100861,1,2017_bird_020_1_trip
2017-05-18T00:37:12Z,142.15001,40.75402,bird_020,K17E02,18,2017,55524.63233218718,1,2017_bird_020_1_trip
2017-05-18T00:38:07Z,142.14481999999998,40.751659999999994,bird_020,K17E02,18,2017,55016.38091329832,1,2017_bird_020_1_trip
2017-05-18T00:39:33Z,142.1378,40.74744,bird_020,K17E02,18,2017,54280.44174589477,1,2017_bird_020_1_trip
2017-05-18T00:40:04Z,142.1349,40.746370000000006,bird_020,K17E02,18,2017,54008.24261148437,1,2017_bird_020_1_trip
2017-05-18T00:41:05Z,142.12934,40.74455,bird_020,K17E02,18,2017,53497.26821865785,1,2017_bird_020_1_trip
2017-05-18T00:42:04Z,142.12376999999998,40.74278,bird_020,K17E02,18,2017,52987.88312684455,1,2017_bird_020_1_trip
2017-05-18T00:43:04Z,142.11836,40.7409,bird_020,K17E02,18,2017,52485.53381813119,1,2017_bird_020_1_trip
2017-05-18T00:44:04Z,142.11326999999997,40.73832000000001,bird_020,K17E02,18,2017,51974.643914479246,1,2017_bird_020_1_trip
2017-05-18T00:45:04Z,142.10788,40.73572000000001,bird_020,K17E02,18,2017,51439.94388724736,1,2017_bird_020_1_trip
2017-05-18T00:46:04Z,142.10217,40.73331000000001,bird_020,K17E02,18,2017,50889.706688743085,1,2017_bird_020_1_trip
2017-05-18T00:47:05Z,142.09628,40.73112,bird_020,K17E02,18,2017,50335.99514064576,1,2017_bird_020_1_trip
2017-05-18T00:48:05Z,142.09111,40.72827000000001,bird_020,K17E02,18,2017,49806.59087472839,1,2017_bird_020_1_trip
2017-05-18T00:49:04Z,142.0858,40.726020000000005,bird_020,K17E02,18,2017,49294.54791303355,1,2017_bird_020_1_trip
2017-05-18T00:50:04Z,142.08077,40.72321000000001,bird_020,K17E02,18,2017,48778.00201530697,1,2017_bird_020_1_trip
2017-05-18T00:51:04Z,142.07564,40.720670000000005,bird_020,K17E02,18,2017,48266.45123477013,1,2017_bird_020_1_trip
2017-05-18T00:52:03Z,142.07046,40.7178,bird_020,K17E02,18,2017,47735.966624690554,1,2017_bird_020_1_trip
2017-05-18T00:53:03Z,142.06538,40.715430000000005,bird_020,K17E02,18,2017,47236.31313464546,1,2017_bird_020_1_trip
2017-05-18T00:54:04Z,142.05973,40.712790000000005,bird_020,K17E02,18,2017,46680.48625531851,1,2017_bird_020_1_trip
2017-05-18T00:55:03Z,142.05453,40.7103,bird_020,K17E02,18,2017,46166.25683107711,1,2017_bird_020_1_trip
2017-05-18T00:56:03Z,142.04931,40.70775,bird_020,K17E02,18,2017,45647.85272357752,1,2017_bird_020_1_trip
2017-05-18T00:57:03Z,142.04344,40.706140000000005,bird_020,K17E02,18,2017,45122.077169648976,1,2017_bird_020_1_trip
2017-05-18T00:58:04Z,142.03795,40.703770000000006,bird_020,K17E02,18,2017,44591.04241609879,1,2017_bird_020_1_trip
2017-05-18T00:59:04Z,142.03213000000002,40.70121,bird_020,K17E02,18,2017,44025.977772575105,1,2017_bird_020_1_trip
2017-05-18T01:00:05Z,142.02604000000002,40.699000000000005,bird_020,K17E02,18,2017,43455.944289901985,1,2017_bird_020_1_trip
2017-05-18T01:01:04Z,142.02013000000002,40.69670000000001,bird_020,K17E02,18,2017,42895.72739294194,1,2017_bird_020_1_trip
2017-05-18T01:02:05Z,142.01372999999998,40.69523000000001,bird_020,K17E02,18,2017,42335.23761079445,1,2017_bird_020_1_trip
2017-05-18T01:03:04Z,142.00815,40.692240000000005,bird_020,K17E02,18,2017,41769.25493700331,1,2017_bird_020_1_trip
2017-05-18T01:04:05Z,142.00262,40.68845,bird_020,K17E02,18,2017,41171.63372811478,1,2017_bird_020_1_trip
2017-05-18T01:05:03Z,141.99713000000003,40.684459999999994,bird_020,K17E02,18,2017,40569.20600985803,1,2017_bird_020_1_trip
2017-05-18T01:06:05Z,141.99199000000002,40.68082,bird_020,K17E02,18,2017,40010.419974800694,1,2017_bird_020_1_trip
2017-05-18T01:07:05Z,141.98673000000002,40.67667,bird_020,K17E02,18,2017,39421.32882438354,1,2017_bird_020_1_trip
2017-05-18T01:08:05Z,141.98339000000001,40.67187,bird_020,K17E02,18,2017,38956.66876116539,1,2017_bird_020_1_trip
2017-05-18T01:09:04Z,141.97964,40.66689,bird_020,K17E02,18,2017,38456.22558517883,1,2017_bird_020_1_trip
2017-05-18T01:10:05Z,141.97484,40.66275000000001,bird_020,K17E02,18,2017,37910.58849747224,1,2017_bird_020_1_trip
2017-05-18T01:11:04Z,141.96884000000003,40.66030000000001,bird_020,K17E02,18,2017,37339.23452339054,1,2017_bird_020_1_trip
2017-05-18T01:12:04Z,141.96382,40.65664,bird_020,K17E02,18,2017,36797.60605284179,1,2017_bird_020_1_trip
2017-05-18T01:13:05Z,141.95814000000004,40.65281,bird_020,K17E02,18,2017,36198.47858353526,1,2017_bird_020_1_trip
2017-05-18T01:14:04Z,141.95376,40.64871000000001,bird_020,K17E02,18,2017,35693.90936176988,1,2017_bird_020_1_trip
2017-05-18T01:15:05Z,141.95098000000002,40.64872,bird_020,K17E02,18,2017,35473.29218977057,1,2017_bird_020_1_trip
2017-05-18T01:16:05Z,141.94424999999998,40.64749,bird_020,K17E02,18,2017,34891.782180364884,1,2017_bird_020_1_trip
2017-05-18T01:17:03Z,141.93775,40.64517000000001,bird_020,K17E02,18,2017,34286.93206702819,1,2017_bird_020_1_trip
2017-05-18T01:18:04Z,141.93214000000003,40.641639999999995,bird_020,K17E02,18,2017,33707.328339427586,1,2017_bird_020_1_trip
2017-05-18T01:19:05Z,141.92545,40.63839000000001,bird_020,K17E02,18,2017,33053.152419159196,1,2017_bird_020_1_trip
2017-05-18T01:20:05Z,141.91824000000005,40.63642,bird_020,K17E02,18,2017,32405.187303455095,1,2017_bird_020_1_trip
2017-05-18T01:21:05Z,141.91223000000002,40.63328,bird_020,K17E02,18,2017,31810.009634717153,1,2017_bird_020_1_trip
2017-05-18T01:22:03Z,141.90642000000005,40.63058,bird_020,K17E02,18,2017,31247.480731300308,1,2017_bird_020_1_trip
2017-05-18T01:23:05Z,141.89939,40.62783,bird_020,K17E02,18,2017,30585.89530843245,1,2017_bird_020_1_trip
2017-05-18T01:24:03Z,141.89353,40.62471000000001,bird_020,K17E02,18,2017,30005.38208135003,1,2017_bird_020_1_trip
2017-05-18T01:25:06Z,141.88787000000002,40.62105,bird_020,K17E02,18,2017,29423.292028572883,1,2017_bird_020_1_trip
2017-05-18T01:26:05Z,141.88312000000002,40.61698,bird_020,K17E02,18,2017,28902.859979563185,1,2017_bird_020_1_trip
2017-05-18T01:27:05Z,141.87807,40.613150000000005,bird_020,K17E02,18,2017,28369.148150989786,1,2017_bird_020_1_trip
2017-05-18T01:28:03Z,141.87375999999998,40.60895000000001,bird_020,K17E02,18,2017,27886.876520359005,1,2017_bird_020_1_trip
2017-05-18T01:29:04Z,141.86836000000002,40.60446,bird_020,K17E02,18,2017,27311.37358133595,1,2017_bird_020_1_trip
2017-05-18T01:30:05Z,141.86146000000002,40.60103,bird_020,K17E02,18,2017,26647.913788442373,1,2017_bird_020_1_trip
2017-05-18T01:31:04Z,141.85543000000004,40.5979,bird_020,K17E02,18,2017,26065.81739621436,1,2017_bird_020_1_trip
2017-05-18T01:32:05Z,141.84846000000002,40.59498,bird_020,K17E02,18,2017,25413.872053292216,1,2017_bird_020_1_trip
2017-05-18T01:33:05Z,141.84262,40.59127,bird_020,K17E02,18,2017,24835.275876026495,1,2017_bird_020_1_trip
2017-05-18T01:34:05Z,141.83656,40.58792,bird_020,K17E02,18,2017,24250.681489094764,1,2017_bird_020_1_trip
2017-05-18T01:35:05Z,141.83110000000002,40.58451,bird_020,K17E02,18,2017,23716.770159371088,1,2017_bird_020_1_trip
2017-05-18T01:36:05Z,141.82462,40.581779999999995,bird_020,K17E02,18,2017,23116.782676346233,1,2017_bird_020_1_trip
2017-05-18T01:37:04Z,141.81903,40.57835000000001,bird_020,K17E02,18,2017,22576.877640049865,1,2017_bird_020_1_trip
2017-05-18T01:38:05Z,141.81368999999998,40.574819999999995,bird_020,K17E02,18,2017,22059.256463054317,1,2017_bird_020_1_trip
2017-05-18T01:39:05Z,141.80754000000002,40.57155,bird_020,K17E02,18,2017,21483.01299133948,1,2017_bird_020_1_trip
2017-05-18T01:40:04Z,141.80233000000004,40.56785,bird_020,K17E02,18,2017,20981.36950703901,1,2017_bird_020_1_trip
2017-05-18T01:41:04Z,141.79542,40.56495,bird_020,K17E02,18,2017,20355.000634042917,1,2017_bird_020_1_trip
2017-05-18T01:42:05Z,141.78856,40.561710000000005,bird_020,K17E02,18,2017,19730.61627699379,1,2017_bird_020_1_trip
2017-05-18T01:43:05Z,141.78114000000002,40.55895,bird_020,K17E02,18,2017,19069.272646581703,1,2017_bird_020_1_trip
2017-05-18T01:44:05Z,141.77288,40.55714,bird_020,K17E02,18,2017,18351.329994212956,1,2017_bird_020_1_trip
2017-05-18T01:45:04Z,141.76519,40.55457,bird_020,K17E02,18,2017,17673.62198865375,1,2017_bird_020_1_trip
2017-05-18T01:46:05Z,141.75754,40.55235,bird_020,K17E02,18,2017,17005.373436193222,1,2017_bird_020_1_trip
2017-05-18T01:47:04Z,141.75,40.55139,bird_020,K17E02,18,2017,16359.855710876403,1,2017_bird_020_1_trip
2017-05-18T01:48:05Z,141.74176999999997,40.55074,bird_020,K17E02,18,2017,15659.129510268933,1,2017_bird_020_1_trip
2017-05-18T01:49:03Z,141.73367999999996,40.54996,bird_020,K17E02,18,2017,14969.013764979549,1,2017_bird_020_1_trip
2017-05-18T01:50:05Z,141.72495999999998,40.54954,bird_020,K17E02,18,2017,14229.074900301952,1,2017_bird_020_1_trip
2017-05-18T01:51:05Z,141.71639,40.54938,bird_020,K17E02,18,2017,13504.311236198791,1,2017_bird_020_1_trip
2017-05-18T01:52:05Z,141.70773,40.54842,bird_020,K17E02,18,2017,12764.29970293727,1,2017_bird_020_1_trip
2017-05-18T01:53:04Z,141.69896,40.5479,bird_020,K17E02,18,2017,12019.197486529169,1,2017_bird_020_1_trip
2017-05-18T01:54:04Z,141.69035,40.54667,bird_020,K17E02,18,2017,11281.123720587226,1,2017_bird_020_1_trip
2017-05-18T01:55:05Z,141.68158,40.545350000000006,bird_020,K17E02,18,2017,10529.354284727026,1,2017_bird_020_1_trip
2017-05-18T01:56:06Z,141.67341,40.54396,bird_020,K17E02,18,2017,9828.66784126002,1,2017_bird_020_1_trip
2017-05-18T01:57:06Z,141.66553,40.54241,bird_020,K17E02,18,2017,9152.967728973106,1,2017_bird_020_1_trip
2017-05-18T01:58:06Z,141.65706,40.54072,bird_020,K17E02,18,2017,8429.040174056645,1,2017_bird_020_1_trip
2017-05-18T01:59:07Z,141.64902999999998,40.53908,bird_020,K17E02,18,2017,7745.760409761587,1,2017_bird_020_1_trip
2017-05-18T02:00:33Z,141.63761,40.53697,bird_020,K17E02,18,2017,6780.633579697269,1,2017_bird_020_1_trip
2017-05-18T02:01:04Z,141.63309999999998,40.536730000000006,bird_020,K17E02,18,2017,6399.514593276174,1,2017_bird_020_1_trip
2017-05-18T02:02:05Z,141.62417,40.53658,bird_020,K17E02,18,2017,5644.062630602503,1,2017_bird_020_1_trip
2017-05-18T02:03:04Z,141.61515999999995,40.53733,bird_020,K17E02,18,2017,4878.276760575949,1,2017_bird_020_1_trip
2017-05-18T02:04:04Z,141.60674999999998,40.53785,bird_020,K17E02,18,2017,4164.553674240499,1,2017_bird_020_1_trip
2017-05-18T02:05:06Z,141.59649000000002,40.53842,bird_020,K17E02,18,2017,3294.5345727882104,1,2017_bird_020_1_trip
2017-05-18T02:06:05Z,141.58737000000002,40.54033,bird_020,K17E02,18,2017,2529.048675542549,1,2017_bird_020_1_trip
2017-05-18T02:07:06Z,141.57809,40.543479999999995,bird_020,K17E02,18,2017,1817.996846322059,1,2017_bird_020_1_trip
2017-05-18T02:08:08Z,141.56736,40.545370000000005,bird_020,K17E02,18,2017,1116.8365151897265,1,2017_bird_020_1_trip
2017-05-10T04:35:02Z,141.53649,40.5436,bird_056,K17E36,13,2017,1872.6087573671657,1,2017_bird_056_1_trip
2017-05-10T04:36:02Z,141.52644000000004,40.54733,bird_056,K17E36,13,2017,2812.0689056958404,1,2017_bird_056_1_trip
2017-05-10T04:37:02Z,141.51625,40.54657,bird_056,K17E36,13,2017,3613.089144778289,1,2017_bird_056_1_trip
2017-05-10T04:38:03Z,141.51493,40.54666,bird_056,K17E36,13,2017,3723.9963277801257,1,2017_bird_056_1_trip
2017-05-10T04:39:03Z,141.51514999999998,40.54677,bird_056,K17E36,13,2017,3708.871245005441,1,2017_bird_056_1_trip
2017-05-10T04:40:03Z,141.51538,40.54693,bird_056,K17E36,13,2017,3694.382154020564,1,2017_bird_056_1_trip
2017-05-10T04:41:03Z,141.51462999999998,40.54603,bird_056,K17E36,13,2017,3732.616480824792,1,2017_bird_056_1_trip
2017-05-10T04:42:03Z,141.51104999999998,40.54363,bird_056,K17E36,13,2017,3983.052877921329,1,2017_bird_056_1_trip
2017-05-10T04:43:08Z,141.51108,40.54355,bird_056,K17E36,13,2017,3979.303480637038,1,2017_bird_056_1_trip
2017-05-10T04:44:03Z,141.51115,40.54377,bird_056,K17E36,13,2017,3976.872714507797,1,2017_bird_056_1_trip
2017-05-10T04:45:04Z,141.51119,40.54376,bird_056,K17E36,13,2017,3973.3597117870822,1,2017_bird_056_1_trip
2017-05-10T04:46:04Z,141.51113,40.54372,bird_056,K17E36,13,2017,3977.754351081877,1,2017_bird_056_1_trip
2017-05-10T04:47:03Z,141.51127,40.54379,bird_056,K17E36,13,2017,3967.134376327406,1,2017_bird_056_1_trip
2017-05-10T04:48:03Z,141.51111,40.54367,bird_056,K17E36,13,2017,3978.644264584588,1,2017_bird_056_1_trip
2017-05-10T04:49:02Z,141.51104999999998,40.54365,bird_056,K17E36,13,2017,3983.363964733715,1,2017_bird_056_1_trip
2017-05-10T04:50:03Z,141.51093,40.54355,bird_056,K17E36,13,2017,3991.889760065013,1,2017_bird_056_1_trip
2017-05-10T04:51:03Z,141.51104999999998,40.5436,bird_056,K17E36,13,2017,3982.588524316454,1,2017_bird_056_1_trip
2017-05-10T04:52:02Z,141.51106,40.54357,bird_056,K17E36,13,2017,3981.2879000802186,1,2017_bird_056_1_trip
2017-05-10T04:53:04Z,141.51108,40.5436,bird_056,K17E36,13,2017,3980.071817481948,1,2017_bird_056_1_trip
2017-05-10T04:54:03Z,141.51108,40.54367,bird_056,K17E36,13,2017,3981.160248812917,1,2017_bird_056_1_trip
2017-05-10T04:55:02Z,141.51119,40.54382,bird_056,K17E36,13,2017,3974.3231099998184,1,2017_bird_056_1_trip
2017-05-10T04:56:03Z,141.5111,40.54364,bird_056,K17E36,13,2017,3979.014431486532,1,2017_bird_056_1_trip
2017-05-10T04:57:02Z,141.51115,40.5437,bird_056,K17E36,13,2017,3975.7613924928105,1,2017_bird_056_1_trip
2017-05-10T04:58:03Z,141.51117,40.54378,bird_056,K17E36,13,2017,3975.356151896456,1,2017_bird_056_1_trip
2017-05-10T04:59:02Z,141.5111,40.54366,bird_056,K17E36,13,2017,3979.326455009879,1,2017_bird_056_1_trip
2017-05-10T05:00:03Z,141.51117,40.54366,bird_056,K17E36,13,2017,3973.455694046648,1,2017_bird_056_1_trip
2017-05-10T05:01:03Z,141.51111,40.54372,bird_056,K17E36,13,2017,3979.4313227623697,1,2017_bird_056_1_trip
2017-05-10T05:02:02Z,141.51123,40.5438,bird_056,K17E36,13,2017,3970.648034164853,1,2017_bird_056_1_trip
2017-05-10T05:03:02Z,141.51108,40.54357,bird_056,K17E36,13,2017,3979.6099036112823,1,2017_bird_056_1_trip
2017-05-10T05:04:02Z,141.50519,40.54216,bird_056,K17E36,13,2017,4457.778009775835,1,2017_bird_056_1_trip
2017-05-10T05:05:01Z,141.50396999999998,40.54165,bird_056,K17E36,13,2017,4556.202213772985,1,2017_bird_056_1_trip
2017-05-10T05:06:04Z,141.50449,40.54187,bird_056,K17E36,13,2017,4514.160183345149,1,2017_bird_056_1_trip
2017-05-10T05:07:02Z,141.50386999999998,40.54152,bird_056,K17E36,13,2017,4563.608799981887,1,2017_bird_056_1_trip
2017-05-10T05:08:03Z,141.50385999999995,40.54113,bird_056,K17E36,13,2017,4561.6016024901355,1,2017_bird_056_1_trip
2017-05-10T05:09:02Z,141.50121,40.54119,bird_056,K17E36,13,2017,4786.091569911724,1,2017_bird_056_1_trip
2017-05-10T05:10:03Z,141.50101,40.54101,bird_056,K17E36,13,2017,4801.858533271938,1,2017_bird_056_1_trip
2017-05-10T05:11:04Z,141.501,40.54098,bird_056,K17E36,13,2017,4802.521466167873,1,2017_bird_056_1_trip
2017-05-10T05:12:04Z,141.50105,40.54107,bird_056,K17E36,13,2017,4798.848182057372,1,2017_bird_056_1_trip
2017-05-10T05:13:03Z,141.50118,40.54127999999999,bird_056,K17E36,13,2017,4789.234534096517,1,2017_bird_056_1_trip
2017-05-10T05:14:02Z,141.5011,40.54103,bird_056,K17E36,13,2017,4794.369210249853,1,2017_bird_056_1_trip
2017-05-10T05:15:03Z,141.50107,40.541059999999995,bird_056,K17E36,13,2017,4797.0937391339,1,2017_bird_056_1_trip
2017-05-10T05:16:01Z,141.50088,40.541,bird_056,K17E36,13,2017,4812.793731827487,1,2017_bird_056_1_trip
2017-05-10T05:17:03Z,141.50091,40.54097,bird_056,K17E36,13,2017,4810.074210171022,1,2017_bird_056_1_trip
2017-05-10T05:18:02Z,141.50098,40.54095,bird_056,K17E36,13,2017,4804.032700558704,1,2017_bird_056_1_trip
2017-05-10T05:19:02Z,141.50097,40.54102,bird_056,K17E36,13,2017,4805.30345945809,1,2017_bird_056_1_trip
2017-05-10T05:20:03Z,141.50106,40.54101,bird_056,K17E36,13,2017,4797.6292071869375,1,2017_bird_056_1_trip
2017-05-10T05:21:03Z,141.50106,40.54123,bird_056,K17E36,13,2017,4799.042604309994,1,2017_bird_056_1_trip
2017-05-10T05:22:03Z,141.50176,40.540479999999995,bird_056,K17E36,13,2017,4735.487653482179,1,2017_bird_056_1_trip
2017-05-10T05:23:03Z,141.49922,40.53611000000001,bird_056,K17E36,13,2017,4954.0192145065275,1,2017_bird_056_1_trip
2017-05-10T05:24:02Z,141.49391,40.532700000000006,bird_056,K17E36,13,2017,5435.97179516414,1,2017_bird_056_1_trip
2017-05-10T05:25:03Z,141.4867,40.5296,bird_056,K17E36,13,2017,6089.9316291965,1,2017_bird_056_1_trip
2017-05-10T05:26:02Z,141.48222000000004,40.524350000000005,bird_056,K17E36,13,2017,6580.333071067266,1,2017_bird_056_1_trip
2017-05-10T05:27:03Z,141.47905999999998,40.52031000000001,bird_056,K17E36,13,2017,6958.228873436224,1,2017_bird_056_1_trip
2017-05-10T05:28:03Z,141.47934,40.52019000000001,bird_056,K17E36,13,2017,6939.462473509444,1,2017_bird_056_1_trip
2017-05-10T05:29:03Z,141.47915999999998,40.520300000000006,bird_056,K17E36,13,2017,6950.450644108927,1,2017_bird_056_1_trip
2017-05-10T05:30:02Z,141.4792,40.52018,bird_056,K17E36,13,2017,6951.1261299531025,1,2017_bird_056_1_trip
2017-05-10T05:31:04Z,141.47931,40.52017000000001,bird_056,K17E36,13,2017,6942.547076015611,1,2017_bird_056_1_trip
2017-05-10T05:32:04Z,141.47914999999998,40.520230000000005,bird_056,K17E36,13,2017,6953.5413372030125,1,2017_bird_056_1_trip
2017-05-10T05:33:03Z,141.4791,40.52016,bird_056,K17E36,13,2017,6959.878498342877,1,2017_bird_056_1_trip
2017-05-10T05:34:03Z,141.47913,40.52027,bird_056,K17E36,13,2017,6953.857584780577,1,2017_bird_056_1_trip
2017-05-10T05:35:03Z,141.47907999999998,40.52017000000001,bird_056,K17E36,13,2017,6961.17094741803,1,2017_bird_056_1_trip
2017-05-10T05:36:03Z,141.4792,40.52036,bird_056,K17E36,13,2017,6945.260220998964,1,2017_bird_056_1_trip
2017-05-10T05:37:02Z,141.47915999999998,40.5204,bird_056,K17E36,13,2017,6947.206295123231,1,2017_bird_056_1_trip
2017-05-10T05:38:02Z,141.47913,40.52047,bird_056,K17E36,13,2017,6947.377646099987,1,2017_bird_056_1_trip
2017-05-10T05:39:02Z,141.4792,40.5204,bird_056,K17E36,13,2017,6943.963826127388,1,2017_bird_056_1_trip
2017-05-10T05:40:01Z,141.47896,40.52038,bird_056,K17E36,13,2017,6964.066804799643,1,2017_bird_056_1_trip
2017-05-10T05:41:04Z,141.47931,40.52025,bird_056,K17E36,13,2017,6939.928876617984,1,2017_bird_056_1_trip
2017-05-10T05:42:03Z,141.47925999999998,40.520230000000005,bird_056,K17E36,13,2017,6944.631859084882,1,2017_bird_056_1_trip
2017-05-10T05:43:05Z,141.47907999999998,40.520230000000005,bird_056,K17E36,13,2017,6959.211565516614,1,2017_bird_056_1_trip
2017-05-10T05:44:03Z,141.47899,40.52028,bird_056,K17E36,13,2017,6964.875830751628,1,2017_bird_056_1_trip
2017-05-10T05:45:03Z,141.47925999999998,40.52034,bird_056,K17E36,13,2017,6941.047311225215,1,2017_bird_056_1_trip
2017-05-10T05:46:04Z,141.47914999999998,40.52027,bird_056,K17E36,13,2017,6952.23726111694,1,2017_bird_056_1_trip
2017-05-10T05:47:03Z,141.47924,40.52017000000001,bird_056,K17E36,13,2017,6948.214708985077,1,2017_bird_056_1_trip
2017-05-10T05:48:04Z,141.47906999999998,40.520320000000005,bird_056,K17E36,13,2017,6957.093831047609,1,2017_bird_056_1_trip
2017-05-10T05:49:04Z,141.4792,40.52033000000001,bird_056,K17E36,13,2017,6946.234222319651,1,2017_bird_056_1_trip
2017-05-10T05:50:03Z,141.47907999999998,40.52,bird_056,K17E36,13,2017,6966.754139620255,1,2017_bird_056_1_trip
2017-05-10T05:51:03Z,141.47918,40.52029,bird_056,K17E36,13,2017,6949.1555495830435,1,2017_bird_056_1_trip
2017-05-10T05:52:03Z,141.47914,40.520300000000006,bird_056,K17E36,13,2017,6952.071176921922,1,2017_bird_056_1_trip
2017-05-10T05:53:03Z,141.47916999999998,40.52024,bird_056,K17E36,13,2017,6951.595014052353,1,2017_bird_056_1_trip
2017-05-10T05:54:03Z,141.47724000000002,40.51887,bird_056,K17E36,13,2017,7153.291638542613,1,2017_bird_056_1_trip
2017-05-10T05:55:04Z,141.47054,40.51667,bird_056,K17E36,13,2017,7768.875510951754,1,2017_bird_056_1_trip
2017-05-10T05:56:04Z,141.46408,40.51416,bird_056,K17E36,13,2017,8376.696567247158,1,2017_bird_056_1_trip
2017-05-10T05:57:04Z,141.45879000000002,40.51027,bird_056,K17E36,13,2017,8944.842949744449,1,2017_bird_056_1_trip
2017-05-10T05:58:04Z,141.45393,40.50695,bird_056,K17E36,13,2017,9462.351265328523,1,2017_bird_056_1_trip
2017-05-10T05:59:05Z,141.44852,40.50369,bird_056,K17E36,13,2017,10024.042563119528,1,2017_bird_056_1_trip
2017-05-10T06:00:32Z,141.44292000000002,40.50153,bird_056,K17E36,13,2017,10554.642210159336,1,2017_bird_056_1_trip
2017-05-10T06:01:02Z,141.44281,40.50151,bird_056,K17E36,13,2017,10564.093208930946,1,2017_bird_056_1_trip
2017-05-10T06:02:03Z,141.44292000000002,40.50139,bird_056,K17E36,13,2017,10560.725411037543,1,2017_bird_056_1_trip
2017-05-10T06:03:02Z,141.44285,40.50142,bird_056,K17E36,13,2017,10564.880086320813,1,2017_bird_056_1_trip
2017-05-10T06:04:03Z,141.4429,40.501479999999994,bird_056,K17E36,13,2017,10558.372845294194,1,2017_bird_056_1_trip
2017-05-10T06:05:02Z,141.44287,40.50141,bird_056,K17E36,13,2017,10563.754876625197,1,2017_bird_056_1_trip
2017-05-10T06:06:04Z,141.44272,40.50137,bird_056,K17E36,13,2017,10577.193745127834,1,2017_bird_056_1_trip
2017-05-10T06:07:03Z,141.43644000000003,40.498740000000005,bird_056,K17E36,13,2017,11181.54475670628,1,2017_bird_056_1_trip
2017-05-10T06:08:02Z,141.43043000000003,40.49605,bird_056,K17E36,13,2017,11767.924875545565,1,2017_bird_056_1_trip
2017-05-10T06:09:02Z,141.42809000000003,40.4917,bird_056,K17E36,13,2017,12149.250569062138,1,2017_bird_056_1_trip
2017-05-10T06:10:02Z,141.42800000000005,40.48593,bird_056,K17E36,13,2017,12444.56906046472,1,2017_bird_056_1_trip
2017-05-10T06:11:03Z,141.42797000000002,40.48602,bird_056,K17E36,13,2017,12442.113275501712,1,2017_bird_056_1_trip
2017-05-10T06:12:04Z,141.42801000000003,40.48616,bird_056,K17E36,13,2017,12431.819364582729,1,2017_bird_056_1_trip
2017-05-10T06:13:02Z,141.42797000000002,40.48602,bird_056,K17E36,13,2017,12442.113275501712,1,2017_bird_056_1_trip
2017-05-10T06:14:02Z,141.42795,40.48603,bird_056,K17E36,13,2017,12443.088290233143,1,2017_bird_056_1_trip
2017-05-10T06:15:03Z,141.42809000000003,40.48596,bird_056,K17E36,13,2017,12436.26850633942,1,2017_bird_056_1_trip
2017-05-10T06:16:02Z,141.42753000000002,40.482130000000005,bird_056,K17E36,13,2017,12683.271820383135,1,2017_bird_056_1_trip
2017-05-10T06:17:04Z,141.42215000000002,40.478,bird_056,K17E36,13,2017,13307.80506821286,1,2017_bird_056_1_trip
2017-05-10T06:18:03Z,141.41522,40.474819999999994,bird_056,K17E36,13,2017,13993.35313247508,1,2017_bird_056_1_trip
2017-05-10T06:19:02Z,141.40709,40.4726,bird_056,K17E36,13,2017,14713.241323641065,1,2017_bird_056_1_trip
2017-05-10T06:20:02Z,141.40233000000003,40.46819000000001,bird_056,K17E36,13,2017,15309.031248260591,1,2017_bird_056_1_trip
2017-05-10T06:21:03Z,141.39728000000002,40.46361,bird_056,K17E36,13,2017,15938.696774563188,1,2017_bird_056_1_trip
2017-05-10T06:22:02Z,141.38999,40.46287,bird_056,K17E36,13,2017,16510.52123604528,1,2017_bird_056_1_trip
2017-05-10T06:23:03Z,141.38336,40.46535000000001,bird_056,K17E36,13,2017,16861.756507077702,1,2017_bird_056_1_trip
2017-05-10T06:24:03Z,141.38025000000002,40.46421,bird_056,K17E36,13,2017,17153.859956785298,1,2017_bird_056_1_trip
2017-05-10T06:25:02Z,141.38008000000002,40.46415,bird_056,K17E36,13,2017,17169.703557947738,1,2017_bird_056_1_trip
2017-05-10T06:26:03Z,141.38009000000002,40.4641,bird_056,K17E36,13,2017,17171.639958074527,1,2017_bird_056_1_trip
2017-05-10T06:27:04Z,141.38009000000002,40.46409,bird_056,K17E36,13,2017,17172.175984058093,1,2017_bird_056_1_trip
2017-05-10T06:28:04Z,141.38017000000002,40.46424,bird_056,K17E36,13,2017,17158.196839616267,1,2017_bird_056_1_trip
2017-05-10T06:29:03Z,141.38005,40.46419,bird_056,K17E36,13,2017,17169.7902447041,1,2017_bird_056_1_trip
2017-05-10T06:30:02Z,141.38011000000003,40.46438,bird_056,K17E36,13,2017,17155.166771688335,1,2017_bird_056_1_trip
2017-05-10T06:31:03Z,141.38008000000002,40.46413,bird_056,K17E36,13,2017,17170.77506800197,1,2017_bird_056_1_trip
2017-05-10T06:32:03Z,141.38014000000004,40.46409,bird_056,K17E36,13,2017,17168.462304290042,1,2017_bird_056_1_trip
2017-05-10T06:33:02Z,141.38001000000003,40.464,bird_056,K17E36,13,2017,17182.94342696866,1,2017_bird_056_1_trip
2017-05-10T06:34:03Z,141.38008000000002,40.46413,bird_056,K17E36,13,2017,17170.77506800197,1,2017_bird_056_1_trip
2017-05-10T06:35:02Z,141.38010000000003,40.46419,bird_056,K17E36,13,2017,17166.075217174526,1,2017_bird_056_1_trip
2017-05-10T06:36:03Z,141.37995999999998,40.46406,bird_056,K17E36,13,2017,17183.4401965232,1,2017_bird_056_1_trip
2017-05-10T06:37:02Z,141.37538,40.463930000000005,bird_056,K17E36,13,2017,17531.48506486358,1,2017_bird_056_1_trip
2017-05-10T06:38:04Z,141.36919,40.46003,bird_056,K17E36,13,2017,18199.51643961775,1,2017_bird_056_1_trip
2017-05-10T06:39:04Z,141.36270000000002,40.45703,bird_056,K17E36,13,2017,18842.37212808117,1,2017_bird_056_1_trip
2017-05-10T06:40:03Z,141.35798000000003,40.45356,bird_056,K17E36,13,2017,19379.387641282792,1,2017_bird_056_1_trip
2017-05-10T06:41:03Z,141.35388,40.4494,bird_056,K17E36,13,2017,19909.84094125562,1,2017_bird_056_1_trip
2017-05-10T06:42:03Z,141.34971,40.44492,bird_056,K17E36,13,2017,20466.10465801073,1,2017_bird_056_1_trip
2017-05-10T06:43:03Z,141.34455999999997,40.440999999999995,bird_056,K17E36,13,2017,21064.367813917663,1,2017_bird_056_1_trip
2017-05-10T06:44:03Z,141.33996,40.43668,bird_056,K17E36,13,2017,21647.12968462872,1,2017_bird_056_1_trip
2017-05-10T06:45:03Z,141.33357999999998,40.43424,bird_056,K17E36,13,2017,22250.237610466957,1,2017_bird_056_1_trip
2017-05-10T06:46:03Z,141.32926,40.43037,bird_056,K17E36,13,2017,22787.88541973359,1,2017_bird_056_1_trip
2017-05-10T06:47:04Z,141.32520000000002,40.42607,bird_056,K17E36,13,2017,23333.793461969908,1,2017_bird_056_1_trip
2017-05-10T06:48:03Z,141.31775,40.424110000000006,bird_056,K17E36,13,2017,23984.56019606431,1,2017_bird_056_1_trip
2017-05-10T06:49:03Z,141.30981,40.422810000000005,bird_056,K17E36,13,2017,24633.237984870502,1,2017_bird_056_1_trip
2017-05-10T06:50:03Z,141.30808000000002,40.41763999999999,bird_056,K17E36,13,2017,25062.11931086508,1,2017_bird_056_1_trip
2017-05-10T06:51:03Z,141.30418,40.41247,bird_056,K17E36,13,2017,25651.53653284072,1,2017_bird_056_1_trip
2017-05-10T06:52:03Z,141.29822,40.41357,bird_056,K17E36,13,2017,26010.843316019556,1,2017_bird_056_1_trip
2017-05-10T06:53:03Z,141.29163,40.41481999999999,bird_056,K17E36,13,2017,26412.38614308744,1,2017_bird_056_1_trip
2017-05-10T06:54:03Z,141.2872,40.41043,bird_056,K17E36,13,2017,26988.38863050586,1,2017_bird_056_1_trip
2017-05-10T06:55:03Z,141.28268,40.40577,bird_056,K17E36,13,2017,27588.6466549836,1,2017_bird_056_1_trip
2017-05-10T06:56:02Z,141.27692,40.40574,bird_056,K17E36,13,2017,28004.40709508088,1,2017_bird_056_1_trip
2017-05-10T06:57:03Z,141.27262,40.40627,bird_056,K17E36,13,2017,28284.296061720022,1,2017_bird_056_1_trip
2017-05-10T06:58:04Z,141.27261,40.4068,bird_056,K17E36,13,2017,28254.408219403547,1,2017_bird_056_1_trip
2017-05-10T06:59:05Z,141.27257999999998,40.40625,bird_056,K17E36,13,2017,28288.35130170715,1,2017_bird_056_1_trip
2017-05-10T07:00:04Z,141.27244000000002,40.40643,bird_056,K17E36,13,2017,28288.09279213676,1,2017_bird_056_1_trip
2017-05-10T07:01:03Z,141.26789,40.4074,bird_056,K17E36,13,2017,28563.3993734437,1,2017_bird_056_1_trip
2017-05-10T07:02:03Z,141.26435999999998,40.40372,bird_056,K17E36,13,2017,29030.57636232153,1,2017_bird_056_1_trip
2017-05-10T07:03:04Z,141.26556999999997,40.40008,bird_056,K17E36,13,2017,29154.519502378174,1,2017_bird_056_1_trip
2017-05-10T07:04:03Z,141.26794999999998,40.396730000000005,bird_056,K17E36,13,2017,29182.902348377647,1,2017_bird_056_1_trip
2017-05-10T07:05:03Z,141.27021,40.39334,bird_056,K17E36,13,2017,29228.316076786476,1,2017_bird_056_1_trip
2017-05-10T07:06:03Z,141.27003,40.39312,bird_056,K17E36,13,2017,29254.564412506876,1,2017_bird_056_1_trip
2017-05-10T07:07:03Z,141.27004999999997,40.39321,bird_056,K17E36,13,2017,29247.618786675284,1,2017_bird_056_1_trip
2017-05-10T07:08:03Z,141.27003,40.39307,bird_056,K17E36,13,2017,29257.638358331173,1,2017_bird_056_1_trip
2017-05-10T07:09:02Z,141.27004,40.39291000000001,bird_056,K17E36,13,2017,29266.7731493393,1,2017_bird_056_1_trip
2017-05-10T07:10:03Z,141.27002,40.39334,bird_056,K17E36,13,2017,29241.75512093516,1,2017_bird_056_1_trip
2017-05-10T07:11:03Z,141.27304999999996,40.39218,bird_056,K17E36,13,2017,29099.71106165415,1,2017_bird_056_1_trip
2017-05-10T07:12:05Z,141.27456999999995,40.39003,bird_056,K17E36,13,2017,29127.764343699317,1,2017_bird_056_1_trip
2017-05-10T07:13:03Z,141.27005999999997,40.39327,bird_056,K17E36,13,2017,29243.225158689147,1,2017_bird_056_1_trip
2017-05-10T07:14:03Z,141.26997999999998,40.39346,bird_056,K17E36,13,2017,29237.218859823235,1,2017_bird_056_1_trip
2017-05-10T07:15:02Z,141.27002,40.393330000000006,bird_056,K17E36,13,2017,29242.369193402486,1,2017_bird_056_1_trip
2017-05-10T07:16:03Z,141.26996999999997,40.3934,bird_056,K17E36,13,2017,29241.60878317392,1,2017_bird_056_1_trip
2017-05-10T07:17:03Z,141.26989999999998,40.39319,bird_056,K17E36,13,2017,29259.45583565517,1,2017_bird_056_1_trip
2017-05-10T07:18:03Z,141.26994999999997,40.393510000000006,bird_056,K17E36,13,2017,29236.274032040623,1,2017_bird_056_1_trip
2017-05-10T07:19:02Z,141.26984999999996,40.3934,bird_056,K17E36,13,2017,29250.099503371806,1,2017_bird_056_1_trip
2017-05-10T07:20:03Z,141.26991999999998,40.39348,bird_056,K17E36,13,2017,29240.237511934945,1,2017_bird_056_1_trip
2017-05-10T07:21:03Z,141.26998999999998,40.39334,bird_056,K17E36,13,2017,29243.877322381963,1,2017_bird_056_1_trip
2017-05-10T07:22:04Z,141.26996999999997,40.3935,bird_056,K17E36,13,2017,29235.47216324313,1,2017_bird_056_1_trip
2017-05-10T07:23:03Z,141.26994,40.39339,bird_056,K17E36,13,2017,29244.345141126363,1,2017_bird_056_1_trip
2017-05-10T07:24:03Z,141.26985999999997,40.39367,bird_056,K17E36,13,2017,29232.834132234864,1,2017_bird_056_1_trip
2017-05-10T07:25:04Z,141.26995999999997,40.39345,bird_056,K17E36,13,2017,29239.24769969979,1,2017_bird_056_1_trip
2017-05-10T07:26:03Z,141.26995999999997,40.39336,bird_056,K17E36,13,2017,29244.771711040576,1,2017_bird_056_1_trip
2017-05-10T07:27:03Z,141.26994,40.39343,bird_056,K17E36,13,2017,29241.890201481565,1,2017_bird_056_1_trip
2017-05-10T07:28:03Z,141.26998999999998,40.39334,bird_056,K17E36,13,2017,29243.877322381963,1,2017_bird_056_1_trip
2017-05-10T07:29:06Z,141.26989999999998,40.393510000000006,bird_056,K17E36,13,2017,29239.812586962336,1,2017_bird_056_1_trip
2017-05-10T07:30:05Z,141.26999999999998,40.3933,bird_056,K17E36,13,2017,29245.62626188802,1,2017_bird_056_1_trip
2017-05-10T07:31:03Z,141.26999999999998,40.39334,bird_056,K17E36,13,2017,29243.169914415368,1,2017_bird_056_1_trip
2017-05-10T07:32:04Z,141.26997999999998,40.39327,bird_056,K17E36,13,2017,29248.88344669921,1,2017_bird_056_1_trip
2017-05-10T07:33:03Z,141.27000999999998,40.39341,bird_056,K17E36,13,2017,29238.16492961023,1,2017_bird_056_1_trip
2017-05-10T07:34:03Z,141.26996999999997,40.39331000000001,bird_056,K17E36,13,2017,29247.134244735083,1,2017_bird_056_1_trip
2017-05-10T07:35:03Z,141.26999999999998,40.39337,bird_056,K17E36,13,2017,29241.327961148603,1,2017_bird_056_1_trip
2017-05-10T07:36:04Z,141.26989999999998,40.39348,bird_056,K17E36,13,2017,29241.652867861456,1,2017_bird_056_1_trip
2017-05-10T07:37:04Z,141.26988999999998,40.39356,bird_056,K17E36,13,2017,29237.453845280645,1,2017_bird_056_1_trip
2017-05-10T07:38:03Z,141.26994999999997,40.393350000000005,bird_056,K17E36,13,2017,29246.09308911795,1,2017_bird_056_1_trip
2017-05-10T07:39:04Z,141.26994999999997,40.393330000000006,bird_056,K17E36,13,2017,29247.320998305364,1,2017_bird_056_1_trip
2017-05-10T07:40:03Z,141.26999999999998,40.39338,bird_056,K17E36,13,2017,29240.714035274643,1,2017_bird_056_1_trip
2017-05-10T07:41:03Z,141.26997999999998,40.393350000000005,bird_056,K17E36,13,2017,29243.97075363207,1,2017_bird_056_1_trip
2017-05-10T07:42:04Z,141.26988999999998,40.39379,bird_056,K17E36,13,2017,29223.35750141287,1,2017_bird_056_1_trip
2017-05-10T07:43:04Z,141.27003,40.39327,bird_056,K17E36,13,2017,29245.3469605218,1,2017_bird_056_1_trip
2017-05-10T07:44:03Z,141.26991999999998,40.39359,bird_056,K17E36,13,2017,29233.490780368655,1,2017_bird_056_1_trip
2017-05-10T07:45:03Z,141.27005999999997,40.39314,bird_056,K17E36,13,2017,29251.213812293743,1,2017_bird_056_1_trip
2017-05-10T07:46:04Z,141.26998999999998,40.393330000000006,bird_056,K17E36,13,2017,29244.49135059991,1,2017_bird_056_1_trip
2017-05-10T07:47:03Z,141.26991999999998,40.39347,bird_056,K17E36,13,2017,29240.851026979617,1,2017_bird_056_1_trip
2017-05-10T07:48:03Z,141.26993,40.39345,bird_056,K17E36,13,2017,29241.370522425736,1,2017_bird_056_1_trip
2017-05-10T07:49:04Z,141.26999999999998,40.39328,bird_056,K17E36,13,2017,29246.85461121184,1,2017_bird_056_1_trip
2017-05-10T07:50:04Z,141.26994,40.39347,bird_056,K17E36,13,2017,29239.435730429115,1,2017_bird_056_1_trip
2017-05-10T07:51:03Z,141.27014999999997,40.39312,bird_056,K17E36,13,2017,29246.08026568372,1,2017_bird_056_1_trip
2017-05-10T07:52:04Z,141.27004999999997,40.39323,bird_056,K17E36,13,2017,29246.389880265928,1,2017_bird_056_1_trip
2017-05-10T07:53:03Z,141.26996999999997,40.39344,bird_056,K17E36,13,2017,29239.153783718888,1,2017_bird_056_1_trip
2017-05-10T07:54:03Z,141.27000999999998,40.39334,bird_056,K17E36,13,2017,29242.46251393428,1,2017_bird_056_1_trip
2017-05-10T07:55:03Z,141.26975999999996,40.39361,bird_056,K17E36,13,2017,29243.591232344937,1,2017_bird_056_1_trip
2017-05-10T07:56:03Z,141.27002,40.39334,bird_056,K17E36,13,2017,29241.75512093516,1,2017_bird_056_1_trip
2017-05-10T07:57:04Z,141.27002,40.39332,bird_056,K17E36,13,2017,29242.98329513501,1,2017_bird_056_1_trip
2017-05-10T07:58:04Z,141.26985999999997,40.39352,bird_056,K17E36,13,2017,29242.03025594432,1,2017_bird_056_1_trip
2017-05-10T07:59:04Z,141.27004,40.39329,bird_056,K17E36,13,2017,29243.411159904637,1,2017_bird_056_1_trip
2017-05-10T08:00:04Z,141.27015999999998,40.39304,bird_056,K17E36,13,2017,29250.293500872544,1,2017_bird_056_1_trip
2017-05-10T08:01:04Z,141.26994999999997,40.39341,bird_056,K17E36,13,2017,29242.41006414389,1,2017_bird_056_1_trip
2017-05-10T08:02:03Z,141.27008999999998,40.39336,bird_056,K17E36,13,2017,29235.575315928196,1,2017_bird_056_1_trip
2017-05-10T08:03:03Z,141.26988999999998,40.39348,bird_056,K17E36,13,2017,29242.36055703195,1,2017_bird_056_1_trip
2017-05-10T08:04:03Z,141.26999999999998,40.3932,bird_056,K17E36,13,2017,29251.7691787452,1,2017_bird_056_1_trip
2017-05-10T08:05:06Z,141.26996999999997,40.39338,bird_056,K17E36,13,2017,29242.8364585974,1,2017_bird_056_1_trip
2017-05-10T08:06:04Z,141.26990999999998,40.39332,bird_056,K17E36,13,2017,29250.764705235684,1,2017_bird_056_1_trip
2017-05-10T08:07:03Z,141.26974999999996,40.39345,bird_056,K17E36,13,2017,29254.10887088598,1,2017_bird_056_1_trip
2017-05-10T08:08:04Z,141.27006999999998,40.39326,bird_056,K17E36,13,2017,29243.13225746391,1,2017_bird_056_1_trip
2017-05-10T08:09:07Z,141.27000999999998,40.39328,bird_056,K17E36,13,2017,29246.147299226668,1,2017_bird_056_1_trip
2017-05-10T08:10:05Z,141.26994,40.39331000000001,bird_056,K17E36,13,2017,29249.256425705396,1,2017_bird_056_1_trip
2017-05-10T08:11:03Z,141.26991999999998,40.393350000000005,bird_056,K17E36,13,2017,29248.21549192745,1,2017_bird_056_1_trip
2017-05-10T08:12:03Z,141.27000999999998,40.39324,bird_056,K17E36,13,2017,29248.60440797452,1,2017_bird_056_1_trip
2017-05-10T08:13:03Z,141.26999999999998,40.393330000000006,bird_056,K17E36,13,2017,29243.783957382988,1,2017_bird_056_1_trip
2017-05-10T08:14:03Z,141.27019,40.39331000000001,bird_056,K17E36,13,2017,29231.57364335204,1,2017_bird_056_1_trip
2017-05-10T08:15:03Z,141.27475999999996,40.39037,bird_056,K17E36,13,2017,29093.0580444577,1,2017_bird_056_1_trip
2017-05-10T08:16:33Z,141.27536999999998,40.38872,bird_056,K17E36,13,2017,29154.86207405054,1,2017_bird_056_1_trip
2017-05-10T08:17:02Z,141.27526999999998,40.38873,bird_056,K17E36,13,2017,29161.190732262345,1,2017_bird_056_1_trip
2017-05-10T08:18:04Z,141.27533,40.38849,bird_056,K17E36,13,2017,29172.26718698588,1,2017_bird_056_1_trip
2017-05-10T08:19:02Z,141.27455999999995,40.38822,bird_056,K17E36,13,2017,29243.035551348843,1,2017_bird_056_1_trip
2017-05-10T08:20:03Z,141.27408999999997,40.39037,bird_056,K17E36,13,2017,29139.92999666216,1,2017_bird_056_1_trip
2017-05-10T08:21:03Z,141.27005999999997,40.39341,bird_056,K17E36,13,2017,29234.62752321407,1,2017_bird_056_1_trip
2017-05-10T08:22:03Z,141.27000999999998,40.39344,bird_056,K17E36,13,2017,29236.323546975695,1,2017_bird_056_1_trip
2017-05-10T08:23:02Z,141.26999999999998,40.39357,bird_056,K17E36,13,2017,29229.055008641437,1,2017_bird_056_1_trip
2017-05-10T08:24:02Z,141.26989999999998,40.39343,bird_056,K17E36,13,2017,29244.720588581713,1,2017_bird_056_1_trip
2017-05-10T08:25:03Z,141.27000999999998,40.393330000000006,bird_056,K17E36,13,2017,29243.07657164946,1,2017_bird_056_1_trip
2017-05-10T08:26:02Z,141.27015999999998,40.39341,bird_056,K17E36,13,2017,29227.553271742858,1,2017_bird_056_1_trip
2017-05-10T08:27:03Z,141.26996999999997,40.393330000000006,bird_056,K17E36,13,2017,29245.906159487105,1,2017_bird_056_1_trip
2017-05-10T08:28:03Z,141.26994999999997,40.39346,bird_056,K17E36,13,2017,29239.341681936065,1,2017_bird_056_1_trip
2017-05-10T08:29:02Z,141.26991999999998,40.39368,bird_056,K17E36,13,2017,29227.97336560863,1,2017_bird_056_1_trip
2017-05-10T08:30:02Z,141.26994,40.39365,bird_056,K17E36,13,2017,29228.396412636634,1,2017_bird_056_1_trip
2017-05-10T08:31:03Z,141.26995999999997,40.3935,bird_056,K17E36,13,2017,29236.17982959641,1,2017_bird_056_1_trip
2017-05-10T08:32:02Z,141.26999999999998,40.39325,bird_056,K17E36,13,2017,29248.69735464011,1,2017_bird_056_1_trip
2017-05-10T08:33:02Z,141.26987999999997,40.39356,bird_056,K17E36,13,2017,29238.161659846053,1,2017_bird_056_1_trip
2017-05-10T08:34:03Z,141.26998999999998,40.3933,bird_056,K17E36,13,2017,29246.333610859092,1,2017_bird_056_1_trip
2017-05-10T08:35:03Z,141.26960999999997,40.39365,bird_056,K17E36,13,2017,29251.761377345872,1,2017_bird_056_1_trip
2017-05-10T08:36:03Z,141.26990999999998,40.39344,bird_056,K17E36,13,2017,29243.39936312748,1,2017_bird_056_1_trip
2017-05-10T08:37:03Z,141.26998999999998,40.39324,bird_056,K17E36,13,2017,29250.018921437168,1,2017_bird_056_1_trip
2017-05-10T08:38:04Z,141.27016999999998,40.3928,bird_056,K17E36,13,2017,29264.358828726232,1,2017_bird_056_1_trip
2017-05-10T08:39:02Z,141.26995999999997,40.39344,bird_056,K17E36,13,2017,29239.861361599895,1,2017_bird_056_1_trip
2017-05-10T08:40:02Z,141.27003,40.3933,bird_056,K17E36,13,2017,29243.5042598956,1,2017_bird_056_1_trip
2017-05-10T08:41:03Z,141.26997999999998,40.39327,bird_056,K17E36,13,2017,29248.88344669921,1,2017_bird_056_1_trip
2017-05-10T08:42:03Z,141.26990999999998,40.39354,bird_056,K17E36,13,2017,29237.264799623183,1,2017_bird_056_1_trip
2017-05-10T08:43:03Z,141.26995999999997,40.39339,bird_056,K17E36,13,2017,29242.93011039399,1,2017_bird_056_1_trip
2017-05-10T08:44:02Z,141.26996999999997,40.39354,bird_056,K17E36,13,2017,29233.01833556688,1,2017_bird_056_1_trip
2017-05-10T08:45:03Z,141.26982999999998,40.39336,bird_056,K17E36,13,2017,29253.96937040073,1,2017_bird_056_1_trip
2017-05-10T08:46:02Z,141.26999999999998,40.39328,bird_056,K17E36,13,2017,29246.85461121184,1,2017_bird_056_1_trip
2017-05-10T08:47:03Z,141.26979999999998,40.39363,bird_056,K17E36,13,2017,29239.533539538228,1,2017_bird_056_1_trip
2017-05-10T08:48:03Z,141.26994999999997,40.39349,bird_056,K17E36,13,2017,29237.50100410801,1,2017_bird_056_1_trip
2017-05-10T08:49:03Z,141.26996999999997,40.3935,bird_056,K17E36,13,2017,29235.47216324313,1,2017_bird_056_1_trip
2017-05-10T08:50:02Z,141.27000999999998,40.39326,bird_056,K17E36,13,2017,29247.37579508875,1,2017_bird_056_1_trip
2017-05-10T08:51:03Z,141.27006999999998,40.3932,bird_056,K17E36,13,2017,29246.81897820964,1,2017_bird_056_1_trip
2017-05-10T08:52:03Z,141.2701,40.39325,bird_056,K17E36,13,2017,29241.625014376095,1,2017_bird_056_1_trip
2017-05-10T08:53:02Z,141.27000999999998,40.39334,bird_056,K17E36,13,2017,29242.46251393428,1,2017_bird_056_1_trip
2017-05-10T08:54:03Z,141.26973999999998,40.39406,bird_056,K17E36,13,2017,29217.45848697633,1,2017_bird_056_1_trip
2017-05-10T08:55:03Z,141.26980999999998,40.3937,bird_056,K17E36,13,2017,29234.53599023118,1,2017_bird_056_1_trip
2017-05-10T08:56:03Z,141.26998999999998,40.393530000000005,bird_056,K17E36,13,2017,29232.216349766193,1,2017_bird_056_1_trip
2017-05-10T08:57:03Z,141.26994,40.39352,bird_056,K17E36,13,2017,29236.36830074412,1,2017_bird_056_1_trip
2017-05-10T08:58:04Z,141.26990999999998,40.39347,bird_056,K17E36,13,2017,29241.55868646545,1,2017_bird_056_1_trip
2017-05-10T08:59:03Z,141.27004,40.3934,bird_056,K17E36,13,2017,29236.656360354125,1,2017_bird_056_1_trip
2017-05-10T09:00:02Z,141.2701,40.39326,bird_056,K17E36,13,2017,29241.010589786933,1,2017_bird_056_1_trip
2017-05-10T09:01:02Z,141.26997999999998,40.393530000000005,bird_056,K17E36,13,2017,29232.92404541091,1,2017_bird_056_1_trip
2017-05-10T09:02:03Z,141.27004999999997,40.39326,bird_056,K17E36,13,2017,29244.546740042297,1,2017_bird_056_1_trip
2017-05-10T09:03:03Z,141.26996999999997,40.39322,bird_056,K17E36,13,2017,29252.66207675674,1,2017_bird_056_1_trip
2017-05-10T09:04:03Z,141.27021,40.39289,bird_056,K17E36,13,2017,29255.99090539651,1,2017_bird_056_1_trip
2017-05-10T09:05:03Z,141.27006999999998,40.3933,bird_056,K17E36,13,2017,29240.675028738737,1,2017_bird_056_1_trip
2017-05-10T09:06:03Z,141.27004,40.39323,bird_056,K17E36,13,2017,29247.09708853346,1,2017_bird_056_1_trip
2017-05-10T09:07:03Z,141.26994,40.39328,bird_056,K17E36,13,2017,29251.098640341384,1,2017_bird_056_1_trip
2017-05-10T09:08:03Z,141.26996999999997,40.39339,bird_056,K17E36,13,2017,29242.222606245803,1,2017_bird_056_1_trip
2017-05-10T09:09:02Z,141.26994,40.3935,bird_056,K17E36,13,2017,29237.59518472095,1,2017_bird_056_1_trip
2017-05-10T09:10:03Z,141.2701,40.39324,bird_056,K17E36,13,2017,29242.239468221644,1,2017_bird_056_1_trip
2017-05-10T09:11:03Z,141.27007999999998,40.393150000000006,bird_056,K17E36,13,2017,29249.184982011488,1,2017_bird_056_1_trip
2017-05-10T09:12:04Z,141.27005999999997,40.39328,bird_056,K17E36,13,2017,29242.61085163014,1,2017_bird_056_1_trip
2017-05-10T09:13:02Z,141.26995999999997,40.39304,bird_056,K17E36,13,2017,29264.43183477491,1,2017_bird_056_1_trip
2017-05-10T09:14:03Z,141.27004,40.39336,bird_056,K17E36,13,2017,29239.11224127901,1,2017_bird_056_1_trip
2017-05-10T09:15:03Z,141.27005999999997,40.39321,bird_056,K17E36,13,2017,29246.911615402863,1,2017_bird_056_1_trip
2017-05-10T09:16:02Z,141.26996999999997,40.39349,bird_056,K17E36,13,2017,29236.08569341672,1,2017_bird_056_1_trip
2017-05-10T09:17:04Z,141.26997999999998,40.3935,bird_056,K17E36,13,2017,29234.764504362636,1,2017_bird_056_1_trip
2017-05-10T09:18:03Z,141.27000999999998,40.39326,bird_056,K17E36,13,2017,29247.37579508875,1,2017_bird_056_1_trip
2017-05-10T09:19:03Z,141.27297,40.39233000000001,bird_056,K17E36,13,2017,29096.01421185008,1,2017_bird_056_1_trip
2017-05-10T09:20:04Z,141.27407999999997,40.38725999999999,bird_056,K17E36,13,2017,29337.540549040605,1,2017_bird_056_1_trip
2017-05-10T09:21:04Z,141.27401999999998,40.38269,bird_056,K17E36,13,2017,29635.950195183326,1,2017_bird_056_1_trip
2017-05-10T09:22:03Z,141.27973999999998,40.3792,bird_056,K17E36,13,2017,29475.150214860932,1,2017_bird_056_1_trip
2017-05-10T09:23:03Z,141.28488,40.37481,bird_056,K17E36,13,2017,29427.103793357604,1,2017_bird_056_1_trip
2017-05-10T09:24:08Z,141.28661,40.37284,bird_056,K17E36,13,2017,29448.389155107463,1,2017_bird_056_1_trip
2017-05-10T09:25:09Z,141.2866,40.37284,bird_056,K17E36,13,2017,29449.05126523511,1,2017_bird_056_1_trip
2017-05-10T09:26:10Z,141.28788,40.3722,bird_056,K17E36,13,2017,29409.064024057,1,2017_bird_056_1_trip
2017-05-10T09:27:03Z,141.29074,40.36916,bird_056,K17E36,13,2017,29435.753397594723,1,2017_bird_056_1_trip
2017-05-10T09:28:03Z,141.28633000000002,40.367079999999994,bird_056,K17E36,13,2017,29871.405300135204,1,2017_bird_056_1_trip
2017-05-10T09:29:03Z,141.28289,40.36265,bird_056,K17E36,13,2017,30411.050624128307,1,2017_bird_056_1_trip
2017-05-10T09:30:03Z,141.28281,40.36307,bird_056,K17E36,13,2017,30386.257833315132,1,2017_bird_056_1_trip
2017-05-10T09:31:03Z,141.28796,40.36763,bird_056,K17E36,13,2017,29725.906454197393,1,2017_bird_056_1_trip
2017-05-10T09:32:03Z,141.28919,40.3713,bird_056,K17E36,13,2017,29385.899251471244,1,2017_bird_056_1_trip
2017-05-10T09:33:07Z,141.28895,40.37145,bird_056,K17E36,13,2017,29391.13365133572,1,2017_bird_056_1_trip
2017-05-10T09:34:04Z,141.28877,40.371559999999995,bird_056,K17E36,13,2017,29395.249743532266,1,2017_bird_056_1_trip
2017-05-10T09:35:04Z,141.28876,40.37181,bird_056,K17E36,13,2017,29378.365557065667,1,2017_bird_056_1_trip
2017-05-10T09:36:04Z,141.28868,40.37171,bird_056,K17E36,13,2017,29390.6470405429,1,2017_bird_056_1_trip
2017-05-10T09:37:03Z,141.28872,40.371979999999994,bird_056,K17E36,13,2017,29369.08070385001,1,2017_bird_056_1_trip
2017-05-10T09:38:32Z,141.284,40.37578,bird_056,K17E36,13,2017,29419.366682826017,1,2017_bird_056_1_trip
2017-05-10T09:39:03Z,141.28145,40.37814,bird_056,K17E36,13,2017,29430.56669720401,1,2017_bird_056_1_trip
2017-05-10T09:40:03Z,141.27599999999998,40.38146999999999,bird_056,K17E36,13,2017,29579.699768674847,1,2017_bird_056_1_trip
2017-05-10T09:41:06Z,141.27377999999996,40.386889999999994,bird_056,K17E36,13,2017,29381.9922995119,1,2017_bird_056_1_trip
2017-05-10T09:42:04Z,141.27481999999998,40.38832,bird_056,K17E36,13,2017,29218.57770665224,1,2017_bird_056_1_trip
2017-05-10T09:43:03Z,141.27487999999997,40.387899999999995,bird_056,K17E36,13,2017,29241.12804371332,1,2017_bird_056_1_trip
2017-05-10T09:44:03Z,141.27487999999997,40.38821,bird_056,K17E36,13,2017,29221.395913671284,1,2017_bird_056_1_trip
2017-05-10T09:45:03Z,141.27479999999997,40.38878,bird_056,K17E36,13,2017,29190.76028949851,1,2017_bird_056_1_trip
2017-05-10T09:46:03Z,141.27480999999997,40.387519999999995,bird_056,K17E36,13,2017,29270.217636060697,1,2017_bird_056_1_trip
2017-05-10T09:47:04Z,141.27483999999998,40.3885,bird_056,K17E36,13,2017,29205.7471851425,1,2017_bird_056_1_trip
2017-05-10T09:48:03Z,141.27174,40.39218,bird_056,K17E36,13,2017,29191.917863913273,1,2017_bird_056_1_trip
2017-05-10T09:49:03Z,141.26673,40.39756,bird_056,K17E36,13,2017,29220.41713017727,1,2017_bird_056_1_trip
2017-05-10T09:50:03Z,141.26439,40.404,bird_056,K17E36,13,2017,29012.322094538456,1,2017_bird_056_1_trip
2017-05-10T09:51:04Z,141.27053999999998,40.40734,bird_056,K17E36,13,2017,28373.771106416258,1,2017_bird_056_1_trip
2017-05-10T09:52:03Z,141.27807,40.40427,bird_056,K17E36,13,2017,28008.377978337132,1,2017_bird_056_1_trip
2017-05-10T09:53:04Z,141.28525,40.40678,bird_056,K17E36,13,2017,27344.36957388965,1,2017_bird_056_1_trip
2017-05-10T09:54:04Z,141.28941,40.41343,bird_056,K17E36,13,2017,26653.681999060773,1,2017_bird_056_1_trip
2017-05-10T09:55:04Z,141.29484,40.41529,bird_056,K17E36,13,2017,26152.90741029824,1,2017_bird_056_1_trip
2017-05-10T09:56:04Z,141.30071,40.41143,bird_056,K17E36,13,2017,25961.326445250204,1,2017_bird_056_1_trip
2017-05-10T09:57:03Z,141.30584000000002,40.413689999999995,bird_056,K17E36,13,2017,25459.50074635733,1,2017_bird_056_1_trip
2017-05-10T09:58:04Z,141.30830000000003,40.41799,bird_056,K17E36,13,2017,25025.503769925996,1,2017_bird_056_1_trip
2017-05-10T09:59:04Z,141.31289,40.424330000000005,bird_056,K17E36,13,2017,24322.17958544186,1,2017_bird_056_1_trip
2017-05-10T10:00:03Z,141.32122000000004,40.425270000000005,bird_056,K17E36,13,2017,23666.69437944985,1,2017_bird_056_1_trip
2017-05-10T10:01:05Z,141.32910999999999,40.42877000000001,bird_056,K17E36,13,2017,22893.04697844907,1,2017_bird_056_1_trip
2017-05-10T10:02:03Z,141.33398,40.43459,bird_056,K17E36,13,2017,22201.007458734293,1,2017_bird_056_1_trip
2017-05-10T10:03:05Z,141.34255,40.43836,bird_056,K17E36,13,2017,21362.259831150903,1,2017_bird_056_1_trip
2017-05-10T10:04:03Z,141.34883000000002,40.44427999999999,bird_056,K17E36,13,2017,20566.562354015063,1,2017_bird_056_1_trip
2017-05-10T10:05:05Z,141.35554000000002,40.45155999999999,bird_056,K17E36,13,2017,19668.6783332384,1,2017_bird_056_1_trip
2017-05-10T10:06:03Z,141.36257,40.45741999999999,bird_056,K17E36,13,2017,18831.222907175415,1,2017_bird_056_1_trip
2017-05-10T10:07:03Z,141.36948,40.46127,bird_056,K17E36,13,2017,18112.127260296933,1,2017_bird_056_1_trip
2017-05-10T10:08:03Z,141.37802000000002,40.4652,bird_056,K17E36,13,2017,17267.497117968025,1,2017_bird_056_1_trip
2017-05-10T10:09:03Z,141.38596,40.4671,bird_056,K17E36,13,2017,16574.917892770984,1,2017_bird_056_1_trip
2017-05-10T10:10:03Z,141.39578,40.46913000000001,bird_056,K17E36,13,2017,15737.37923219495,1,2017_bird_056_1_trip
2017-05-10T10:11:04Z,141.40511,40.47234,bird_056,K17E36,13,2017,14873.280098756257,1,2017_bird_056_1_trip
2017-05-10T10:12:04Z,141.41305999999997,40.47639,bird_056,K17E36,13,2017,14064.976189429812,1,2017_bird_056_1_trip
2017-05-10T10:13:03Z,141.42118000000002,40.48014,bird_056,K17E36,13,2017,13260.688776264791,1,2017_bird_056_1_trip
2017-05-10T10:14:04Z,141.42842000000005,40.48579,bird_056,K17E36,13,2017,12420.505018727808,1,2017_bird_056_1_trip
2017-05-10T10:15:07Z,141.43482,40.49174,bird_056,K17E36,13,2017,11634.547728126294,1,2017_bird_056_1_trip
2017-05-10T10:16:05Z,141.44122000000002,40.4977,bird_056,K17E36,13,2017,10858.627795105142,1,2017_bird_056_1_trip
2017-05-10T10:17:03Z,141.44742000000002,40.50343,bird_056,K17E36,13,2017,10121.190833705006,1,2017_bird_056_1_trip
2017-05-10T10:18:05Z,141.45540000000005,40.50779,bird_056,K17E36,13,2017,9312.084276722697,1,2017_bird_056_1_trip
2017-05-10T10:19:03Z,141.46280000000002,40.51174,bird_056,K17E36,13,2017,8569.325988665974,1,2017_bird_056_1_trip
2017-05-10T10:20:03Z,141.47005,40.51589,bird_056,K17E36,13,2017,7835.805221833081,1,2017_bird_056_1_trip
2017-05-10T10:21:03Z,141.47736,40.51937,bird_056,K17E36,13,2017,7126.751526270449,1,2017_bird_056_1_trip
2017-05-10T10:22:03Z,141.48454,40.51755,bird_056,K17E36,13,2017,6617.646903069101,1,2017_bird_056_1_trip
2017-05-10T10:23:04Z,141.49036,40.51624,bird_056,K17E36,13,2017,6215.512022994841,1,2017_bird_056_1_trip
2017-05-10T10:24:05Z,141.49837000000002,40.51972,bird_056,K17E36,13,2017,5439.438291476975,1,2017_bird_056_1_trip
2017-05-10T10:25:03Z,141.50038,40.52562,bird_056,K17E36,13,2017,5058.271347281911,1,2017_bird_056_1_trip
2017-05-10T10:26:33Z,141.50303,40.53198,bird_056,K17E36,13,2017,4681.796692292833,1,2017_bird_056_1_trip
2017-05-10T10:27:05Z,141.5069,40.53169,bird_056,K17E36,13,2017,4363.858106141598,1,2017_bird_056_1_trip
2017-05-10T10:28:05Z,141.51345999999998,40.53058,bird_056,K17E36,13,2017,3844.7208123377018,1,2017_bird_056_1_trip
2017-05-10T10:29:06Z,141.52061,40.53021,bird_056,K17E36,13,2017,3269.9570504327285,1,2017_bird_056_1_trip
2017-05-10T10:30:05Z,141.52646,40.53227,bird_056,K17E36,13,2017,2730.7429523165647,1,2017_bird_056_1_trip
2017-05-10T10:31:05Z,141.53277,40.53494,bird_056,K17E36,13,2017,2142.9235755684012,1,2017_bird_056_1_trip
2017-05-10T10:32:05Z,141.53592,40.53722,bird_056,K17E36,13,2017,1843.4307644019675,1,2017_bird_056_1_trip
2017-05-10T10:33:05Z,141.53593,40.53706,bird_056,K17E36,13,2017,1844.1579709851387,1,2017_bird_056_1_trip
2017-05-10T10:34:06Z,141.5362,40.53663,bird_056,K17E36,13,2017,1826.50981677313,1,2017_bird_056_1_trip
2017-05-10T10:35:05Z,141.53604,40.53676,bird_056,K17E36,13,2017,1838.3000139594449,1,2017_bird_056_1_trip
2017-05-10T10:36:07Z,141.53588,40.53701,bird_056,K17E36,13,2017,1848.9003203996276,1,2017_bird_056_1_trip
2017-05-10T10:37:06Z,141.53686,40.53668,bird_056,K17E36,13,2017,1770.3320759680307,1,2017_bird_056_1_trip
2017-05-10T10:38:06Z,141.53674999999998,40.5367,bird_056,K17E36,13,2017,1779.317568260467,1,2017_bird_056_1_trip
2017-05-10T10:39:05Z,141.53683,40.53671000000001,bird_056,K17E36,13,2017,1772.4558624954868,1,2017_bird_056_1_trip
2017-05-10T10:40:06Z,141.53698,40.536550000000005,bird_056,K17E36,13,2017,1762.0546393501695,1,2017_bird_056_1_trip
2017-05-10T10:41:06Z,141.53689,40.53662,bird_056,K17E36,13,2017,1768.6284022276625,1,2017_bird_056_1_trip
2017-05-10T10:42:05Z,141.53668,40.53666,bird_056,K17E36,13,2017,1785.7386570301492,1,2017_bird_056_1_trip
2017-05-10T10:43:06Z,141.5366,40.53685,bird_056,K17E36,13,2017,1790.0428671010286,1,2017_bird_056_1_trip
2017-05-10T10:44:06Z,141.53679,40.53668,bird_056,K17E36,13,2017,1776.2192008543125,1,2017_bird_056_1_trip
2017-05-10T10:45:06Z,141.53692,40.53664,bird_056,K17E36,13,2017,1765.8304216136396,1,2017_bird_056_1_trip
2017-05-10T10:46:06Z,141.53694000000002,40.536570000000005,bird_056,K17E36,13,2017,1765.128814373872,1,2017_bird_056_1_trip
2017-05-10T10:47:05Z,141.53678,40.53676,bird_056,K17E36,13,2017,1776.0118270029177,1,2017_bird_056_1_trip
2017-05-10T10:48:06Z,141.5371,40.536370000000005,bird_056,K17E36,13,2017,1754.6936139030497,1,2017_bird_056_1_trip
2017-05-10T10:49:06Z,141.53664,40.53685,bird_056,K17E36,13,2017,1786.6742661337976,1,2017_bird_056_1_trip
2017-05-10T10:50:05Z,141.53688,40.5367,bird_056,K17E36,13,2017,1768.3826200730964,1,2017_bird_056_1_trip
2017-05-10T10:51:07Z,141.53683,40.53672,bird_056,K17E36,13,2017,1772.324156798365,1,2017_bird_056_1_trip
2017-05-10T10:52:06Z,141.53674,40.53671000000001,bird_056,K17E36,13,2017,1780.026928691152,1,2017_bird_056_1_trip
2017-05-10T10:53:06Z,141.53701,40.53649,bird_056,K17E36,13,2017,1760.4122558897986,1,2017_bird_056_1_trip
2017-05-10T10:54:06Z,141.53687,40.5366,bird_056,K17E36,13,2017,1770.5879214824577,1,2017_bird_056_1_trip
2017-05-10T10:55:06Z,141.53668,40.5368,bird_056,K17E36,13,2017,1783.9221114598618,1,2017_bird_056_1_trip
2017-05-10T10:56:05Z,141.5361,40.537310000000005,bird_056,K17E36,13,2017,1827.4193196900217,1,2017_bird_056_1_trip
2017-05-10T10:57:05Z,141.53678,40.536730000000006,bird_056,K17E36,13,2017,1776.3998490539775,1,2017_bird_056_1_trip
2017-05-10T10:58:08Z,141.53709,40.5365,bird_056,K17E36,13,2017,1753.54692543063,1,2017_bird_056_1_trip
2017-05-10T10:59:08Z,141.53642000000002,40.53696,bird_056,K17E36,13,2017,1803.9223324646807,1,2017_bird_056_1_trip
2017-05-10T11:00:06Z,141.53706,40.53648,bird_056,K17E36,13,2017,1756.363291839068,1,2017_bird_056_1_trip
2017-05-10T11:01:07Z,141.53626,40.53728,bird_056,K17E36,13,2017,1814.174341717598,1,2017_bird_056_1_trip
2017-05-10T11:02:06Z,141.53688,40.53678,bird_056,K17E36,13,2017,1767.340230635319,1,2017_bird_056_1_trip
2017-05-10T11:03:06Z,141.53695,40.5365,bird_056,K17E36,13,2017,1765.302528545816,1,2017_bird_056_1_trip
2017-05-10T11:04:07Z,141.53688,40.53659,bird_056,K17E36,13,2017,1769.8877107486728,1,2017_bird_056_1_trip
2017-05-10T11:05:07Z,141.53674999999998,40.53666,bird_056,K17E36,13,2017,1779.851965915068,1,2017_bird_056_1_trip
2017-05-10T11:06:08Z,141.5367,40.53659,bird_056,K17E36,13,2017,1785.0159242397829,1,2017_bird_056_1_trip
2017-05-10T11:07:06Z,141.53691,40.53652,bird_056,K17E36,13,2017,1768.368956670011,1,2017_bird_056_1_trip
2017-05-10T11:08:33Z,141.53688,40.53662,bird_056,K17E36,13,2017,1769.4689959618297,1,2017_bird_056_1_trip
2017-05-10T11:09:07Z,141.53688,40.53661,bird_056,K17E36,13,2017,1769.6078817460002,1,2017_bird_056_1_trip
2017-05-10T11:10:06Z,141.53693,40.53667,bird_056,K17E36,13,2017,1764.580328826947,1,2017_bird_056_1_trip
2017-05-10T11:11:06Z,141.53685,40.53659,bird_056,K17E36,13,2017,1772.4089350971335,1,2017_bird_056_1_trip
2017-05-10T11:12:05Z,141.53691,40.53656,bird_056,K17E36,13,2017,1767.79203428305,1,2017_bird_056_1_trip
2017-05-10T11:13:06Z,141.53691,40.53661,bird_056,K17E36,13,2017,1767.0863173108778,1,2017_bird_056_1_trip
2017-05-10T11:14:05Z,141.53697,40.53677,bird_056,K17E36,13,2017,1759.8944214188027,1,2017_bird_056_1_trip
2017-05-10T11:15:05Z,141.53688,40.53667,bird_056,K17E36,13,2017,1768.7848606509035,1,2017_bird_056_1_trip
2017-05-10T11:16:05Z,141.53683,40.5364,bird_056,K17E36,13,2017,1776.8781379255806,1,2017_bird_056_1_trip
2017-05-10T11:17:05Z,141.5369,40.53672,bird_056,K17E36,13,2017,1766.435431343381,1,2017_bird_056_1_trip
2017-05-10T11:18:05Z,141.53688,40.53654,bird_056,K17E36,13,2017,1770.5992773339303,1,2017_bird_056_1_trip
2017-05-10T11:19:05Z,141.53677,40.53644,bird_056,K17E36,13,2017,1781.3071910805695,1,2017_bird_056_1_trip
2017-05-10T11:20:05Z,141.5369,40.53664,bird_056,K17E36,13,2017,1767.5118397313345,1,2017_bird_056_1_trip
2017-05-10T11:21:05Z,141.53684,40.53666,bird_056,K17E36,13,2017,1772.283791544849,1,2017_bird_056_1_trip
2017-05-10T11:22:05Z,141.53691,40.53667,bird_056,K17E36,13,2017,1766.2621235004324,1,2017_bird_056_1_trip
2017-05-10T11:23:05Z,141.53685,40.53654,bird_056,K17E36,13,2017,1773.1194917673936,1,2017_bird_056_1_trip
2017-05-10T11:24:05Z,141.53695,40.536570000000005,bird_056,K17E36,13,2017,1764.2885930843886,1,2017_bird_056_1_trip
2017-05-10T11:25:05Z,141.53689,40.53654,bird_056,K17E36,13,2017,1769.7592194571723,1,2017_bird_056_1_trip
2017-05-10T11:26:05Z,141.53683,40.5366,bird_056,K17E36,13,2017,1773.949857910994,1,2017_bird_056_1_trip
2017-05-10T11:27:05Z,141.53685,40.53649,bird_056,K17E36,13,2017,1773.847142752779,1,2017_bird_056_1_trip
2017-05-10T11:28:05Z,141.53687,40.536530000000006,bird_056,K17E36,13,2017,1771.5836418083686,1,2017_bird_056_1_trip
2017-05-10T11:29:06Z,141.53693,40.536550000000005,bird_056,K17E36,13,2017,1766.255031745505,1,2017_bird_056_1_trip
2017-05-10T11:30:05Z,141.53688,40.53649,bird_056,K17E36,13,2017,1771.3279617339876,1,2017_bird_056_1_trip
2017-05-10T11:31:06Z,141.53689,40.536550000000005,bird_056,K17E36,13,2017,1769.6154679639826,1,2017_bird_056_1_trip
2017-05-10T11:32:05Z,141.53683,40.536550000000005,bird_056,K17E36,13,2017,1774.6563246741855,1,2017_bird_056_1_trip
2017-05-10T11:33:05Z,141.5369,40.53669,bird_056,K17E36,13,2017,1766.833926991481,1,2017_bird_056_1_trip
2017-05-10T11:34:05Z,141.53696,40.53667,bird_056,K17E36,13,2017,1762.0576821320535,1,2017_bird_056_1_trip
2017-05-10T11:35:05Z,141.53702,40.53658,bird_056,K17E36,13,2017,1758.2646576453772,1,2017_bird_056_1_trip
2017-05-10T11:36:05Z,141.53694000000002,40.536570000000005,bird_056,K17E36,13,2017,1765.128814373872,1,2017_bird_056_1_trip
2017-05-10T11:37:05Z,141.53693,40.5365,bird_056,K17E36,13,2017,1766.9820152653426,1,2017_bird_056_1_trip
2017-05-10T11:38:05Z,141.53707,40.536550000000005,bird_056,K17E36,13,2017,1754.4943647743864,1,2017_bird_056_1_trip
2017-05-10T11:39:06Z,141.5369,40.53663,bird_056,K17E36,13,2017,1767.6494838580472,1,2017_bird_056_1_trip
2017-05-10T11:40:06Z,141.53692,40.5367,bird_056,K17E36,13,2017,1765.0182175139475,1,2017_bird_056_1_trip
2017-05-10T11:41:06Z,141.53683,40.53641,bird_056,K17E36,13,2017,1776.7252452888015,1,2017_bird_056_1_trip
2017-05-10T11:42:06Z,141.53697,40.5365,bird_056,K17E36,13,2017,1763.62307037134,1,2017_bird_056_1_trip
2017-05-10T11:43:05Z,141.53698,40.53668,bird_056,K17E36,13,2017,1760.2405382029212,1,2017_bird_056_1_trip
2017-05-10T11:44:05Z,141.53688,40.5366,bird_056,K17E36,13,2017,1769.7474533958573,1,2017_bird_056_1_trip
2017-05-10T11:45:05Z,141.53678,40.53652,bird_056,K17E36,13,2017,1779.288285674274,1,2017_bird_056_1_trip
2017-05-10T11:46:06Z,141.53688,40.53679,bird_056,K17E36,13,2017,1767.213028665322,1,2017_bird_056_1_trip
2017-05-10T11:47:05Z,141.53692,40.53684,bird_056,K17E36,13,2017,1763.219530535347,1,2017_bird_056_1_trip
2017-05-10T11:48:06Z,141.53694000000002,40.53665,bird_056,K17E36,13,2017,1764.01181061965,1,2017_bird_056_1_trip
2017-05-10T11:49:06Z,141.53685,40.53671000000001,bird_056,K17E36,13,2017,1770.7734659996838,1,2017_bird_056_1_trip
2017-05-10T11:50:05Z,141.53697,40.53652,bird_056,K17E36,13,2017,1763.329662100453,1,2017_bird_056_1_trip
2017-05-10T11:51:05Z,141.53695,40.53679,bird_056,K17E36,13,2017,1761.321483830681,1,2017_bird_056_1_trip
2017-05-10T11:52:06Z,141.53684,40.53649,bird_056,K17E36,13,2017,1774.6868839730269,1,2017_bird_056_1_trip
2017-05-10T11:53:05Z,141.53697,40.53677,bird_056,K17E36,13,2017,1759.8944214188027,1,2017_bird_056_1_trip
2017-05-10T11:54:06Z,141.53708,40.53663,bird_056,K17E36,13,2017,1752.5188078580838,1,2017_bird_056_1_trip
2017-05-10T11:55:06Z,141.53689,40.53663,bird_056,K17E36,13,2017,1768.4901369063932,1,2017_bird_056_1_trip
2017-05-10T11:56:07Z,141.5369,40.53646,bird_056,K17E36,13,2017,1770.0943836419356,1,2017_bird_056_1_trip
2017-05-10T11:57:08Z,141.53692,40.53662,bird_056,K17E36,13,2017,1766.106658927883,1,2017_bird_056_1_trip
2017-05-10T11:58:07Z,141.53664999999998,40.536750000000005,bird_056,K17E36,13,2017,1787.0801659584715,1,2017_bird_056_1_trip
2017-05-10T11:59:06Z,141.53681,40.53678,bird_056,K17E36,13,2017,1773.2316128977438,1,2017_bird_056_1_trip
2017-05-10T12:00:06Z,141.53727,40.53659,bird_056,K17E36,13,2017,1737.1172016124458,1,2017_bird_056_1_trip
2017-05-10T12:01:08Z,141.53711,40.53659,bird_056,K17E36,13,2017,1750.5602830462926,1,2017_bird_056_1_trip
2017-05-10T12:02:08Z,141.53704000000002,40.5365,bird_056,K17E36,13,2017,1757.7451927588736,1,2017_bird_056_1_trip
2017-05-10T12:03:08Z,141.53683,40.5367,bird_056,K17E36,13,2017,1772.5882540547682,1,2017_bird_056_1_trip
2017-05-10T12:04:07Z,141.5369,40.53672,bird_056,K17E36,13,2017,1766.435431343381,1,2017_bird_056_1_trip
2017-05-10T12:05:06Z,141.53719,40.53664,bird_056,K17E36,13,2017,1743.1337392026776,1,2017_bird_056_1_trip
2017-05-10T12:06:08Z,141.53688,40.53672,bird_056,K17E36,13,2017,1768.1178958886458,1,2017_bird_056_1_trip
2017-05-10T12:07:08Z,141.53715,40.5364,bird_056,K17E36,13,2017,1750.030473542355,1,2017_bird_056_1_trip
2017-05-10T12:08:08Z,141.5369,40.53685,bird_056,K17E36,13,2017,1764.7802460399755,1,2017_bird_056_1_trip
2017-05-10T12:09:12Z,141.53672,40.53694,bird_056,K17E36,13,2017,1778.8688659171794,1,2017_bird_056_1_trip
2017-05-10T12:10:07Z,141.53695,40.53664,bird_056,K17E36,13,2017,1763.308341067414,1,2017_bird_056_1_trip
2017-05-10T12:11:08Z,141.53681,40.5367,bird_056,K17E36,13,2017,1774.2705481252017,1,2017_bird_056_1_trip
2017-05-10T12:12:11Z,141.53695,40.53656,bird_056,K17E36,13,2017,1764.4313800894752,1,2017_bird_056_1_trip
2017-05-10T12:13:08Z,141.53687,40.53663,bird_056,K17E36,13,2017,1770.1714617427776,1,2017_bird_056_1_trip
2017-05-10T12:14:08Z,141.53713000000002,40.53648,bird_056,K17E36,13,2017,1750.4868672336868,1,2017_bird_056_1_trip
2017-05-10T12:15:09Z,141.53682,40.53662,bird_056,K17E36,13,2017,1774.5126903970067,1,2017_bird_056_1_trip
2017-05-10T12:16:08Z,141.53702,40.53651000000001,bird_056,K17E36,13,2017,1759.2771524107898,1,2017_bird_056_1_trip
2017-05-10T12:17:11Z,141.5371,40.5363,bird_056,K17E36,13,2017,1755.8114014719051,1,2017_bird_056_1_trip
2017-05-10T12:18:08Z,141.53698,40.53678,bird_056,K17E36,13,2017,1758.9244254098658,1,2017_bird_056_1_trip
2017-05-10T12:19:09Z,141.53692,40.53671000000001,bird_056,K17E36,13,2017,1764.885259221605,1,2017_bird_056_1_trip
2017-05-10T12:20:09Z,141.53707,40.536530000000006,bird_056,K17E36,13,2017,1754.7850316112244,1,2017_bird_056_1_trip
2017-05-10T12:21:11Z,141.53702,40.536730000000006,bird_056,K17E36,13,2017,1756.2089165661491,1,2017_bird_056_1_trip
2017-05-10T12:22:07Z,141.53724000000005,40.53649,bird_056,K17E36,13,2017,1741.1028756309963,1,2017_bird_056_1_trip
2017-05-10T12:23:06Z,141.53676,40.53668,bird_056,K17E36,13,2017,1778.7423424433955,1,2017_bird_056_1_trip
2017-05-10T12:24:07Z,141.5369,40.53656,bird_056,K17E36,13,2017,1768.632214625417,1,2017_bird_056_1_trip
2017-05-10T12:25:06Z,141.5368,40.53676,bird_056,K17E36,13,2017,1774.3287582658584,1,2017_bird_056_1_trip
2017-05-10T12:26:06Z,141.53721000000002,40.53661,bird_056,K17E36,13,2017,1741.8738780235776,1,2017_bird_056_1_trip
2017-05-10T12:27:05Z,141.53728,40.53663,bird_056,K17E36,13,2017,1735.7093884102226,1,2017_bird_056_1_trip
2017-05-10T12:28:06Z,141.53668,40.536750000000005,bird_056,K17E36,13,2017,1784.5555429482092,1,2017_bird_056_1_trip
2017-05-10T12:29:06Z,141.53714000000002,40.53666,bird_056,K17E36,13,2017,1747.060102254471,1,2017_bird_056_1_trip
2017-05-10T12:30:06Z,141.53676,40.53661,bird_056,K17E36,13,2017,1779.6947098378173,1,2017_bird_056_1_trip
2017-05-10T12:31:06Z,141.53712000000002,40.53644,bird_056,K17E36,13,2017,1751.9311917277032,1,2017_bird_056_1_trip
2017-05-10T12:32:05Z,141.53767,40.53674,bird_056,K17E36,13,2017,1701.4063826553777,1,2017_bird_056_1_trip
2017-05-10T12:33:06Z,141.53711,40.53669,bird_056,K17E36,13,2017,1749.17345793941,1,2017_bird_056_1_trip
2017-05-10T12:34:08Z,141.53712000000002,40.536550000000005,bird_056,K17E36,13,2017,1750.2944542722323,1,2017_bird_056_1_trip
2017-05-10T12:35:06Z,141.53695,40.53662,bird_056,K17E36,13,2017,1763.584972674597,1,2017_bird_056_1_trip
2017-05-10T12:36:06Z,141.5369,40.53665,bird_056,K17E36,13,2017,1767.374882585547,1,2017_bird_056_1_trip
2017-05-10T12:37:07Z,141.53721000000002,40.53661,bird_056,K17E36,13,2017,1741.8738780235776,1,2017_bird_056_1_trip
2017-05-10T12:38:07Z,141.53692,40.53662,bird_056,K17E36,13,2017,1766.106658927883,1,2017_bird_056_1_trip
2017-05-10T12:39:06Z,141.53730000000002,40.53665,bird_056,K17E36,13,2017,1733.748674388894,1,2017_bird_056_1_trip
2017-05-10T12:40:07Z,141.53672,40.53671000000001,bird_056,K17E36,13,2017,1781.7094501184768,1,2017_bird_056_1_trip
2017-05-10T12:41:06Z,141.53711,40.53651000000001,bird_056,K17E36,13,2017,1751.7196366917185,1,2017_bird_056_1_trip
2017-05-10T12:42:06Z,141.53731000000002,40.5367,bird_056,K17E36,13,2017,1732.2202800956277,1,2017_bird_056_1_trip
2017-05-10T12:43:09Z,141.53721000000002,40.536730000000006,bird_056,K17E36,13,2017,1740.2267725812003,1,2017_bird_056_1_trip
2017-05-10T12:44:07Z,141.53674999999998,40.53681,bird_056,K17E36,13,2017,1777.9043667456317,1,2017_bird_056_1_trip
2017-05-10T12:45:23Z,141.5371,40.536550000000005,bird_056,K17E36,13,2017,1751.9743976071716,1,2017_bird_056_1_trip
2017-05-10T12:46:06Z,141.53691,40.53666,bird_056,K17E36,13,2017,1766.3977706270246,1,2017_bird_056_1_trip
2017-05-10T12:47:06Z,141.53686,40.53669,bird_056,K17E36,13,2017,1770.1981228717282,1,2017_bird_056_1_trip
2017-05-10T12:48:06Z,141.53709,40.536570000000005,bird_056,K17E36,13,2017,1752.5262009844323,1,2017_bird_056_1_trip
2017-05-10T12:49:05Z,141.53638,40.53668,bird_056,K17E36,13,2017,1810.706607418174,1,2017_bird_056_1_trip
2017-05-10T12:50:05Z,141.53686,40.53666,bird_056,K17E36,13,2017,1770.6020410446836,1,2017_bird_056_1_trip
2017-05-10T12:51:06Z,141.53708,40.53652,bird_056,K17E36,13,2017,1754.091613861967,1,2017_bird_056_1_trip
2017-05-10T12:52:06Z,141.5372,40.53662,bird_056,K17E36,13,2017,1742.573172110802,1,2017_bird_056_1_trip
2017-05-10T12:53:09Z,141.537,40.53668,bird_056,K17E36,13,2017,1758.5586991338428,1,2017_bird_056_1_trip
2017-05-10T12:54:06Z,141.53738,40.536550000000005,bird_056,K17E36,13,2017,1728.4577607820197,1,2017_bird_056_1_trip
2017-05-10T12:55:05Z,141.53713000000002,40.53666,bird_056,K17E36,13,2017,1747.900802080766,1,2017_bird_056_1_trip
2017-05-10T12:56:06Z,141.53763,40.53672,bird_056,K17E36,13,2017,1705.0416622352286,1,2017_bird_056_1_trip
2017-05-10T12:57:05Z,141.53695,40.536550000000005,bird_056,K17E36,13,2017,1764.574854347225,1,2017_bird_056_1_trip
2017-05-10T12:58:05Z,141.53669,40.5366,bird_056,K17E36,13,2017,1785.7174356562916,1,2017_bird_056_1_trip
2017-05-10T12:59:06Z,141.53716,40.53656,bird_056,K17E36,13,2017,1746.7897309128705,1,2017_bird_056_1_trip
2017-05-10T13:00:06Z,141.53688,40.53648,bird_056,K17E36,13,2017,1771.475750902283,1,2017_bird_056_1_trip
2017-05-10T13:01:05Z,141.53678,40.536570000000005,bird_056,K17E36,13,2017,1778.5732560616923,1,2017_bird_056_1_trip
2017-05-10T13:02:05Z,141.53665999999998,40.53669,bird_056,K17E36,13,2017,1787.020497733019,1,2017_bird_056_1_trip
2017-05-10T13:03:07Z,141.53706,40.53659,bird_056,K17E36,13,2017,1754.761599973342,1,2017_bird_056_1_trip
2017-05-10T13:04:06Z,141.53729,40.53669,bird_056,K17E36,13,2017,1734.038041545004,1,2017_bird_056_1_trip
2017-05-10T13:05:05Z,141.53747,40.53665,bird_056,K17E36,13,2017,1719.4606504008757,1,2017_bird_056_1_trip
2017-05-10T13:06:06Z,141.53724000000005,40.53666,bird_056,K17E36,13,2017,1738.6534512666217,1,2017_bird_056_1_trip
2017-05-10T13:07:05Z,141.53742000000005,40.53656,bird_056,K17E36,13,2017,1724.9519478955572,1,2017_bird_056_1_trip
2017-05-10T13:08:05Z,141.53707,40.53648,bird_056,K17E36,13,2017,1755.5237803702034,1,2017_bird_056_1_trip
2017-05-10T13:09:33Z,141.53691,40.53662,bird_056,K17E36,13,2017,1766.9472337018549,1,2017_bird_056_1_trip
2017-05-10T13:10:05Z,141.5371,40.53679,bird_056,K17E36,13,2017,1748.697629893265,1,2017_bird_056_1_trip
2017-05-10T13:11:04Z,141.53676,40.53654,bird_056,K17E36,13,2017,1780.68050004551,1,2017_bird_056_1_trip
2017-05-10T13:12:04Z,141.53706,40.53679,bird_056,K17E36,13,2017,1752.0638719241024,1,2017_bird_056_1_trip
2017-05-10T13:13:05Z,141.53703000000002,40.536730000000006,bird_056,K17E36,13,2017,1755.3676988270342,1,2017_bird_056_1_trip
2017-05-10T13:14:05Z,141.5369,40.536550000000005,bird_056,K17E36,13,2017,1768.7753487568898,1,2017_bird_056_1_trip
2017-05-10T13:15:05Z,141.53684,40.53665,bird_056,K17E36,13,2017,1772.419674408208,1,2017_bird_056_1_trip
2017-05-10T13:16:05Z,141.53684,40.53661,bird_056,K17E36,13,2017,1772.9700567152238,1,2017_bird_056_1_trip
2017-05-10T13:17:05Z,141.53686,40.53668,bird_056,K17E36,13,2017,1770.3320759680307,1,2017_bird_056_1_trip
2017-05-10T13:18:04Z,141.53699,40.53663,bird_056,K17E36,13,2017,1760.0838891153696,1,2017_bird_056_1_trip
2017-05-10T13:19:04Z,141.53691,40.53664,bird_056,K17E36,13,2017,1766.6711275695236,1,2017_bird_056_1_trip
2017-05-10T13:20:05Z,141.53703000000002,40.536570000000005,bird_056,K17E36,13,2017,1757.5670641074755,1,2017_bird_056_1_trip
2017-05-10T13:21:05Z,141.53686,40.53658,bird_056,K17E36,13,2017,1771.7093299388591,1,2017_bird_056_1_trip
2017-05-10T13:22:05Z,141.53658,40.53646,bird_056,K17E36,13,2017,1796.9618002035395,1,2017_bird_056_1_trip
2017-05-10T13:23:05Z,141.53701,40.53651000000001,bird_056,K17E36,13,2017,1760.1169122281808,1,2017_bird_056_1_trip
2017-05-10T13:24:05Z,141.53691,40.53661,bird_056,K17E36,13,2017,1767.0863173108778,1,2017_bird_056_1_trip
2017-05-10T13:25:05Z,141.53681,40.53664,bird_056,K17E36,13,2017,1775.0785269666258,1,2017_bird_056_1_trip
2017-05-10T13:26:04Z,141.53688,40.5366,bird_056,K17E36,13,2017,1769.7474533958573,1,2017_bird_056_1_trip
2017-05-10T13:27:05Z,141.53688,40.53661,bird_056,K17E36,13,2017,1769.6078817460002,1,2017_bird_056_1_trip
2017-05-10T13:28:04Z,141.53689,40.53679,bird_056,K17E36,13,2017,1766.3713634731623,1,2017_bird_056_1_trip
2017-05-10T13:29:04Z,141.53698,40.53664,bird_056,K17E36,13,2017,1760.7863166863751,1,2017_bird_056_1_trip
2017-05-10T13:30:05Z,141.53685,40.53652,bird_056,K17E36,13,2017,1773.4085020110472,1,2017_bird_056_1_trip
2017-05-10T13:31:04Z,141.53696,40.53665,bird_056,K17E36,13,2017,1762.3303116245456,1,2017_bird_056_1_trip
2017-05-10T13:32:04Z,141.53696,40.53656,bird_056,K17E36,13,2017,1763.591233381434,1,2017_bird_056_1_trip
2017-05-10T13:33:05Z,141.53701,40.53672,bird_056,K17E36,13,2017,1757.1822865768363,1,2017_bird_056_1_trip
2017-05-10T13:34:04Z,141.53704000000002,40.53656,bird_056,K17E36,13,2017,1756.8703037425628,1,2017_bird_056_1_trip
2017-05-10T13:35:04Z,141.53698,40.53656,bird_056,K17E36,13,2017,1761.91096024309,1,2017_bird_056_1_trip
2017-05-10T13:36:05Z,141.53691,40.53663,bird_056,K17E36,13,2017,1766.80883706722,1,2017_bird_056_1_trip
2017-05-10T13:37:05Z,141.53692,40.53667,bird_056,K17E36,13,2017,1765.4212231489812,1,2017_bird_056_1_trip
2017-05-10T13:38:04Z,141.53691,40.53663,bird_056,K17E36,13,2017,1766.80883706722,1,2017_bird_056_1_trip
2017-05-10T13:39:05Z,141.53683,40.53663,bird_056,K17E36,13,2017,1773.5341861193572,1,2017_bird_056_1_trip
2017-05-10T13:40:05Z,141.53686,40.53658,bird_056,K17E36,13,2017,1771.7093299388591,1,2017_bird_056_1_trip
2017-05-10T13:41:05Z,141.53681,40.53662,bird_056,K17E36,13,2017,1775.3533280590734,1,2017_bird_056_1_trip
2017-05-10T13:42:05Z,141.53694000000002,40.53664,bird_056,K17E36,13,2017,1764.1490283525131,1,2017_bird_056_1_trip
2017-05-10T13:43:05Z,141.53691,40.53661,bird_056,K17E36,13,2017,1767.0863173108778,1,2017_bird_056_1_trip
2017-05-10T13:44:04Z,141.53709,40.53656,bird_056,K17E36,13,2017,1752.6699444970736,1,2017_bird_056_1_trip
2017-05-10T13:45:04Z,141.53688,40.5366,bird_056,K17E36,13,2017,1769.7474533958573,1,2017_bird_056_1_trip
2017-05-10T13:46:04Z,141.53716,40.536750000000005,bird_056,K17E36,13,2017,1744.1682850954342,1,2017_bird_056_1_trip
2017-05-10T13:47:04Z,141.53688,40.53662,bird_056,K17E36,13,2017,1769.4689959618297,1,2017_bird_056_1_trip
2017-05-10T13:48:04Z,141.53696,40.53665,bird_056,K17E36,13,2017,1762.3303116245456,1,2017_bird_056_1_trip
2017-05-10T13:49:04Z,141.53683,40.53661,bird_056,K17E36,13,2017,1773.8106163011566,1,2017_bird_056_1_trip
2017-05-10T13:50:04Z,141.53685,40.53648,bird_056,K17E36,13,2017,1773.994722425275,1,2017_bird_056_1_trip
2017-05-10T13:51:04Z,141.53674,40.53672,bird_056,K17E36,13,2017,1779.8957821018844,1,2017_bird_056_1_trip
2017-05-10T13:52:05Z,141.53701,40.536530000000006,bird_056,K17E36,13,2017,1759.824321777897,1,2017_bird_056_1_trip
2017-05-10T13:53:05Z,141.53715,40.53665,bird_056,K17E36,13,2017,1746.3573157291175,1,2017_bird_056_1_trip
2017-05-10T13:54:04Z,141.53723000000002,40.53668,bird_056,K17E36,13,2017,1739.2193034432553,1,2017_bird_056_1_trip
2017-05-10T13:55:05Z,141.53688,40.53667,bird_056,K17E36,13,2017,1768.7848606509035,1,2017_bird_056_1_trip
2017-05-10T13:56:06Z,141.53684,40.53661,bird_056,K17E36,13,2017,1772.9700567152238,1,2017_bird_056_1_trip
2017-05-10T13:57:04Z,141.5369,40.53666,bird_056,K17E36,13,2017,1767.2386125800572,1,2017_bird_056_1_trip
2017-05-10T13:58:05Z,141.53676,40.53663,bird_056,K17E36,13,2017,1779.4191919941895,1,2017_bird_056_1_trip
2017-05-10T13:59:05Z,141.53683,40.53664,bird_056,K17E36,13,2017,1773.3969978673722,1,2017_bird_056_1_trip
2017-05-10T14:00:05Z,141.53693,40.536550000000005,bird_056,K17E36,13,2017,1766.255031745505,1,2017_bird_056_1_trip
2017-05-10T14:01:05Z,141.53686,40.536530000000006,bird_056,K17E36,13,2017,1772.4236450215128,1,2017_bird_056_1_trip
2017-05-10T14:02:05Z,141.53698,40.536530000000006,bird_056,K17E36,13,2017,1762.3440614992562,1,2017_bird_056_1_trip
2017-05-10T14:03:05Z,141.53683,40.53662,bird_056,K17E36,13,2017,1773.672058984154,1,2017_bird_056_1_trip
2017-05-10T14:04:05Z,141.53694000000002,40.53666,bird_056,K17E36,13,2017,1763.8752812970963,1,2017_bird_056_1_trip
2017-05-10T14:05:04Z,141.53689,40.536550000000005,bird_056,K17E36,13,2017,1769.6154679639826,1,2017_bird_056_1_trip
2017-05-10T14:06:04Z,141.53672,40.53664,bird_056,K17E36,13,2017,1782.6457097308023,1,2017_bird_056_1_trip
2017-05-10T14:07:05Z,141.53696,40.53656,bird_056,K17E36,13,2017,1763.591233381434,1,2017_bird_056_1_trip
2017-05-10T14:08:04Z,141.53699,40.53656,bird_056,K17E36,13,2017,1761.070833832222,1,2017_bird_056_1_trip
2017-05-10T14:09:05Z,141.5369,40.53659,bird_056,K17E36,13,2017,1768.2069269485855,1,2017_bird_056_1_trip
2017-05-10T14:10:06Z,141.53687,40.536550000000005,bird_056,K17E36,13,2017,1771.2957266269304,1,2017_bird_056_1_trip
2017-05-10T14:11:04Z,141.53685,40.53669,bird_056,K17E36,13,2017,1771.0391865090037,1,2017_bird_056_1_trip
2017-05-10T14:12:04Z,141.53694000000002,40.53665,bird_056,K17E36,13,2017,1764.01181061965,1,2017_bird_056_1_trip
2017-05-10T14:13:04Z,141.537,40.53672,bird_056,K17E36,13,2017,1758.0234527035161,1,2017_bird_056_1_trip
2017-05-10T14:14:05Z,141.53688,40.53667,bird_056,K17E36,13,2017,1768.7848606509035,1,2017_bird_056_1_trip
2017-05-10T14:15:05Z,141.5368,40.53658,bird_056,K17E36,13,2017,1776.7515153376414,1,2017_bird_056_1_trip
2017-05-10T14:16:05Z,141.53689,40.53667,bird_056,K17E36,13,2017,1767.943942259964,1,2017_bird_056_1_trip
2017-05-10T14:17:04Z,141.53693,40.53661,bird_056,K17E36,13,2017,1765.4053062967532,1,2017_bird_056_1_trip
2017-05-10T14:18:04Z,141.53678,40.53674,bird_056,K17E36,13,2017,1776.2698235827295,1,2017_bird_056_1_trip
2017-05-10T14:19:05Z,141.53689,40.53662,bird_056,K17E36,13,2017,1768.6284022276625,1,2017_bird_056_1_trip
2017-05-10T14:20:05Z,141.53703000000002,40.53666,bird_056,K17E36,13,2017,1756.30814412469,1,2017_bird_056_1_trip
2017-05-10T14:21:05Z,141.53695,40.53659,bird_056,K17E36,13,2017,1764.005081501492,1,2017_bird_056_1_trip
2017-05-10T14:22:04Z,141.53683,40.5366,bird_056,K17E36,13,2017,1773.949857910994,1,2017_bird_056_1_trip
2017-05-10T14:23:04Z,141.53689,40.53659,bird_056,K17E36,13,2017,1769.0473155994591,1,2017_bird_056_1_trip
2017-05-10T14:24:05Z,141.53687,40.53665,bird_056,K17E36,13,2017,1769.8972510081232,1,2017_bird_056_1_trip
2017-05-10T14:25:04Z,141.53699,40.53663,bird_056,K17E36,13,2017,1760.0838891153696,1,2017_bird_056_1_trip
2017-05-10T14:26:05Z,141.53685,40.53662,bird_056,K17E36,13,2017,1771.9908149414298,1,2017_bird_056_1_trip
2017-05-10T14:27:05Z,141.5369,40.53668,bird_056,K17E36,13,2017,1766.9681346251548,1,2017_bird_056_1_trip
2017-05-10T14:28:05Z,141.53693,40.5366,bird_056,K17E36,13,2017,1765.5452095474689,1,2017_bird_056_1_trip
2017-05-10T14:29:05Z,141.53699,40.53667,bird_056,K17E36,13,2017,1759.5350900174792,1,2017_bird_056_1_trip
2017-05-10T14:30:05Z,141.53682,40.53665,bird_056,K17E36,13,2017,1774.101320437696,1,2017_bird_056_1_trip
2017-05-10T14:31:05Z,141.53689,40.5366,bird_056,K17E36,13,2017,1768.906991735863,1,2017_bird_056_1_trip
2017-05-10T14:32:06Z,141.53687,40.53658,bird_056,K17E36,13,2017,1770.8689885191222,1,2017_bird_056_1_trip
2017-05-10T14:33:06Z,141.5369,40.536570000000005,bird_056,K17E36,13,2017,1768.4897661700454,1,2017_bird_056_1_trip
2017-05-10T14:34:07Z,141.5369,40.5366,bird_056,K17E36,13,2017,1768.0665365120162,1,2017_bird_056_1_trip
2017-05-10T14:35:06Z,141.53688,40.53663,bird_056,K17E36,13,2017,1769.3307962043066,1,2017_bird_056_1_trip
2017-05-10T14:36:10Z,141.53692,40.53665,bird_056,K17E36,13,2017,1765.6933342976408,1,2017_bird_056_1_trip
2017-05-10T14:37:08Z,141.5369,40.53658,bird_056,K17E36,13,2017,1768.348003556152,1,2017_bird_056_1_trip
2017-05-10T14:38:09Z,141.5369,40.5366,bird_056,K17E36,13,2017,1768.0665365120162,1,2017_bird_056_1_trip
2017-05-10T14:39:15Z,141.53691,40.53665,bird_056,K17E36,13,2017,1766.5341053697266,1,2017_bird_056_1_trip
2017-05-10T14:40:14Z,141.53689,40.53656,bird_056,K17E36,13,2017,1769.4724016659566,1,2017_bird_056_1_trip
2017-05-10T14:41:10Z,141.5369,40.5366,bird_056,K17E36,13,2017,1768.0665365120162,1,2017_bird_056_1_trip
2017-05-10T14:42:08Z,141.53692,40.53668,bird_056,K17E36,13,2017,1765.2861996343556,1,2017_bird_056_1_trip
2017-05-10T14:43:05Z,141.53699,40.53679,bird_056,K17E36,13,2017,1757.9550041588454,1,2017_bird_056_1_trip
2017-05-10T14:44:05Z,141.53702,40.53707,bird_056,K17E36,13,2017,1752.126644530717,1,2017_bird_056_1_trip
2017-05-10T14:45:05Z,141.53691,40.53651000000001,bird_056,K17E36,13,2017,1768.5149009873676,1,2017_bird_056_1_trip
2017-05-10T14:46:05Z,141.5368,40.53644,bird_056,K17E36,13,2017,1778.7888891636844,1,2017_bird_056_1_trip
2017-05-10T14:47:06Z,141.53676,40.53674,bird_056,K17E36,13,2017,1777.9526701290297,1,2017_bird_056_1_trip
2017-05-10T14:48:06Z,141.53696,40.53664,bird_056,K17E36,13,2017,1762.4676600211046,1,2017_bird_056_1_trip
2017-05-10T14:49:06Z,141.5369,40.53661,bird_056,K17E36,13,2017,1767.9268324097025,1,2017_bird_056_1_trip
2017-05-10T14:50:05Z,141.53678,40.53642,bird_056,K17E36,13,2017,1780.7694182381151,1,2017_bird_056_1_trip
2017-05-10T14:51:06Z,141.53694000000002,40.53674,bird_056,K17E36,13,2017,1762.8078485035176,1,2017_bird_056_1_trip
2017-05-10T14:52:06Z,141.5369,40.5366,bird_056,K17E36,13,2017,1768.0665365120162,1,2017_bird_056_1_trip
2017-05-10T14:53:06Z,141.53687,40.536550000000005,bird_056,K17E36,13,2017,1771.2957266269304,1,2017_bird_056_1_trip
2017-05-10T14:54:05Z,141.537,40.53667,bird_056,K17E36,13,2017,1758.694238149258,1,2017_bird_056_1_trip
2017-05-10T14:55:06Z,141.53692,40.53661,bird_056,K17E36,13,2017,1766.2458086033223,1,2017_bird_056_1_trip
2017-05-10T14:56:05Z,141.53698,40.53679,bird_056,K17E36,13,2017,1758.7966160357205,1,2017_bird_056_1_trip
2017-05-10T14:57:06Z,141.5369,40.53667,bird_056,K17E36,13,2017,1767.1030298740584,1,2017_bird_056_1_trip
2017-05-10T14:58:06Z,141.53689,40.53654,bird_056,K17E36,13,2017,1769.7592194571723,1,2017_bird_056_1_trip
2017-05-10T14:59:05Z,141.53677,40.53666,bird_056,K17E36,13,2017,1778.1701075521903,1,2017_bird_056_1_trip
2017-05-10T15:00:06Z,141.5369,40.53678,bird_056,K17E36,13,2017,1765.65702656827,1,2017_bird_056_1_trip
2017-05-10T15:01:07Z,141.53695,40.53662,bird_056,K17E36,13,2017,1763.584972674597,1,2017_bird_056_1_trip
2017-05-10T15:02:06Z,141.53694000000002,40.53661,bird_056,K17E36,13,2017,1764.5648104003594,1,2017_bird_056_1_trip
2017-05-10T15:03:06Z,141.53702,40.53656,bird_056,K17E36,13,2017,1758.5504953460895,1,2017_bird_056_1_trip
2017-05-10T15:04:05Z,141.53683,40.53667,bird_056,K17E36,13,2017,1772.9895423683972,1,2017_bird_056_1_trip
2017-05-10T15:05:06Z,141.53686,40.53661,bird_056,K17E36,13,2017,1771.288956539596,1,2017_bird_056_1_trip
2017-05-10T15:06:06Z,141.53683,40.53662,bird_056,K17E36,13,2017,1773.672058984154,1,2017_bird_056_1_trip
2017-05-10T15:07:06Z,141.53694000000002,40.53659,bird_056,K17E36,13,2017,1764.8454375173712,1,2017_bird_056_1_trip
2017-05-10T15:08:06Z,141.53698,40.53672,bird_056,K17E36,13,2017,1759.705802334676,1,2017_bird_056_1_trip
2017-05-10T15:09:05Z,141.53717,40.53692,bird_056,K17E36,13,2017,1741.193760332302,1,2017_bird_056_1_trip
2017-05-10T15:10:05Z,141.53695,40.53668,bird_056,K17E36,13,2017,1762.7633419419185,1,2017_bird_056_1_trip
2017-05-10T15:11:06Z,141.53693,40.53666,bird_056,K17E36,13,2017,1764.7161049767094,1,2017_bird_056_1_trip
2017-05-10T15:12:04Z,141.54153,40.536550000000005,bird_056,K17E36,13,2017,1380.7305341547003,1,2017_bird_056_1_trip
2017-05-10T15:13:05Z,141.54179,40.53614,bird_056,K17E36,13,2017,1367.4014714654184,1,2017_bird_056_1_trip
2017-05-10T15:14:06Z,141.54178,40.53624,bird_056,K17E36,13,2017,1366.0512459591707,1,2017_bird_056_1_trip
2017-05-10T15:15:06Z,141.54166999999998,40.53625,bird_056,K17E36,13,2017,1374.9858308662597,1,2017_bird_056_1_trip
2017-05-10T15:16:04Z,141.54149,40.53625,bird_056,K17E36,13,2017,1389.9599343269397,1,2017_bird_056_1_trip
2017-05-10T15:17:04Z,141.54168,40.53628,bird_056,K17E36,13,2017,1373.523410482502,1,2017_bird_056_1_trip
2017-05-10T15:18:05Z,141.54183,40.53622,bird_056,K17E36,13,2017,1362.3249793009754,1,2017_bird_056_1_trip
