time,lon,lat,foot,label,age,year,Nest_Distance,Trip_ID,ID
2018-05-21T05:10:19Z,141.51402,40.54727,bird_074,K18E30,12,2018,3815.37383566864,9,2018_bird_074_9_trip
2018-05-21T05:15:23Z,141.51327999999998,40.54598,bird_074,K18E30,12,2018,3843.0544285910287,9,2018_bird_074_9_trip
2018-05-21T05:20:21Z,141.51323,40.54602,bird_074,K18E30,12,2018,3848.1397329081938,9,2018_bird_074_9_trip
2018-05-21T05:25:21Z,141.51284,40.54615,bird_074,K18E30,12,2018,3883.504619099349,9,2018_bird_074_9_trip
2018-05-21T05:30:21Z,141.51307999999997,40.54596,bird_074,K18E30,12,2018,3859.1399609523464,9,2018_bird_074_9_trip
2018-05-21T05:35:18Z,141.51304999999996,40.54604,bird_074,K18E30,12,2018,3863.510032669989,9,2018_bird_074_9_trip
2018-05-21T05:40:17Z,141.51323,40.54635,bird_074,K18E30,12,2018,3856.136654411246,9,2018_bird_074_9_trip
2018-05-21T05:45:23Z,141.51308999999998,40.55087999999999,bird_074,K18E30,12,2018,4009.527502910332,9,2018_bird_074_9_trip
2018-05-21T05:50:20Z,141.5168,40.55614,bird_074,K18E30,12,2018,3967.033832879423,9,2018_bird_074_9_trip
2018-05-21T05:55:19Z,141.51688,40.55595,bird_074,K18E30,12,2018,3950.8071717965418,9,2018_bird_074_9_trip
2018-05-21T06:00:21Z,141.51695999999998,40.55595,bird_074,K18E30,12,2018,3944.8916290478287,9,2018_bird_074_9_trip
2018-05-21T06:05:20Z,141.51703,40.55597,bird_074,K18E30,12,2018,3940.803533390571,9,2018_bird_074_9_trip
2018-05-21T06:10:26Z,141.52720000000002,40.56276,bird_074,K18E30,12,2018,3718.330384559237,9,2018_bird_074_9_trip
2018-05-21T06:15:20Z,141.53974,40.59722,bird_074,K18E30,12,2018,6682.269992913761,9,2018_bird_074_9_trip
2018-05-21T06:20:23Z,141.54392000000001,40.62677000000001,bird_074,K18E30,12,2018,9858.525185829369,9,2018_bird_074_9_trip
2018-05-21T06:25:31Z,141.56442,40.654439999999994,bird_074,K18E30,12,2018,12875.829776087272,9,2018_bird_074_9_trip
2018-05-21T06:30:20Z,141.57867,40.68664,bird_074,K18E30,12,2018,16535.01639643198,9,2018_bird_074_9_trip
2018-05-21T06:35:19Z,141.59569,40.71687,bird_074,K18E30,12,2018,20056.1731126725,9,2018_bird_074_9_trip
2018-05-21T06:40:20Z,141.60927999999998,40.75197,bird_074,K18E30,12,2018,24093.244896785192,9,2018_bird_074_9_trip
2018-05-21T06:45:19Z,141.62389,40.78719,bird_074,K18E30,12,2018,28167.945822884893,9,2018_bird_074_9_trip
2018-05-21T06:50:19Z,141.63227,40.80167999999999,bird_074,K18E30,12,2018,29888.091531463942,9,2018_bird_074_9_trip
2018-05-21T06:55:45Z,141.60862,40.79579000000001,bird_074,K18E30,12,2018,28883.569059222253,9,2018_bird_074_9_trip
2018-05-21T07:00:17Z,141.58513000000002,40.78475,bird_074,K18E30,12,2018,27432.562347506784,9,2018_bird_074_9_trip
2018-05-21T07:05:16Z,141.55073000000002,40.777530000000006,bird_074,K18E30,12,2018,26538.210107341616,9,2018_bird_074_9_trip
2018-05-21T07:10:17Z,141.5247,40.76771000000001,bird_074,K18E30,12,2018,25593.07407119018,9,2018_bird_074_9_trip
2018-05-21T07:15:20Z,141.51665999999997,40.75041,bird_074,K18E30,12,2018,23773.78438396391,9,2018_bird_074_9_trip
2018-05-21T07:20:16Z,141.51559999999998,40.749300000000005,bird_074,K18E30,12,2018,23665.140677674597,9,2018_bird_074_9_trip
2018-05-21T07:25:18Z,141.51446,40.748900000000006,bird_074,K18E30,12,2018,23635.92319674814,9,2018_bird_074_9_trip
2018-05-21T07:30:16Z,141.50239000000002,40.72852000000001,bird_074,K18E30,12,2018,21600.41212894905,9,2018_bird_074_9_trip
2018-05-21T07:35:17Z,141.48843000000005,40.70244,bird_074,K18E30,12,2018,19111.54402056754,9,2018_bird_074_9_trip
2018-05-21T07:40:20Z,141.46726,40.67685,bird_074,K18E30,12,2018,17150.146375746073,9,2018_bird_074_9_trip
2018-05-21T07:45:19Z,141.45753000000002,40.64909,bird_074,K18E30,12,2018,14909.170969761011,9,2018_bird_074_9_trip
2018-05-21T07:50:19Z,141.45499,40.62268,bird_074,K18E30,12,2018,12753.060057148974,9,2018_bird_074_9_trip
2018-05-21T07:55:19Z,141.46242000000004,40.60209,bird_074,K18E30,12,2018,10707.977790239014,9,2018_bird_074_9_trip
2018-05-21T08:00:45Z,141.46231000000003,40.60191,bird_074,K18E30,12,2018,10701.858879171998,9,2018_bird_074_9_trip
2018-05-21T08:05:16Z,141.46708,40.598380000000006,bird_074,K18E30,12,2018,10140.011115898282,9,2018_bird_074_9_trip
2018-05-21T08:10:18Z,141.47706,40.58725,bird_074,K18E30,12,2018,8700.869289904305,9,2018_bird_074_9_trip
2018-05-21T08:15:17Z,141.47707,40.587039999999995,bird_074,K18E30,12,2018,8685.754590200639,9,2018_bird_074_9_trip
2018-05-21T08:20:19Z,141.47708,40.5871,bird_074,K18E30,12,2018,8689.214795128346,9,2018_bird_074_9_trip
2018-05-21T08:25:18Z,141.4771,40.58695,bird_074,K18E30,12,2018,8677.57694605723,9,2018_bird_074_9_trip
2018-05-21T08:30:17Z,141.47688,40.58703,bird_074,K18E30,12,2018,8697.708991368156,9,2018_bird_074_9_trip
2018-05-21T08:35:16Z,141.47945,40.58623,bird_074,K18E30,12,2018,8471.99400544129,9,2018_bird_074_9_trip
2018-05-21T08:40:17Z,141.49867,40.5599,bird_074,K18E30,12,2018,5523.675576675091,9,2018_bird_074_9_trip
2018-05-21T08:45:17Z,141.51154,40.55195,bird_074,K18E30,12,2018,4173.911440239579,9,2018_bird_074_9_trip
2018-05-21T08:50:16Z,141.54148,40.5415,bird_074,K18E30,12,2018,1403.1962887146628,9,2018_bird_074_9_trip
2018-05-26T12:10:23Z,141.56805,40.54946,bird_074,K18E30,12,2018,1495.274707305714,15,2018_bird_074_15_trip
2018-05-26T12:15:24Z,141.59464999999997,40.57886,bird_074,K18E30,12,2018,5461.2900055684895,15,2018_bird_074_15_trip
2018-05-26T12:20:22Z,141.61866999999998,40.61123,bird_074,K18E30,12,2018,9579.858879069192,15,2018_bird_074_15_trip
2018-05-26T12:25:21Z,141.64001,40.65013,bird_074,K18E30,12,2018,14213.727562390595,15,2018_bird_074_15_trip
2018-05-26T12:30:23Z,141.66082,40.69243000000001,bird_074,K18E30,12,2018,19185.17856254995,15,2018_bird_074_15_trip
2018-05-26T12:35:23Z,141.67937999999998,40.727030000000006,bird_074,K18E30,12,2018,23322.661682439833,15,2018_bird_074_15_trip
2018-05-26T12:40:22Z,141.6966,40.75743,bird_074,K18E30,12,2018,26994.315974287532,15,2018_bird_074_15_trip
2018-05-26T12:45:24Z,141.70672,40.77978,bird_074,K18E30,12,2018,29602.037079496236,15,2018_bird_074_15_trip
2018-05-26T12:50:23Z,141.7102,40.81428999999999,bird_074,K18E30,12,2018,33221.425852637396,15,2018_bird_074_15_trip
2018-05-26T12:55:25Z,141.70838,40.82238,bird_074,K18E30,12,2018,33992.80955528239,15,2018_bird_074_15_trip
2018-05-26T13:00:26Z,141.70955999999995,40.82258,bird_074,K18E30,12,2018,34050.902740740916,15,2018_bird_074_15_trip
2018-05-26T13:05:26Z,141.71063999999998,40.82321,bird_074,K18E30,12,2018,34150.16685220414,15,2018_bird_074_15_trip
2018-05-26T13:10:26Z,141.71259999999998,40.823330000000006,bird_074,K18E30,12,2018,34225.58995431179,15,2018_bird_074_15_trip
2018-05-26T13:15:25Z,141.71407999999997,40.82384,bird_074,K18E30,12,2018,34325.92123872797,15,2018_bird_074_15_trip
2018-05-26T13:20:25Z,141.71594999999996,40.8241,bird_074,K18E30,12,2018,34413.741123955915,15,2018_bird_074_15_trip
2018-05-26T13:25:27Z,141.71783,40.82439,bird_074,K18E30,12,2018,34505.48026707305,15,2018_bird_074_15_trip
2018-05-26T13:30:51Z,141.69877,40.83941,bird_074,K18E30,12,2018,35471.003225010296,15,2018_bird_074_15_trip
2018-05-26T13:35:23Z,141.68553,40.847379999999994,bird_074,K18E30,12,2018,35953.22128506557,15,2018_bird_074_15_trip
2018-05-26T13:40:23Z,141.68529,40.84739,bird_074,K18E30,12,2018,35948.18460246211,15,2018_bird_074_15_trip
2018-05-26T13:45:23Z,141.68478,40.8471,bird_074,K18E30,12,2018,35904.54432429748,15,2018_bird_074_15_trip
2018-05-26T13:50:24Z,141.68428,40.84703,bird_074,K18E30,12,2018,35884.49619810054,15,2018_bird_074_15_trip
2018-05-26T13:55:23Z,141.65731000000002,40.85746999999999,bird_074,K18E30,12,2018,36398.165365800494,15,2018_bird_074_15_trip
2018-05-26T14:00:25Z,141.62556999999998,40.87245,bird_074,K18E30,12,2018,37515.06720507645,15,2018_bird_074_15_trip
2018-05-26T14:05:25Z,141.62602,40.871019999999994,bird_074,K18E30,12,2018,37364.01923048319,15,2018_bird_074_15_trip
2018-05-26T14:10:25Z,141.62492,40.87199,bird_074,K18E30,12,2018,37456.20750707086,15,2018_bird_074_15_trip
2018-05-26T14:15:26Z,141.62601,40.87209,bird_074,K18E30,12,2018,37481.27996277669,15,2018_bird_074_15_trip
2018-05-26T14:20:25Z,141.62336,40.892230000000005,bird_074,K18E30,12,2018,39660.48083902016,15,2018_bird_074_15_trip
2018-05-26T14:25:25Z,141.62831000000003,40.89225,bird_074,K18E30,12,2018,39723.4298178537,15,2018_bird_074_15_trip
2018-05-26T14:30:25Z,141.63361999999998,40.89798,bird_074,K18E30,12,2018,40421.45229402834,15,2018_bird_074_15_trip
2018-05-26T14:35:22Z,141.64004999999997,40.90491,bird_074,K18E30,12,2018,41269.60721403545,15,2018_bird_074_15_trip
2018-05-26T14:40:23Z,141.6479,40.90308,bird_074,K18E30,12,2018,41187.007522739164,15,2018_bird_074_15_trip
2018-05-26T14:45:23Z,141.64974999999995,40.90359,bird_074,K18E30,12,2018,41271.858660014965,15,2018_bird_074_15_trip
2018-05-26T14:50:24Z,141.65916000000001,40.91483999999999,bird_074,K18E30,12,2018,42652.0755992186,15,2018_bird_074_15_trip
2018-05-26T14:55:24Z,141.66617,40.91859,bird_074,K18E30,12,2018,43181.93335340396,15,2018_bird_074_15_trip
2018-05-26T15:00:22Z,141.66798,40.91841,bird_074,K18E30,12,2018,43195.15260590795,15,2018_bird_074_15_trip
2018-05-26T15:05:23Z,141.67045,40.91781,bird_074,K18E30,12,2018,43175.69675392082,15,2018_bird_074_15_trip
2018-05-26T15:10:23Z,141.66343,40.932030000000005,bird_074,K18E30,12,2018,44594.38853784327,15,2018_bird_074_15_trip
2018-05-26T15:15:23Z,141.66466999999997,40.93181,bird_074,K18E30,12,2018,44591.58195462214,15,2018_bird_074_15_trip
2018-05-26T15:20:23Z,141.66647,40.93601,bird_074,K18E30,12,2018,45079.120408832656,15,2018_bird_074_15_trip
2018-05-26T15:25:23Z,141.66829,40.92828,bird_074,K18E30,12,2018,44271.40648984536,15,2018_bird_074_15_trip
2018-05-26T15:30:22Z,141.6664,40.93067,bird_074,K18E30,12,2018,44497.588180907536,15,2018_bird_074_15_trip
2018-05-26T15:35:22Z,141.66738,40.9294,bird_074,K18E30,12,2018,44376.84450055769,15,2018_bird_074_15_trip
2018-05-26T15:40:22Z,141.66809,40.92822,bird_074,K18E30,12,2018,44261.32901465398,15,2018_bird_074_15_trip
2018-05-26T15:45:23Z,141.66885,40.92719,bird_074,K18E30,12,2018,44163.15507397895,15,2018_bird_074_15_trip
2018-05-26T15:50:23Z,141.66979999999998,40.92611000000001,bird_074,K18E30,12,2018,44063.18045969405,15,2018_bird_074_15_trip
2018-05-26T15:55:24Z,141.67123,40.92509,bird_074,K18E30,12,2018,43978.78760345325,15,2018_bird_074_15_trip
2018-05-26T16:00:50Z,141.67231,40.923930000000006,bird_074,K18E30,12,2018,43873.15948859612,15,2018_bird_074_15_trip
2018-05-26T16:05:23Z,141.65231000000003,40.92469,bird_074,K18E30,12,2018,43614.16561449889,15,2018_bird_074_15_trip
2018-05-26T16:10:22Z,141.65375999999998,40.9234,bird_074,K18E30,12,2018,43496.06955763191,15,2018_bird_074_15_trip
2018-05-26T16:15:23Z,141.655,40.92209,bird_074,K18E30,12,2018,43372.92282780047,15,2018_bird_074_15_trip
2018-05-26T16:20:24Z,141.65641000000002,40.920910000000006,bird_074,K18E30,12,2018,43267.10240008229,15,2018_bird_074_15_trip
2018-05-26T16:25:23Z,141.65762,40.91925,bird_074,K18E30,12,2018,43106.17266242832,15,2018_bird_074_15_trip
2018-05-26T16:30:25Z,141.6591,40.918330000000005,bird_074,K18E30,12,2018,43030.74142202848,15,2018_bird_074_15_trip
2018-05-26T16:35:22Z,141.66033000000002,40.91693,bird_074,K18E30,12,2018,42899.3150833226,15,2018_bird_074_15_trip
2018-05-26T16:40:22Z,141.66162,40.91573,bird_074,K18E30,12,2018,42791.07873990936,15,2018_bird_074_15_trip
2018-05-26T16:45:22Z,141.66282,40.91451,bird_074,K18E30,12,2018,42679.50690399444,15,2018_bird_074_15_trip
2018-05-26T16:50:22Z,141.66396999999998,40.91319,bird_074,K18E30,12,2018,42556.570700734046,15,2018_bird_074_15_trip
2018-05-26T16:55:22Z,141.66501,40.91205,bird_074,K18E30,12,2018,42451.54428220831,15,2018_bird_074_15_trip
2018-05-26T17:00:22Z,141.66627,40.91074,bird_074,K18E30,12,2018,42332.41678427569,15,2018_bird_074_15_trip
2018-05-26T17:05:23Z,141.66731,40.90943,bird_074,K18E30,12,2018,42209.638622969,15,2018_bird_074_15_trip
2018-05-26T17:10:23Z,141.66848000000002,40.90828,bird_074,K18E30,12,2018,42106.95279148492,15,2018_bird_074_15_trip
2018-05-26T17:15:22Z,141.66964999999996,40.90711,bird_074,K18E30,12,2018,42002.47403999292,15,2018_bird_074_15_trip
2018-05-26T17:20:24Z,141.67054999999996,40.905910000000006,bird_074,K18E30,12,2018,41889.92628454574,15,2018_bird_074_15_trip
2018-05-26T17:25:24Z,141.67158999999998,40.905,bird_074,K18E30,12,2018,41811.69801864176,15,2018_bird_074_15_trip
2018-05-26T17:30:26Z,141.6729,40.90412,bird_074,K18E30,12,2018,41742.31044331746,15,2018_bird_074_15_trip
2018-05-26T17:35:25Z,141.67419999999998,40.90337,bird_074,K18E30,12,2018,41687.15689570565,15,2018_bird_074_15_trip
2018-05-26T17:40:25Z,141.67559999999995,40.902589999999996,bird_074,K18E30,12,2018,41631.17547679664,15,2018_bird_074_15_trip
2018-05-26T17:45:26Z,141.67704999999998,40.90183999999999,bird_074,K18E30,12,2018,41579.89294718722,15,2018_bird_074_15_trip
2018-05-26T17:50:25Z,141.67853,40.90113,bird_074,K18E30,12,2018,41534.00453978187,15,2018_bird_074_15_trip
2018-05-26T17:55:26Z,141.68246000000002,40.904059999999994,bird_074,K18E30,12,2018,41931.708278409365,15,2018_bird_074_15_trip
2018-05-26T18:00:25Z,141.68381,40.903479999999995,bird_074,K18E30,12,2018,41898.266941969705,15,2018_bird_074_15_trip
2018-05-26T18:05:25Z,141.68518,40.90274,bird_074,K18E30,12,2018,41848.47853436375,15,2018_bird_074_15_trip
2018-05-26T18:10:26Z,141.68926,40.90701,bird_074,K18E30,12,2018,42395.89037399826,15,2018_bird_074_15_trip
2018-05-26T18:15:26Z,141.69062,40.90608,bird_074,K18E30,12,2018,42326.621654243616,15,2018_bird_074_15_trip
2018-05-26T18:20:26Z,141.7089,40.92042,bird_074,K18E30,12,2018,44284.45071508685,15,2018_bird_074_15_trip
2018-05-26T18:25:25Z,141.72542,40.93579,bird_074,K18E30,12,2018,46328.65492451765,15,2018_bird_074_15_trip
2018-05-26T18:30:25Z,141.74436999999998,40.94774,bird_074,K18E30,12,2018,48094.37315969215,15,2018_bird_074_15_trip
2018-05-26T18:35:26Z,141.74606999999995,40.94783,bird_074,K18E30,12,2018,48151.08677007498,15,2018_bird_074_15_trip
2018-05-26T18:40:25Z,141.74615999999995,40.95793,bird_074,K18E30,12,2018,49213.12466093455,15,2018_bird_074_15_trip
2018-05-26T18:46:09Z,141.76373999999998,40.97542,bird_074,K18E30,12,2018,51536.442438858074,15,2018_bird_074_15_trip
2018-05-26T18:50:25Z,141.78114000000002,40.986619999999995,bird_074,K18E30,12,2018,53211.5621533865,15,2018_bird_074_15_trip
2018-05-26T18:55:25Z,141.79822,41.00072,bird_074,K18E30,12,2018,55192.05032423342,15,2018_bird_074_15_trip
2018-05-26T19:01:51Z,141.80742000000004,41.02291000000001,bird_074,K18E30,12,2018,57768.24104353343,15,2018_bird_074_15_trip
2018-05-26T19:05:22Z,141.79832000000002,41.03204,bird_074,K18E30,12,2018,58441.38436480137,15,2018_bird_074_15_trip
2018-05-26T19:10:22Z,141.78139000000002,41.0468,bird_074,K18E30,12,2018,59511.462226943826,15,2018_bird_074_15_trip
2018-05-26T19:15:24Z,141.77929999999998,41.05904,bird_074,K18E30,12,2018,60746.938949574745,15,2018_bird_074_15_trip
2018-05-26T19:20:22Z,141.79377999999997,41.072950000000006,bird_074,K18E30,12,2018,62596.0706494305,15,2018_bird_074_15_trip
2018-05-26T19:25:22Z,141.81781,41.07289,bird_074,K18E30,12,2018,63264.57870281157,15,2018_bird_074_15_trip
2018-05-26T19:30:22Z,141.82556,41.05363,bird_074,K18E30,12,2018,61501.713159897074,15,2018_bird_074_15_trip
2018-05-26T19:35:23Z,141.82533000000004,41.05206,bird_074,K18E30,12,2018,61332.54983578563,15,2018_bird_074_15_trip
2018-05-26T19:40:23Z,141.85147000000003,41.032970000000006,bird_074,K18E30,12,2018,60242.385764508115,15,2018_bird_074_15_trip
2018-05-26T19:45:22Z,141.83884000000003,41.0111,bird_074,K18E30,12,2018,57591.74081034569,15,2018_bird_074_15_trip
2018-05-26T19:50:23Z,141.83738000000002,40.98939,bird_074,K18E30,12,2018,55353.023309413,15,2018_bird_074_15_trip
2018-05-26T19:55:22Z,141.86364,40.954249999999995,bird_074,K18E30,12,2018,52900.899564107625,15,2018_bird_074_15_trip
2018-05-26T20:00:22Z,141.86732000000003,40.926210000000005,bird_074,K18E30,12,2018,50370.58495260114,15,2018_bird_074_15_trip
2018-05-26T20:05:22Z,141.84355999999997,40.88693,bird_074,K18E30,12,2018,45607.632113421605,15,2018_bird_074_15_trip
2018-05-26T20:10:23Z,141.82017000000002,40.84488999999999,bird_074,K18E30,12,2018,40612.630944687975,15,2018_bird_074_15_trip
2018-05-26T20:15:23Z,141.78699,40.82465,bird_074,K18E30,12,2018,37216.05561274374,15,2018_bird_074_15_trip
2018-05-26T20:20:22Z,141.7569,40.79482,bird_074,K18E30,12,2018,33068.12064808588,15,2018_bird_074_15_trip
2018-05-26T20:25:22Z,141.72753,40.75624,bird_074,K18E30,12,2018,28118.46189962363,15,2018_bird_074_15_trip
2018-05-26T20:30:24Z,141.69795,40.726000000000006,bird_074,K18E30,12,2018,23958.58733807289,15,2018_bird_074_15_trip
2018-05-26T20:35:22Z,141.65988,40.69995000000001,bird_074,K18E30,12,2018,19897.38248611786,15,2018_bird_074_15_trip
2018-05-26T20:40:23Z,141.6234,40.664930000000005,bird_074,K18E30,12,2018,15092.797997577558,15,2018_bird_074_15_trip
2018-05-26T20:45:23Z,141.59962,40.62558000000001,bird_074,K18E30,12,2018,10292.380432978329,15,2018_bird_074_15_trip
2018-05-26T20:50:25Z,141.58153,40.58613,bird_074,K18E30,12,2018,5652.964963337646,15,2018_bird_074_15_trip
2018-05-26T20:55:22Z,141.561,40.54747999999999,bird_074,K18E30,12,2018,1026.550045425555,15,2018_bird_074_15_trip
2018-06-01T17:00:31Z,141.56709,40.54858,bird_074,K18E30,12,2018,1368.4011816350207,24,2018_bird_074_24_trip
2018-06-01T17:05:58Z,141.60344999999998,40.57566,bird_074,K18E30,12,2018,5657.593538311885,24,2018_bird_074_24_trip
2018-06-01T17:10:29Z,141.63255999999998,40.59945,bird_074,K18E30,12,2018,9270.331120850067,24,2018_bird_074_24_trip
2018-06-01T17:15:28Z,141.66452999999998,40.623720000000006,bird_074,K18E30,12,2018,13087.726824523144,24,2018_bird_074_24_trip
2018-06-01T17:20:28Z,141.69624000000002,40.648950000000006,bird_074,K18E30,12,2018,16966.59086628035,24,2018_bird_074_24_trip
2018-06-01T17:25:29Z,141.72830000000002,40.67453,bird_074,K18E30,12,2018,20893.297407009013,24,2018_bird_074_24_trip
2018-06-01T17:30:28Z,141.76603,40.69429,bird_074,K18E30,12,2018,24697.232305454243,24,2018_bird_074_24_trip
2018-06-01T17:35:29Z,141.80212000000003,40.71321,bird_074,K18E30,12,2018,28353.950459454296,24,2018_bird_074_24_trip
2018-06-01T17:40:29Z,141.83762000000002,40.73085,bird_074,K18E30,12,2018,31888.86561036955,24,2018_bird_074_24_trip
2018-06-01T17:45:28Z,141.86199000000002,40.7571,bird_074,K18E30,12,2018,35376.88378598537,24,2018_bird_074_24_trip
2018-06-01T17:50:28Z,141.89141000000004,40.78118,bird_074,K18E30,12,2018,39018.84500982939,24,2018_bird_074_24_trip
2018-06-01T17:55:29Z,141.89727000000002,40.78589,bird_074,K18E30,12,2018,39737.7360980802,24,2018_bird_074_24_trip
2018-06-01T18:00:30Z,141.89722000000003,40.78416,bird_074,K18E30,12,2018,39602.42382201899,24,2018_bird_074_24_trip
2018-06-01T18:05:29Z,141.92711000000003,40.80747999999999,bird_074,K18E30,12,2018,43214.823338015165,24,2018_bird_074_24_trip
2018-06-01T18:10:30Z,141.93827000000002,40.81809,bird_074,K18E30,12,2018,44709.63398371946,24,2018_bird_074_24_trip
2018-06-01T18:15:28Z,141.947,40.82977,bird_074,K18E30,12,2018,46141.14785946179,24,2018_bird_074_24_trip
2018-06-01T18:20:28Z,141.94709,40.82865,bird_074,K18E30,12,2018,46059.71315481454,24,2018_bird_074_24_trip
2018-06-01T18:25:30Z,141.94674,40.827279999999995,bird_074,K18E30,12,2018,45932.50077755771,24,2018_bird_074_24_trip
2018-06-01T18:30:30Z,141.9467,40.8262,bird_074,K18E30,12,2018,45846.643047314115,24,2018_bird_074_24_trip
2018-06-01T18:35:33Z,141.93645,40.817319999999995,bird_074,K18E30,12,2018,44539.67687569859,24,2018_bird_074_24_trip
2018-06-01T18:40:32Z,141.91627,40.79785,bird_074,K18E30,12,2018,41815.190796196184,24,2018_bird_074_24_trip
2018-06-01T18:45:32Z,141.89912,40.77772,bird_074,K18E30,12,2018,39232.59267474914,24,2018_bird_074_24_trip
2018-06-01T18:50:32Z,141.88498,40.760450000000006,bird_074,K18E30,12,2018,37061.87179731486,24,2018_bird_074_24_trip
2018-06-01T18:55:32Z,141.86601000000002,40.74137,bird_074,K18E30,12,2018,34461.47113922997,24,2018_bird_074_24_trip
2018-06-01T19:00:32Z,141.85322000000002,40.71916,bird_074,K18E30,12,2018,32055.186677563168,24,2018_bird_074_24_trip
2018-06-01T19:05:32Z,141.83372,40.695820000000005,bird_074,K18E30,12,2018,29166.86864218119,24,2018_bird_074_24_trip
2018-06-01T19:10:40Z,141.81027,40.68356,bird_074,K18E30,12,2018,26764.092450499083,24,2018_bird_074_24_trip
2018-06-01T19:15:58Z,141.80097,40.66609,bird_074,K18E30,12,2018,24993.951895584545,24,2018_bird_074_24_trip
2018-06-01T19:20:29Z,141.78476999999998,40.642700000000005,bird_074,K18E30,12,2018,22437.15997882756,24,2018_bird_074_24_trip
2018-06-01T19:25:30Z,141.76074,40.61649,bird_074,K18E30,12,2018,19251.64804981686,24,2018_bird_074_24_trip
2018-06-01T19:30:30Z,141.73453999999998,40.59401,bird_074,K18E30,12,2018,16197.669938264533,24,2018_bird_074_24_trip
2018-06-01T19:35:29Z,141.70271,40.57591000000001,bird_074,K18E30,12,2018,12969.262036968272,24,2018_bird_074_24_trip
2018-06-01T19:40:30Z,141.66826,40.55846,bird_074,K18E30,12,2018,9629.159113314554,24,2018_bird_074_24_trip
2018-06-01T19:45:30Z,141.63143000000002,40.542570000000005,bird_074,K18E30,12,2018,6269.837121788062,24,2018_bird_074_24_trip
2018-06-01T19:50:30Z,141.58906,40.5362,bird_074,K18E30,12,2018,2678.4105136795406,24,2018_bird_074_24_trip
2018-06-03T21:25:31Z,141.5713,40.55398,bird_074,K18E30,12,2018,2064.141524372151,28,2018_bird_074_28_trip
2018-06-03T21:30:32Z,141.6054,40.57709,bird_074,K18E30,12,2018,5886.417016092243,28,2018_bird_074_28_trip
2018-06-03T21:35:31Z,141.64750999999998,40.596720000000005,bird_074,K18E30,12,2018,9980.523745042568,28,2018_bird_074_28_trip
2018-06-03T21:40:31Z,141.68326,40.62203000000001,bird_074,K18E30,12,2018,14106.953267035176,28,2018_bird_074_28_trip
2018-06-03T21:45:30Z,141.72361999999998,40.65095,bird_074,K18E30,12,2018,18791.54673250503,28,2018_bird_074_28_trip
2018-06-03T21:50:30Z,141.76365999999996,40.67801000000001,bird_074,K18E30,12,2018,23318.498510417197,28,2018_bird_074_28_trip
2018-06-03T21:55:30Z,141.80513000000002,40.702920000000006,bird_074,K18E30,12,2018,27777.87860297745,28,2018_bird_074_28_trip
2018-06-03T22:00:31Z,141.84917,40.72586,bird_074,K18E30,12,2018,32262.058846737,28,2018_bird_074_28_trip
2018-06-03T22:05:30Z,141.8946,40.7484,bird_074,K18E30,12,2018,36814.528639187185,28,2018_bird_074_28_trip
2018-06-03T22:10:31Z,141.93612000000002,40.769490000000005,bird_074,K18E30,12,2018,41014.071551209774,28,2018_bird_074_28_trip
2018-06-03T22:15:30Z,141.96091,40.80139,bird_074,K18E30,12,2018,44882.373775486034,28,2018_bird_074_28_trip
2018-06-03T22:20:31Z,141.97179,40.83717,bird_074,K18E30,12,2018,48218.706970854546,28,2018_bird_074_28_trip
2018-06-03T22:25:31Z,141.98126000000002,40.87397,bird_074,K18E30,12,2018,51659.63294662623,28,2018_bird_074_28_trip
2018-06-03T22:30:32Z,141.99243000000004,40.90033,bird_074,K18E30,12,2018,54435.92310049524,28,2018_bird_074_28_trip
2018-06-03T22:35:31Z,141.99048000000002,40.90097,bird_074,K18E30,12,2018,54377.32155061005,28,2018_bird_074_28_trip
2018-06-03T22:40:32Z,141.97933,40.89667,bird_074,K18E30,12,2018,53392.416806314766,28,2018_bird_074_28_trip
2018-06-03T22:46:50Z,141.94405999999998,40.89528,bird_074,K18E30,12,2018,51332.50352969206,28,2018_bird_074_28_trip
2018-06-03T22:50:31Z,141.91324,40.88541,bird_074,K18E30,12,2018,48849.27709262599,28,2018_bird_074_28_trip
2018-06-03T22:55:31Z,141.88330000000002,40.86558,bird_074,K18E30,12,2018,45563.73748474446,28,2018_bird_074_28_trip
2018-06-03T23:00:30Z,141.85266,40.84935,bird_074,K18E30,12,2018,42576.056961964634,28,2018_bird_074_28_trip
2018-06-03T23:05:31Z,141.82908,40.83682,bird_074,K18E30,12,2018,40290.03324629876,28,2018_bird_074_28_trip
2018-06-03T23:10:31Z,141.80552,40.821459999999995,bird_074,K18E30,12,2018,37760.891993466495,28,2018_bird_074_28_trip
2018-06-03T23:15:31Z,141.79578999999998,40.80191,bird_074,K18E30,12,2018,35503.90836368355,28,2018_bird_074_28_trip
2018-06-03T23:20:32Z,141.78797,40.796380000000006,bird_074,K18E30,12,2018,34624.10746523147,28,2018_bird_074_28_trip
2018-06-03T23:25:32Z,141.75779,40.78558,bird_074,K18E30,12,2018,32229.586053301755,28,2018_bird_074_28_trip
2018-06-03T23:30:31Z,141.72592,40.77758,bird_074,K18E30,12,2018,30113.911806007127,28,2018_bird_074_28_trip
2018-06-03T23:35:30Z,141.68843000000004,40.77269,bird_074,K18E30,12,2018,28251.081897002536,28,2018_bird_074_28_trip
2018-06-03T23:40:30Z,141.6525,40.77192,bird_074,K18E30,12,2018,27123.405954725225,28,2018_bird_074_28_trip
2018-06-03T23:45:31Z,141.64987999999997,40.775470000000006,bird_074,K18E30,12,2018,27436.320984381942,28,2018_bird_074_28_trip
2018-06-03T23:50:31Z,141.65141000000003,40.771730000000005,bird_074,K18E30,12,2018,27076.10194258814,28,2018_bird_074_28_trip
2018-06-03T23:55:31Z,141.65231000000003,40.76863000000001,bird_074,K18E30,12,2018,26769.878325202422,28,2018_bird_074_28_trip
2018-06-04T00:00:32Z,141.65228000000002,40.76547000000001,bird_074,K18E30,12,2018,26434.535499246067,28,2018_bird_074_28_trip
2018-06-04T00:05:32Z,141.65188,40.76456,bird_074,K18E30,12,2018,26327.997151201,28,2018_bird_074_28_trip
2018-06-04T00:11:57Z,141.64204999999998,40.73846,bird_074,K18E30,12,2018,23314.52749778673,28,2018_bird_074_28_trip
2018-06-04T00:15:34Z,141.63126,40.72082,bird_074,K18E30,12,2018,21172.122691937708,28,2018_bird_074_28_trip
2018-06-04T00:20:31Z,141.61029,40.694950000000006,bird_074,K18E30,12,2018,17924.74886895487,28,2018_bird_074_28_trip
2018-06-04T00:25:30Z,141.58810000000005,40.668690000000005,bird_074,K18E30,12,2018,14674.115661256734,28,2018_bird_074_28_trip
2018-06-04T00:30:31Z,141.57235,40.64095,bird_074,K18E30,12,2018,11433.228652783331,28,2018_bird_074_28_trip
2018-06-04T00:35:31Z,141.56661,40.61065,bird_074,K18E30,12,2018,8036.422924741448,28,2018_bird_074_28_trip
2018-06-04T00:40:31Z,141.55538,40.5791,bird_074,K18E30,12,2018,4500.58997630461,28,2018_bird_074_28_trip
2018-06-04T00:45:31Z,141.55,40.54719,bird_074,K18E30,12,2018,1150.3986314313456,28,2018_bird_074_28_trip
2018-05-24T16:21:14Z,141.56501,40.54811000000001,bird_091,K18F04,8,2018,1227.7918541869317,7,2018_bird_091_7_trip
2018-05-24T16:22:15Z,141.5672,40.5553,bird_091,K18F04,8,2018,2024.1836015839312,7,2018_bird_091_7_trip
2018-05-24T16:23:15Z,141.56809,40.56229,bird_091,K18F04,8,2018,2775.9336803683664,7,2018_bird_091_7_trip
2018-05-24T16:24:15Z,141.57056999999998,40.57028,bird_091,K18F04,8,2018,3684.713900710377,7,2018_bird_091_7_trip
2018-05-24T16:25:14Z,141.57335999999998,40.579,bird_091,K18F04,8,2018,4679.854022835893,7,2018_bird_091_7_trip
2018-05-24T16:26:15Z,141.57639,40.587619999999994,bird_091,K18F04,8,2018,5670.539594260702,7,2018_bird_091_7_trip
2018-05-24T16:27:15Z,141.57839,40.593030000000006,bird_091,K18F04,8,2018,6294.673039698116,7,2018_bird_091_7_trip
2018-05-24T16:28:15Z,141.57876,40.59306,bird_091,K18F04,8,2018,6306.701296252547,7,2018_bird_091_7_trip
2018-05-24T16:29:15Z,141.58264000000003,40.59825000000001,bird_091,K18F04,8,2018,6954.251145852976,7,2018_bird_091_7_trip
2018-05-24T16:30:15Z,141.58639000000002,40.60305,bird_091,K18F04,8,2018,7559.978629618044,7,2018_bird_091_7_trip
2018-05-24T16:31:15Z,141.58783000000005,40.60426,bird_091,K18F04,8,2018,7726.814171774721,7,2018_bird_091_7_trip
2018-05-24T16:32:15Z,141.58947,40.60612,bird_091,K18F04,8,2018,7967.934170717884,7,2018_bird_091_7_trip
2018-05-24T16:33:15Z,141.58934000000002,40.60723,bird_091,K18F04,8,2018,8080.344817928835,7,2018_bird_091_7_trip
2018-05-24T16:34:15Z,141.58901,40.608520000000006,bird_091,K18F04,8,2018,8206.472221840146,7,2018_bird_091_7_trip
2018-05-24T16:35:14Z,141.58791000000002,40.61222,bird_091,K18F04,8,2018,8567.824539999356,7,2018_bird_091_7_trip
2018-05-24T16:36:15Z,141.5859,40.61752,bird_091,K18F04,8,2018,9084.66685055526,7,2018_bird_091_7_trip
2018-05-24T16:37:15Z,141.58540000000002,40.61787,bird_091,K18F04,8,2018,9111.133939647323,7,2018_bird_091_7_trip
2018-05-24T16:38:15Z,141.58384999999998,40.6161,bird_091,K18F04,8,2018,8887.684292343603,7,2018_bird_091_7_trip
2018-05-24T16:39:15Z,141.58969,40.61476,bird_091,K18F04,8,2018,8882.258006278773,7,2018_bird_091_7_trip
2018-05-24T16:40:15Z,141.59008,40.61259,bird_091,K18F04,8,2018,8663.588924317484,7,2018_bird_091_7_trip
2018-05-24T16:41:15Z,141.59012,40.61044,bird_091,K18F04,8,2018,8438.644353066704,7,2018_bird_091_7_trip
2018-05-24T16:42:15Z,141.58725,40.61097,bird_091,K18F04,8,2018,8418.666079890943,7,2018_bird_091_7_trip
2018-05-24T16:43:15Z,141.58436,40.615170000000006,bird_091,K18F04,8,2018,8798.753099429458,7,2018_bird_091_7_trip
2018-05-24T16:44:15Z,141.58292000000003,40.61922,bird_091,K18F04,8,2018,9204.88358238211,7,2018_bird_091_7_trip
2018-05-24T16:45:15Z,141.58158,40.6249,bird_091,K18F04,8,2018,9795.227432781165,7,2018_bird_091_7_trip
2018-05-24T16:46:15Z,141.57943,40.62919000000001,bird_091,K18F04,8,2018,10227.286623208542,7,2018_bird_091_7_trip
2018-05-24T16:47:15Z,141.57912,40.629560000000005,bird_091,K18F04,8,2018,10263.008498395156,7,2018_bird_091_7_trip
2018-05-24T16:48:15Z,141.57519,40.63147,bird_091,K18F04,8,2018,10419.078011434123,7,2018_bird_091_7_trip
2018-05-24T16:49:15Z,141.57203,40.63309,bird_091,K18F04,8,2018,10562.890444888037,7,2018_bird_091_7_trip
2018-05-24T16:50:15Z,141.56886,40.63543000000001,bird_091,K18F04,8,2018,10794.040462564968,7,2018_bird_091_7_trip
2018-05-24T16:51:15Z,141.56457999999998,40.63767,bird_091,K18F04,8,2018,11016.479157757549,7,2018_bird_091_7_trip
2018-05-24T16:52:14Z,141.56498,40.6376,bird_091,K18F04,8,2018,11010.585807725363,7,2018_bird_091_7_trip
2018-05-24T16:53:15Z,141.56494,40.63789,bird_091,K18F04,8,2018,11042.546659301332,7,2018_bird_091_7_trip
2018-05-24T16:54:15Z,141.56181,40.639500000000005,bird_091,K18F04,8,2018,11209.509071166203,7,2018_bird_091_7_trip
2018-05-24T16:55:15Z,141.55829000000003,40.64454,bird_091,K18F04,8,2018,11763.67078874016,7,2018_bird_091_7_trip
2018-05-24T16:56:15Z,141.55408,40.64652,bird_091,K18F04,8,2018,11987.110806893035,7,2018_bird_091_7_trip
2018-05-24T16:57:15Z,141.55210000000002,40.645140000000005,bird_091,K18F04,8,2018,11839.323848232558,7,2018_bird_091_7_trip
2018-05-24T16:58:14Z,141.55499,40.64327,bird_091,K18F04,8,2018,11624.602237259702,7,2018_bird_091_7_trip
2018-05-24T16:59:14Z,141.56021,40.64211000000001,bird_091,K18F04,8,2018,11495.80124343443,7,2018_bird_091_7_trip
2018-05-24T17:00:15Z,141.5654,40.64027,bird_091,K18F04,8,2018,11308.635168241932,7,2018_bird_091_7_trip
2018-05-24T17:01:15Z,141.56548,40.64006,bird_091,K18F04,8,2018,11285.753328821138,7,2018_bird_091_7_trip
2018-05-24T17:02:42Z,141.56591,40.64001,bird_091,K18F04,8,2018,11282.42107907556,7,2018_bird_091_7_trip
2018-05-24T17:03:14Z,141.56613000000002,40.64003,bird_091,K18F04,8,2018,11285.81359831106,7,2018_bird_091_7_trip
2018-05-24T17:04:13Z,141.56631000000002,40.639950000000006,bird_091,K18F04,8,2018,11277.93371948326,7,2018_bird_091_7_trip
2018-05-24T17:05:13Z,141.56663,40.63989,bird_091,K18F04,8,2018,11273.089116165029,7,2018_bird_091_7_trip
2018-05-24T17:06:13Z,141.56689,40.63994,bird_091,K18F04,8,2018,11280.141349508756,7,2018_bird_091_7_trip
2018-05-24T17:07:13Z,141.56708,40.63994,bird_091,K18F04,8,2018,11281.273791416696,7,2018_bird_091_7_trip
2018-05-24T17:08:13Z,141.56730000000002,40.63996,bird_091,K18F04,8,2018,11284.82858981042,7,2018_bird_091_7_trip
2018-05-24T17:09:14Z,141.56751,40.63991000000001,bird_091,K18F04,8,2018,11280.59874919232,7,2018_bird_091_7_trip
2018-05-24T17:10:13Z,141.56777,40.6399,bird_091,K18F04,8,2018,11281.149262861738,7,2018_bird_091_7_trip
2018-05-24T17:11:12Z,141.56799,40.63989,bird_091,K18F04,8,2018,11281.478366489928,7,2018_bird_091_7_trip
2018-05-24T17:12:13Z,141.56840000000005,40.64001,bird_091,K18F04,8,2018,11297.518534416387,7,2018_bird_091_7_trip
2018-05-24T17:13:13Z,141.56863,40.63999,bird_091,K18F04,8,2018,11296.897123317827,7,2018_bird_091_7_trip
2018-05-24T17:14:12Z,141.56877,40.63974,bird_091,K18F04,8,2018,11270.218632706376,7,2018_bird_091_7_trip
2018-05-24T17:15:13Z,141.5692,40.63987,bird_091,K18F04,8,2018,11287.711596125724,7,2018_bird_091_7_trip
2018-05-24T17:16:14Z,141.56949,40.63984,bird_091,K18F04,8,2018,11286.55518001634,7,2018_bird_091_7_trip
2018-05-24T17:17:13Z,141.57155999999998,40.64007,bird_091,K18F04,8,2018,11328.927562001472,7,2018_bird_091_7_trip
2018-05-24T17:18:14Z,141.57462999999998,40.64069,bird_091,K18F04,8,2018,11427.268536801668,7,2018_bird_091_7_trip
2018-05-24T17:19:13Z,141.57461999999998,40.640510000000006,bird_091,K18F04,8,2018,11407.33332195108,7,2018_bird_091_7_trip
2018-05-24T17:20:13Z,141.57504999999998,40.64058,bird_091,K18F04,8,2018,11419.695249366596,7,2018_bird_091_7_trip
2018-05-24T17:21:13Z,141.57535,40.64043,bird_091,K18F04,8,2018,11406.495735414375,7,2018_bird_091_7_trip
2018-05-24T17:22:13Z,141.57557999999997,40.64046,bird_091,K18F04,8,2018,11412.37816433742,7,2018_bird_091_7_trip
2018-05-24T17:23:12Z,141.57584,40.64047,bird_091,K18F04,8,2018,11416.43431573024,7,2018_bird_091_7_trip
2018-05-24T17:24:13Z,141.57605999999998,40.64032,bird_091,K18F04,8,2018,11402.467850619489,7,2018_bird_091_7_trip
2018-05-24T17:25:13Z,141.57624,40.64026,bird_091,K18F04,8,2018,11397.967256126096,7,2018_bird_091_7_trip
2018-05-24T17:26:14Z,141.57654999999997,40.6403,bird_091,K18F04,8,2018,11406.02710336128,7,2018_bird_091_7_trip
2018-05-24T17:27:12Z,141.57683,40.64028,bird_091,K18F04,8,2018,11407.186300441188,7,2018_bird_091_7_trip
2018-05-24T17:28:13Z,141.57699,40.64024,bird_091,K18F04,8,2018,11404.73124841652,7,2018_bird_091_7_trip
2018-05-24T17:29:12Z,141.57716,40.640150000000006,bird_091,K18F04,8,2018,11396.922985292618,7,2018_bird_091_7_trip
2018-05-24T17:30:13Z,141.5772,40.639030000000005,bird_091,K18F04,8,2018,11274.383962734431,7,2018_bird_091_7_trip
2018-05-24T17:31:13Z,141.57864999999998,40.636790000000005,bird_091,K18F04,8,2018,11047.543931751728,7,2018_bird_091_7_trip
2018-05-24T17:32:14Z,141.57839,40.63627,bird_091,K18F04,8,2018,10987.013656505638,7,2018_bird_091_7_trip
2018-05-24T17:33:13Z,141.57871,40.63407,bird_091,K18F04,8,2018,10750.410264193006,7,2018_bird_091_7_trip
2018-05-24T17:34:13Z,141.58047000000002,40.63193,bird_091,K18F04,8,2018,10542.496029889358,7,2018_bird_091_7_trip
2018-05-24T17:35:13Z,141.58462,40.630390000000006,bird_091,K18F04,8,2018,10445.711445490746,7,2018_bird_091_7_trip
2018-05-24T17:36:13Z,141.58742000000004,40.630190000000006,bird_091,K18F04,8,2018,10478.610485803898,7,2018_bird_091_7_trip
2018-05-24T17:37:14Z,141.58838000000003,40.63228,bird_091,K18F04,8,2018,10723.45724509695,7,2018_bird_091_7_trip
2018-05-24T17:38:14Z,141.59036,40.63230000000001,bird_091,K18F04,8,2018,10767.561046778572,7,2018_bird_091_7_trip
2018-05-24T17:39:15Z,141.59269,40.63011000000001,bird_091,K18F04,8,2018,10586.419781679033,7,2018_bird_091_7_trip
2018-05-24T17:40:15Z,141.59695,40.63105,bird_091,K18F04,8,2018,10792.455165753663,7,2018_bird_091_7_trip
2018-05-24T17:41:15Z,141.60202,40.63195,bird_091,K18F04,8,2018,11026.454333808677,7,2018_bird_091_7_trip
2018-05-24T17:42:15Z,141.60809,40.632760000000005,bird_091,K18F04,8,2018,11295.315054680696,7,2018_bird_091_7_trip
2018-05-24T17:43:14Z,141.61439,40.6347,bird_091,K18F04,8,2018,11703.78312863753,7,2018_bird_091_7_trip
2018-05-24T17:44:14Z,141.61955999999995,40.6384,bird_091,K18F04,8,2018,12260.279836974987,7,2018_bird_091_7_trip
2018-05-24T17:45:15Z,141.62025,40.64444,bird_091,K18F04,8,2018,12893.544233229266,7,2018_bird_091_7_trip
2018-05-24T17:46:15Z,141.61821,40.65083,bird_091,K18F04,8,2018,13476.702448528333,7,2018_bird_091_7_trip
2018-05-24T17:47:15Z,141.61784,40.65477,bird_091,K18F04,8,2018,13870.686372961109,7,2018_bird_091_7_trip
2018-05-24T17:48:13Z,141.62002,40.65501,bird_091,K18F04,8,2018,13964.237424426869,7,2018_bird_091_7_trip
2018-05-24T17:49:13Z,141.62007,40.65495,bird_091,K18F04,8,2018,13959.67353226179,7,2018_bird_091_7_trip
2018-05-24T17:50:13Z,141.62045,40.654889999999995,bird_091,K18F04,8,2018,13965.728802701784,7,2018_bird_091_7_trip
2018-05-24T17:51:15Z,141.62071,40.65487999999999,bird_091,K18F04,8,2018,13973.100738364676,7,2018_bird_091_7_trip
2018-05-24T17:52:13Z,141.62088,40.654819999999994,bird_091,K18F04,8,2018,13972.4549208865,7,2018_bird_091_7_trip
2018-05-24T17:53:13Z,141.62130000000002,40.65477,bird_091,K18F04,8,2018,13980.999235621308,7,2018_bird_091_7_trip
2018-05-24T17:54:13Z,141.62144000000004,40.65467999999999,bird_091,K18F04,8,2018,13976.357325266334,7,2018_bird_091_7_trip
2018-05-24T17:55:13Z,141.62151,40.65445,bird_091,K18F04,8,2018,13955.105370898184,7,2018_bird_091_7_trip
2018-05-24T17:56:13Z,141.62194000000002,40.654689999999995,bird_091,K18F04,8,2018,13993.7974273879,7,2018_bird_091_7_trip
2018-05-24T17:57:14Z,141.62815,40.65625,bird_091,K18F04,8,2018,14363.958098998612,7,2018_bird_091_7_trip
2018-05-24T17:58:14Z,141.63323,40.66094,bird_091,K18F04,8,2018,15017.31066048877,7,2018_bird_091_7_trip
2018-05-24T17:59:13Z,141.63902,40.66621000000001,bird_091,K18F04,8,2018,15756.674510481897,7,2018_bird_091_7_trip
2018-05-24T18:00:14Z,141.64616999999998,40.67049,bird_091,K18F04,8,2018,16452.08809184187,7,2018_bird_091_7_trip
2018-05-24T18:01:13Z,141.65381,40.674130000000005,bird_091,K18F04,8,2018,17110.89450184453,7,2018_bird_091_7_trip
2018-05-24T18:02:13Z,141.66167,40.67557000000001,bird_091,K18F04,8,2018,17575.411840954665,7,2018_bird_091_7_trip
2018-05-24T18:03:13Z,141.66801,40.676210000000005,bird_091,K18F04,8,2018,17910.912059803108,7,2018_bird_091_7_trip
2018-05-24T18:04:13Z,141.66829,40.67605,bird_091,K18F04,8,2018,17908.14661799339,7,2018_bird_091_7_trip
2018-05-24T18:05:13Z,141.67357999999996,40.67681,bird_091,K18F04,8,2018,18217.363928787745,7,2018_bird_091_7_trip
2018-05-24T18:06:14Z,141.68057,40.67782,bird_091,K18F04,8,2018,18635.68965926426,7,2018_bird_091_7_trip
2018-05-24T18:07:13Z,141.68755,40.6799,bird_091,K18F04,8,2018,19160.48517720295,7,2018_bird_091_7_trip
2018-05-24T18:08:13Z,141.69456999999997,40.682500000000005,bird_091,K18F04,8,2018,19740.383272887582,7,2018_bird_091_7_trip
2018-05-24T18:09:14Z,141.70184,40.68474,bird_091,K18F04,8,2018,20305.925010858427,7,2018_bird_091_7_trip
2018-05-24T18:10:13Z,141.70918999999998,40.687259999999995,bird_091,K18F04,8,2018,20905.90282275209,7,2018_bird_091_7_trip
2018-05-24T18:11:13Z,141.71652999999998,40.68925,bird_091,K18F04,8,2018,21464.34770374758,7,2018_bird_091_7_trip
2018-05-24T18:12:13Z,141.72515,40.6916,bird_091,K18F04,8,2018,22128.340603453056,7,2018_bird_091_7_trip
2018-05-24T18:13:13Z,141.73335999999998,40.69366,bird_091,K18F04,8,2018,22752.260413253585,7,2018_bird_091_7_trip
2018-05-24T18:14:13Z,141.74195999999998,40.69586,bird_091,K18F04,8,2018,23415.951285715593,7,2018_bird_091_7_trip
2018-05-24T18:15:14Z,141.74937999999997,40.69704,bird_091,K18F04,8,2018,23934.91525531564,7,2018_bird_091_7_trip
2018-05-24T18:16:13Z,141.75812000000002,40.698260000000005,bird_091,K18F04,8,2018,24539.98506412538,7,2018_bird_091_7_trip
2018-05-24T18:17:14Z,141.76637,40.69845000000001,bird_091,K18F04,8,2018,25042.680952618513,7,2018_bird_091_7_trip
2018-05-24T18:18:13Z,141.77393999999998,40.69818000000001,bird_091,K18F04,8,2018,25477.748320541355,7,2018_bird_091_7_trip
2018-05-24T18:19:13Z,141.78068,40.69884,bird_091,K18F04,8,2018,25940.725263785927,7,2018_bird_091_7_trip
2018-05-24T18:20:14Z,141.78785,40.69841000000001,bird_091,K18F04,8,2018,26353.362218602055,7,2018_bird_091_7_trip
2018-05-24T18:21:12Z,141.79448,40.69762,bird_091,K18F04,8,2018,26712.807419963017,7,2018_bird_091_7_trip
2018-05-24T18:22:13Z,141.80084000000002,40.69649,bird_091,K18F04,8,2018,27037.5599904507,7,2018_bird_091_7_trip
2018-05-24T18:23:13Z,141.80852000000002,40.697140000000005,bird_091,K18F04,8,2018,27581.446146909235,7,2018_bird_091_7_trip
2018-05-24T18:24:13Z,141.8162,40.69892000000001,bird_091,K18F04,8,2018,28208.88580603556,7,2018_bird_091_7_trip
2018-05-24T18:25:13Z,141.82389,40.70144,bird_091,K18F04,8,2018,28890.572416462208,7,2018_bird_091_7_trip
2018-05-24T18:26:14Z,141.83161,40.70441,bird_091,K18F04,8,2018,29606.453505481903,7,2018_bird_091_7_trip
2018-05-24T18:27:12Z,141.83901,40.70675000000001,bird_091,K18F04,8,2018,30258.635441879673,7,2018_bird_091_7_trip
2018-05-24T18:28:13Z,141.84663,40.708580000000005,bird_091,K18F04,8,2018,30892.045655018144,7,2018_bird_091_7_trip
2018-05-24T18:29:13Z,141.85394000000002,40.71036,bird_091,K18F04,8,2018,31502.96571455857,7,2018_bird_091_7_trip
2018-05-24T18:30:12Z,141.86095,40.71165,bird_091,K18F04,8,2018,32062.499010110736,7,2018_bird_091_7_trip
2018-05-24T18:31:13Z,141.86846000000003,40.71441,bird_091,K18F04,8,2018,32754.689701788036,7,2018_bird_091_7_trip
2018-05-24T18:32:13Z,141.87609,40.718230000000005,bird_091,K18F04,8,2018,33525.29999770311,7,2018_bird_091_7_trip
2018-05-24T18:33:12Z,141.88374000000002,40.722460000000005,bird_091,K18F04,8,2018,34324.29035164079,7,2018_bird_091_7_trip
2018-05-24T18:34:13Z,141.89165,40.72679000000001,bird_091,K18F04,8,2018,35147.520542386286,7,2018_bird_091_7_trip
2018-05-24T18:35:13Z,141.89963,40.730830000000005,bird_091,K18F04,8,2018,35956.404792500754,7,2018_bird_091_7_trip
2018-05-24T18:36:13Z,141.90766,40.73326,bird_091,K18F04,8,2018,36663.30023214307,7,2018_bird_091_7_trip
2018-05-24T18:37:13Z,141.91485999999998,40.73453000000001,bird_091,K18F04,8,2018,37238.99601194307,7,2018_bird_091_7_trip
2018-05-24T18:38:13Z,141.92067,40.736320000000006,bird_091,K18F04,8,2018,37753.89513570967,7,2018_bird_091_7_trip
2018-05-24T18:39:14Z,141.92644000000004,40.73792,bird_091,K18F04,8,2018,38254.255698201865,7,2018_bird_091_7_trip
2018-05-24T18:40:13Z,141.93268,40.74036,bird_091,K18F04,8,2018,38841.18325933572,7,2018_bird_091_7_trip
2018-05-24T18:41:13Z,141.93928,40.7436,bird_091,K18F04,8,2018,39504.15614184539,7,2018_bird_091_7_trip
2018-05-24T18:42:12Z,141.94561,40.748090000000005,bird_091,K18F04,8,2018,40228.31229584699,7,2018_bird_091_7_trip
2018-05-24T18:43:13Z,141.95191000000003,40.75218,bird_091,K18F04,8,2018,40924.93367356835,7,2018_bird_091_7_trip
2018-05-24T18:44:12Z,141.95765,40.75675,bird_091,K18F04,8,2018,41613.97872001487,7,2018_bird_091_7_trip
2018-05-24T18:45:13Z,141.96229000000002,40.76294000000001,bird_091,K18F04,8,2018,42333.24014914568,7,2018_bird_091_7_trip
2018-05-24T18:46:13Z,141.96647000000002,40.76959000000001,bird_091,K18F04,8,2018,43054.023951346295,7,2018_bird_091_7_trip
2018-05-24T18:47:13Z,141.97236,40.77313000000001,bird_091,K18F04,8,2018,43687.568051980976,7,2018_bird_091_7_trip
2018-05-24T18:48:12Z,141.97793,40.77716,bird_091,K18F04,8,2018,44331.771153332986,7,2018_bird_091_7_trip
2018-05-24T18:49:14Z,141.98448000000002,40.78016,bird_091,K18F04,8,2018,44974.39068558241,7,2018_bird_091_7_trip
2018-05-24T18:50:13Z,141.99110000000002,40.782470000000004,bird_091,K18F04,8,2018,45576.41562933541,7,2018_bird_091_7_trip
2018-05-24T18:51:14Z,141.99802000000005,40.78402,bird_091,K18F04,8,2018,46149.50302358917,7,2018_bird_091_7_trip
2018-05-24T18:52:13Z,142.00426,40.78573000000001,bird_091,K18F04,8,2018,46687.36462376939,7,2018_bird_091_7_trip
2018-05-24T18:53:14Z,142.0104,40.78723,bird_091,K18F04,8,2018,47205.286531624915,7,2018_bird_091_7_trip
2018-05-24T18:54:14Z,142.01704999999998,40.789100000000005,bird_091,K18F04,8,2018,47782.69548581251,7,2018_bird_091_7_trip
2018-05-24T18:55:14Z,142.02262000000002,40.79052000000001,bird_091,K18F04,8,2018,48257.33900312779,7,2018_bird_091_7_trip
2018-05-24T18:56:14Z,142.02702000000002,40.79285000000001,bird_091,K18F04,8,2018,48709.93814012376,7,2018_bird_091_7_trip
2018-05-24T18:57:14Z,142.02688,40.79272000000001,bird_091,K18F04,8,2018,48691.95544775015,7,2018_bird_091_7_trip
2018-05-24T18:58:14Z,142.02987,40.79159000000001,bird_091,K18F04,8,2018,48826.18469265047,7,2018_bird_091_7_trip
2018-05-24T18:59:15Z,142.03519,40.79418,bird_091,K18F04,8,2018,49358.96967716717,7,2018_bird_091_7_trip
2018-05-24T19:00:14Z,142.03594,40.795440000000006,bird_091,K18F04,8,2018,49491.05950351208,7,2018_bird_091_7_trip
2018-05-24T19:01:14Z,142.03950999999998,40.799800000000005,bird_091,K18F04,8,2018,50016.1908677255,7,2018_bird_091_7_trip
2018-05-24T19:02:15Z,142.04486999999995,40.80282,bird_091,K18F04,8,2018,50579.13818444942,7,2018_bird_091_7_trip
2018-05-24T19:03:14Z,142.05022000000002,40.80629,bird_091,K18F04,8,2018,51170.28187224421,7,2018_bird_091_7_trip
2018-05-24T19:04:14Z,142.05068,40.81238,bird_091,K18F04,8,2018,51595.973886969456,7,2018_bird_091_7_trip
2018-05-24T19:05:15Z,142.04649,40.81617,bird_091,K18F04,8,2018,51559.73003253586,7,2018_bird_091_7_trip
2018-05-24T19:06:14Z,142.04433,40.82094,bird_091,K18F04,8,2018,51731.5886289114,7,2018_bird_091_7_trip
2018-05-24T19:07:15Z,142.04238,40.823530000000005,bird_091,K18F04,8,2018,51775.19033339884,7,2018_bird_091_7_trip
2018-05-24T19:08:14Z,142.03968999999998,40.821639999999995,bird_091,K18F04,8,2018,51467.38677162309,7,2018_bird_091_7_trip
2018-05-24T19:09:15Z,142.03835,40.82564,bird_091,K18F04,8,2018,51649.70333719627,7,2018_bird_091_7_trip
2018-05-24T19:10:14Z,142.04178,40.82542,bird_091,K18F04,8,2018,51863.21972508763,7,2018_bird_091_7_trip
2018-05-24T19:11:15Z,142.03288,40.82636,bird_091,K18F04,8,2018,51336.19710679966,7,2018_bird_091_7_trip
2018-05-24T19:12:14Z,142.02946,40.83033,bird_091,K18F04,8,2018,51386.10039172862,7,2018_bird_091_7_trip
2018-05-24T19:13:14Z,142.02704000000003,40.834419999999994,bird_091,K18F04,8,2018,51514.95316074888,7,2018_bird_091_7_trip
2018-05-24T19:14:14Z,142.03143000000003,40.83719,bird_091,K18F04,8,2018,51996.324599885425,7,2018_bird_091_7_trip
2018-05-24T19:15:14Z,142.03539,40.84099,bird_091,K18F04,8,2018,52522.505298799,7,2018_bird_091_7_trip
2018-05-24T19:16:14Z,142.03774,40.84597,bird_091,K18F04,8,2018,53028.49484393169,7,2018_bird_091_7_trip
2018-05-24T19:17:14Z,142.03753,40.84297,bird_091,K18F04,8,2018,52801.73744644896,7,2018_bird_091_7_trip
2018-05-24T19:18:15Z,142.03239000000002,40.84018,bird_091,K18F04,8,2018,52270.2779157038,7,2018_bird_091_7_trip
2018-05-24T19:19:14Z,142.03622,40.83921,bird_091,K18F04,8,2018,52450.861983370065,7,2018_bird_091_7_trip
2018-05-24T19:20:14Z,142.04203,40.839659999999995,bird_091,K18F04,8,2018,52862.080852063256,7,2018_bird_091_7_trip
2018-05-24T19:21:14Z,142.04785999999999,40.84107999999999,bird_091,K18F04,8,2018,53343.53757966674,7,2018_bird_091_7_trip
2018-05-24T19:22:14Z,142.05114000000003,40.84054,bird_091,K18F04,8,2018,53521.75096529047,7,2018_bird_091_7_trip
2018-05-24T19:23:14Z,142.05115,40.83694,bird_091,K18F04,8,2018,53273.759192809644,7,2018_bird_091_7_trip
2018-05-24T19:24:14Z,142.04565999999997,40.83443,bird_091,K18F04,8,2018,52737.65118020188,7,2018_bird_091_7_trip
2018-05-24T19:25:14Z,142.03882000000002,40.83262,bird_091,K18F04,8,2018,52160.94856078189,7,2018_bird_091_7_trip
2018-05-24T19:26:15Z,142.02994,40.834219999999995,bird_091,K18F04,8,2018,51689.96358582073,7,2018_bird_091_7_trip
2018-05-24T19:27:15Z,142.02573,40.83045,bird_091,K18F04,8,2018,51150.14012848161,7,2018_bird_091_7_trip
2018-05-24T19:28:14Z,142.01839,40.82858,bird_091,K18F04,8,2018,50539.47533401117,7,2018_bird_091_7_trip
2018-05-24T19:29:15Z,142.01104999999998,40.82604,bird_091,K18F04,8,2018,49882.39471691117,7,2018_bird_091_7_trip
2018-05-24T19:30:14Z,142.00887,40.82292,bird_091,K18F04,8,2018,49519.976386897935,7,2018_bird_091_7_trip
2018-05-24T19:31:15Z,142.00642000000002,40.81867999999999,bird_091,K18F04,8,2018,49061.684656192,7,2018_bird_091_7_trip
2018-05-24T19:32:15Z,142.00263,40.81439,bird_091,K18F04,8,2018,48513.09180670985,7,2018_bird_091_7_trip
2018-05-24T19:33:14Z,141.99942,40.811589999999995,bird_091,K18F04,8,2018,48106.98404939731,7,2018_bird_091_7_trip
2018-05-24T19:34:15Z,141.99522000000002,40.80792,bird_091,K18F04,8,2018,47575.32434658522,7,2018_bird_091_7_trip
2018-05-24T19:35:15Z,141.98870000000002,40.80557,bird_091,K18F04,8,2018,46983.27098831981,7,2018_bird_091_7_trip
2018-05-24T19:36:14Z,141.98140000000004,40.80433,bird_091,K18F04,8,2018,46418.66599887618,7,2018_bird_091_7_trip
2018-05-24T19:37:15Z,141.98266,40.80226,bird_091,K18F04,8,2018,46355.85592506283,7,2018_bird_091_7_trip
2018-05-24T19:38:15Z,141.98017000000002,40.80023,bird_091,K18F04,8,2018,46050.68716775348,7,2018_bird_091_7_trip
2018-05-24T19:39:14Z,141.98434000000003,40.79830000000001,bird_091,K18F04,8,2018,46191.08045114048,7,2018_bird_091_7_trip
2018-05-24T19:40:14Z,141.98634000000004,40.795080000000006,bird_091,K18F04,8,2018,46102.229585735375,7,2018_bird_091_7_trip
2018-05-24T19:41:14Z,141.98459,40.79109,bird_091,K18F04,8,2018,45713.71449770847,7,2018_bird_091_7_trip
2018-05-24T19:42:15Z,141.98724000000004,40.78799,bird_091,K18F04,8,2018,45682.06301740972,7,2018_bird_091_7_trip
2018-05-24T19:43:14Z,141.98733000000004,40.78441,bird_091,K18F04,8,2018,45449.018494849915,7,2018_bird_091_7_trip
2018-05-24T19:44:14Z,141.98484000000002,40.78067,bird_091,K18F04,8,2018,45032.503419461005,7,2018_bird_091_7_trip
2018-05-24T19:45:13Z,141.98268000000002,40.77658,bird_091,K18F04,8,2018,44616.45561040021,7,2018_bird_091_7_trip
2018-05-24T19:46:13Z,141.98082000000002,40.772580000000005,bird_091,K18F04,8,2018,44228.278866243374,7,2018_bird_091_7_trip
2018-05-24T19:47:13Z,141.97764,40.76908,bird_091,K18F04,8,2018,43783.347048703334,7,2018_bird_091_7_trip
2018-05-24T19:48:13Z,141.97422,40.76578000000001,bird_091,K18F04,8,2018,43335.35074627887,7,2018_bird_091_7_trip
2018-05-24T19:49:14Z,141.972,40.762440000000005,bird_091,K18F04,8,2018,42967.914643746,7,2018_bird_091_7_trip
2018-05-24T19:50:13Z,141.96933,40.75872,bird_091,K18F04,8,2018,42546.03372110233,7,2018_bird_091_7_trip
2018-05-24T19:51:15Z,141.96830000000003,40.75435,bird_091,K18F04,8,2018,42198.291362662145,7,2018_bird_091_7_trip
2018-05-24T19:52:14Z,141.97068,40.75028,bird_091,K18F04,8,2018,42111.09778919404,7,2018_bird_091_7_trip
2018-05-24T19:53:14Z,141.97205,40.74586,bird_091,K18F04,8,2018,41936.8940607946,7,2018_bird_091_7_trip
2018-05-24T19:54:14Z,141.97468999999998,40.74184,bird_091,K18F04,8,2018,41882.40778543707,7,2018_bird_091_7_trip
2018-05-24T19:55:13Z,141.97752,40.73801000000001,bird_091,K18F04,8,2018,41858.58692451128,7,2018_bird_091_7_trip
2018-05-24T19:56:15Z,141.97831000000002,40.73426,bird_091,K18F04,8,2018,41697.67002876177,7,2018_bird_091_7_trip
2018-05-24T19:57:14Z,141.97874000000002,40.72999000000001,bird_091,K18F04,8,2018,41484.78562079725,7,2018_bird_091_7_trip
2018-05-24T19:58:14Z,141.97736,40.72558000000001,bird_091,K18F04,8,2018,41136.23153961641,7,2018_bird_091_7_trip
2018-05-24T19:59:16Z,141.97349,40.72626,bird_091,K18F04,8,2018,40892.199919471816,7,2018_bird_091_7_trip
2018-05-24T20:00:41Z,141.97357999999997,40.72580000000001,bird_091,K18F04,8,2018,40872.85214906783,7,2018_bird_091_7_trip
2018-05-24T20:01:13Z,141.97360999999998,40.72558000000001,bird_091,K18F04,8,2018,40862.66830675204,7,2018_bird_091_7_trip
2018-05-24T20:02:13Z,141.97364999999996,40.72529000000001,bird_091,K18F04,8,2018,40849.29599475562,7,2018_bird_091_7_trip
2018-05-24T20:03:13Z,141.97249000000002,40.72402,bird_091,K18F04,8,2018,40693.513601529034,7,2018_bird_091_7_trip
2018-05-24T20:04:14Z,141.96669,40.72075000000001,bird_091,K18F04,8,2018,40087.31829998814,7,2018_bird_091_7_trip
2018-05-24T20:05:13Z,141.96107,40.717839999999995,bird_091,K18F04,8,2018,39514.41632252022,7,2018_bird_091_7_trip
2018-05-24T20:06:13Z,141.95412000000002,40.71524,bird_091,K18F04,8,2018,38861.60604168714,7,2018_bird_091_7_trip
2018-05-24T20:07:14Z,141.94732000000002,40.71256,bird_091,K18F04,8,2018,38215.30782547067,7,2018_bird_091_7_trip
2018-05-24T20:08:13Z,141.9405,40.71012,bird_091,K18F04,8,2018,37581.010005667835,7,2018_bird_091_7_trip
2018-05-24T20:09:14Z,141.93344000000002,40.70764,bird_091,K18F04,8,2018,36927.04729553115,7,2018_bird_091_7_trip
2018-05-24T20:10:14Z,141.92653,40.7045,bird_091,K18F04,8,2018,36246.931073807624,7,2018_bird_091_7_trip
2018-05-24T20:11:14Z,141.91916999999998,40.70222,bird_091,K18F04,8,2018,35582.50184867735,7,2018_bird_091_7_trip
2018-05-24T20:12:14Z,141.91498,40.69793000000001,bird_091,K18F04,8,2018,35035.99342504926,7,2018_bird_091_7_trip
2018-05-24T20:13:15Z,141.90989,40.693900000000006,bird_091,K18F04,8,2018,34439.436394793775,7,2018_bird_091_7_trip
2018-05-24T20:14:13Z,141.90542000000002,40.689530000000005,bird_091,K18F04,8,2018,33870.64293975156,7,2018_bird_091_7_trip
2018-05-24T20:15:14Z,141.89926,40.68654,bird_091,K18F04,8,2018,33253.92978260963,7,2018_bird_091_7_trip
2018-05-24T20:16:14Z,141.89274000000003,40.68429,bird_091,K18F04,8,2018,32651.227210305133,7,2018_bird_091_7_trip
2018-05-24T20:17:13Z,141.88663000000005,40.68169,bird_091,K18F04,8,2018,32059.50154528527,7,2018_bird_091_7_trip
2018-05-24T20:18:14Z,141.88020000000003,40.67916,bird_091,K18F04,8,2018,31448.087545994957,7,2018_bird_091_7_trip
2018-05-24T20:19:15Z,141.87371,40.67716,bird_091,K18F04,8,2018,30861.478989191382,7,2018_bird_091_7_trip
2018-05-24T20:20:14Z,141.86790000000002,40.67407,bird_091,K18F04,8,2018,30264.73493145753,7,2018_bird_091_7_trip
2018-05-24T20:21:14Z,141.86221000000003,40.66974,bird_091,K18F04,8,2018,29609.132796450325,7,2018_bird_091_7_trip
2018-05-24T20:22:14Z,141.85649000000004,40.66617000000001,bird_091,K18F04,8,2018,28993.421960792548,7,2018_bird_091_7_trip
2018-05-24T20:23:14Z,141.85023000000004,40.66299000000001,bird_091,K18F04,8,2018,28359.152232287408,7,2018_bird_091_7_trip
2018-05-24T20:24:14Z,141.84474999999998,40.65929,bird_091,K18F04,8,2018,27754.843735750368,7,2018_bird_091_7_trip
2018-05-24T20:25:15Z,141.83799000000002,40.65725,bird_091,K18F04,8,2018,27144.82307274482,7,2018_bird_091_7_trip
2018-05-24T20:26:15Z,141.82951,40.660070000000005,bird_091,K18F04,8,2018,26676.083985021072,7,2018_bird_091_7_trip
2018-05-24T20:27:15Z,141.82141000000004,40.65845,bird_091,K18F04,8,2018,25994.55352104959,7,2018_bird_091_7_trip
2018-05-24T20:28:13Z,141.81491,40.6553,bird_091,K18F04,8,2018,25343.305261586353,7,2018_bird_091_7_trip
2018-05-24T20:29:14Z,141.80948,40.65114,bird_091,K18F04,8,2018,24713.203222424712,7,2018_bird_091_7_trip
2018-05-24T20:30:14Z,141.80443000000002,40.64694,bird_091,K18F04,8,2018,24109.85624681329,7,2018_bird_091_7_trip
2018-05-24T20:31:14Z,141.80027,40.64167,bird_091,K18F04,8,2018,23515.714743186894,7,2018_bird_091_7_trip
2018-05-24T20:32:14Z,141.79551999999998,40.63656,bird_091,K18F04,8,2018,22890.914037446568,7,2018_bird_091_7_trip
2018-05-24T20:33:14Z,141.79092,40.6317,bird_091,K18F04,8,2018,22294.33277989669,7,2018_bird_091_7_trip
2018-05-24T20:34:14Z,141.78603,40.62733000000001,bird_091,K18F04,8,2018,21704.38829019537,7,2018_bird_091_7_trip
2018-05-24T20:35:15Z,141.7808,40.62236000000001,bird_091,K18F04,8,2018,21061.955733883497,7,2018_bird_091_7_trip
2018-05-24T20:36:15Z,141.77494999999996,40.61749,bird_091,K18F04,8,2018,20381.104618704376,7,2018_bird_091_7_trip
2018-05-24T20:37:13Z,141.76904999999996,40.61241,bird_091,K18F04,8,2018,19690.41482241392,7,2018_bird_091_7_trip
2018-05-24T20:38:14Z,141.762,40.60775,bird_091,K18F04,8,2018,18934.104254596314,7,2018_bird_091_7_trip
2018-05-24T20:39:14Z,141.75471,40.60257000000001,bird_091,K18F04,8,2018,18139.275144271473,7,2018_bird_091_7_trip
2018-05-24T20:40:14Z,141.74814999999998,40.598940000000006,bird_091,K18F04,8,2018,17471.37368991163,7,2018_bird_091_7_trip
2018-05-24T20:41:14Z,141.74102,40.59575000000001,bird_091,K18F04,8,2018,16778.52870057707,7,2018_bird_091_7_trip
2018-05-24T20:42:14Z,141.73467999999997,40.592380000000006,bird_091,K18F04,8,2018,16140.971190393026,7,2018_bird_091_7_trip
2018-05-24T20:43:15Z,141.72763,40.58915,bird_091,K18F04,8,2018,15454.33677598622,7,2018_bird_091_7_trip
2018-05-24T20:44:13Z,141.72122000000002,40.58623,bird_091,K18F04,8,2018,14831.448027313882,7,2018_bird_091_7_trip
2018-05-24T20:45:14Z,141.71349999999995,40.58395,bird_091,K18F04,8,2018,14130.555069800528,7,2018_bird_091_7_trip
2018-05-24T20:46:14Z,141.70685999999998,40.58133,bird_091,K18F04,8,2018,13501.870865394343,7,2018_bird_091_7_trip
2018-05-24T20:47:14Z,141.69985999999997,40.57891000000001,bird_091,K18F04,8,2018,12852.679167787768,7,2018_bird_091_7_trip
2018-05-24T20:48:14Z,141.69326999999998,40.57566,bird_091,K18F04,8,2018,12204.918062776564,7,2018_bird_091_7_trip
2018-05-24T20:49:15Z,141.68716,40.57253000000001,bird_091,K18F04,8,2018,11601.791918629551,7,2018_bird_091_7_trip
2018-05-24T20:50:15Z,141.68137000000002,40.56948,bird_091,K18F04,8,2018,11029.394053724698,7,2018_bird_091_7_trip
2018-05-24T20:51:13Z,141.67597999999998,40.56702,bird_091,K18F04,8,2018,10511.399755283415,7,2018_bird_091_7_trip
2018-05-24T20:52:14Z,141.66965999999996,40.56523000000001,bird_091,K18F04,8,2018,9941.270971704964,7,2018_bird_091_7_trip
2018-05-24T20:53:14Z,141.66404999999995,40.56347,bird_091,K18F04,8,2018,9429.689376969423,7,2018_bird_091_7_trip
2018-05-24T20:54:14Z,141.65792000000002,40.561330000000005,bird_091,K18F04,8,2018,8864.081587101442,7,2018_bird_091_7_trip
2018-05-24T20:55:14Z,141.65096,40.55905,bird_091,K18F04,8,2018,8227.323782644477,7,2018_bird_091_7_trip
2018-05-24T20:56:15Z,141.64381999999998,40.55658,bird_091,K18F04,8,2018,7571.065631224644,7,2018_bird_091_7_trip
2018-05-24T20:57:15Z,141.63702,40.55331,bird_091,K18F04,8,2018,6922.705582595937,7,2018_bird_091_7_trip
2018-05-24T20:58:13Z,141.63039,40.5507,bird_091,K18F04,8,2018,6310.446134890537,7,2018_bird_091_7_trip
2018-05-24T20:59:14Z,141.62240000000003,40.54836,bird_091,K18F04,8,2018,5594.979009102687,7,2018_bird_091_7_trip
2018-05-24T21:00:13Z,141.61484999999996,40.54658,bird_091,K18F04,8,2018,4929.792003331367,7,2018_bird_091_7_trip
2018-05-24T21:01:14Z,141.6066,40.545010000000005,bird_091,K18F04,8,2018,4211.251196207397,7,2018_bird_091_7_trip
2018-05-24T21:02:14Z,141.59819000000002,40.5438,bird_091,K18F04,8,2018,3486.39070329999,7,2018_bird_091_7_trip
2018-05-24T21:03:15Z,141.59004000000002,40.54298,bird_091,K18F04,8,2018,2790.5291194838783,7,2018_bird_091_7_trip
2018-05-24T21:04:13Z,141.58206,40.54339,bird_091,K18F04,8,2018,2138.91023562404,7,2018_bird_091_7_trip
2018-05-24T21:05:15Z,141.57318999999998,40.54337,bird_091,K18F04,8,2018,1422.4828675502847,7,2018_bird_091_7_trip
2018-05-28T16:28:17Z,141.56503,40.54563,bird_091,K18F04,8,2018,1002.0913899222636,11,2018_bird_091_11_trip
2018-05-28T16:29:44Z,141.56561,40.5461,bird_091,K18F04,8,2018,1073.5752216747858,11,2018_bird_091_11_trip
2018-05-28T16:30:15Z,141.56574999999998,40.546130000000005,bird_091,K18F04,8,2018,1083.6738324721675,11,2018_bird_091_11_trip
2018-05-28T16:31:18Z,141.57206,40.5454,bird_091,K18F04,8,2018,1438.4268840905204,11,2018_bird_091_11_trip
2018-05-28T16:32:17Z,141.57347,40.5455,bird_091,K18F04,8,2018,1546.8660352593292,11,2018_bird_091_11_trip
2018-05-28T16:33:16Z,141.57378999999997,40.54556,bird_091,K18F04,8,2018,1573.7376128823623,11,2018_bird_091_11_trip
2018-05-28T16:34:16Z,141.57404999999997,40.54714,bird_091,K18F04,8,2018,1685.0048493324462,11,2018_bird_091_11_trip
2018-05-28T16:35:17Z,141.57656999999998,40.54967,bird_091,K18F04,8,2018,2022.618131606069,11,2018_bird_091_11_trip
2018-05-28T16:36:17Z,141.57687,40.54964,bird_091,K18F04,8,2018,2040.8631014580135,11,2018_bird_091_11_trip
2018-05-28T16:37:15Z,141.57724000000002,40.549510000000005,bird_091,K18F04,8,2018,2057.4881181180976,11,2018_bird_091_11_trip
2018-05-28T16:38:15Z,141.57743000000002,40.54945,bird_091,K18F04,8,2018,2066.6343321673703,11,2018_bird_091_11_trip
2018-05-28T16:39:15Z,141.57748,40.54936,bird_091,K18F04,8,2018,2064.2815894969676,11,2018_bird_091_11_trip
2018-05-28T16:40:16Z,141.57788,40.54936,bird_091,K18F04,8,2018,2092.013132840301,11,2018_bird_091_11_trip
2018-05-28T16:41:15Z,141.57752,40.5487,bird_091,K18F04,8,2018,2025.5965599203985,11,2018_bird_091_11_trip
2018-05-28T16:42:16Z,141.57813000000002,40.54852,bird_091,K18F04,8,2018,2058.077836337136,11,2018_bird_091_11_trip
2018-05-28T16:43:16Z,141.57821,40.548190000000005,bird_091,K18F04,8,2018,2044.4984639746983,11,2018_bird_091_11_trip
2018-05-28T16:44:16Z,141.57948,40.54865,bird_091,K18F04,8,2018,2162.9788048392606,11,2018_bird_091_11_trip
2018-05-28T16:45:18Z,141.57936999999998,40.54878,bird_091,K18F04,8,2018,2162.5050958588495,11,2018_bird_091_11_trip
2018-05-28T16:46:16Z,141.57997999999998,40.5488,bird_091,K18F04,8,2018,2207.870079627683,11,2018_bird_091_11_trip
2018-05-28T16:47:15Z,141.58043000000004,40.54864,bird_091,K18F04,8,2018,2231.7634254825803,11,2018_bird_091_11_trip
2018-05-28T16:48:16Z,141.58096,40.54859,bird_091,K18F04,8,2018,2268.0576267193733,11,2018_bird_091_11_trip
2018-05-28T16:49:16Z,141.58144000000004,40.54856,bird_091,K18F04,8,2018,2302.015612229055,11,2018_bird_091_11_trip
2018-05-28T16:50:16Z,141.58178,40.5482,bird_091,K18F04,8,2018,2308.6086029055205,11,2018_bird_091_11_trip
2018-05-28T16:51:15Z,141.58436,40.54797,bird_091,K18F04,8,2018,2493.783911188889,11,2018_bird_091_11_trip
2018-05-28T16:52:17Z,141.58751,40.54914,bird_091,K18F04,8,2018,2790.4885085839696,11,2018_bird_091_11_trip
2018-05-28T16:53:17Z,141.58752,40.54907,bird_091,K18F04,8,2018,2788.0102849329787,11,2018_bird_091_11_trip
2018-05-28T16:54:17Z,141.58751,40.54903,bird_091,K18F04,8,2018,2785.392155546911,11,2018_bird_091_11_trip
2018-05-28T16:55:16Z,141.58768,40.54916,bird_091,K18F04,8,2018,2804.4968177502956,11,2018_bird_091_11_trip
2018-05-28T16:56:16Z,141.58776,40.549130000000005,bird_091,K18F04,8,2018,2809.2682467512477,11,2018_bird_091_11_trip
2018-05-28T16:57:16Z,141.59045,40.54998,bird_091,K18F04,8,2018,3055.754078140834,11,2018_bird_091_11_trip
2018-05-28T16:58:17Z,141.59315999999998,40.552110000000006,bird_091,K18F04,8,2018,3364.6733060330366,11,2018_bird_091_11_trip
2018-05-28T16:59:16Z,141.59328,40.55207,bird_091,K18F04,8,2018,3371.8051974686327,11,2018_bird_091_11_trip
2018-05-28T17:00:17Z,141.59292000000002,40.551849999999995,bird_091,K18F04,8,2018,3333.6536325419133,11,2018_bird_091_11_trip
2018-05-28T17:01:16Z,141.59449,40.55425999999999,bird_091,K18F04,8,2018,3575.6302735594445,11,2018_bird_091_11_trip
2018-05-28T17:02:17Z,141.59448,40.5543,bird_091,K18F04,8,2018,3577.0511525727206,11,2018_bird_091_11_trip
2018-05-28T17:03:16Z,141.59432,40.55407999999999,bird_091,K18F04,8,2018,3553.347827466389,11,2018_bird_091_11_trip
2018-05-28T17:04:16Z,141.59449,40.55399,bird_091,K18F04,8,2018,3561.156421944899,11,2018_bird_091_11_trip
2018-05-28T17:05:16Z,141.59444000000002,40.55414,bird_091,K18F04,8,2018,3565.4662110006084,11,2018_bird_091_11_trip
2018-05-28T17:06:17Z,141.59438,40.55397,bird_091,K18F04,8,2018,3551.9164102745076,11,2018_bird_091_11_trip
2018-05-28T17:07:16Z,141.59424,40.55396,bird_091,K18F04,8,2018,3540.9846819334944,11,2018_bird_091_11_trip
2018-05-28T17:08:17Z,141.59414,40.55378,bird_091,K18F04,8,2018,3523.9654082598604,11,2018_bird_091_11_trip
2018-05-28T17:09:17Z,141.59413,40.553799999999995,bird_091,K18F04,8,2018,3524.2837261895233,11,2018_bird_091_11_trip
2018-05-28T17:10:17Z,141.59401,40.55372,bird_091,K18F04,8,2018,3511.109072886386,11,2018_bird_091_11_trip
2018-05-28T17:11:16Z,141.59396999999998,40.55361,bird_091,K18F04,8,2018,3502.3081421422653,11,2018_bird_091_11_trip
2018-05-28T17:12:16Z,141.59381,40.55351,bird_091,K18F04,8,2018,3485.1074445963454,11,2018_bird_091_11_trip
2018-05-28T17:13:15Z,141.59349,40.55338,bird_091,K18F04,8,2018,3454.399081412555,11,2018_bird_091_11_trip
2018-05-28T17:14:15Z,141.59350999999998,40.55334,bird_091,K18F04,8,2018,3453.7845389251975,11,2018_bird_091_11_trip
2018-05-28T17:15:16Z,141.59334,40.55333,bird_091,K18F04,8,2018,3440.581313209308,11,2018_bird_091_11_trip
2018-05-28T17:16:17Z,141.5933,40.5532,bird_091,K18F04,8,2018,3430.7603578275143,11,2018_bird_091_11_trip
2018-05-28T17:17:15Z,141.59327,40.5531,bird_091,K18F04,8,2018,3423.287814107798,11,2018_bird_091_11_trip
2018-05-28T17:18:17Z,141.59322,40.55317,bird_091,K18F04,8,2018,3423.214255253498,11,2018_bird_091_11_trip
2018-05-28T17:19:16Z,141.59302,40.55292,bird_091,K18F04,8,2018,3395.2116321553035,11,2018_bird_091_11_trip
2018-05-28T17:20:17Z,141.59305999999998,40.55302,bird_091,K18F04,8,2018,3403.412374164263,11,2018_bird_091_11_trip
2018-05-28T17:21:15Z,141.59306999999998,40.55303,bird_091,K18F04,8,2018,3404.6820363495726,11,2018_bird_091_11_trip
2018-05-28T17:22:15Z,141.59302,40.55297,bird_091,K18F04,8,2018,3397.813497175784,11,2018_bird_091_11_trip
2018-05-28T17:23:15Z,141.59292000000002,40.55314,bird_091,K18F04,8,2018,3399.2549360455414,11,2018_bird_091_11_trip
2018-05-28T17:24:16Z,141.59284000000002,40.55294,bird_091,K18F04,8,2018,3382.7895039511995,11,2018_bird_091_11_trip
2018-05-28T17:25:16Z,141.59274000000002,40.55301,bird_091,K18F04,8,2018,3378.988347314931,11,2018_bird_091_11_trip
2018-05-28T17:26:16Z,141.59269,40.55289,bird_091,K18F04,8,2018,3368.966115355152,11,2018_bird_091_11_trip
2018-05-28T17:27:15Z,141.59267,40.55293,bird_091,K18F04,8,2018,3369.565207219717,11,2018_bird_091_11_trip
2018-05-28T17:28:16Z,141.59256,40.55284,bird_091,K18F04,8,2018,3356.637588288753,11,2018_bird_091_11_trip
2018-05-28T17:29:15Z,141.59252,40.55279,bird_091,K18F04,8,2018,3351.036469813402,11,2018_bird_091_11_trip
2018-05-28T17:30:15Z,141.59243000000004,40.55277,bird_091,K18F04,8,2018,3343.2640780613738,11,2018_bird_091_11_trip
2018-05-28T17:31:16Z,141.59247000000002,40.55283,bird_091,K18F04,8,2018,3349.3901292225655,11,2018_bird_091_11_trip
2018-05-28T17:32:15Z,141.59233000000003,40.55281,bird_091,K18F04,8,2018,3337.8872136452624,11,2018_bird_091_11_trip
2018-05-28T17:33:16Z,141.59222000000003,40.55276,bird_091,K18F04,8,2018,3327.0524008678863,11,2018_bird_091_11_trip
2018-05-28T17:34:16Z,141.59227,40.552859999999995,bird_091,K18F04,8,2018,3336.038486843992,11,2018_bird_091_11_trip
2018-05-28T17:35:17Z,141.59233000000003,40.55284,bird_091,K18F04,8,2018,3339.4621038255295,11,2018_bird_091_11_trip
2018-05-28T17:36:15Z,141.59211000000002,40.55289,bird_091,K18F04,8,2018,3325.7007379531465,11,2018_bird_091_11_trip
2018-05-28T17:37:15Z,141.59231000000003,40.5528,bird_091,K18F04,8,2018,3335.869561481704,11,2018_bird_091_11_trip
2018-05-28T17:38:17Z,141.59213000000003,40.55297,bird_091,K18F04,8,2018,3331.4325835895497,11,2018_bird_091_11_trip
2018-05-28T17:39:16Z,141.59228000000002,40.55292,bird_091,K18F04,8,2018,3339.9486755900275,11,2018_bird_091_11_trip
2018-05-28T17:40:16Z,141.59229000000002,40.55283,bird_091,K18F04,8,2018,3335.951930966609,11,2018_bird_091_11_trip
2018-05-28T17:41:16Z,141.59222000000003,40.55282,bird_091,K18F04,8,2018,3330.2039157051877,11,2018_bird_091_11_trip
2018-05-28T17:42:15Z,141.59229000000002,40.55284,bird_091,K18F04,8,2018,3336.4776514848163,11,2018_bird_091_11_trip
2018-05-28T17:43:15Z,141.59207,40.55259,bird_091,K18F04,8,2018,3306.9555597003596,11,2018_bird_091_11_trip
2018-05-28T17:44:15Z,141.59229000000002,40.55281,bird_091,K18F04,8,2018,3334.9013505789735,11,2018_bird_091_11_trip
2018-05-28T17:45:16Z,141.59448,40.55586,bird_091,K18F04,8,2018,3664.5412683532377,11,2018_bird_091_11_trip
2018-05-28T17:46:18Z,141.59767,40.5612,bird_091,K18F04,8,2018,4220.551614796458,11,2018_bird_091_11_trip
2018-05-28T17:47:16Z,141.59909,40.56613000000001,bird_091,K18F04,8,2018,4657.232078595565,11,2018_bird_091_11_trip
2018-05-28T17:48:16Z,141.60234000000003,40.57124,bird_091,K18F04,8,2018,5243.073848444167,11,2018_bird_091_11_trip
2018-05-28T17:49:15Z,141.60752,40.57529,bird_091,K18F04,8,2018,5870.938684581729,11,2018_bird_091_11_trip
2018-05-28T17:50:16Z,141.61204,40.58042,bird_091,K18F04,8,2018,6543.3554856029195,11,2018_bird_091_11_trip
2018-05-28T17:51:15Z,141.61788,40.58436,bird_091,K18F04,8,2018,7202.341682886689,11,2018_bird_091_11_trip
2018-05-28T17:52:15Z,141.62391,40.5879,bird_091,K18F04,8,2018,7841.92823909614,11,2018_bird_091_11_trip
2018-05-28T17:53:14Z,141.62902,40.59207000000001,bird_091,K18F04,8,2018,8474.95939989982,11,2018_bird_091_11_trip
2018-05-28T17:54:16Z,141.63404,40.59691000000001,bird_091,K18F04,8,2018,9155.08032427068,11,2018_bird_091_11_trip
2018-05-28T17:55:16Z,141.63849000000002,40.60122,bird_091,K18F04,8,2018,9760.09066063216,11,2018_bird_091_11_trip
2018-05-28T17:56:14Z,141.64462999999998,40.60368,bird_091,K18F04,8,2018,10321.02817265169,11,2018_bird_091_11_trip
2018-05-28T17:57:15Z,141.65040000000002,40.6068,bird_091,K18F04,8,2018,10912.739249322278,11,2018_bird_091_11_trip
2018-05-28T17:58:15Z,141.65505,40.611799999999995,bird_091,K18F04,8,2018,11582.015498899846,11,2018_bird_091_11_trip
2018-05-28T17:59:15Z,141.65943,40.61733,bird_091,K18F04,8,2018,12278.199195899742,11,2018_bird_091_11_trip
2018-05-28T18:00:15Z,141.66321,40.62231000000001,bird_091,K18F04,8,2018,12897.442226045032,11,2018_bird_091_11_trip
2018-05-28T18:01:16Z,141.66829,40.626520000000006,bird_091,K18F04,8,2018,13532.34663681066,11,2018_bird_091_11_trip
2018-05-28T18:02:16Z,141.67299,40.63123,bird_091,K18F04,8,2018,14185.191822301938,11,2018_bird_091_11_trip
2018-05-28T18:03:15Z,141.67961999999997,40.63429,bird_091,K18F04,8,2018,14818.968037354312,11,2018_bird_091_11_trip
2018-05-28T18:04:15Z,141.68721000000002,40.63625,bird_091,K18F04,8,2018,15425.91421646274,11,2018_bird_091_11_trip
2018-05-28T18:05:16Z,141.69324999999998,40.63893000000001,bird_091,K18F04,8,2018,15999.322137552408,11,2018_bird_091_11_trip
2018-05-28T18:06:16Z,141.69347,40.638740000000006,bird_091,K18F04,8,2018,15998.034424635023,11,2018_bird_091_11_trip
2018-05-28T18:07:16Z,141.69358999999997,40.63871000000001,bird_091,K18F04,8,2018,16003.027285304228,11,2018_bird_091_11_trip
2018-05-28T18:08:17Z,141.69367999999997,40.63852000000001,bird_091,K18F04,8,2018,15993.87719282715,11,2018_bird_091_11_trip
2018-05-28T18:09:16Z,141.70033,40.641,bird_091,K18F04,8,2018,16591.35096808325,11,2018_bird_091_11_trip
2018-05-28T18:10:15Z,141.70584,40.6452,bird_091,K18F04,8,2018,17250.394274446837,11,2018_bird_091_11_trip
2018-05-28T18:11:16Z,141.71164999999996,40.6501,bird_091,K18F04,8,2018,17981.285759593527,11,2018_bird_091_11_trip
2018-05-28T18:12:16Z,141.71454999999995,40.6527,bird_091,K18F04,8,2018,18357.963943956285,11,2018_bird_091_11_trip
2018-05-28T18:13:16Z,141.71464999999995,40.65266,bird_091,K18F04,8,2018,18361.029163346266,11,2018_bird_091_11_trip
2018-05-28T18:14:16Z,141.71498999999997,40.65252,bird_091,K18F04,8,2018,18371.178779276608,11,2018_bird_091_11_trip
2018-05-28T18:15:16Z,141.71516999999997,40.65245,bird_091,K18F04,8,2018,18376.88769892484,11,2018_bird_091_11_trip
2018-05-28T18:16:16Z,141.71533,40.652350000000006,bird_091,K18F04,8,2018,18379.093625096673,11,2018_bird_091_11_trip
2018-05-28T18:17:17Z,141.71552999999997,40.65228,bird_091,K18F04,8,2018,18386.062840287093,11,2018_bird_091_11_trip
2018-05-28T18:18:15Z,141.71570999999997,40.65212,bird_091,K18F04,8,2018,18384.969101114075,11,2018_bird_091_11_trip
2018-05-28T18:19:16Z,141.71587999999997,40.6521,bird_091,K18F04,8,2018,18393.92667683948,11,2018_bird_091_11_trip
2018-05-28T18:20:16Z,141.71723,40.65375,bird_091,K18F04,8,2018,18602.66563998061,11,2018_bird_091_11_trip
2018-05-28T18:21:16Z,141.71763,40.65467,bird_091,K18F04,8,2018,18697.48109084034,11,2018_bird_091_11_trip
2018-05-28T18:22:17Z,141.71751999999998,40.6549,bird_091,K18F04,8,2018,18708.34105183554,11,2018_bird_091_11_trip
2018-05-28T18:23:15Z,141.71848,40.65568,bird_091,K18F04,8,2018,18826.869780324196,11,2018_bird_091_11_trip
2018-05-28T18:24:16Z,141.71864,40.65564,bird_091,K18F04,8,2018,18833.605469068887,11,2018_bird_091_11_trip
2018-05-28T18:25:16Z,141.71865999999997,40.65562,bird_091,K18F04,8,2018,18833.299839040897,11,2018_bird_091_11_trip
2018-05-28T18:26:16Z,141.72163,40.65892,bird_091,K18F04,8,2018,19268.083154679454,11,2018_bird_091_11_trip
2018-05-28T18:27:15Z,141.72423,40.6643,bird_091,K18F04,8,2018,19842.459816465936,11,2018_bird_091_11_trip
2018-05-28T18:28:15Z,141.72546,40.66531000000001,bird_091,K18F04,8,2018,19995.27561542552,11,2018_bird_091_11_trip
2018-05-28T18:29:15Z,141.72532,40.66533000000001,bird_091,K18F04,8,2018,19988.419937262213,11,2018_bird_091_11_trip
2018-05-28T18:30:15Z,141.72552,40.66507000000001,bird_091,K18F04,8,2018,19980.161078814,11,2018_bird_091_11_trip
2018-05-28T18:31:15Z,141.72552,40.665380000000006,bird_091,K18F04,8,2018,20004.348582015897,11,2018_bird_091_11_trip
2018-05-28T18:32:16Z,141.72567999999998,40.665290000000006,bird_091,K18F04,8,2018,20006.95025178484,11,2018_bird_091_11_trip
2018-05-28T18:33:16Z,141.72594,40.66494,bird_091,K18F04,8,2018,19995.341896765374,11,2018_bird_091_11_trip
2018-05-28T18:34:16Z,141.72608,40.6649,bird_091,K18F04,8,2018,20000.675286861835,11,2018_bird_091_11_trip
2018-05-28T18:35:16Z,141.72664999999998,40.66666,bird_091,K18F04,8,2018,20172.259403162912,11,2018_bird_091_11_trip
2018-05-28T18:36:16Z,141.7302,40.67033000000001,bird_091,K18F04,8,2018,20672.52424136728,11,2018_bird_091_11_trip
2018-05-28T18:37:16Z,141.73548,40.673910000000006,bird_091,K18F04,8,2018,21269.346539470615,11,2018_bird_091_11_trip
2018-05-28T18:38:16Z,141.73986999999997,40.67783,bird_091,K18F04,8,2018,21839.55950633626,11,2018_bird_091_11_trip
2018-05-28T18:39:16Z,141.74526999999998,40.68156,bird_091,K18F04,8,2018,22455.276991824117,11,2018_bird_091_11_trip
2018-05-28T18:40:16Z,141.75103,40.68498,bird_091,K18F04,8,2018,23068.359262312973,11,2018_bird_091_11_trip
2018-05-28T18:41:16Z,141.75576999999998,40.68926,bird_091,K18F04,8,2018,23687.57395774981,11,2018_bird_091_11_trip
2018-05-28T18:42:17Z,141.76098,40.69294000000001,bird_091,K18F04,8,2018,24287.996732065843,11,2018_bird_091_11_trip
2018-05-28T18:43:16Z,141.76489999999998,40.69666,bird_091,K18F04,8,2018,24814.264253530982,11,2018_bird_091_11_trip
2018-05-28T18:44:16Z,141.76905999999997,40.7008,bird_091,K18F04,8,2018,25388.00769983665,11,2018_bird_091_11_trip
2018-05-28T18:45:16Z,141.77326999999997,40.70526,bird_091,K18F04,8,2018,25990.189395392677,11,2018_bird_091_11_trip
2018-05-28T18:46:16Z,141.77919999999995,40.708470000000005,bird_091,K18F04,8,2018,26596.20886730706,11,2018_bird_091_11_trip
2018-05-28T18:47:17Z,141.78427,40.712610000000005,bird_091,K18F04,8,2018,27224.28237650299,11,2018_bird_091_11_trip
2018-05-28T18:48:16Z,141.7857,40.71568,bird_091,K18F04,8,2018,27551.604838538075,11,2018_bird_091_11_trip
2018-05-28T18:49:16Z,141.78871,40.718520000000005,bird_091,K18F04,8,2018,27954.809399432663,11,2018_bird_091_11_trip
2018-05-28T18:50:16Z,141.79156999999998,40.71946,bird_091,K18F04,8,2018,28198.738197893752,11,2018_bird_091_11_trip
2018-05-28T18:51:16Z,141.79187,40.71941,bird_091,K18F04,8,2018,28212.61463649406,11,2018_bird_091_11_trip
2018-05-28T18:52:16Z,141.79664,40.723490000000005,bird_091,K18F04,8,2018,28818.150620078755,11,2018_bird_091_11_trip
2018-05-28T18:53:16Z,141.80217000000002,40.727290000000004,bird_091,K18F04,8,2018,29446.70744542656,11,2018_bird_091_11_trip
2018-05-28T18:54:17Z,141.80723000000003,40.73194,bird_091,K18F04,8,2018,30114.45773159918,11,2018_bird_091_11_trip
2018-05-28T18:55:17Z,141.81288,40.73575000000001,bird_091,K18F04,8,2018,30750.867513780417,11,2018_bird_091_11_trip
2018-05-28T18:56:17Z,141.81832000000003,40.740190000000005,bird_091,K18F04,8,2018,31424.55291723643,11,2018_bird_091_11_trip
2018-05-28T18:57:16Z,141.82302,40.74409,bird_091,K18F04,8,2018,32011.64504603856,11,2018_bird_091_11_trip
2018-05-28T18:58:16Z,141.82798000000005,40.7474,bird_091,K18F04,8,2018,32567.546128249076,11,2018_bird_091_11_trip
2018-05-28T18:59:17Z,141.83305,40.75054,bird_091,K18F04,8,2018,33116.62703906642,11,2018_bird_091_11_trip
2018-05-28T19:00:17Z,141.83986,40.7529,bird_091,K18F04,8,2018,33708.581095386086,11,2018_bird_091_11_trip
2018-05-28T19:01:17Z,141.84621,40.75568,bird_091,K18F04,8,2018,34306.94531602524,11,2018_bird_091_11_trip
2018-05-28T19:02:17Z,141.85362,40.75809,bird_091,K18F04,8,2018,34941.52559509669,11,2018_bird_091_11_trip
2018-05-28T19:03:16Z,141.85995,40.76168,bird_091,K18F04,8,2018,35602.861420969835,11,2018_bird_091_11_trip
2018-05-28T19:04:16Z,141.86488,40.76630000000001,bird_091,K18F04,8,2018,36258.7616897533,11,2018_bird_091_11_trip
2018-05-28T19:05:16Z,141.87,40.76924,bird_091,K18F04,8,2018,36796.44492508745,11,2018_bird_091_11_trip
2018-05-28T19:06:16Z,141.87659,40.77248,bird_091,K18F04,8,2018,37446.80681731175,11,2018_bird_091_11_trip
2018-05-28T19:07:16Z,141.88222000000005,40.77627,bird_091,K18F04,8,2018,38081.1678374142,11,2018_bird_091_11_trip
2018-05-28T19:08:16Z,141.8856,40.778830000000006,bird_091,K18F04,8,2018,38483.87159535515,11,2018_bird_091_11_trip
2018-05-28T19:09:16Z,141.88617000000002,40.78036,bird_091,K18F04,8,2018,38636.26390119963,11,2018_bird_091_11_trip
2018-05-28T19:10:16Z,141.88642000000004,40.78012,bird_091,K18F04,8,2018,38633.00003974221,11,2018_bird_091_11_trip
2018-05-28T19:11:16Z,141.89026,40.7838,bird_091,K18F04,8,2018,39149.93698327776,11,2018_bird_091_11_trip
2018-05-28T19:12:16Z,141.88823000000005,40.78209,bird_091,K18F04,8,2018,38894.7804859326,11,2018_bird_091_11_trip
2018-05-28T19:13:16Z,141.88598000000002,40.7779,bird_091,K18F04,8,2018,38435.70632261308,11,2018_bird_091_11_trip
2018-05-28T19:14:16Z,141.88270000000003,40.772830000000006,bird_091,K18F04,8,2018,37847.41254001385,11,2018_bird_091_11_trip
2018-05-28T19:15:16Z,141.87954,40.76789,bird_091,K18F04,8,2018,37277.62581124522,11,2018_bird_091_11_trip
2018-05-28T19:16:16Z,141.87494,40.763470000000005,bird_091,K18F04,8,2018,36658.98512058781,11,2018_bird_091_11_trip
2018-05-28T19:17:16Z,141.86916,40.75968,bird_091,K18F04,8,2018,36014.9479164225,11,2018_bird_091_11_trip
2018-05-28T19:18:16Z,141.86318,40.75669,bird_091,K18F04,8,2018,35419.11104736482,11,2018_bird_091_11_trip
2018-05-28T19:19:16Z,141.85761000000002,40.752930000000006,bird_091,K18F04,8,2018,34790.35694772579,11,2018_bird_091_11_trip
2018-05-28T19:20:16Z,141.85168000000002,40.74987,bird_091,K18F04,8,2018,34192.591814192274,11,2018_bird_091_11_trip
2018-05-28T19:21:16Z,141.84784000000002,40.74549,bird_091,K18F04,8,2018,33623.41426637814,11,2018_bird_091_11_trip
2018-05-28T19:22:16Z,141.84375999999995,40.74011000000001,bird_091,K18F04,8,2018,32964.528536198035,11,2018_bird_091_11_trip
2018-05-28T19:23:16Z,141.83736000000002,40.73677000000001,bird_091,K18F04,8,2018,32315.77887165178,11,2018_bird_091_11_trip
2018-05-28T19:24:16Z,141.83163000000002,40.73293000000001,bird_091,K18F04,8,2018,31670.917855887816,11,2018_bird_091_11_trip
2018-05-28T19:25:16Z,141.82479,40.73095000000001,bird_091,K18F04,8,2018,31098.684541836712,11,2018_bird_091_11_trip
2018-05-28T19:26:16Z,141.82066,40.72535000000001,bird_091,K18F04,8,2018,30419.045756028336,11,2018_bird_091_11_trip
2018-05-28T19:27:16Z,141.81584999999998,40.720780000000005,bird_091,K18F04,8,2018,29776.05712601198,11,2018_bird_091_11_trip
2018-05-28T19:28:16Z,141.81107,40.71624,bird_091,K18F04,8,2018,29137.480525658404,11,2018_bird_091_11_trip
2018-05-28T19:29:16Z,141.80704000000003,40.71092,bird_091,K18F04,8,2018,28487.93483402967,11,2018_bird_091_11_trip
2018-05-28T19:30:15Z,141.80181000000002,40.70654,bird_091,K18F04,8,2018,27833.977344590192,11,2018_bird_091_11_trip
2018-05-28T19:31:16Z,141.79509,40.703100000000006,bird_091,K18F04,8,2018,27156.48215054321,11,2018_bird_091_11_trip
2018-05-28T19:32:15Z,141.78944,40.699290000000005,bird_091,K18F04,8,2018,26518.54479406173,11,2018_bird_091_11_trip
2018-05-28T19:33:15Z,141.78508,40.69483,bird_091,K18F04,8,2018,25913.11379285068,11,2018_bird_091_11_trip
2018-05-28T19:34:16Z,141.77967999999996,40.69102,bird_091,K18F04,8,2018,25290.82358200524,11,2018_bird_091_11_trip
2018-05-28T19:35:16Z,141.77409999999998,40.68727,bird_091,K18F04,8,2018,24661.650488561227,11,2018_bird_091_11_trip
2018-05-28T19:36:16Z,141.76832000000002,40.68288,bird_091,K18F04,8,2018,23972.398886168645,11,2018_bird_091_11_trip
2018-05-28T19:37:16Z,141.76192,40.67884,bird_091,K18F04,8,2018,23270.076168494394,11,2018_bird_091_11_trip
2018-05-28T19:38:15Z,141.75682,40.67371000000001,bird_091,K18F04,8,2018,22569.00558972972,11,2018_bird_091_11_trip
2018-05-28T19:39:15Z,141.75133000000002,40.66939000000001,bird_091,K18F04,8,2018,21903.4429528836,11,2018_bird_091_11_trip
2018-05-28T19:40:16Z,141.74482999999998,40.66568,bird_091,K18F04,8,2018,21218.85831306972,11,2018_bird_091_11_trip
2018-05-28T19:41:16Z,141.73901999999998,40.66233000000001,bird_091,K18F04,8,2018,20604.55684840585,11,2018_bird_091_11_trip
2018-05-28T19:42:17Z,141.73391999999998,40.65773,bird_091,K18F04,8,2018,19942.847367854814,11,2018_bird_091_11_trip
2018-05-28T19:43:16Z,141.72773,40.65514,bird_091,K18F04,8,2018,19360.637285975095,11,2018_bird_091_11_trip
2018-05-28T19:44:17Z,141.72236,40.65037,bird_091,K18F04,8,2018,18669.084645275965,11,2018_bird_091_11_trip
2018-05-28T19:45:16Z,141.71717999999998,40.645500000000006,bird_091,K18F04,8,2018,17982.729974325597,11,2018_bird_091_11_trip
2018-05-28T19:46:16Z,141.71490999999995,40.63913000000001,bird_091,K18F04,8,2018,17376.65180902181,11,2018_bird_091_11_trip
2018-05-28T19:47:16Z,141.71265999999997,40.632810000000006,bird_091,K18F04,8,2018,16785.457351494042,11,2018_bird_091_11_trip
2018-05-28T19:48:16Z,141.7084,40.62591000000001,bird_091,K18F04,8,2018,16030.786328934444,11,2018_bird_091_11_trip
2018-05-28T19:49:17Z,141.70452999999998,40.61927,bird_091,K18F04,8,2018,15329.3637563478,11,2018_bird_091_11_trip
2018-05-28T19:50:17Z,141.69962999999998,40.61352,bird_091,K18F04,8,2018,14622.606183090798,11,2018_bird_091_11_trip
2018-05-28T19:51:16Z,141.69257,40.61055,bird_091,K18F04,8,2018,13943.734755989904,11,2018_bird_091_11_trip
2018-05-28T19:52:16Z,141.68552,40.60707,bird_091,K18F04,8,2018,13233.32262373404,11,2018_bird_091_11_trip
2018-05-28T19:53:16Z,141.67785999999998,40.60402,bird_091,K18F04,8,2018,12508.40057225817,11,2018_bird_091_11_trip
2018-05-28T19:54:17Z,141.67179,40.59917000000001,bird_091,K18F04,8,2018,11778.312729085404,11,2018_bird_091_11_trip
2018-05-28T19:55:17Z,141.66414,40.5962,bird_091,K18F04,8,2018,11058.780183773992,11,2018_bird_091_11_trip
2018-05-28T19:56:17Z,141.65828000000002,40.59146,bird_091,K18F04,8,2018,10350.765290456904,11,2018_bird_091_11_trip
2018-05-28T19:57:44Z,141.65027,40.58407,bird_091,K18F04,8,2018,9331.614551832809,11,2018_bird_091_11_trip
2018-05-28T19:58:15Z,141.64742,40.58163,bird_091,K18F04,8,2018,8982.6758306497,11,2018_bird_091_11_trip
2018-05-28T19:59:16Z,141.64138,40.57647,bird_091,K18F04,8,2018,8247.721063171357,11,2018_bird_091_11_trip
2018-05-28T20:00:16Z,141.63343,40.57489,bird_091,K18F04,8,2018,7581.517711612128,11,2018_bird_091_11_trip
2018-05-28T20:01:16Z,141.62755,40.56942,bird_091,K18F04,8,2018,6841.61740856888,11,2018_bird_091_11_trip
2018-05-28T20:02:15Z,141.62229000000002,40.56418,bird_091,K18F04,8,2018,6171.395426439497,11,2018_bird_091_11_trip
2018-05-28T20:03:16Z,141.61677999999998,40.55826,bird_091,K18F04,8,2018,5467.1868225953785,11,2018_bird_091_11_trip
2018-05-28T20:04:15Z,141.61477999999997,40.5517,bird_091,K18F04,8,2018,5057.042742294606,11,2018_bird_091_11_trip
2018-05-28T20:05:15Z,141.61264,40.54499,bird_091,K18F04,8,2018,4716.040653997838,11,2018_bird_091_11_trip
2018-05-28T20:06:16Z,141.61091,40.53797,bird_091,K18F04,8,2018,4516.689141997179,11,2018_bird_091_11_trip
2018-05-28T20:07:16Z,141.60641,40.53189,bird_091,K18F04,8,2018,4201.80317847787,11,2018_bird_091_11_trip
2018-05-28T20:08:16Z,141.60106,40.52599000000001,bird_091,K18F04,8,2018,3939.4993620330006,11,2018_bird_091_11_trip
2018-05-28T20:09:15Z,141.59508,40.52192,bird_091,K18F04,8,2018,3676.478704302695,11,2018_bird_091_11_trip
2018-05-28T20:10:16Z,141.5895,40.52065,bird_091,K18F04,8,2018,3358.581022085479,11,2018_bird_091_11_trip
2018-05-28T20:11:16Z,141.58951,40.52068,bird_091,K18F04,8,2018,3357.2860992466453,11,2018_bird_091_11_trip
2018-05-28T20:12:16Z,141.58939,40.52054,bird_091,K18F04,8,2018,3358.36969512159,11,2018_bird_091_11_trip
2018-05-28T20:13:18Z,141.58961,40.520570000000006,bird_091,K18F04,8,2018,3371.356814691094,11,2018_bird_091_11_trip
2018-05-28T20:14:16Z,141.5895,40.52064,bird_091,K18F04,8,2018,3359.2405592659597,11,2018_bird_091_11_trip
2018-05-28T20:15:16Z,141.58956999999998,40.52064,bird_091,K18F04,8,2018,3364.0142292797486,11,2018_bird_091_11_trip
2018-05-28T20:16:16Z,141.58953,40.5206,bird_091,K18F04,8,2018,3363.924884826512,11,2018_bird_091_11_trip
2018-05-28T20:17:17Z,141.5895,40.52065,bird_091,K18F04,8,2018,3358.581022085479,11,2018_bird_091_11_trip
2018-05-28T20:18:15Z,141.58941000000002,40.52067,bird_091,K18F04,8,2018,3351.126898281881,11,2018_bird_091_11_trip
2018-05-28T20:19:15Z,141.58964,40.52055000000001,bird_091,K18F04,8,2018,3374.721267459172,11,2018_bird_091_11_trip
2018-05-28T20:20:15Z,141.58963,40.52066,bird_091,K18F04,8,2018,3366.7935089837774,11,2018_bird_091_11_trip
2018-05-28T20:21:15Z,141.58954999999995,40.52058,bird_091,K18F04,8,2018,3366.608144503387,11,2018_bird_091_11_trip
2018-05-28T20:22:16Z,141.58954,40.520700000000005,bird_091,K18F04,8,2018,3358.0174729827545,11,2018_bird_091_11_trip
2018-05-28T20:23:14Z,141.58954,40.52076,bird_091,K18F04,8,2018,3354.075608689559,11,2018_bird_091_11_trip
2018-05-28T20:24:16Z,141.58955999999998,40.52054,bird_091,K18F04,8,2018,3369.932446802821,11,2018_bird_091_11_trip
2018-05-28T20:25:17Z,141.58942000000002,40.52051000000001,bird_091,K18F04,8,2018,3362.3989330668983,11,2018_bird_091_11_trip
2018-05-28T20:26:17Z,141.58944000000002,40.520590000000006,bird_091,K18F04,8,2018,3358.4570436453528,11,2018_bird_091_11_trip
2018-05-28T20:27:15Z,141.58949,40.520610000000005,bird_091,K18F04,8,2018,3360.539345096843,11,2018_bird_091_11_trip
2018-05-28T20:28:15Z,141.5895,40.52071000000001,bird_091,K18F04,8,2018,3354.6287951047943,11,2018_bird_091_11_trip
2018-05-28T20:29:15Z,141.58943000000002,40.52069,bird_091,K18F04,8,2018,3351.170588307013,11,2018_bird_091_11_trip
2018-05-28T20:30:15Z,141.58944000000002,40.52069,bird_091,K18F04,8,2018,3351.8524569052884,11,2018_bird_091_11_trip
2018-05-28T20:31:15Z,141.58949,40.52068,bird_091,K18F04,8,2018,3355.9216502994745,11,2018_bird_091_11_trip
2018-05-28T20:32:15Z,141.58946,40.520520000000005,bird_091,K18F04,8,2018,3364.453762314098,11,2018_bird_091_11_trip
2018-05-28T20:33:17Z,141.58948,40.52068,bird_091,K18F04,8,2018,3355.2395387069837,11,2018_bird_091_11_trip
2018-05-28T20:34:17Z,141.58943000000002,40.52071000000001,bird_091,K18F04,8,2018,3349.8522569153315,11,2018_bird_091_11_trip
2018-05-28T20:35:15Z,141.5895,40.52063,bird_091,K18F04,8,2018,3359.9003339849437,11,2018_bird_091_11_trip
2018-05-28T20:36:16Z,141.58963,40.52067,bird_091,K18F04,8,2018,3366.1361830024052,11,2018_bird_091_11_trip
2018-05-28T20:37:15Z,141.5895,40.52067,bird_091,K18F04,8,2018,3357.2626608923515,11,2018_bird_091_11_trip
2018-05-28T20:38:15Z,141.5894,40.52069,bird_091,K18F04,8,2018,3349.125435728149,11,2018_bird_091_11_trip
2018-05-28T20:39:15Z,141.58954999999995,40.52074,bird_091,K18F04,8,2018,3356.0719722064255,11,2018_bird_091_11_trip
2018-05-28T20:40:17Z,141.58942000000002,40.52073000000001,bird_091,K18F04,8,2018,3347.852550028292,11,2018_bird_091_11_trip
2018-05-28T20:41:15Z,141.5894,40.52076,bird_091,K18F04,8,2018,3344.5126350291175,11,2018_bird_091_11_trip
2018-05-28T20:42:15Z,141.58938,40.52067,bird_091,K18F04,8,2018,3349.083004602621,11,2018_bird_091_11_trip
2018-05-28T20:43:16Z,141.58938,40.52076,bird_091,K18F04,8,2018,3343.1476988253808,11,2018_bird_091_11_trip
2018-05-28T20:44:16Z,141.58918,40.52128,bird_091,K18F04,8,2018,3295.4645094416965,11,2018_bird_091_11_trip
2018-05-28T20:45:16Z,141.58528,40.52669,bird_091,K18F04,8,2018,2692.551854784683,11,2018_bird_091_11_trip
2018-05-28T20:46:17Z,141.58279000000002,40.53235000000001,bird_091,K18F04,8,2018,2244.1513956454055,11,2018_bird_091_11_trip
2018-05-28T20:47:17Z,141.58128000000002,40.537,bird_091,K18F04,8,2018,2013.824879515266,11,2018_bird_091_11_trip
2018-05-28T20:48:16Z,141.57721,40.54149,bird_091,K18F04,8,2018,1691.6313119372137,11,2018_bird_091_11_trip
2018-05-28T20:49:15Z,141.57005999999998,40.54228,bird_091,K18F04,8,2018,1131.4179408553373,11,2018_bird_091_11_trip
2018-05-13T02:55:04Z,141.53094000000002,40.54533000000001,bird_010,K18F33,20,2018,2378.967303804889,2,2018_bird_010_2_trip
2018-05-13T03:00:05Z,141.51465999999996,40.54685,bird_010,K18F33,20,2018,3751.291626503004,2,2018_bird_010_2_trip
2018-05-13T03:05:03Z,141.51339,40.5452,bird_010,K18F33,20,2018,3816.411241239777,2,2018_bird_010_2_trip
2018-05-13T03:10:05Z,141.51582,40.56654,bird_010,K18F33,20,2018,4706.0670453893135,2,2018_bird_010_2_trip
2018-05-13T03:15:03Z,141.52961,40.59474,bird_010,K18F33,20,2018,6668.953386671134,2,2018_bird_010_2_trip
2018-05-13T03:20:04Z,141.54555999999997,40.62337000000001,bird_010,K18F33,20,2018,9467.731119456002,2,2018_bird_010_2_trip
2018-05-13T03:25:03Z,141.56759,40.64517000000001,bird_010,K18F33,20,2018,11863.647289688815,2,2018_bird_010_2_trip
2018-05-13T03:30:05Z,141.59108,40.663810000000005,bird_010,K18F33,20,2018,14189.200226490064,2,2018_bird_010_2_trip
2018-05-13T03:35:03Z,141.62269,40.67597000000001,bird_010,K18F33,20,2018,16217.8899748723,2,2018_bird_010_2_trip
2018-05-13T03:40:04Z,141.65071,40.69507000000001,bird_010,K18F33,20,2018,19077.65418782971,2,2018_bird_010_2_trip
2018-05-13T03:45:03Z,141.67175999999998,40.7004,bird_010,K18F33,20,2018,20398.74083926128,2,2018_bird_010_2_trip
2018-05-13T03:50:03Z,141.69618,40.71772,bird_010,K18F33,20,2018,23088.415992240964,2,2018_bird_010_2_trip
2018-05-13T03:55:05Z,141.71314999999996,40.72241000000001,bird_010,K18F33,20,2018,24285.40166830904,2,2018_bird_010_2_trip
2018-05-13T04:00:04Z,141.72224000000003,40.733700000000006,bird_010,K18F33,20,2018,25755.22846367371,2,2018_bird_010_2_trip
2018-05-13T04:05:03Z,141.73295,40.76052000000001,bird_010,K18F33,20,2018,28761.449909822102,2,2018_bird_010_2_trip
2018-05-13T04:10:03Z,141.72305999999998,40.78528,bird_010,K18F33,20,2018,30758.9428565739,2,2018_bird_010_2_trip
2018-05-13T04:15:05Z,141.72042000000002,40.79601000000001,bird_010,K18F33,20,2018,31726.714978219738,2,2018_bird_010_2_trip
2018-05-13T04:20:05Z,141.72184,40.79569000000001,bird_010,K18F33,20,2018,31747.056489963936,2,2018_bird_010_2_trip
2018-05-13T04:25:05Z,141.72348,40.795260000000006,bird_010,K18F33,20,2018,31765.13036266128,2,2018_bird_010_2_trip
2018-05-13T04:30:05Z,141.72495999999998,40.79495000000001,bird_010,K18F33,20,2018,31789.77105862918,2,2018_bird_010_2_trip
2018-05-13T04:35:04Z,141.72652,40.79465,bird_010,K18F33,20,2018,31818.95061885213,2,2018_bird_010_2_trip
2018-05-13T04:40:04Z,141.72835,40.79453000000001,bird_010,K18F33,20,2018,31876.836082979396,2,2018_bird_010_2_trip
2018-05-13T04:45:05Z,141.72955999999996,40.79841000000001,bird_010,K18F33,20,2018,32307.29853996836,2,2018_bird_010_2_trip
2018-05-13T04:50:05Z,141.72207,40.816779999999994,bird_010,K18F33,20,2018,33875.716555591964,2,2018_bird_010_2_trip
2018-05-13T04:55:05Z,141.72443,40.816399999999994,bird_010,K18F33,20,2018,33919.73379901798,2,2018_bird_010_2_trip
2018-05-13T05:00:04Z,141.72598,40.8163,bird_010,K18F33,20,2018,33964.353183876396,2,2018_bird_010_2_trip
2018-05-13T05:05:34Z,141.7275,40.81561,bird_010,K18F33,20,2018,33949.00063884414,2,2018_bird_010_2_trip
2018-05-13T05:10:03Z,141.72647,40.81573,bird_010,K18F33,20,2018,33924.33142353413,2,2018_bird_010_2_trip
2018-05-13T05:15:04Z,141.72763,40.81527,bird_010,K18F33,20,2018,33919.465146714676,2,2018_bird_010_2_trip
2018-05-13T05:20:04Z,141.72913,40.81513,bird_010,K18F33,20,2018,33959.35084573057,2,2018_bird_010_2_trip
2018-05-13T05:25:04Z,141.73057999999995,40.81482999999999,bird_010,K18F33,20,2018,33981.81972883343,2,2018_bird_010_2_trip
2018-05-13T05:30:04Z,141.73203,40.814539999999994,bird_010,K18F33,20,2018,34005.7489948197,2,2018_bird_010_2_trip
2018-05-13T05:35:04Z,141.73351999999997,40.814139999999995,bird_010,K18F33,20,2018,34020.630376211615,2,2018_bird_010_2_trip
2018-05-13T05:40:04Z,141.73488999999998,40.81383,bird_010,K18F33,20,2018,34040.529231580076,2,2018_bird_010_2_trip
2018-05-13T05:45:04Z,141.73626,40.81357,bird_010,K18F33,20,2018,34065.81987949814,2,2018_bird_010_2_trip
2018-05-13T05:50:04Z,141.73774,40.813399999999994,bird_010,K18F33,20,2018,34104.6010028911,2,2018_bird_010_2_trip
2018-05-13T05:55:04Z,141.73918999999998,40.81312,bird_010,K18F33,20,2018,34131.76198127488,2,2018_bird_010_2_trip
2018-05-13T06:00:04Z,141.74065999999996,40.81299,bird_010,K18F33,20,2018,34174.97894239477,2,2018_bird_010_2_trip
2018-05-13T06:05:04Z,141.74217,40.812819999999995,bird_010,K18F33,20,2018,34216.189903174265,2,2018_bird_010_2_trip
2018-05-13T06:10:04Z,141.74389999999997,40.81272,bird_010,K18F33,20,2018,34273.28340843004,2,2018_bird_010_2_trip
2018-05-13T06:15:04Z,141.74898,40.81242,bird_010,K18F33,20,2018,34443.375421795005,2,2018_bird_010_2_trip
2018-05-13T06:20:05Z,141.76664999999997,40.81441999999999,bird_010,K18F33,20,2018,35361.9652325714,2,2018_bird_010_2_trip
2018-05-13T06:25:05Z,141.75857,40.79413000000001,bird_010,K18F33,20,2018,33074.59062293016,2,2018_bird_010_2_trip
2018-05-13T06:30:04Z,141.72215,40.77195,bird_010,K18F33,20,2018,29412.536487905923,2,2018_bird_010_2_trip
2018-05-13T06:35:03Z,141.70065999999997,40.764010000000006,bird_010,K18F33,20,2018,27801.379983506013,2,2018_bird_010_2_trip
2018-05-13T06:40:04Z,141.70950999999997,40.74356,bird_010,K18F33,20,2018,26136.40030814112,2,2018_bird_010_2_trip
2018-05-13T06:45:04Z,141.69613,40.73027,bird_010,K18F33,20,2018,24296.75038616004,2,2018_bird_010_2_trip
2018-05-13T06:50:04Z,141.67480999999998,40.7049,bird_010,K18F33,20,2018,20960.93401279501,2,2018_bird_010_2_trip
2018-05-13T06:55:04Z,141.65428,40.67641,bird_010,K18F33,20,2018,17352.653123920238,2,2018_bird_010_2_trip
2018-05-13T07:00:03Z,141.62877,40.65118,bird_010,K18F33,20,2018,13876.683549113097,2,2018_bird_010_2_trip
2018-05-13T07:05:03Z,141.60155999999998,40.62469,bird_010,K18F33,20,2018,10258.1457153938,2,2018_bird_010_2_trip
2018-05-13T07:10:03Z,141.57371999999998,40.596970000000006,bird_010,K18F33,20,2018,6623.187987202181,2,2018_bird_010_2_trip
2018-05-13T07:15:03Z,141.5518,40.565830000000005,bird_010,K18F33,20,2018,3062.7736494035485,2,2018_bird_010_2_trip
2018-05-13T07:20:06Z,141.54554,40.54929,bird_010,K18F33,20,2018,1565.81429503773,2,2018_bird_010_2_trip
2018-05-13T07:25:06Z,141.54554,40.54937,bird_010,K18F33,20,2018,1572.5555119082112,2,2018_bird_010_2_trip
2018-05-13T07:30:05Z,141.54548,40.54934,bird_010,K18F33,20,2018,1573.3380323649883,2,2018_bird_010_2_trip
2018-05-13T07:35:07Z,141.54549,40.54934,bird_010,K18F33,20,2018,1572.7852137475968,2,2018_bird_010_2_trip
2018-05-13T07:40:04Z,141.54547,40.549330000000005,bird_010,K18F33,20,2018,1573.0503646077227,2,2018_bird_010_2_trip
2018-05-13T07:45:04Z,141.54544,40.54934,bird_010,K18F33,20,2018,1575.5519218601164,2,2018_bird_010_2_trip
2018-05-13T07:50:04Z,141.54556999999997,40.54924,bird_010,K18F33,20,2018,1559.9500679630064,2,2018_bird_010_2_trip
2018-05-13T07:55:03Z,141.54549,40.54939,bird_010,K18F33,20,2018,1576.996908848718,2,2018_bird_010_2_trip
2018-05-13T08:00:33Z,141.54551999999998,40.5493,bird_010,K18F33,20,2018,1567.7614246653,2,2018_bird_010_2_trip
2018-05-13T08:05:04Z,141.54545,40.5493,bird_010,K18F33,20,2018,1571.639443523504,2,2018_bird_010_2_trip
2018-05-13T08:10:03Z,141.54541,40.54928,bird_010,K18F33,20,2018,1572.1862772572335,2,2018_bird_010_2_trip
2018-05-13T17:15:35Z,141.57589,40.55441,bird_010,K18F33,20,2018,2340.814321219141,3,2018_bird_010_3_trip
2018-05-13T17:20:09Z,141.60431,40.569700000000005,bird_010,K18F33,20,2018,5250.936151553004,3,2018_bird_010_3_trip
2018-05-13T17:25:08Z,141.6208,40.58093,bird_010,K18F33,20,2018,7122.910715778782,3,2018_bird_010_3_trip
2018-05-13T17:30:09Z,141.62555999999998,40.59049,bird_010,K18F33,20,2018,8143.390375616248,3,2018_bird_010_3_trip
2018-05-13T17:35:08Z,141.62491,40.59317000000001,bird_010,K18F33,20,2018,8318.7008792707,3,2018_bird_010_3_trip
2018-05-13T17:40:08Z,141.61532,40.59391000000001,bird_010,K18F33,20,2018,7848.858966900283,3,2018_bird_010_3_trip
2018-05-13T17:45:08Z,141.61577999999997,40.59436,bird_010,K18F33,20,2018,7912.205960595402,3,2018_bird_010_3_trip
2018-05-13T17:50:35Z,141.63293000000002,40.61253000000001,bird_010,K18F33,20,2018,10395.518779530765,3,2018_bird_010_3_trip
2018-05-13T17:55:05Z,141.63646,40.61916,bird_010,K18F33,20,2018,11162.168195387594,3,2018_bird_010_3_trip
2018-05-13T18:00:05Z,141.6373,40.62077000000001,bird_010,K18F33,20,2018,11348.046506538274,3,2018_bird_010_3_trip
2018-05-13T18:05:05Z,141.64637,40.63096,bird_010,K18F33,20,2018,12714.245039967878,3,2018_bird_010_3_trip
2018-05-13T18:10:06Z,141.64934999999997,40.63495,bird_010,K18F33,20,2018,13220.753313915808,3,2018_bird_010_3_trip
2018-05-13T18:15:05Z,141.65592,40.64064,bird_010,K18F33,20,2018,14058.849959516265,3,2018_bird_010_3_trip
2018-05-13T18:20:05Z,141.65863000000002,40.65039,bird_010,K18F33,20,2018,15073.80154722346,3,2018_bird_010_3_trip
2018-05-13T18:25:05Z,141.65548,40.66148,bird_010,K18F33,20,2018,15962.74581524796,3,2018_bird_010_3_trip
2018-05-13T18:30:04Z,141.65897,40.67503000000001,bird_010,K18F33,20,2018,17409.832534049143,3,2018_bird_010_3_trip
2018-05-13T18:35:05Z,141.65704000000002,40.68003,bird_010,K18F33,20,2018,17817.192494381517,3,2018_bird_010_3_trip
2018-05-13T18:40:05Z,141.66264,40.67452,bird_010,K18F33,20,2018,17516.16213980554,3,2018_bird_010_3_trip
2018-05-13T18:45:04Z,141.66343,40.67449,bird_010,K18F33,20,2018,17547.325189491454,3,2018_bird_010_3_trip
2018-05-13T18:50:05Z,141.66566999999998,40.679570000000005,bird_010,K18F33,20,2018,18129.448422664085,3,2018_bird_010_3_trip
2018-05-13T18:55:03Z,141.6663,40.68014,bird_010,K18F33,20,2018,18210.98358052646,3,2018_bird_010_3_trip
2018-05-13T19:00:04Z,141.66873,40.68215000000001,bird_010,K18F33,20,2018,18507.54214089548,3,2018_bird_010_3_trip
2018-05-13T19:05:06Z,141.69086,40.69678,bird_010,K18F33,20,2018,20872.653720247585,3,2018_bird_010_3_trip
2018-05-13T19:10:09Z,141.72005,40.70871000000001,bird_010,K18F33,20,2018,23360.961332625793,3,2018_bird_010_3_trip
2018-05-13T19:15:08Z,141.74370999999996,40.71549,bird_010,K18F33,20,2018,25174.596292890787,3,2018_bird_010_3_trip
2018-05-13T19:20:09Z,141.72292000000002,40.69702,bird_010,K18F33,20,2018,22475.443654239087,3,2018_bird_010_3_trip
2018-05-13T19:25:09Z,141.69546,40.67132,bird_010,K18F33,20,2018,18796.876914825465,3,2018_bird_010_3_trip
2018-05-13T19:30:09Z,141.66468999999998,40.64762,bird_010,K18F33,20,2018,15123.415576012248,3,2018_bird_010_3_trip
2018-05-13T19:35:08Z,141.64754,40.61753,bird_010,K18F33,20,2018,11610.216782774396,3,2018_bird_010_3_trip
2018-05-13T19:40:09Z,141.63241000000002,40.58618,bird_010,K18F33,20,2018,8248.939989455395,3,2018_bird_010_3_trip
2018-05-13T19:45:35Z,141.60573,40.55985999999999,bird_010,K18F33,20,2018,4710.531031096362,3,2018_bird_010_3_trip
2018-05-13T19:50:06Z,141.57683,40.54919,bird_010,K18F33,20,2018,2008.5156733485512,3,2018_bird_010_3_trip
2018-05-22T22:45:18Z,141.56373,40.55115,bird_010,K18F33,20,2018,1486.4813662435258,15,2018_bird_010_15_trip
2018-05-22T22:50:18Z,141.58562,40.5811,bird_010,K18F33,20,2018,5281.74072427452,15,2018_bird_010_15_trip
2018-05-22T22:55:17Z,141.60756999999998,40.60928,bird_010,K18F33,20,2018,8915.838136499964,15,2018_bird_010_15_trip
2018-05-22T23:00:18Z,141.62311,40.63821000000001,bird_010,K18F33,20,2018,12372.965140023576,15,2018_bird_010_15_trip
2018-05-22T23:05:16Z,141.64315999999997,40.66708,bird_010,K18F33,20,2018,15999.10803457888,15,2018_bird_010_15_trip
2018-05-22T23:10:44Z,141.66538,40.70205000000001,bird_010,K18F33,20,2018,20312.21325141683,15,2018_bird_010_15_trip
2018-05-22T23:15:16Z,141.68457999999998,40.73031000000001,bird_010,K18F33,20,2018,23844.7926546909,15,2018_bird_010_15_trip
2018-05-22T23:20:15Z,141.69291,40.763270000000006,bird_010,K18F33,20,2018,27447.755449844663,15,2018_bird_010_15_trip
2018-05-22T23:25:15Z,141.71284999999995,40.78233000000001,bird_010,K18F33,20,2018,30080.976080425764,15,2018_bird_010_15_trip
2018-05-22T23:30:14Z,141.73274,40.80999,bird_010,K18F33,20,2018,33577.819118493004,15,2018_bird_010_15_trip
2018-05-22T23:35:15Z,141.74966999999995,40.84527,bird_010,K18F33,20,2018,37726.13330871784,15,2018_bird_010_15_trip
2018-05-22T23:40:15Z,141.76097,40.853739999999995,bird_010,K18F33,20,2018,38988.4112874252,15,2018_bird_010_15_trip
2018-05-22T23:45:16Z,141.7627,40.85003,bird_010,K18F33,20,2018,38684.55561511755,15,2018_bird_010_15_trip
2018-05-22T23:50:17Z,141.75492,40.82927,bird_010,K18F33,20,2018,36332.81930380006,15,2018_bird_010_15_trip
2018-05-22T23:55:17Z,141.75481,40.82887,bird_010,K18F33,20,2018,36289.11286986523,15,2018_bird_010_15_trip
2018-05-23T00:00:17Z,141.75449,40.82846,bird_010,K18F33,20,2018,36236.267342017214,15,2018_bird_010_15_trip
2018-05-23T00:05:15Z,141.74673,40.81272,bird_010,K18F33,20,2018,34383.89689055699,15,2018_bird_010_15_trip
2018-05-23T00:10:17Z,141.73717,40.78356,bird_010,K18F33,20,2018,31152.907960391607,15,2018_bird_010_15_trip
2018-05-23T00:15:16Z,141.72177,40.75499,bird_010,K18F33,20,2018,27752.371830625325,15,2018_bird_010_15_trip
2018-05-23T00:20:15Z,141.70822,40.726040000000005,bird_010,K18F33,20,2018,24404.63379482101,15,2018_bird_010_15_trip
2018-05-23T00:25:14Z,141.69253,40.69894000000001,bird_010,K18F33,20,2018,21150.74874880338,15,2018_bird_010_15_trip
2018-05-23T00:30:16Z,141.67980999999995,40.67229,bird_010,K18F33,20,2018,18092.9132155387,15,2018_bird_010_15_trip
2018-05-23T00:35:14Z,141.66922,40.64584,bird_010,K18F33,20,2018,15201.076670612212,15,2018_bird_010_15_trip
2018-05-23T00:40:15Z,141.65231000000003,40.61947,bird_010,K18F33,20,2018,12038.763794617504,15,2018_bird_010_15_trip
2018-05-23T00:45:15Z,141.62967999999998,40.59546,bird_010,K18F33,20,2018,8781.447537752603,15,2018_bird_010_15_trip
2018-05-23T00:50:15Z,141.60393,40.572950000000006,bird_010,K18F33,20,2018,5471.786317480097,15,2018_bird_010_15_trip
2018-05-23T00:55:14Z,141.57450999999998,40.54655,bird_010,K18F33,20,2018,1682.107577975972,15,2018_bird_010_15_trip
2018-05-23T18:40:49Z,141.64077999999998,40.61576,bird_010,K18F33,20,2018,11090.646430898883,16,2018_bird_010_16_trip
2018-05-23T18:45:19Z,141.66029,40.639190000000006,bird_010,K18F33,20,2018,14153.618335621006,16,2018_bird_010_16_trip
2018-05-23T18:50:18Z,141.67894,40.66172,bird_010,K18F33,20,2018,17099.142060234626,16,2018_bird_010_16_trip
2018-05-23T18:55:17Z,141.69665999999998,40.68027,bird_010,K18F33,20,2018,19646.028018201065,16,2018_bird_010_16_trip
2018-05-23T19:00:17Z,141.72318,40.69758,bird_010,K18F33,20,2018,22537.78421035713,16,2018_bird_010_16_trip
2018-05-23T19:05:18Z,141.75529,40.71118,bird_010,K18F33,20,2018,25436.57666870392,16,2018_bird_010_16_trip
2018-05-23T19:10:18Z,141.78405999999998,40.718430000000005,bird_010,K18F33,20,2018,27673.859852620004,16,2018_bird_010_16_trip
2018-05-23T19:15:17Z,141.81609,40.72847000000001,bird_010,K18F33,20,2018,30376.415055193764,16,2018_bird_010_16_trip
2018-05-23T19:20:17Z,141.84484999999998,40.73789,bird_010,K18F33,20,2018,32866.09391720297,16,2018_bird_010_16_trip
2018-05-23T19:25:17Z,141.87416,40.74797,bird_010,K18F33,20,2018,35461.41302216616,16,2018_bird_010_16_trip
2018-05-23T19:30:17Z,141.89711000000003,40.760250000000006,bird_010,K18F33,20,2018,37820.08311335684,16,2018_bird_010_16_trip
2018-05-23T19:35:22Z,141.91237,40.7764,bird_010,K18F33,20,2018,39967.880049471074,16,2018_bird_010_16_trip
2018-05-23T19:40:17Z,141.9441,40.78334,bird_010,K18F33,20,2018,42506.83521733608,16,2018_bird_010_16_trip
2018-05-23T19:45:17Z,141.9646,40.799020000000006,bird_010,K18F33,20,2018,44950.57973704567,16,2018_bird_010_16_trip
2018-05-23T19:50:17Z,141.97526,40.818639999999995,bird_010,K18F33,20,2018,47051.03097943609,16,2018_bird_010_16_trip
2018-05-23T19:55:18Z,141.98843000000005,40.84027999999999,bird_010,K18F33,20,2018,49482.05503053162,16,2018_bird_010_16_trip
2018-05-23T20:00:16Z,141.96579,40.85867999999999,bird_010,K18F33,20,2018,49532.847732174705,16,2018_bird_010_16_trip
2018-05-23T20:06:42Z,141.95542000000003,40.878530000000005,bird_010,K18F33,20,2018,50547.24706849902,16,2018_bird_010_16_trip
2018-05-23T20:10:16Z,141.96648000000002,40.88802,bird_010,K18F33,20,2018,51954.21200993831,16,2018_bird_010_16_trip
2018-05-23T20:15:18Z,141.95873000000003,40.906,bird_010,K18F33,20,2018,53038.174057322394,16,2018_bird_010_16_trip
2018-05-23T20:20:18Z,141.94444,40.92981,bird_010,K18F33,20,2018,54360.26792191569,16,2018_bird_010_16_trip
2018-05-23T20:25:18Z,141.9325,40.94806,bird_010,K18F33,20,2018,55408.1683170759,16,2018_bird_010_16_trip
2018-05-23T20:30:17Z,141.90394999999998,40.94354,bird_010,K18F33,20,2018,53645.48709186211,16,2018_bird_010_16_trip
2018-05-23T20:35:17Z,141.87868,40.91882,bird_010,K18F33,20,2018,50184.02676484651,16,2018_bird_010_16_trip
2018-05-23T20:40:18Z,141.85312000000002,40.89162,bird_010,K18F33,20,2018,46478.66927733397,16,2018_bird_010_16_trip
2018-05-23T20:45:17Z,141.82932000000002,40.86881,bird_010,K18F33,20,2018,43265.1867950195,16,2018_bird_010_16_trip
2018-05-23T20:50:17Z,141.79593,40.84137,bird_010,K18F33,20,2018,39194.67285740409,16,2018_bird_010_16_trip
2018-05-23T20:55:16Z,141.76758999999998,40.81215,bird_010,K18F33,20,2018,35184.03642192718,16,2018_bird_010_16_trip
2018-05-23T21:01:36Z,141.73244000000005,40.77577000000001,bird_010,K18F33,20,2018,30203.097942380005,16,2018_bird_010_16_trip
2018-05-23T21:05:17Z,141.70957999999996,40.75777,bird_010,K18F33,20,2018,27523.588737527687,16,2018_bird_010_16_trip
2018-05-23T21:10:17Z,141.68301,40.73122,bird_010,K18F33,20,2018,23875.708991363397,16,2018_bird_010_16_trip
2018-05-23T21:15:16Z,141.65333,40.70293000000001,bird_010,K18F33,20,2018,19964.578849234465,16,2018_bird_010_16_trip
2018-05-23T21:20:16Z,141.626,40.67386,bird_010,K18F33,20,2018,16096.346633744408,16,2018_bird_010_16_trip
2018-05-23T21:25:16Z,141.60126,40.64433,bird_010,K18F33,20,2018,12308.143875610896,16,2018_bird_010_16_trip
2018-05-23T21:30:16Z,141.58772000000002,40.615010000000005,bird_010,K18F33,20,2018,8859.247386714113,16,2018_bird_010_16_trip
2018-05-23T21:35:17Z,141.57658999999998,40.58554,bird_010,K18F33,20,2018,5454.204212359103,16,2018_bird_010_16_trip
2018-05-23T21:40:16Z,141.56944,40.55623,bird_010,K18F33,20,2018,2198.946526787017,16,2018_bird_010_16_trip
2018-05-24T05:10:18Z,141.58740000000003,40.565560000000005,bird_010,K18F33,20,2018,3915.160004512592,17,2018_bird_010_17_trip
2018-05-24T05:15:18Z,141.61218,40.58834,bird_010,K18F33,20,2018,7201.613194658468,17,2018_bird_010_17_trip
2018-05-24T05:20:16Z,141.64316999999997,40.60564,bird_010,K18F33,20,2018,10387.88601462134,17,2018_bird_010_17_trip
2018-05-24T05:25:16Z,141.66574,40.62839000000001,bird_010,K18F33,20,2018,13535.877018501174,17,2018_bird_010_17_trip
2018-05-24T05:30:15Z,141.69194000000002,40.64893000000001,bird_010,K18F33,20,2018,16715.262290099105,17,2018_bird_010_17_trip
2018-05-24T05:35:16Z,141.70827,40.67441,bird_010,K18F33,20,2018,19748.96585464788,17,2018_bird_010_17_trip
2018-05-24T05:40:17Z,141.72867,40.69690000000001,bird_010,K18F33,20,2018,22771.187749017707,17,2018_bird_010_17_trip
2018-05-24T05:45:16Z,141.73487999999998,40.72265000000001,bird_010,K18F33,20,2018,25350.244271205374,17,2018_bird_010_17_trip
2018-05-24T05:50:16Z,141.74847,40.74739,bird_010,K18F33,20,2018,28252.33309351124,17,2018_bird_010_17_trip
2018-05-24T05:55:15Z,141.73662,40.77147,bird_010,K18F33,20,2018,29964.92130616447,17,2018_bird_010_17_trip
2018-05-24T06:00:17Z,141.72894000000002,40.775580000000005,bird_010,K18F33,20,2018,30040.828980127026,17,2018_bird_010_17_trip
2018-05-24T06:05:18Z,141.72749000000002,40.77496,bird_010,K18F33,20,2018,29921.493619062418,17,2018_bird_010_17_trip
2018-05-24T06:10:17Z,141.72641000000002,40.77457,bird_010,K18F33,20,2018,29839.726289632,17,2018_bird_010_17_trip
2018-05-24T06:15:19Z,141.72432,40.77353000000001,bird_010,K18F33,20,2018,29653.968369068803,17,2018_bird_010_17_trip
2018-05-24T06:22:18Z,141.72379999999998,40.76993000000001,bird_010,K18F33,20,2018,29281.93311986054,17,2018_bird_010_17_trip
2018-05-24T06:25:16Z,141.72204000000002,40.77271000000001,bird_010,K18F33,20,2018,29482.49052538071,17,2018_bird_010_17_trip
2018-05-24T06:30:18Z,141.72115,40.772470000000006,bird_010,K18F33,20,2018,29423.547220611978,17,2018_bird_010_17_trip
2018-05-24T06:35:17Z,141.72571,40.784659999999995,bird_010,K18F33,20,2018,30800.458449235473,17,2018_bird_010_17_trip
2018-05-24T06:40:17Z,141.70074,40.77024,bird_010,K18F33,20,2018,28428.498232919035,17,2018_bird_010_17_trip
2018-05-24T06:45:15Z,141.68778,40.75205,bird_010,K18F33,20,2018,26135.034275862938,17,2018_bird_010_17_trip
2018-05-24T06:50:15Z,141.66278,40.730900000000005,bird_010,K18F33,20,2018,23133.24027937406,17,2018_bird_010_17_trip
2018-05-24T06:55:17Z,141.64142,40.70752,bird_010,K18F33,20,2018,20053.242872935592,17,2018_bird_010_17_trip
2018-05-24T07:00:16Z,141.6231,40.68431,bird_010,K18F33,20,2018,17102.967401312104,17,2018_bird_010_17_trip
2018-05-24T07:05:15Z,141.59992,40.662960000000005,bird_010,K18F33,20,2018,14265.965055466697,17,2018_bird_010_17_trip
2018-05-24T07:10:15Z,141.59037,40.63796,bird_010,K18F33,20,2018,11376.212377026835,17,2018_bird_010_17_trip
2018-05-24T07:15:15Z,141.57942,40.61097,bird_010,K18F33,20,2018,8245.293336320698,17,2018_bird_010_17_trip
2018-05-24T07:20:15Z,141.57278,40.58286,bird_010,K18F33,20,2018,5079.499263307798,17,2018_bird_010_17_trip
2018-05-24T07:25:15Z,141.56377999999998,40.55255,bird_010,K18F33,20,2018,1634.4121488236142,17,2018_bird_010_17_trip
2018-05-30T10:35:26Z,141.58973,40.55938,bird_010,K18F33,20,2018,3567.5169617345628,27,2018_bird_010_27_trip
2018-05-30T10:40:24Z,141.629,40.5682,bird_010,K18F33,20,2018,6882.581990665284,27,2018_bird_010_27_trip
2018-05-30T10:45:21Z,141.64366999999996,40.56888,bird_010,K18F33,20,2018,8027.683066957296,27,2018_bird_010_27_trip
2018-05-30T10:50:22Z,141.64334,40.5701,bird_010,K18F33,20,2018,8060.10098954653,27,2018_bird_010_27_trip
2018-05-30T10:55:21Z,141.64656999999997,40.56888,bird_010,K18F33,20,2018,8251.378996124804,27,2018_bird_010_27_trip
2018-05-30T11:00:22Z,141.67399999999998,40.56438,bird_010,K18F33,20,2018,10266.17402722422,27,2018_bird_010_27_trip
2018-05-30T11:05:22Z,141.67684999999997,40.5654,bird_010,K18F33,20,2018,10529.591640317452,27,2018_bird_010_27_trip
2018-05-30T11:10:21Z,141.71775999999997,40.56764,bird_010,K18F33,20,2018,13943.290937900314,27,2018_bird_010_27_trip
2018-05-30T11:15:22Z,141.75615,40.578570000000006,bird_010,K18F33,20,2018,17391.44961815185,27,2018_bird_010_27_trip
2018-05-30T11:20:23Z,141.77339999999998,40.584799999999994,bird_010,K18F33,20,2018,18982.080540856663,27,2018_bird_010_27_trip
2018-05-30T11:25:20Z,141.77414,40.58487999999999,bird_010,K18F33,20,2018,19044.811440182864,27,2018_bird_010_27_trip
2018-05-30T11:30:22Z,141.77568999999997,40.58503,bird_010,K18F33,20,2018,19175.696621340452,27,2018_bird_010_27_trip
2018-05-30T11:35:21Z,141.77649999999997,40.58525,bird_010,K18F33,20,2018,19248.309117954832,27,2018_bird_010_27_trip
2018-05-30T11:40:20Z,141.77714999999998,40.58508,bird_010,K18F33,20,2018,19296.29792144769,27,2018_bird_010_27_trip
2018-05-30T11:45:22Z,141.77849999999998,40.58512,bird_010,K18F33,20,2018,19407.66480680104,27,2018_bird_010_27_trip
2018-05-30T11:50:23Z,141.77971999999997,40.58506,bird_010,K18F33,20,2018,19505.524366138157,27,2018_bird_010_27_trip
2018-05-30T11:55:26Z,141.78181,40.58525,bird_010,K18F33,20,2018,19681.795790202385,27,2018_bird_010_27_trip
2018-05-30T12:00:26Z,141.78364999999997,40.58524,bird_010,K18F33,20,2018,19831.88571274233,27,2018_bird_010_27_trip
2018-05-30T12:05:25Z,141.7958,40.58586,bird_010,K18F33,20,2018,20844.035317507984,27,2018_bird_010_27_trip
2018-05-30T12:10:26Z,141.82849000000004,40.5832,bird_010,K18F33,20,2018,23470.03824413695,27,2018_bird_010_27_trip
2018-05-30T12:15:25Z,141.85967,40.59210000000001,bird_010,K18F33,20,2018,26261.311251771294,27,2018_bird_010_27_trip
2018-05-30T12:20:26Z,141.86063,40.59109,bird_010,K18F33,20,2018,26315.63023746578,27,2018_bird_010_27_trip
2018-05-30T12:25:24Z,141.86215,40.590410000000006,bird_010,K18F33,20,2018,26424.75784916691,27,2018_bird_010_27_trip
2018-05-30T12:30:24Z,141.86527,40.58916,bird_010,K18F33,20,2018,26653.36030082392,27,2018_bird_010_27_trip
2018-05-30T12:35:24Z,141.86876,40.58763,bird_010,K18F33,20,2018,26907.766614945675,27,2018_bird_010_27_trip
2018-05-30T12:40:26Z,141.8719,40.58563,bird_010,K18F33,20,2018,27125.001135117953,27,2018_bird_010_27_trip
2018-05-30T12:45:27Z,141.87253,40.58538,bird_010,K18F33,20,2018,27172.087788443983,27,2018_bird_010_27_trip
2018-05-30T12:50:25Z,141.8717,40.58225,bird_010,K18F33,20,2018,27039.248006100013,27,2018_bird_010_27_trip
2018-05-30T12:55:25Z,141.83782000000002,40.57853000000001,bird_010,K18F33,20,2018,24143.21146989398,27,2018_bird_010_27_trip
2018-05-30T13:00:25Z,141.80382,40.57621,bird_010,K18F33,20,2018,21267.41440205393,27,2018_bird_010_27_trip
2018-05-30T13:05:27Z,141.76898,40.57578,bird_010,K18F33,20,2018,18372.46439435071,27,2018_bird_010_27_trip
2018-05-30T13:10:56Z,141.72074,40.5775,bird_010,K18F33,20,2018,14476.12051422589,27,2018_bird_010_27_trip
2018-05-30T13:15:50Z,141.72113000000002,40.57683,bird_010,K18F33,20,2018,14485.7412399289,27,2018_bird_010_27_trip
2018-05-30T13:20:21Z,141.72107,40.57546,bird_010,K18F33,20,2018,14437.158267822291,27,2018_bird_010_27_trip
2018-05-30T13:25:21Z,141.72167,40.57487,bird_010,K18F33,20,2018,14467.584317427216,27,2018_bird_010_27_trip
2018-05-30T13:30:22Z,141.72299999999998,40.57442,bird_010,K18F33,20,2018,14562.131281778687,27,2018_bird_010_27_trip
2018-05-30T13:35:21Z,141.72422,40.57443,bird_010,K18F33,20,2018,14661.86037709388,27,2018_bird_010_27_trip
2018-05-30T13:40:23Z,141.72554999999997,40.574819999999995,bird_010,K18F33,20,2018,14781.99605972711,27,2018_bird_010_27_trip
2018-05-30T13:45:20Z,141.72648,40.574,bird_010,K18F33,20,2018,14833.50611594113,27,2018_bird_010_27_trip
2018-05-30T13:50:22Z,141.72652,40.57229,bird_010,K18F33,20,2018,14787.780674574542,27,2018_bird_010_27_trip
2018-05-30T13:55:22Z,141.72709,40.57147,bird_010,K18F33,20,2018,14811.8810065493,27,2018_bird_010_27_trip
2018-05-30T14:00:22Z,141.7275,40.57081,bird_010,K18F33,20,2018,14827.761704044426,27,2018_bird_010_27_trip
2018-05-30T14:05:22Z,141.72693,40.569770000000005,bird_010,K18F33,20,2018,14753.505578442591,27,2018_bird_010_27_trip
2018-05-30T14:10:23Z,141.72762,40.568600000000004,bird_010,K18F33,20,2018,14780.62809729842,27,2018_bird_010_27_trip
2018-05-30T14:15:22Z,141.72883000000002,40.56729,bird_010,K18F33,20,2018,14848.752110525777,27,2018_bird_010_27_trip
2018-05-30T14:20:23Z,141.72912,40.56611000000001,bird_010,K18F33,20,2018,14845.358502645364,27,2018_bird_010_27_trip
2018-05-30T14:25:23Z,141.72359999999998,40.56079,bird_010,K18F33,20,2018,14274.95373240197,27,2018_bird_010_27_trip
2018-05-30T14:30:22Z,141.72418,40.560500000000005,bird_010,K18F33,20,2018,14317.874837269588,27,2018_bird_010_27_trip
2018-05-30T14:35:22Z,141.72462,40.55923,bird_010,K18F33,20,2018,14331.525797646313,27,2018_bird_010_27_trip
2018-05-30T14:40:22Z,141.72484,40.55827,bird_010,K18F33,20,2018,14333.394916091032,27,2018_bird_010_27_trip
2018-05-30T14:45:23Z,141.72551,40.55785999999999,bird_010,K18F33,20,2018,14382.693028620371,27,2018_bird_010_27_trip
2018-05-30T14:50:21Z,141.72632000000002,40.557399999999994,bird_010,K18F33,20,2018,14443.125981031744,27,2018_bird_010_27_trip
2018-05-30T14:55:22Z,141.72695,40.5571,bird_010,K18F33,20,2018,14491.206638848154,27,2018_bird_010_27_trip
2018-05-30T15:00:22Z,141.72821000000002,40.55583,bird_010,K18F33,20,2018,14577.831375078393,27,2018_bird_010_27_trip
2018-05-30T15:05:23Z,141.72776,40.55598,bird_010,K18F33,20,2018,14542.227517742782,27,2018_bird_010_27_trip
2018-05-30T15:10:22Z,141.72751,40.55596,bird_010,K18F33,20,2018,14520.945160942363,27,2018_bird_010_27_trip
2018-05-30T15:15:21Z,141.72753,40.55587,bird_010,K18F33,20,2018,14521.311123865666,27,2018_bird_010_27_trip
2018-05-30T15:20:21Z,141.72788,40.5557,bird_010,K18F33,20,2018,14548.24300941218,27,2018_bird_010_27_trip
2018-05-30T15:25:23Z,141.70424999999997,40.57508,bird_010,K18F33,20,2018,13064.132384330249,27,2018_bird_010_27_trip
2018-05-30T15:30:25Z,141.69758,40.58246,bird_010,K18F33,20,2018,12816.09071097397,27,2018_bird_010_27_trip
2018-05-30T15:35:21Z,141.69719,40.58183,bird_010,K18F33,20,2018,12759.113861466867,27,2018_bird_010_27_trip
2018-05-30T15:40:22Z,141.69703,40.58193,bird_010,K18F33,20,2018,12750.73707614351,27,2018_bird_010_27_trip
2018-05-30T15:45:22Z,141.69474,40.58191,bird_010,K18F33,20,2018,12570.49217686531,27,2018_bird_010_27_trip
2018-05-30T15:50:22Z,141.69773,40.58319,bird_010,K18F33,20,2018,12858.775395008564,27,2018_bird_010_27_trip
2018-05-30T15:55:23Z,141.68802000000002,40.59131000000001,bird_010,K18F33,20,2018,12499.298088704418,27,2018_bird_010_27_trip
2018-05-30T16:00:49Z,141.66368999999997,40.61173,bird_010,K18F33,20,2018,12108.86842701058,27,2018_bird_010_27_trip
2018-05-30T16:05:23Z,141.64408999999998,40.639,bird_010,K18F33,20,2018,13337.591077967289,27,2018_bird_010_27_trip
2018-05-30T16:10:21Z,141.64067999999995,40.670730000000006,bird_010,K18F33,20,2018,16269.673154478576,27,2018_bird_010_27_trip
2018-05-30T16:15:23Z,141.63278,40.65836,bird_010,K18F33,20,2018,14742.217970678315,27,2018_bird_010_27_trip
2018-05-30T16:20:21Z,141.61882,40.63067,bird_010,K18F33,20,2018,11461.949024708654,27,2018_bird_010_27_trip
2018-05-30T16:25:21Z,141.60174,40.60273000000001,bird_010,K18F33,20,2018,8041.920345325318,27,2018_bird_010_27_trip
2018-05-30T16:30:21Z,141.57801,40.57678,bird_010,K18F33,20,2018,4577.834125779182,27,2018_bird_010_27_trip
2018-05-30T16:35:21Z,141.55901,40.54899,bird_010,K18F33,20,2018,1159.2131300719147,27,2018_bird_010_27_trip
2018-05-12T18:06:01Z,141.57136,40.56266,bird_039,K18F34,18,2018,2914.1725530505983,2,2018_bird_039_2_trip
2018-05-12T18:10:04Z,141.58676,40.59063,bird_039,K18F34,18,2018,6282.574431024787,2,2018_bird_039_2_trip
2018-05-12T18:15:03Z,141.58904,40.59318,bird_039,K18F34,18,2018,6619.1529812106555,2,2018_bird_039_2_trip
2018-05-12T18:20:02Z,141.59232000000003,40.595180000000006,bird_039,K18F34,18,2018,6936.15128345805,2,2018_bird_039_2_trip
2018-05-12T18:25:02Z,141.59114000000002,40.59505000000001,bird_039,K18F34,18,2018,6881.240057691335,2,2018_bird_039_2_trip
2018-05-12T18:31:14Z,141.60424999999998,40.61605,bird_039,K18F34,18,2018,9463.405691887632,2,2018_bird_039_2_trip
2018-05-12T18:36:03Z,141.6218,40.63378,bird_039,K18F34,18,2018,11884.202163431217,2,2018_bird_039_2_trip
2018-05-12T18:40:02Z,141.63299999999998,40.65231000000001,bird_039,K18F34,18,2018,14147.683568894678,2,2018_bird_039_2_trip
2018-05-12T18:45:03Z,141.65519,40.67787,bird_039,K18F34,18,2018,17531.902001255472,2,2018_bird_039_2_trip
2018-05-12T18:50:03Z,141.67847,40.706610000000005,bird_039,K18F34,18,2018,21275.475917776275,2,2018_bird_039_2_trip
2018-05-12T18:55:03Z,141.70724,40.73302,bird_039,K18F34,18,2018,25026.60150097108,2,2018_bird_039_2_trip
2018-05-12T19:00:04Z,141.73215,40.75937,bird_039,K18F34,18,2018,28617.20695517275,2,2018_bird_039_2_trip
2018-05-12T19:05:03Z,141.75436,40.785410000000006,bird_039,K18F34,18,2018,32062.05943042262,2,2018_bird_039_2_trip
2018-05-12T19:10:04Z,141.77993999999998,40.80781999999999,bird_039,K18F34,18,2018,35314.625227495824,2,2018_bird_039_2_trip
2018-05-12T19:15:04Z,141.80875,40.828100000000006,bird_039,K18F34,18,2018,38525.66760904612,2,2018_bird_039_2_trip
2018-05-12T19:20:04Z,141.83642000000003,40.846819999999994,bird_039,K18F34,18,2018,41555.377972846945,2,2018_bird_039_2_trip
2018-05-12T19:25:04Z,141.86753000000002,40.85578,bird_039,K18F34,18,2018,43894.350363490674,2,2018_bird_039_2_trip
2018-05-12T19:30:04Z,141.89067,40.854389999999995,bird_039,K18F34,18,2018,44968.504414000294,2,2018_bird_039_2_trip
2018-05-12T19:35:03Z,141.91079,40.864839999999994,bird_039,K18F34,18,2018,46940.35773562651,2,2018_bird_039_2_trip
2018-05-12T19:40:03Z,141.93472,40.88652,bird_039,K18F34,18,2018,50081.218641783,2,2018_bird_039_2_trip
2018-05-12T19:45:03Z,141.96057,40.90754,bird_039,K18F34,18,2018,53268.808831383256,2,2018_bird_039_2_trip
2018-05-12T19:50:03Z,141.96878,40.93438,bird_039,K18F34,18,2018,56017.00749139151,2,2018_bird_039_2_trip
2018-05-12T19:55:06Z,141.96569,40.96009,bird_039,K18F34,18,2018,58124.91662002389,2,2018_bird_039_2_trip
2018-05-12T20:00:06Z,141.94074,40.98347,bird_039,K18F34,18,2018,59051.9729368866,2,2018_bird_039_2_trip
2018-05-12T20:05:06Z,141.91227,41.00979,bird_039,K18F34,18,2018,60285.64628242049,2,2018_bird_039_2_trip
2018-05-12T20:10:06Z,141.90818000000002,41.01546,bird_039,K18F34,18,2018,60663.1609575141,2,2018_bird_039_2_trip
2018-05-12T20:15:06Z,141.88959,41.01743,bird_039,K18F34,18,2018,60106.48816731164,2,2018_bird_039_2_trip
2018-05-12T20:20:06Z,141.88791000000003,41.04301,bird_039,K18F34,18,2018,62567.86173218273,2,2018_bird_039_2_trip
2018-05-12T20:25:04Z,141.88422000000003,41.05229,bird_039,K18F34,18,2018,63355.19368570091,2,2018_bird_039_2_trip
2018-05-12T20:30:03Z,141.86089,41.05507,bird_039,K18F34,18,2018,62805.29044573306,2,2018_bird_039_2_trip
2018-05-12T20:35:05Z,141.85202000000004,41.02891000000001,bird_039,K18F34,18,2018,59851.36117149619,2,2018_bird_039_2_trip
2018-05-12T20:40:05Z,141.8326,41.00256,bird_039,K18F34,18,2018,56511.19872795158,2,2018_bird_039_2_trip
2018-05-12T20:45:04Z,141.82547000000002,40.98371,bird_039,K18F34,18,2018,54357.58213342224,2,2018_bird_039_2_trip
2018-05-12T20:50:06Z,141.82569,40.9905,bird_039,K18F34,18,2018,55051.313205498125,2,2018_bird_039_2_trip
2018-05-12T20:55:06Z,141.83125,40.992700000000006,bird_039,K18F34,18,2018,55467.85346599161,2,2018_bird_039_2_trip
2018-05-12T21:00:06Z,141.85377,40.98535,bird_039,K18F34,18,2018,55556.94428137602,2,2018_bird_039_2_trip
2018-05-12T21:05:07Z,141.85658,40.98283,bird_039,K18F34,18,2018,55415.08871264686,2,2018_bird_039_2_trip
2018-05-12T21:10:07Z,141.83384,40.96251000000001,bird_039,K18F34,18,2018,52537.518842694735,2,2018_bird_039_2_trip
2018-05-12T21:15:07Z,141.82674000000003,40.93269,bird_039,K18F34,18,2018,49315.23319235472,2,2018_bird_039_2_trip
2018-05-12T21:20:07Z,141.81311,40.905190000000005,bird_039,K18F34,18,2018,46078.1117773424,2,2018_bird_039_2_trip
2018-05-12T21:25:06Z,141.79939,40.88115,bird_039,K18F34,18,2018,43178.809675373246,2,2018_bird_039_2_trip
2018-05-12T21:30:06Z,141.77935999999997,40.86655,bird_039,K18F34,18,2018,40956.88937281853,2,2018_bird_039_2_trip
2018-05-12T21:35:34Z,141.75719,40.8521,bird_039,K18F34,18,2018,38684.73377181337,2,2018_bird_039_2_trip
2018-05-12T21:40:03Z,141.73732,40.8358,bird_039,K18F34,18,2018,36331.37567637368,2,2018_bird_039_2_trip
2018-05-12T21:45:05Z,141.72875,40.83151,bird_039,K18F34,18,2018,35598.8457154536,2,2018_bird_039_2_trip
2018-05-12T21:50:04Z,141.69628,40.81695,bird_039,K18F34,18,2018,33058.28362727513,2,2018_bird_039_2_trip
2018-05-12T21:55:03Z,141.69051,40.81087999999999,bird_039,K18F34,18,2018,32255.927883796165,2,2018_bird_039_2_trip
2018-05-12T22:00:05Z,141.69229,40.809639999999995,bird_039,K18F34,18,2018,32179.87129690562,2,2018_bird_039_2_trip
2018-05-12T22:05:03Z,141.69854,40.80995,bird_039,K18F34,18,2018,32402.638806576935,2,2018_bird_039_2_trip
2018-05-12T22:10:04Z,141.69423,40.810959999999994,bird_039,K18F34,18,2018,32375.133995468175,2,2018_bird_039_2_trip
2018-05-12T22:15:03Z,141.69068,40.811629999999994,bird_039,K18F34,18,2018,32338.98711092668,2,2018_bird_039_2_trip
2018-05-12T22:20:04Z,141.69199,40.81115,bird_039,K18F34,18,2018,32327.792799052557,2,2018_bird_039_2_trip
2018-05-12T22:25:02Z,141.67524,40.79914000000001,bird_039,K18F34,18,2018,30593.73948146868,2,2018_bird_039_2_trip
2018-05-12T22:30:03Z,141.65633000000005,40.776250000000005,bird_039,K18F34,18,2018,27678.98431462627,2,2018_bird_039_2_trip
2018-05-12T22:35:08Z,141.64004999999997,40.74942,bird_039,K18F34,18,2018,24426.919258428992,2,2018_bird_039_2_trip
2018-05-12T22:40:07Z,141.61294999999998,40.73151000000001,bird_039,K18F34,18,2018,21927.10101406879,2,2018_bird_039_2_trip
2018-05-12T22:45:07Z,141.57605999999998,40.71517000000001,bird_039,K18F34,18,2018,19668.91668379939,2,2018_bird_039_2_trip
2018-05-12T22:50:06Z,141.55242000000004,40.68729,bird_039,K18F34,18,2018,16516.630944466837,2,2018_bird_039_2_trip
2018-05-12T22:55:07Z,141.53818,40.65656,bird_039,K18F34,18,2018,13201.08985968521,2,2018_bird_039_2_trip
2018-05-12T23:00:07Z,141.52434000000002,40.62671000000001,bird_039,K18F34,18,2018,10180.81081973878,2,2018_bird_039_2_trip
2018-05-12T23:05:07Z,141.51029,40.595020000000005,bird_039,K18F34,18,2018,7436.206455695393,2,2018_bird_039_2_trip
2018-05-12T23:10:34Z,141.51076999999998,40.55877,bird_039,K18F34,18,2018,4555.342656896238,2,2018_bird_039_2_trip
2018-05-12T23:15:03Z,141.51373999999998,40.545730000000006,bird_039,K18F34,18,2018,3799.118953873393,2,2018_bird_039_2_trip
2018-05-12T23:20:05Z,141.50955999999996,40.54381,bird_039,K18F34,18,2018,4110.830163940378,2,2018_bird_039_2_trip
2018-05-12T23:25:02Z,141.50404999999998,40.54183999999999,bird_039,K18F34,18,2018,4551.053293325032,2,2018_bird_039_2_trip
2018-05-12T23:30:03Z,141.50399,40.54167,bird_039,K18F34,18,2018,4554.677221781239,2,2018_bird_039_2_trip
2018-05-12T23:35:04Z,141.50888,40.54373,bird_039,K18F34,18,2018,4166.652885255366,2,2018_bird_039_2_trip
2018-05-12T23:40:03Z,141.51005999999998,40.54382,bird_039,K18F34,18,2018,4069.054719586017,2,2018_bird_039_2_trip
2018-05-12T23:45:03Z,141.51039,40.54374,bird_039,K18F34,18,2018,4040.124138295041,2,2018_bird_039_2_trip
2018-05-12T23:50:05Z,141.51019,40.5438,bird_039,K18F34,18,2018,4057.838346260413,2,2018_bird_039_2_trip
2018-05-12T23:55:03Z,141.51360999999997,40.54558,bird_039,K18F34,18,2018,3806.4715946221568,2,2018_bird_039_2_trip
2018-05-13T00:00:05Z,141.51379999999995,40.54583,bird_039,K18F34,18,2018,3796.475709973201,2,2018_bird_039_2_trip
2018-05-13T00:05:02Z,141.51384999999996,40.54585,bird_039,K18F34,18,2018,3792.80557153038,2,2018_bird_039_2_trip
2018-05-13T00:10:04Z,141.51374999999996,40.5457,bird_039,K18F34,18,2018,3797.598773190215,2,2018_bird_039_2_trip
2018-05-13T00:15:06Z,141.51374999999996,40.545730000000006,bird_039,K18F34,18,2018,3798.290379594229,2,2018_bird_039_2_trip
2018-05-13T00:20:06Z,141.51366999999996,40.54566,bird_039,K18F34,18,2018,3803.312617534019,2,2018_bird_039_2_trip
2018-05-13T00:25:04Z,141.51368999999997,40.54561,bird_039,K18F34,18,2018,3800.515915715742,2,2018_bird_039_2_trip
2018-05-13T00:30:02Z,141.51360999999997,40.54569,bird_039,K18F34,18,2018,3808.972455992467,2,2018_bird_039_2_trip
2018-05-13T00:35:02Z,141.51375999999996,40.54542,bird_039,K18F34,18,2018,3790.4487534147465,2,2018_bird_039_2_trip
2018-05-13T00:40:03Z,141.51372999999998,40.54564,bird_039,K18F34,18,2018,3797.882013264381,2,2018_bird_039_2_trip
2018-05-13T00:45:05Z,141.51367999999997,40.54551000000001,bird_039,K18F34,18,2018,3799.0914671550727,2,2018_bird_039_2_trip
2018-05-13T00:50:05Z,141.51366999999996,40.54563,bird_039,K18F34,18,2018,3802.6287373274663,2,2018_bird_039_2_trip
2018-05-13T00:55:04Z,141.51807,40.54027,bird_039,K18F34,18,2018,3354.2613878595203,2,2018_bird_039_2_trip
2018-05-13T01:00:07Z,141.51788,40.54045,bird_039,K18F34,18,2018,3371.4838033106917,2,2018_bird_039_2_trip
2018-05-13T01:05:06Z,141.52908,40.53959,bird_039,K18F34,18,2018,2418.9033581022472,2,2018_bird_039_2_trip
2018-05-24T21:45:26Z,141.56431,40.55133,bird_039,K18F34,18,2018,1522.8673176154934,14,2018_bird_039_14_trip
2018-05-24T21:50:26Z,141.58241000000004,40.60013000000001,bird_039,K18F34,18,2018,7147.605242809161,14,2018_bird_039_14_trip
2018-05-24T21:55:52Z,141.6018,40.64833000000001,bird_039,K18F34,18,2018,12745.844974102996,14,2018_bird_039_14_trip
2018-05-24T22:01:56Z,141.62232000000003,40.68018,bird_039,K18F34,18,2018,16647.97923849033,14,2018_bird_039_14_trip
2018-05-24T22:05:52Z,141.63349,40.70718,bird_039,K18F34,18,2018,19790.17133642339,14,2018_bird_039_14_trip
2018-05-24T22:10:23Z,141.64781,40.74399,bird_039,K18F34,18,2018,24049.86690256572,14,2018_bird_039_14_trip
2018-05-24T22:15:26Z,141.66776,40.78569,bird_039,K18F34,18,2018,28976.154151060327,14,2018_bird_039_14_trip
2018-05-24T22:20:24Z,141.66299,40.82568,bird_039,K18F34,18,2018,33100.42280973382,14,2018_bird_039_14_trip
2018-05-24T22:25:23Z,141.65127,40.84121999999999,bird_039,K18F34,18,2018,34524.74004892664,14,2018_bird_039_14_trip
2018-05-24T22:30:24Z,141.65146,40.84234,bird_039,K18F34,18,2018,34649.47248286345,14,2018_bird_039_14_trip
2018-05-24T22:35:24Z,141.65302,40.84191,bird_039,K18F34,18,2018,34633.46699717969,14,2018_bird_039_14_trip
2018-05-24T22:40:23Z,141.67278,40.832150000000006,bird_039,K18F34,18,2018,34020.38688180321,14,2018_bird_039_14_trip
2018-05-24T22:45:24Z,141.66499,40.83234,bird_039,K18F34,18,2018,33858.13174479775,14,2018_bird_039_14_trip
2018-05-24T22:50:23Z,141.65673,40.835350000000005,bird_039,K18F34,18,2018,34001.44696100592,14,2018_bird_039_14_trip
2018-05-24T22:55:23Z,141.65220000000002,40.84215,bird_039,K18F34,18,2018,34643.319994334466,14,2018_bird_039_14_trip
2018-05-24T23:00:24Z,141.65120000000002,40.841339999999995,bird_039,K18F34,18,2018,34536.353574526394,14,2018_bird_039_14_trip
2018-05-24T23:05:24Z,141.64832,40.84332,bird_039,K18F34,18,2018,34695.78486156049,14,2018_bird_039_14_trip
2018-05-24T23:10:26Z,141.62795,40.847759999999994,bird_039,K18F34,18,2018,34842.01269896247,14,2018_bird_039_14_trip
2018-05-24T23:15:24Z,141.61443,40.846979999999995,bird_039,K18F34,18,2018,34579.507902942365,14,2018_bird_039_14_trip
2018-05-24T23:20:25Z,141.60055999999997,40.85257,bird_039,K18F34,18,2018,35053.59936320419,14,2018_bird_039_14_trip
2018-05-24T23:25:25Z,141.59571,40.85417,bird_039,K18F34,18,2018,35190.443066269814,14,2018_bird_039_14_trip
2018-05-24T23:30:24Z,141.59469000000001,40.85195999999999,bird_039,K18F34,18,2018,34938.22211523673,14,2018_bird_039_14_trip
2018-05-24T23:35:26Z,141.59685,40.853559999999995,bird_039,K18F34,18,2018,35131.954765296774,14,2018_bird_039_14_trip
2018-05-24T23:40:23Z,141.60104,40.85512,bird_039,K18F34,18,2018,35339.45306175267,14,2018_bird_039_14_trip
2018-05-24T23:45:24Z,141.59883000000002,40.8533,bird_039,K18F34,18,2018,35119.42050161952,14,2018_bird_039_14_trip
2018-05-24T23:50:23Z,141.6011,40.85408999999999,bird_039,K18F34,18,2018,35226.223170748046,14,2018_bird_039_14_trip
2018-05-24T23:55:23Z,141.59725,40.85123999999999,bird_039,K18F34,18,2018,34878.713271567554,14,2018_bird_039_14_trip
2018-05-25T00:00:24Z,141.59577,40.86662,bird_039,K18F34,18,2018,36567.867055892,14,2018_bird_039_14_trip
2018-05-25T00:05:24Z,141.60872,40.88451,bird_039,K18F34,18,2018,38654.135594846346,14,2018_bird_039_14_trip
2018-05-25T00:10:24Z,141.60218,40.90459,bird_039,K18F34,18,2018,40816.093183134886,14,2018_bird_039_14_trip
2018-05-25T00:15:23Z,141.60996999999998,40.9268,bird_039,K18F34,18,2018,43334.807744242426,14,2018_bird_039_14_trip
2018-05-25T00:20:23Z,141.63406999999998,40.94181999999999,bird_039,K18F34,18,2018,45239.86011737789,14,2018_bird_039_14_trip
2018-05-25T00:25:23Z,141.64758999999998,40.94846,bird_039,K18F34,18,2018,46144.05233846365,14,2018_bird_039_14_trip
2018-05-25T00:30:24Z,141.68498,40.94997,bird_039,K18F34,18,2018,46931.21398536191,14,2018_bird_039_14_trip
2018-05-25T00:35:24Z,141.7204,40.956979999999994,bird_039,K18F34,18,2018,48451.67902840619,14,2018_bird_039_14_trip
2018-05-25T00:40:24Z,141.73594,40.963550000000005,bird_039,K18F34,18,2018,49534.6602040563,14,2018_bird_039_14_trip
2018-05-25T00:45:23Z,141.70638,40.943859999999994,bird_039,K18F34,18,2018,46724.4748673161,14,2018_bird_039_14_trip
2018-05-25T00:50:24Z,141.66655999999998,40.92656,bird_039,K18F34,18,2018,44053.98488140399,14,2018_bird_039_14_trip
2018-05-25T00:55:24Z,141.62482,40.92175,bird_039,K18F34,18,2018,42924.84953150133,14,2018_bird_039_14_trip
2018-05-25T01:00:24Z,141.60126,40.89372,bird_039,K18F34,18,2018,39606.978683673326,14,2018_bird_039_14_trip
2018-05-25T01:05:24Z,141.60349999999997,40.86117,bird_039,K18F34,18,2018,36029.51839527081,14,2018_bird_039_14_trip
2018-05-25T01:10:24Z,141.60687,40.83929,bird_039,K18F34,18,2018,33649.003385129115,14,2018_bird_039_14_trip
2018-05-25T01:15:24Z,141.60654,40.839679999999994,bird_039,K18F34,18,2018,33688.54263183494,14,2018_bird_039_14_trip
2018-05-25T01:20:23Z,141.58116,40.81809,bird_039,K18F34,18,2018,31099.865059794112,14,2018_bird_039_14_trip
2018-05-25T01:25:23Z,141.55477,40.780730000000005,bird_039,K18F34,18,2018,26888.270313457364,14,2018_bird_039_14_trip
2018-05-25T01:30:23Z,141.52874000000003,40.73839000000001,bird_039,K18F34,18,2018,22319.329147070912,14,2018_bird_039_14_trip
2018-05-25T01:35:28Z,141.50968999999998,40.68957,bird_039,K18F34,18,2018,17247.355204551317,14,2018_bird_039_14_trip
2018-05-25T01:40:26Z,141.50572,40.635160000000006,bird_039,K18F34,18,2018,11586.711245090612,14,2018_bird_039_14_trip
2018-05-25T01:45:52Z,141.51990999999998,40.57443,bird_039,K18F34,18,2018,5100.678191587558,14,2018_bird_039_14_trip
2018-05-25T01:50:24Z,141.54324,40.5498,bird_039,K18F34,18,2018,1739.4017661646456,14,2018_bird_039_14_trip
2018-05-28T18:20:29Z,141.56792000000002,40.55322,bird_039,K18F34,18,2018,1843.1577205261929,19,2018_bird_039_19_trip
2018-05-28T18:25:31Z,141.57017,40.5652,bird_039,K18F34,18,2018,3139.098075314996,19,2018_bird_039_19_trip
2018-05-28T18:30:29Z,141.57052,40.583479999999994,bird_039,K18F34,18,2018,5101.696386041072,19,2018_bird_039_19_trip
2018-05-28T18:35:30Z,141.55820000000003,40.60607,bird_039,K18F34,18,2018,7491.732084535208,19,2018_bird_039_19_trip
2018-05-28T18:40:29Z,141.54631,40.62635000000001,bird_039,K18F34,18,2018,9790.383026108717,19,2018_bird_039_19_trip
2018-05-28T18:45:30Z,141.54564999999997,40.6377,bird_039,K18F34,18,2018,11050.39471602957,19,2018_bird_039_19_trip
2018-05-28T18:50:29Z,141.53716,40.66297000000001,bird_039,K18F34,18,2018,13918.104055345086,19,2018_bird_039_19_trip
2018-05-28T18:55:30Z,141.54050999999998,40.689910000000005,bird_039,K18F34,18,2018,16863.90094516958,19,2018_bird_039_19_trip
2018-05-28T19:00:29Z,141.53635,40.70674,bird_039,K18F34,18,2018,18757.092809408667,19,2018_bird_039_19_trip
2018-05-28T19:05:30Z,141.53735,40.72834000000001,bird_039,K18F34,18,2018,21138.89082394833,19,2018_bird_039_19_trip
2018-05-28T19:10:29Z,141.54504999999995,40.75054,bird_039,K18F34,18,2018,23558.562662275486,19,2018_bird_039_19_trip
2018-05-28T19:15:29Z,141.55565000000001,40.77637000000001,bird_039,K18F34,18,2018,26403.54314568078,19,2018_bird_039_19_trip
2018-05-28T19:20:29Z,141.56781,40.80155,bird_039,K18F34,18,2018,29212.012416829173,19,2018_bird_039_19_trip
2018-05-28T19:25:28Z,141.56628,40.82732,bird_039,K18F34,18,2018,32069.417954773453,19,2018_bird_039_19_trip
2018-05-28T19:30:29Z,141.54964999999996,40.84958,bird_039,K18F34,18,2018,34539.56061980496,19,2018_bird_039_19_trip
2018-05-28T19:35:30Z,141.53623000000002,40.87071,bird_039,K18F34,18,2018,36923.735188903825,19,2018_bird_039_19_trip
2018-05-28T19:40:29Z,141.52395,40.89079,bird_039,K18F34,18,2018,39212.68558166055,19,2018_bird_039_19_trip
2018-05-28T19:45:33Z,141.50749000000002,40.91083999999999,bird_039,K18F34,18,2018,41552.28899348547,19,2018_bird_039_19_trip
2018-05-28T19:50:29Z,141.51077999999998,40.93888,bird_039,K18F34,18,2018,44625.55045954104,19,2018_bird_039_19_trip
2018-05-28T19:55:37Z,141.50683,40.95625999999999,bird_039,K18F34,18,2018,46577.85148941448,19,2018_bird_039_19_trip
2018-05-28T20:00:31Z,141.49732000000003,40.97941,bird_039,K18F34,18,2018,49214.88765036676,19,2018_bird_039_19_trip
2018-05-28T20:05:30Z,141.49015,41.00092,bird_039,K18F34,18,2018,51654.58094634041,19,2018_bird_039_19_trip
2018-05-28T20:10:31Z,141.47312,41.01224,bird_039,K18F34,18,2018,53078.16924206921,19,2018_bird_039_19_trip
2018-05-28T20:15:30Z,141.46083000000002,41.03181,bird_039,K18F34,18,2018,55375.91681894463,19,2018_bird_039_19_trip
2018-05-28T20:20:31Z,141.45494000000002,41.03981,bird_039,K18F34,18,2018,56329.04318405818,19,2018_bird_039_19_trip
2018-05-28T20:25:33Z,141.44598,41.04457,bird_039,K18F34,18,2018,56971.538353337695,19,2018_bird_039_19_trip
2018-05-28T20:30:30Z,141.45223000000004,41.066970000000005,bird_039,K18F34,18,2018,59344.78394890538,19,2018_bird_039_19_trip
2018-05-28T20:35:32Z,141.45321,41.094150000000006,bird_039,K18F34,18,2018,62318.838303811186,19,2018_bird_039_19_trip
2018-05-28T20:40:32Z,141.46659,41.11612,bird_039,K18F34,18,2018,64591.116993601565,19,2018_bird_039_19_trip
2018-05-28T20:45:32Z,141.47886,41.13998,bird_039,K18F34,18,2018,67112.43026852093,19,2018_bird_039_19_trip
2018-05-28T20:50:32Z,141.49068,41.16164,bird_039,K18F34,18,2018,69418.29333340365,19,2018_bird_039_19_trip
2018-05-28T20:55:32Z,141.50961999999998,41.17584,bird_039,K18F34,18,2018,70881.09971704005,19,2018_bird_039_19_trip
2018-05-28T21:00:32Z,141.53077,41.19022,bird_039,K18F34,18,2018,72397.90443091802,19,2018_bird_039_19_trip
2018-05-28T21:05:32Z,141.55140000000003,41.20535000000001,bird_039,K18F34,18,2018,74044.70280969571,19,2018_bird_039_19_trip
2018-05-28T21:10:32Z,141.55946,41.198820000000005,bird_039,K18F34,18,2018,73317.8160237075,19,2018_bird_039_19_trip
2018-05-28T21:15:32Z,141.54852,41.18211000000001,bird_039,K18F34,18,2018,71465.97974488471,19,2018_bird_039_19_trip
2018-05-28T21:20:32Z,141.52464999999998,41.16270000000001,bird_039,K18F34,18,2018,69361.93720064314,19,2018_bird_039_19_trip
2018-05-28T21:25:32Z,141.51187,41.13419,bird_039,K18F34,18,2018,66252.40499896115,19,2018_bird_039_19_trip
2018-05-28T21:30:58Z,141.50187,41.102920000000005,bird_039,K18F34,18,2018,62843.430044006265,19,2018_bird_039_19_trip
2018-05-28T21:35:29Z,141.49138000000002,41.07929,bird_039,K18F34,18,2018,60302.49183228335,19,2018_bird_039_19_trip
2018-05-28T21:40:29Z,141.47687,41.05403999999999,bird_039,K18F34,18,2018,57642.98490036386,19,2018_bird_039_19_trip
2018-05-28T21:45:31Z,141.46249000000003,41.02776,bird_039,K18F34,18,2018,54910.48158343179,19,2018_bird_039_19_trip
2018-05-28T21:50:29Z,141.45708000000002,41.00565,bird_039,K18F34,18,2018,52554.70910096772,19,2018_bird_039_19_trip
2018-05-28T21:55:30Z,141.45536,40.97276,bird_039,K18F34,18,2018,48979.400934272366,19,2018_bird_039_19_trip
2018-05-28T22:00:58Z,141.46248000000003,40.93646,bird_039,K18F34,18,2018,44905.866355145845,19,2018_bird_039_19_trip
2018-05-28T22:05:29Z,141.45825000000002,40.90657,bird_039,K18F34,18,2018,41715.10075065937,19,2018_bird_039_19_trip
2018-05-28T22:10:30Z,141.45327,40.8727,bird_039,K18F34,18,2018,38133.81585124486,19,2018_bird_039_19_trip
2018-05-28T22:15:29Z,141.45645000000002,40.840889999999995,bird_039,K18F34,18,2018,34639.81873810002,19,2018_bird_039_19_trip
2018-05-28T22:20:29Z,141.46769,40.8092,bird_039,K18F34,18,2018,30995.48954264673,19,2018_bird_039_19_trip
2018-05-28T22:25:29Z,141.47284000000002,40.77665,bird_039,K18F34,18,2018,27388.820491877697,19,2018_bird_039_19_trip
2018-05-28T22:30:29Z,141.48529000000002,40.74530000000001,bird_039,K18F34,18,2018,23753.81409314109,19,2018_bird_039_19_trip
2018-05-28T22:35:30Z,141.49835000000002,40.712770000000006,bird_039,K18F34,18,2018,19979.52556099969,19,2018_bird_039_19_trip
2018-05-28T22:40:28Z,141.50744000000003,40.68017,bird_039,K18F34,18,2018,16283.289292900345,19,2018_bird_039_19_trip
2018-05-28T22:45:28Z,141.51827,40.64758,bird_039,K18F34,18,2018,12550.81128762307,19,2018_bird_039_19_trip
2018-05-28T22:50:28Z,141.53043000000002,40.61571000000001,bird_039,K18F34,18,2018,8865.787189186356,19,2018_bird_039_19_trip
2018-05-28T22:55:29Z,141.54918999999998,40.58523,bird_039,K18F34,18,2018,5226.157922575715,19,2018_bird_039_19_trip
2018-05-28T23:00:30Z,141.55556,40.55261,bird_039,K18F34,18,2018,1564.6553414214477,19,2018_bird_039_19_trip
2018-05-29T17:40:33Z,141.56535,40.55278,bird_039,K18F34,18,2018,1705.2605771195456,21,2018_bird_039_21_trip
2018-05-29T17:45:33Z,141.57754,40.588,bird_039,K18F34,18,2018,5738.9472761996285,21,2018_bird_039_21_trip
2018-05-29T17:50:31Z,141.59467999999998,40.62398,bird_039,K18F34,18,2018,9986.600179601106,21,2018_bird_039_21_trip
2018-05-29T17:55:31Z,141.61427999999998,40.65661,bird_039,K18F34,18,2018,13954.439030205842,21,2018_bird_039_21_trip
2018-05-29T18:01:18Z,141.63504999999998,40.69295000000001,bird_039,K18F34,18,2018,18349.59899750568,21,2018_bird_039_21_trip
2018-05-29T18:05:36Z,141.65478,40.71519000000001,bird_039,K18F34,18,2018,21262.988866006148,21,2018_bird_039_21_trip
2018-05-29T18:10:35Z,141.66339,40.73413000000001,bird_039,K18F34,18,2018,23484.274267113655,21,2018_bird_039_21_trip
2018-05-29T18:15:36Z,141.67059999999998,40.74672,bird_039,K18F34,18,2018,25008.990860043643,21,2018_bird_039_21_trip
2018-05-29T18:20:35Z,141.68216,40.77458,bird_039,K18F34,18,2018,28242.22795166915,21,2018_bird_039_21_trip
2018-05-29T18:25:35Z,141.68124000000003,40.78551000000001,bird_039,K18F34,18,2018,29343.784672810383,21,2018_bird_039_21_trip
2018-05-29T18:30:38Z,141.68097,40.79948,bird_039,K18F34,18,2018,30790.186672828593,21,2018_bird_039_21_trip
2018-05-29T18:35:35Z,141.67660999999998,40.80922,bird_039,K18F34,18,2018,31690.75235215461,21,2018_bird_039_21_trip
2018-05-29T18:40:36Z,141.67508999999998,40.81643,bird_039,K18F34,18,2018,32411.21120089098,21,2018_bird_039_21_trip
2018-05-29T18:46:00Z,141.67163,40.84225,bird_039,K18F34,18,2018,35069.50853777769,21,2018_bird_039_21_trip
2018-05-29T18:50:31Z,141.6558,40.86759,bird_039,K18F34,18,2018,37463.75357580611,21,2018_bird_039_21_trip
2018-05-29T18:55:30Z,141.62962,40.89007,bird_039,K18F34,18,2018,39501.022926527,21,2018_bird_039_21_trip
2018-05-29T19:00:30Z,141.60029,40.906,bird_039,K18F34,18,2018,40957.638261604785,21,2018_bird_039_21_trip
2018-05-29T19:05:30Z,141.5721,40.92322,bird_039,K18F34,18,2018,42728.41999074986,21,2018_bird_039_21_trip
2018-05-29T19:10:30Z,141.53847000000002,40.94197,bird_039,K18F34,18,2018,44822.245873821834,21,2018_bird_039_21_trip
2018-05-29T19:15:30Z,141.51205,40.9488,bird_039,K18F34,18,2018,45713.7856898304,21,2018_bird_039_21_trip
2018-05-29T19:20:30Z,141.48441000000005,40.96529,bird_039,K18F34,18,2018,47784.32087104972,21,2018_bird_039_21_trip
2018-05-29T19:25:30Z,141.47584,40.986439999999995,bird_039,K18F34,18,2018,50208.53941625924,21,2018_bird_039_21_trip
2018-05-29T19:30:30Z,141.45935,41.01037,bird_039,K18F34,18,2018,53041.719242190156,21,2018_bird_039_21_trip
2018-05-29T19:35:30Z,141.44692,41.02996,bird_039,K18F34,18,2018,55358.74813526382,21,2018_bird_039_21_trip
2018-05-29T19:40:30Z,141.43985999999998,41.05374,bird_039,K18F34,18,2018,58062.18751796956,21,2018_bird_039_21_trip
2018-05-29T19:45:30Z,141.41533,41.068760000000005,bird_039,K18F34,18,2018,60085.24918268365,21,2018_bird_039_21_trip
2018-05-29T19:50:30Z,141.40366999999998,41.08018,bird_039,K18F34,18,2018,61528.38747389891,21,2018_bird_039_21_trip
2018-05-29T19:55:32Z,141.40364999999997,41.08018,bird_039,K18F34,18,2018,61528.74372142977,21,2018_bird_039_21_trip
2018-05-29T20:00:31Z,141.40373,41.0803,bird_039,K18F34,18,2018,61540.343154487986,21,2018_bird_039_21_trip
2018-05-29T20:05:30Z,141.41729,41.05303,bird_039,K18F34,18,2018,58341.11706510985,21,2018_bird_039_21_trip
2018-05-29T20:10:31Z,141.42039000000003,41.02648,bird_039,K18F34,18,2018,55402.42982173951,21,2018_bird_039_21_trip
2018-05-29T20:15:30Z,141.42298000000002,40.99799,bird_039,K18F34,18,2018,52265.15172783776,21,2018_bird_039_21_trip
2018-05-29T20:20:30Z,141.44115,40.97397,bird_039,K18F34,18,2018,49336.75554627723,21,2018_bird_039_21_trip
2018-05-29T20:25:30Z,141.45673000000002,40.95593,bird_039,K18F34,18,2018,47119.93768575742,21,2018_bird_039_21_trip
2018-05-29T20:30:31Z,141.46834000000004,40.928250000000006,bird_039,K18F34,18,2018,43921.54704016319,21,2018_bird_039_21_trip
2018-05-29T20:35:31Z,141.48047000000005,40.90163,bird_039,K18F34,18,2018,40836.60932405021,21,2018_bird_039_21_trip
2018-05-29T20:40:30Z,141.48418,40.87333,bird_039,K18F34,18,2018,37684.80624322519,21,2018_bird_039_21_trip
2018-05-29T20:45:31Z,141.50723000000002,40.85605999999999,bird_039,K18F34,18,2018,35508.785573761335,21,2018_bird_039_21_trip
2018-05-29T20:50:30Z,141.53083,40.85703999999999,bird_039,K18F34,18,2018,35433.78496460739,21,2018_bird_039_21_trip
2018-05-29T20:55:30Z,141.54068999999998,40.88083999999999,bird_039,K18F34,18,2018,38031.346309558445,21,2018_bird_039_21_trip
2018-05-29T21:00:30Z,141.57375999999996,40.89131,bird_039,K18F34,18,2018,39190.97883394281,21,2018_bird_039_21_trip
2018-05-29T21:05:32Z,141.58823000000004,40.916259999999994,bird_039,K18F34,18,2018,42017.68069988816,21,2018_bird_039_21_trip
2018-05-29T21:10:31Z,141.58103000000003,40.93483,bird_039,K18F34,18,2018,44044.661619513885,21,2018_bird_039_21_trip
2018-05-29T21:15:31Z,141.56129,40.92315000000001,bird_039,K18F34,18,2018,42704.228812869194,21,2018_bird_039_21_trip
2018-05-29T21:20:32Z,141.57613,40.92513000000001,bird_039,K18F34,18,2018,42951.499837540265,21,2018_bird_039_21_trip
2018-05-29T21:25:35Z,141.59350999999998,40.9366,bird_039,K18F34,18,2018,44300.69484212483,21,2018_bird_039_21_trip
2018-05-29T21:30:34Z,141.62374,40.93608,bird_039,K18F34,18,2018,44491.120377368454,21,2018_bird_039_21_trip
2018-05-29T21:35:35Z,141.63450999999998,40.95675,bird_039,K18F34,18,2018,46886.52733685886,21,2018_bird_039_21_trip
2018-05-29T21:40:34Z,141.61708,40.97545,bird_039,K18F34,18,2018,48770.45391947118,21,2018_bird_039_21_trip
2018-05-29T21:45:34Z,141.59859,40.96908,bird_039,K18F34,18,2018,47928.89122023531,21,2018_bird_039_21_trip
2018-05-29T21:50:34Z,141.57059999999998,40.96022,bird_039,K18F34,18,2018,46832.68386337059,21,2018_bird_039_21_trip
2018-05-29T21:55:35Z,141.53596,40.94579,bird_039,K18F34,18,2018,45254.260431627015,21,2018_bird_039_21_trip
2018-05-29T22:01:24Z,141.49621000000002,40.941939999999995,bird_039,K18F34,18,2018,45088.94679094879,21,2018_bird_039_21_trip
2018-05-29T22:05:35Z,141.4757,40.95692,bird_039,K18F34,18,2018,46965.51155695202,21,2018_bird_039_21_trip
2018-05-29T22:10:34Z,141.45322000000002,40.96822,bird_039,K18F34,18,2018,48515.7568215001,21,2018_bird_039_21_trip
2018-05-29T22:15:34Z,141.42609000000002,40.981399999999994,bird_039,K18F34,18,2018,50410.27490262714,21,2018_bird_039_21_trip
2018-05-29T22:20:34Z,141.41022,41.00121,bird_039,K18F34,18,2018,52857.366149587,21,2018_bird_039_21_trip
2018-05-29T22:25:34Z,141.411,41.01,bird_039,K18F34,18,2018,53791.20913755987,21,2018_bird_039_21_trip
2018-05-29T22:30:34Z,141.41384,40.99112,bird_039,K18F34,18,2018,51696.60487393827,21,2018_bird_039_21_trip
2018-05-29T22:35:34Z,141.43063,40.96651000000001,bird_039,K18F34,18,2018,48713.12772060408,21,2018_bird_039_21_trip
2018-05-29T22:40:35Z,141.45941000000002,40.95818,bird_039,K18F34,18,2018,47325.500229173944,21,2018_bird_039_21_trip
2018-05-29T22:45:34Z,141.48011000000002,40.97851000000001,bird_039,K18F34,18,2018,49287.291703169256,21,2018_bird_039_21_trip
2018-05-29T22:50:34Z,141.48693000000003,41.00795,bird_039,K18F34,18,2018,52460.78992936334,21,2018_bird_039_21_trip
2018-05-29T22:55:35Z,141.49163,41.0382,bird_039,K18F34,18,2018,55758.53818049592,21,2018_bird_039_21_trip
2018-05-29T23:00:34Z,141.48924000000002,41.07183,bird_039,K18F34,18,2018,59494.8991776021,21,2018_bird_039_21_trip
2018-05-29T23:05:34Z,141.49019,41.10286,bird_039,K18F34,18,2018,62918.18629641109,21,2018_bird_039_21_trip
2018-05-29T23:10:34Z,141.49555999999998,41.136190000000006,bird_039,K18F34,18,2018,66568.12408445722,21,2018_bird_039_21_trip
2018-05-29T23:15:34Z,141.50258,41.16125,bird_039,K18F34,18,2018,69300.71770688622,21,2018_bird_039_21_trip
2018-05-29T23:20:34Z,141.52875,41.181459999999994,bird_039,K18F34,18,2018,71431.12419584583,21,2018_bird_039_21_trip
2018-05-29T23:25:37Z,141.55855,41.20038,bird_039,K18F34,18,2018,73490.9423842273,21,2018_bird_039_21_trip
2018-05-29T23:31:00Z,141.54314,41.23252000000001,bird_039,K18F34,18,2018,77069.94606877727,21,2018_bird_039_21_trip
2018-05-29T23:35:31Z,141.5467,41.2577,bird_039,K18F34,18,2018,79862.0475883222,21,2018_bird_039_21_trip
2018-05-29T23:40:32Z,141.54987999999997,41.28866,bird_039,K18F34,18,2018,83297.6964710236,21,2018_bird_039_21_trip
2018-05-29T23:45:32Z,141.53833000000003,41.30339,bird_039,K18F34,18,2018,84946.5784118417,21,2018_bird_039_21_trip
2018-05-29T23:50:31Z,141.52786,41.32603,bird_039,K18F34,18,2018,87481.33268110389,21,2018_bird_039_21_trip
2018-05-29T23:55:32Z,141.52642000000003,41.357170000000004,bird_039,K18F34,18,2018,90941.796427118,21,2018_bird_039_21_trip
2018-05-30T00:00:31Z,141.50722000000002,41.380979999999994,bird_039,K18F34,18,2018,93644.3535975901,21,2018_bird_039_21_trip
2018-05-30T00:05:31Z,141.48137000000003,41.37974,bird_039,K18F34,18,2018,93630.73321410351,21,2018_bird_039_21_trip
2018-05-30T00:10:32Z,141.48614000000003,41.354589999999995,bird_039,K18F34,18,2018,90816.9110948206,21,2018_bird_039_21_trip
2018-05-30T00:15:31Z,141.48643000000004,41.3289,bird_039,K18F34,18,2018,87968.65193008799,21,2018_bird_039_21_trip
2018-05-30T00:20:32Z,141.50387999999998,41.30099,bird_039,K18F34,18,2018,84785.37608954398,21,2018_bird_039_21_trip
2018-05-30T00:25:32Z,141.5164,41.27472,bird_039,K18F34,18,2018,81820.66332990756,21,2018_bird_039_21_trip
2018-05-30T00:30:31Z,141.53032000000002,41.248720000000006,bird_039,K18F34,18,2018,78892.96237202329,21,2018_bird_039_21_trip
2018-05-30T00:35:32Z,141.50076,41.23442,bird_039,K18F34,18,2018,77419.67664268613,21,2018_bird_039_21_trip
2018-05-30T00:40:32Z,141.4691,41.22883000000001,bird_039,K18F34,18,2018,77012.58450554119,21,2018_bird_039_21_trip
2018-05-30T00:45:31Z,141.47981,41.19551000000001,bird_039,K18F34,18,2018,73244.24110567285,21,2018_bird_039_21_trip
2018-05-30T00:50:31Z,141.46567,41.17229,bird_039,K18F34,18,2018,70796.93168544836,21,2018_bird_039_21_trip
2018-05-30T00:55:32Z,141.47753,41.14519000000001,bird_039,K18F34,18,2018,67699.29059015171,21,2018_bird_039_21_trip
2018-05-30T01:00:31Z,141.49943000000002,41.14857000000001,bird_039,K18F34,18,2018,67914.44411652227,21,2018_bird_039_21_trip
2018-05-30T01:05:33Z,141.51409999999998,41.123160000000006,bird_039,K18F34,18,2018,65018.70218195569,21,2018_bird_039_21_trip
2018-05-30T01:10:31Z,141.52027,41.13054,bird_039,K18F34,18,2018,65810.04486283797,21,2018_bird_039_21_trip
2018-05-30T01:15:32Z,141.51299999999998,41.12995000000001,bird_039,K18F34,18,2018,65776.81737933411,21,2018_bird_039_21_trip
2018-05-30T01:20:32Z,141.52487,41.10847,bird_039,K18F34,18,2018,63343.87413497664,21,2018_bird_039_21_trip
2018-05-30T01:25:31Z,141.52453,41.10784,bird_039,K18F34,18,2018,63275.2341932496,21,2018_bird_039_21_trip
2018-05-30T01:30:33Z,141.51731,41.12894000000001,bird_039,K18F34,18,2018,65645.01217345137,21,2018_bird_039_21_trip
2018-05-30T01:35:31Z,141.51402,41.14115,bird_039,K18F34,18,2018,67013.86092971759,21,2018_bird_039_21_trip
2018-05-30T01:40:32Z,141.50999,41.12850000000001,bird_039,K18F34,18,2018,65631.09764916846,21,2018_bird_039_21_trip
2018-05-30T01:45:32Z,141.50552,41.15532,bird_039,K18F34,18,2018,68627.342997351,21,2018_bird_039_21_trip
2018-05-30T01:50:32Z,141.4945,41.162940000000006,bird_039,K18F34,18,2018,69536.7959737074,21,2018_bird_039_21_trip
2018-05-30T01:55:33Z,141.52546,41.16149,bird_039,K18F34,18,2018,69224.95931353694,21,2018_bird_039_21_trip
2018-05-30T02:00:59Z,141.50187,41.14318,bird_039,K18F34,18,2018,67302.75635722159,21,2018_bird_039_21_trip
2018-05-30T02:05:34Z,141.46721000000002,41.14443,bird_039,K18F34,18,2018,67707.77475614504,21,2018_bird_039_21_trip
2018-05-30T02:10:35Z,141.46011,41.12667,bird_039,K18F34,18,2018,65820.5789418045,21,2018_bird_039_21_trip
2018-05-30T02:15:34Z,141.45651,41.10011000000001,bird_039,K18F34,18,2018,62935.77083255488,21,2018_bird_039_21_trip
2018-05-30T02:20:34Z,141.43827000000002,41.07549,bird_039,K18F34,18,2018,60465.34457412916,21,2018_bird_039_21_trip
2018-05-30T02:25:34Z,141.42602000000002,41.04505,bird_039,K18F34,18,2018,57326.49451572597,21,2018_bird_039_21_trip
2018-05-30T02:30:35Z,141.41969999999998,41.009350000000005,bird_039,K18F34,18,2018,53556.53813342658,21,2018_bird_039_21_trip
2018-05-30T02:35:34Z,141.42526,40.96809,bird_039,K18F34,18,2018,48985.74303628072,21,2018_bird_039_21_trip
2018-05-30T02:40:34Z,141.44313,40.92925,bird_039,K18F34,18,2018,44445.174993031585,21,2018_bird_039_21_trip
2018-05-30T02:45:34Z,141.44583,40.89207,bird_039,K18F34,18,2018,40371.81190453468,21,2018_bird_039_21_trip
2018-05-30T02:50:35Z,141.4597,40.855439999999994,bird_039,K18F34,18,2018,36143.7170922199,21,2018_bird_039_21_trip
2018-05-30T02:55:35Z,141.46964999999997,40.81611,bird_039,K18F34,18,2018,31700.595568681005,21,2018_bird_039_21_trip
2018-05-30T03:00:34Z,141.46298000000002,40.77863000000001,bird_039,K18F34,18,2018,27829.272324006717,21,2018_bird_039_21_trip
2018-05-30T03:05:35Z,141.46128000000002,40.73866,bird_039,K18F34,18,2018,23662.548030558013,21,2018_bird_039_21_trip
2018-05-30T03:10:34Z,141.47054,40.69986,bird_039,K18F34,18,2018,19362.919154942167,21,2018_bird_039_21_trip
2018-05-30T03:15:35Z,141.48673000000002,40.66194,bird_039,K18F34,18,2018,14951.89224979122,21,2018_bird_039_21_trip
2018-05-30T03:20:34Z,141.50147,40.62313000000001,bird_039,K18F34,18,2018,10520.64954434766,21,2018_bird_039_21_trip
2018-05-30T03:25:34Z,141.51592,40.58407999999999,bird_039,K18F34,18,2018,6161.257428307107,21,2018_bird_039_21_trip
2018-05-30T03:30:35Z,141.53811000000002,40.55396,bird_039,K18F34,18,2018,2373.506550159908,21,2018_bird_039_21_trip
2018-06-01T09:30:36Z,141.54839,40.57198,bird_039,K18F34,18,2018,3787.266414388737,26,2018_bird_039_26_trip
2018-06-01T09:35:38Z,141.55322,40.62055000000001,bird_039,K18F34,18,2018,9107.078330829872,26,2018_bird_039_26_trip
2018-06-01T09:40:53Z,141.59801000000002,40.64085,bird_039,K18F34,18,2018,11857.853112564446,26,2018_bird_039_26_trip
2018-06-01T09:45:36Z,141.58652,40.66519000000001,bird_039,K18F34,18,2018,14268.138353479952,26,2018_bird_039_26_trip
2018-06-01T09:45:40Z,141.58684000000002,40.66518000000001,bird_039,K18F34,18,2018,14271.715666672888,26,2018_bird_039_26_trip
2018-06-01T09:50:46Z,141.62278,40.691370000000006,bird_039,K18F34,18,2018,17837.977993622568,26,2018_bird_039_26_trip
2018-06-01T09:55:39Z,141.66304999999997,40.71798,bird_039,K18F34,18,2018,21825.52524153845,26,2018_bird_039_26_trip
2018-06-01T10:00:42Z,141.68979,40.71672,bird_039,K18F34,18,2018,22721.942679147694,26,2018_bird_039_26_trip
2018-06-01T10:05:41Z,141.72783,40.73257000000001,bird_039,K18F34,18,2018,25909.651147767476,26,2018_bird_039_26_trip
2018-06-01T10:10:41Z,141.76686999999998,40.76686,bird_039,K18F34,18,2018,30914.615941604985,26,2018_bird_039_26_trip
2018-06-01T10:15:57Z,141.79412,40.75957,bird_039,K18F34,18,2018,31658.55759631929,26,2018_bird_039_26_trip
2018-06-01T10:20:45Z,141.79384999999996,40.74945,bird_039,K18F34,18,2018,30781.868607244247,26,2018_bird_039_26_trip
2018-06-01T10:29:04Z,141.78779,40.75072,bird_039,K18F34,18,2018,30560.04924681803,26,2018_bird_039_26_trip
2018-06-01T10:30:36Z,141.79474999999996,40.74586,bird_039,K18F34,18,2018,30530.04932695106,26,2018_bird_039_26_trip
2018-06-01T10:35:36Z,141.78489,40.730030000000006,bird_039,K18F34,18,2018,28663.214146570743,26,2018_bird_039_26_trip
2018-06-01T10:40:34Z,141.77149999999995,40.7144,bird_039,K18F34,18,2018,26619.522888323245,26,2018_bird_039_26_trip
2018-06-01T10:45:35Z,141.74738,40.7008,bird_039,K18F34,18,2018,24130.227851643693,26,2018_bird_039_26_trip
2018-06-01T10:50:40Z,141.74089999999998,40.69172,bird_039,K18F34,18,2018,23014.9103186567,26,2018_bird_039_26_trip
2018-06-01T10:55:39Z,141.73254,40.667230000000004,bird_039,K18F34,18,2018,20572.709291926614,26,2018_bird_039_26_trip
2018-06-01T11:00:40Z,141.72931,40.65127999999999,bird_039,K18F34,18,2018,19178.271856697374,26,2018_bird_039_26_trip
2018-06-01T11:05:37Z,141.73023,40.65045,bird_039,K18F34,18,2018,19177.60896736556,26,2018_bird_039_26_trip
2018-06-01T11:10:38Z,141.73104,40.6495,bird_039,K18F34,18,2018,19162.01864537915,26,2018_bird_039_26_trip
2018-06-01T11:15:35Z,141.7309,40.64233000000001,bird_039,K18F34,18,2018,18651.61059169521,26,2018_bird_039_26_trip
2018-06-01T11:20:37Z,141.73121,40.62848,bird_039,K18F34,18,2018,17766.07978270563,26,2018_bird_039_26_trip
2018-06-01T11:25:35Z,141.7377,40.6214,bird_039,K18F34,18,2018,17805.536075653436,26,2018_bird_039_26_trip
2018-06-01T11:30:37Z,141.74331999999998,40.61569,bird_039,K18F34,18,2018,17903.587662467413,26,2018_bird_039_26_trip
2018-06-01T11:35:36Z,141.74452999999997,40.60623,bird_039,K18F34,18,2018,17519.29422068225,26,2018_bird_039_26_trip
2018-06-01T11:40:35Z,141.73774,40.59915000000001,bird_039,K18F34,18,2018,16670.034069165984,26,2018_bird_039_26_trip
2018-06-01T11:45:35Z,141.72755999999998,40.59064,bird_039,K18F34,18,2018,15509.543727036416,26,2018_bird_039_26_trip
2018-06-01T11:50:39Z,141.70126,40.57876,bird_039,K18F34,18,2018,12958.166831832908,26,2018_bird_039_26_trip
2018-06-01T11:55:39Z,141.67499999999998,40.56298,bird_039,K18F34,18,2018,10305.728430127125,26,2018_bird_039_26_trip
2018-06-01T12:01:03Z,141.64414999999997,40.55033,bird_039,K18F34,18,2018,7446.230764164916,26,2018_bird_039_26_trip
2018-06-01T12:05:34Z,141.61974999999995,40.54285,bird_039,K18F34,18,2018,5285.914992818759,26,2018_bird_039_26_trip
2018-06-01T12:10:34Z,141.58981,40.54096,bird_039,K18F34,18,2018,2740.984296487958,26,2018_bird_039_26_trip
2018-06-01T12:15:34Z,141.56658,40.54527,bird_039,K18F34,18,2018,1061.0842535223928,26,2018_bird_039_26_trip
2018-06-01T17:25:36Z,141.56002,40.57658,bird_039,K18F34,18,2018,4221.780065317444,27,2018_bird_039_27_trip
2018-06-01T17:30:36Z,141.56836,40.61211000000001,bird_039,K18F34,18,2018,8212.942747439576,27,2018_bird_039_27_trip
2018-06-01T17:35:35Z,141.58117,40.64884,bird_039,K18F34,18,2018,12402.521852477446,27,2018_bird_039_27_trip
2018-06-01T17:40:35Z,141.58963,40.6817,bird_039,K18F34,18,2018,16119.550722086004,27,2018_bird_039_27_trip
2018-06-01T17:45:36Z,141.59984999999998,40.711859999999994,bird_039,K18F34,18,2018,19568.49790822992,27,2018_bird_039_27_trip
2018-06-01T17:50:35Z,141.61112,40.74434,bird_039,K18F34,18,2018,23290.308006460094,27,2018_bird_039_27_trip
2018-06-01T17:55:35Z,141.61692,40.776430000000005,bird_039,K18F34,18,2018,26881.883553957618,27,2018_bird_039_27_trip
2018-06-01T18:00:34Z,141.61927999999995,40.806999999999995,bird_039,K18F34,18,2018,30257.247051793787,27,2018_bird_039_27_trip
2018-06-01T18:05:39Z,141.62409,40.82918,bird_039,K18F34,18,2018,32753.42679866745,27,2018_bird_039_27_trip
2018-06-01T18:10:38Z,141.62974999999997,40.86314,bird_039,K18F34,18,2018,36551.0450178674,27,2018_bird_039_27_trip
2018-06-01T18:15:37Z,141.63592,40.89754,bird_039,K18F34,18,2018,40404.58548880949,27,2018_bird_039_27_trip
2018-06-01T18:20:38Z,141.64499999999998,40.92806,bird_039,K18F34,18,2018,43873.96070349856,27,2018_bird_039_27_trip
2018-06-01T18:25:38Z,141.65274000000002,40.95881,bird_039,K18F34,18,2018,47349.89626470546,27,2018_bird_039_27_trip
2018-06-01T18:30:38Z,141.65204000000003,40.9899,bird_039,K18F34,18,2018,50746.24043005946,27,2018_bird_039_27_trip
2018-06-01T18:35:39Z,141.65637,41.025920000000006,bird_039,K18F34,18,2018,54754.47293320766,27,2018_bird_039_27_trip
2018-06-01T18:40:39Z,141.65354999999997,41.04041,bird_039,K18F34,18,2018,56310.5678207785,27,2018_bird_039_27_trip
2018-06-01T18:45:39Z,141.64698,41.043859999999995,bird_039,K18F34,18,2018,56613.172938179305,27,2018_bird_039_27_trip
2018-06-01T18:50:38Z,141.64194999999998,41.04917,bird_039,K18F34,18,2018,57143.19621331545,27,2018_bird_039_27_trip
2018-06-01T18:55:39Z,141.65136,41.07066,bird_039,K18F34,18,2018,59611.96007217887,27,2018_bird_039_27_trip
2018-06-01T19:00:39Z,141.65759,41.08447,bird_039,K18F34,18,2018,61202.53945356944,27,2018_bird_039_27_trip
2018-06-01T19:05:38Z,141.64885999999998,41.06541000000001,bird_039,K18F34,18,2018,59006.26745715669,27,2018_bird_039_27_trip
2018-06-01T19:11:04Z,141.63131,41.0519,bird_039,K18F34,18,2018,57339.65911856313,27,2018_bird_039_27_trip
2018-06-01T19:15:35Z,141.63045,41.032320000000006,bird_039,K18F34,18,2018,55170.51135549585,27,2018_bird_039_27_trip
2018-06-01T19:20:35Z,141.64149999999998,41.00667,bird_039,K18F34,18,2018,52458.60925999225,27,2018_bird_039_27_trip
2018-06-01T19:25:35Z,141.63698,40.98417,bird_039,K18F34,18,2018,49931.42604987111,27,2018_bird_039_27_trip
2018-06-01T19:30:34Z,141.63697,40.96419,bird_039,K18F34,18,2018,47733.61164481888,27,2018_bird_039_27_trip
2018-06-01T19:35:35Z,141.63273,40.94101,bird_039,K18F34,18,2018,45134.78469747104,27,2018_bird_039_27_trip
2018-06-01T19:40:35Z,141.62681,40.91571,bird_039,K18F34,18,2018,42283.03405570625,27,2018_bird_039_27_trip
2018-06-01T19:45:37Z,141.62648000000002,40.88663999999999,bird_039,K18F34,18,2018,39084.34125731846,27,2018_bird_039_27_trip
2018-06-01T19:50:35Z,141.62362,40.8583,bird_039,K18F34,18,2018,35937.163635735466,27,2018_bird_039_27_trip
2018-06-01T19:55:34Z,141.61957999999996,40.828010000000006,bird_039,K18F34,18,2018,32561.925402237175,27,2018_bird_039_27_trip
2018-06-01T20:00:39Z,141.61527999999998,40.79617000000001,bird_039,K18F34,18,2018,29014.62310446761,27,2018_bird_039_27_trip
2018-06-01T20:05:38Z,141.61466999999996,40.76436,bird_039,K18F34,18,2018,25529.713495637738,27,2018_bird_039_27_trip
2018-06-01T20:10:39Z,141.61002,40.73250000000001,bird_039,K18F34,18,2018,21983.172845972123,27,2018_bird_039_27_trip
2018-06-01T20:15:39Z,141.60638,40.69830000000001,bird_039,K18F34,18,2018,18207.43414663681,27,2018_bird_039_27_trip
2018-06-01T20:20:39Z,141.60234000000003,40.66257000000001,bird_039,K18F34,18,2018,14277.00511550551,27,2018_bird_039_27_trip
2018-06-01T20:25:39Z,141.59047,40.62686,bird_039,K18F34,18,2018,10187.6049209313,27,2018_bird_039_27_trip
2018-06-01T20:30:39Z,141.57944999999998,40.591330000000006,bird_039,K18F34,18,2018,6140.110480501301,27,2018_bird_039_27_trip
2018-06-01T20:35:39Z,141.5671,40.55445,bird_039,K18F34,18,2018,1934.5767954996145,27,2018_bird_039_27_trip
2018-05-15T02:18:06Z,141.54088,40.540859999999995,bird_015,K18F43,27,2018,1438.67915185227,3,2018_bird_015_3_trip
2018-05-15T02:19:06Z,141.53074,40.54384,bird_015,K18F43,27,2018,2348.771622549794,3,2018_bird_015_3_trip
2018-05-15T02:20:05Z,141.52067,40.54707,bird_015,K18F43,27,2018,3266.8611630869505,3,2018_bird_015_3_trip
2018-05-15T02:21:05Z,141.51537,40.547279999999994,bird_015,K18F43,27,2018,3705.1063454420378,3,2018_bird_015_3_trip
2018-05-15T02:22:06Z,141.51521,40.54722,bird_015,K18F43,27,2018,3716.477373187811,3,2018_bird_015_3_trip
2018-05-15T02:23:05Z,141.5152,40.54732,bird_015,K18F43,27,2018,3720.166246285467,3,2018_bird_015_3_trip
2018-05-15T02:24:06Z,141.51387999999997,40.54685,bird_015,K18F43,27,2018,3815.404903144739,3,2018_bird_015_3_trip
2018-05-15T02:25:06Z,141.51384,40.54694,bird_015,K18F43,27,2018,3821.100298274638,3,2018_bird_015_3_trip
2018-05-15T02:26:05Z,141.51380999999998,40.54589,bird_015,K18F43,27,2018,3797.059749929736,3,2018_bird_015_3_trip
2018-05-15T02:27:05Z,141.51399999999998,40.54589,bird_015,K18F43,27,2018,3781.334952393084,3,2018_bird_015_3_trip
2018-05-15T02:28:06Z,141.51384,40.54579,bird_015,K18F43,27,2018,3792.227920935241,3,2018_bird_015_3_trip
2018-05-15T02:29:06Z,141.51387999999997,40.54572,bird_015,K18F43,27,2018,3787.288157430792,3,2018_bird_015_3_trip
2018-05-15T02:30:06Z,141.51382999999998,40.5458,bird_015,K18F43,27,2018,3793.2895431092984,3,2018_bird_015_3_trip
2018-05-15T02:31:05Z,141.51378999999997,40.54579,bird_015,K18F43,27,2018,3796.36897971731,3,2018_bird_015_3_trip
2018-05-15T02:32:05Z,141.51384999999996,40.54585,bird_015,K18F43,27,2018,3792.80557153038,3,2018_bird_015_3_trip
2018-05-15T02:33:05Z,141.51379999999995,40.54584,bird_015,K18F43,27,2018,3796.710225635253,3,2018_bird_015_3_trip
2018-05-15T02:34:05Z,141.51382999999998,40.54581,bird_015,K18F43,27,2018,3793.5232809448366,3,2018_bird_015_3_trip
2018-05-15T02:35:05Z,141.5128,40.54771,bird_015,K18F43,27,2018,3927.750577714095,3,2018_bird_015_3_trip
2018-05-15T02:36:06Z,141.51433,40.55143999999999,bird_015,K18F43,27,2018,3932.992629013755,3,2018_bird_015_3_trip
2018-05-15T02:37:06Z,141.51628,40.55616,bird_015,K18F43,27,2018,4006.54960567805,3,2018_bird_015_3_trip
2018-05-15T02:38:06Z,141.52149000000003,40.55547,bird_015,K18F43,27,2018,3586.754765861551,3,2018_bird_015_3_trip
2018-05-15T02:39:07Z,141.52685,40.5581,bird_015,K18F43,27,2018,3387.021322381887,3,2018_bird_015_3_trip
2018-05-15T02:40:05Z,141.5316,40.56083,bird_015,K18F43,27,2018,3307.8238047362943,3,2018_bird_015_3_trip
2018-05-15T02:41:06Z,141.53519,40.56121,bird_015,K18F43,27,2018,3147.1608258086185,3,2018_bird_015_3_trip
2018-05-15T02:42:05Z,141.53651,40.56754,bird_015,K18F43,27,2018,3676.286394814304,3,2018_bird_015_3_trip
2018-05-15T02:43:06Z,141.5398,40.57272,bird_015,K18F43,27,2018,4077.253783360154,3,2018_bird_015_3_trip
2018-05-15T02:44:05Z,141.54408999999998,40.57706,bird_015,K18F43,27,2018,4420.831866722165,3,2018_bird_015_3_trip
2018-05-15T02:45:06Z,141.54773,40.58176,bird_015,K18F43,27,2018,4864.437447054642,3,2018_bird_015_3_trip
2018-05-15T02:46:05Z,141.55142000000004,40.58504,bird_015,K18F43,27,2018,5182.7834562472235,3,2018_bird_015_3_trip
2018-05-15T02:47:06Z,141.55592,40.58905,bird_015,K18F43,27,2018,5603.369537546728,3,2018_bird_015_3_trip
2018-05-15T02:48:05Z,141.5599,40.59376,bird_015,K18F43,27,2018,6127.67105862779,3,2018_bird_015_3_trip
2018-05-15T02:49:05Z,141.56398,40.59846,bird_015,K18F43,27,2018,6668.4004718066935,3,2018_bird_015_3_trip
2018-05-15T02:50:06Z,141.56799,40.60376,bird_015,K18F43,27,2018,7288.310303416679,3,2018_bird_015_3_trip
2018-05-15T02:51:06Z,141.57245,40.608230000000006,bird_015,K18F43,27,2018,7832.965272916235,3,2018_bird_015_3_trip
2018-05-15T02:52:06Z,141.57622,40.61229,bird_015,K18F43,27,2018,8332.73062971653,3,2018_bird_015_3_trip
2018-05-15T02:53:05Z,141.58087,40.615750000000006,bird_015,K18F43,27,2018,8790.093501784837,3,2018_bird_015_3_trip
2018-05-15T02:54:06Z,141.58605,40.61998,bird_015,K18F43,27,2018,9351.699413241537,3,2018_bird_015_3_trip
2018-05-15T02:55:05Z,141.5906,40.62405,bird_015,K18F43,27,2018,9890.916105019527,3,2018_bird_015_3_trip
2018-05-15T02:56:06Z,141.59577,40.62837000000001,bird_015,K18F43,27,2018,10478.566519141192,3,2018_bird_015_3_trip
2018-05-15T02:57:05Z,141.60053,40.63230000000001,bird_015,K18F43,27,2018,11020.757432269227,3,2018_bird_015_3_trip
2018-05-15T02:58:05Z,141.60565999999997,40.63608,bird_015,K18F43,27,2018,11563.401471963263,3,2018_bird_015_3_trip
2018-05-15T02:59:06Z,141.60629,40.64027,bird_015,K18F43,27,2018,12018.19816030978,3,2018_bird_015_3_trip
2018-05-15T03:00:05Z,141.60775999999998,40.641859999999994,bird_015,K18F43,27,2018,12226.84464568058,3,2018_bird_015_3_trip
2018-05-15T03:01:06Z,141.61156999999997,40.64712,bird_015,K18F43,27,2018,12886.927160362096,3,2018_bird_015_3_trip
2018-05-15T03:02:06Z,141.61342,40.65443,bird_015,K18F43,27,2018,13702.120360909044,3,2018_bird_015_3_trip
2018-05-15T03:03:05Z,141.61654,40.6596,bird_015,K18F43,27,2018,14332.108946616889,3,2018_bird_015_3_trip
2018-05-15T03:04:06Z,141.61977999999996,40.66601000000001,bird_015,K18F43,27,2018,15094.782837335948,3,2018_bird_015_3_trip
2018-05-15T03:05:06Z,141.62416,40.67173,bird_015,K18F43,27,2018,15819.78331382818,3,2018_bird_015_3_trip
2018-05-15T03:06:05Z,141.62938,40.67644,bird_015,K18F43,27,2018,16467.329663463708,3,2018_bird_015_3_trip
2018-05-15T03:07:05Z,141.63172,40.68279,bird_015,K18F43,27,2018,17195.864841803847,3,2018_bird_015_3_trip
2018-05-15T03:08:06Z,141.63368999999997,40.68721,bird_015,K18F43,27,2018,17713.629339411928,3,2018_bird_015_3_trip
2018-05-15T03:09:06Z,141.63707,40.693360000000006,bird_015,K18F43,27,2018,18453.72644190965,3,2018_bird_015_3_trip
2018-05-15T03:10:05Z,141.64075999999997,40.69756,bird_015,K18F43,27,2018,19002.147581136407,3,2018_bird_015_3_trip
2018-05-15T03:11:05Z,141.64433,40.703030000000005,bird_015,K18F43,27,2018,19678.230803327777,3,2018_bird_015_3_trip
2018-05-15T03:12:06Z,141.64764,40.70937000000001,bird_015,K18F43,27,2018,20435.801167530273,3,2018_bird_015_3_trip
2018-05-15T03:13:06Z,141.64854999999997,40.7169,bird_015,K18F43,27,2018,21241.625977745727,3,2018_bird_015_3_trip
2018-05-15T03:14:05Z,141.65183000000002,40.72321000000001,bird_015,K18F43,27,2018,21995.14222896898,3,2018_bird_015_3_trip
2018-05-15T03:15:05Z,141.65648000000002,40.729220000000005,bird_015,K18F43,27,2018,22759.953940175623,3,2018_bird_015_3_trip
2018-05-15T03:16:05Z,141.66208,40.73434,bird_015,K18F43,27,2018,23463.86369926075,3,2018_bird_015_3_trip
2018-05-15T03:17:05Z,141.66840000000002,40.738420000000005,bird_015,K18F43,27,2018,24087.035185841887,3,2018_bird_015_3_trip
2018-05-15T03:18:05Z,141.67488999999998,40.74183,bird_015,K18F43,27,2018,24651.999343479263,3,2018_bird_015_3_trip
2018-05-15T03:19:06Z,141.68147000000002,40.74594,bird_015,K18F43,27,2018,25295.79255824085,3,2018_bird_015_3_trip
2018-05-15T03:20:05Z,141.68789,40.749300000000005,bird_015,K18F43,27,2018,25862.45540265059,3,2018_bird_015_3_trip
2018-05-15T03:21:06Z,141.69171,40.74832000000001,bird_015,K18F43,27,2018,25903.939769063585,3,2018_bird_015_3_trip
2018-05-15T03:22:07Z,141.69183,40.74837000000001,bird_015,K18F43,27,2018,25913.375519518097,3,2018_bird_015_3_trip
2018-05-15T03:23:06Z,141.6921,40.748540000000006,bird_015,K18F43,27,2018,25940.34842700282,3,2018_bird_015_3_trip
2018-05-15T03:24:05Z,141.6919,40.74842,bird_015,K18F43,27,2018,25920.95922925087,3,2018_bird_015_3_trip
2018-05-15T03:25:05Z,141.69223000000002,40.74848,bird_015,K18F43,27,2018,25939.188481928337,3,2018_bird_015_3_trip
2018-05-15T03:26:05Z,141.69245,40.748540000000006,bird_015,K18F43,27,2018,25953.346043486177,3,2018_bird_015_3_trip
2018-05-15T03:27:07Z,141.69252,40.74831000000001,bird_015,K18F43,27,2018,25933.019821445545,3,2018_bird_015_3_trip
2018-05-15T03:28:06Z,141.69275,40.748520000000006,bird_015,K18F43,27,2018,25962.51518525637,3,2018_bird_015_3_trip
2018-05-15T03:29:07Z,141.69357999999997,40.74895000000001,bird_015,K18F43,27,2018,26036.318770890535,3,2018_bird_015_3_trip
2018-05-15T03:30:06Z,141.69891,40.75312,bird_015,K18F43,27,2018,26651.50629390704,3,2018_bird_015_3_trip
2018-05-15T03:31:06Z,141.70476999999997,40.75762,bird_015,K18F43,27,2018,27321.12989122842,3,2018_bird_015_3_trip
2018-05-15T03:32:06Z,141.70994999999996,40.763160000000006,bird_015,K18F43,27,2018,28068.363808038725,3,2018_bird_015_3_trip
2018-05-15T03:33:06Z,141.71441,40.767050000000005,bird_015,K18F43,27,2018,28625.451534154832,3,2018_bird_015_3_trip
2018-05-15T03:34:06Z,141.72019,40.77084,bird_015,K18F43,27,2018,29225.69974969018,3,2018_bird_015_3_trip
2018-05-15T03:35:05Z,141.72485999999998,40.773300000000006,bird_015,K18F43,27,2018,29653.27005018717,3,2018_bird_015_3_trip
2018-05-15T03:36:05Z,141.73083,40.77719,bird_015,K18F43,27,2018,30274.50377708607,3,2018_bird_015_3_trip
2018-05-15T03:37:06Z,141.73749,40.78016,bird_015,K18F43,27,2018,30837.31037783781,3,2018_bird_015_3_trip
2018-05-15T03:38:06Z,141.74315999999996,40.78483,bird_015,K18F43,27,2018,31525.096491357075,3,2018_bird_015_3_trip
2018-05-15T03:39:05Z,141.74866999999998,40.78983,bird_015,K18F43,27,2018,32238.54855480055,3,2018_bird_015_3_trip
2018-05-15T03:40:05Z,141.7542,40.79337000000001,bird_015,K18F43,27,2018,32813.51986684295,3,2018_bird_015_3_trip
2018-05-15T03:41:05Z,141.76048,40.795440000000006,bird_015,K18F43,27,2018,33282.35033399015,3,2018_bird_015_3_trip
2018-05-15T03:42:06Z,141.76568999999998,40.80095,bird_015,K18F43,27,2018,34033.44384018609,3,2018_bird_015_3_trip
2018-05-15T03:43:05Z,141.77106999999998,40.80565,bird_015,K18F43,27,2018,34715.26699769301,3,2018_bird_015_3_trip
2018-05-15T03:44:06Z,141.77713,40.80781999999999,bird_015,K18F43,27,2018,35188.73196205311,3,2018_bird_015_3_trip
2018-05-15T03:45:05Z,141.78094000000002,40.81074,bird_015,K18F43,27,2018,35634.06344644722,3,2018_bird_015_3_trip
2018-05-15T03:46:05Z,141.78648,40.81375,bird_015,K18F43,27,2018,36166.17417757384,3,2018_bird_015_3_trip
2018-05-15T03:47:05Z,141.79032,40.814789999999995,bird_015,K18F43,27,2018,36437.98556608169,3,2018_bird_015_3_trip
2018-05-15T03:48:06Z,141.79553,40.819219999999994,bird_015,K18F43,27,2018,37089.68462767501,3,2018_bird_015_3_trip
2018-05-15T03:49:06Z,141.79516999999998,40.82132,bird_015,K18F43,27,2018,37269.25048798338,3,2018_bird_015_3_trip
2018-05-15T03:50:05Z,141.79529,40.821279999999994,bird_015,K18F43,27,2018,37270.980454404424,3,2018_bird_015_3_trip
2018-05-15T03:51:06Z,141.79548,40.82141,bird_015,K18F43,27,2018,37291.78905759149,3,2018_bird_015_3_trip
2018-05-15T03:52:06Z,141.79650999999998,40.82435,bird_015,K18F43,27,2018,37613.59522816203,3,2018_bird_015_3_trip
2018-05-15T03:53:06Z,141.7973,40.82822,bird_015,K18F43,27,2018,38012.09754239481,3,2018_bird_015_3_trip
2018-05-15T03:54:05Z,141.79752,40.82809,bird_015,K18F43,27,2018,38009.81490479706,3,2018_bird_015_3_trip
2018-05-15T03:55:05Z,141.7977,40.82837000000001,bird_015,K18F43,27,2018,38044.20941627041,3,2018_bird_015_3_trip
2018-05-15T03:56:06Z,141.80027,40.83153,bird_015,K18F43,27,2018,38456.66533333936,3,2018_bird_015_3_trip
2018-05-15T03:57:05Z,141.80272000000002,40.83852,bird_015,K18F43,27,2018,39223.88119301346,3,2018_bird_015_3_trip
2018-05-15T03:58:05Z,141.80097,40.84627999999999,bird_015,K18F43,27,2018,39881.06387369358,3,2018_bird_015_3_trip
2018-05-15T03:59:05Z,141.79645,40.85431,bird_015,K18F43,27,2018,40455.02029857764,3,2018_bird_015_3_trip
2018-05-15T04:00:06Z,141.79583,40.86215000000001,bird_015,K18F43,27,2018,41185.58495391632,3,2018_bird_015_3_trip
2018-05-15T04:01:07Z,141.79806,40.870239999999995,bird_015,K18F43,27,2018,42061.75787336411,3,2018_bird_015_3_trip
2018-05-15T04:02:07Z,141.80192000000002,40.87662,bird_015,K18F43,27,2018,42839.25309854413,3,2018_bird_015_3_trip
2018-05-15T04:03:07Z,141.80530000000002,40.88296,bird_015,K18F43,27,2018,43593.42751594916,3,2018_bird_015_3_trip
2018-05-15T04:04:06Z,141.79826,40.887449999999994,bird_015,K18F43,27,2018,43751.492709166494,3,2018_bird_015_3_trip
2018-05-15T04:05:07Z,141.78877,40.88991,bird_015,K18F43,27,2018,43628.53705497562,3,2018_bird_015_3_trip
2018-05-15T04:06:07Z,141.77967999999996,40.89364,bird_015,K18F43,27,2018,43663.53828093557,3,2018_bird_015_3_trip
2018-05-15T04:07:06Z,141.77025999999998,40.89681,bird_015,K18F43,27,2018,43647.848960944386,3,2018_bird_015_3_trip
2018-05-15T04:08:07Z,141.76073,40.8967,bird_015,K18F43,27,2018,43311.38169645838,3,2018_bird_015_3_trip
2018-05-15T04:09:07Z,141.75664,40.896930000000005,bird_015,K18F43,27,2018,43199.123083953054,3,2018_bird_015_3_trip
2018-05-15T04:10:06Z,141.75623000000002,40.89666,bird_015,K18F43,27,2018,43158.03648689709,3,2018_bird_015_3_trip
2018-05-15T04:11:07Z,141.75518,40.89668,bird_015,K18F43,27,2018,43125.66201303677,3,2018_bird_015_3_trip
2018-05-15T04:12:06Z,141.74779999999998,40.89716,bird_015,K18F43,27,2018,42937.543566774635,3,2018_bird_015_3_trip
2018-05-15T04:13:06Z,141.73899,40.89893000000001,bird_015,K18F43,27,2018,42847.95769691013,3,2018_bird_015_3_trip
2018-05-15T04:14:07Z,141.73076999999998,40.89941,bird_015,K18F43,27,2018,42654.5321041276,3,2018_bird_015_3_trip
2018-05-15T04:15:07Z,141.72726,40.89764,bird_015,K18F43,27,2018,42368.7610344519,3,2018_bird_015_3_trip
2018-05-15T04:16:06Z,141.72027,40.89622,bird_015,K18F43,27,2018,42023.600007913155,3,2018_bird_015_3_trip
2018-05-15T04:17:06Z,141.71164999999996,40.89999,bird_015,K18F43,27,2018,42188.99089669363,3,2018_bird_015_3_trip
2018-05-15T04:18:06Z,141.70284,40.90222,bird_015,K18F43,27,2018,42202.14923423575,3,2018_bird_015_3_trip
2018-05-15T04:19:07Z,141.69458999999998,40.90787,bird_015,K18F43,27,2018,42608.142754995766,3,2018_bird_015_3_trip
2018-05-15T04:20:07Z,141.68838000000002,40.90885,bird_015,K18F43,27,2018,42573.70679388296,3,2018_bird_015_3_trip
2018-05-15T04:21:06Z,141.68626,40.90622,bird_015,K18F43,27,2018,42245.33154776585,3,2018_bird_015_3_trip
2018-05-15T04:22:07Z,141.68019,40.90483,bird_015,K18F43,27,2018,41966.71577368286,3,2018_bird_015_3_trip
2018-05-15T04:23:07Z,141.67407999999998,40.9028,bird_015,K18F43,27,2018,41623.26444697876,3,2018_bird_015_3_trip
2018-05-15T04:24:07Z,141.66914,40.90019,bird_015,K18F43,27,2018,41244.375328866314,3,2018_bird_015_3_trip
2018-05-15T04:25:07Z,141.66548,40.89776,bird_015,K18F43,27,2018,40911.738792698874,3,2018_bird_015_3_trip
2018-05-15T04:26:07Z,141.66257,40.89497,bird_015,K18F43,27,2018,40555.31309268407,3,2018_bird_015_3_trip
2018-05-15T04:27:07Z,141.66167,40.8918,bird_015,K18F43,27,2018,40195.215677981854,3,2018_bird_015_3_trip
2018-05-15T04:28:34Z,141.66007,40.88673,bird_015,K18F43,27,2018,39616.31868345823,3,2018_bird_015_3_trip
2018-05-15T04:29:05Z,141.65853,40.88495,bird_015,K18F43,27,2018,39395.098936151306,3,2018_bird_015_3_trip
2018-05-15T04:30:06Z,141.65626,40.881229999999995,bird_015,K18F43,27,2018,38950.43117800497,3,2018_bird_015_3_trip
2018-05-15T04:31:06Z,141.65272000000002,40.877559999999995,bird_015,K18F43,27,2018,38488.882475422615,3,2018_bird_015_3_trip
2018-05-15T04:32:05Z,141.64916999999997,40.87433,bird_015,K18F43,27,2018,38076.11092301881,3,2018_bird_015_3_trip
2018-05-15T04:33:05Z,141.64557999999997,40.87042,bird_015,K18F43,27,2018,37589.92948727191,3,2018_bird_015_3_trip
2018-05-15T04:34:05Z,141.64463999999998,40.86793,bird_015,K18F43,27,2018,37303.19644224347,3,2018_bird_015_3_trip
2018-05-15T04:35:05Z,141.6422,40.86522,bird_015,K18F43,27,2018,36967.79939833278,3,2018_bird_015_3_trip
2018-05-15T04:36:06Z,141.63597,40.86321,bird_015,K18F43,27,2018,36650.049140613635,3,2018_bird_015_3_trip
2018-05-15T04:37:05Z,141.63001,40.86139,bird_015,K18F43,27,2018,36363.14790773557,3,2018_bird_015_3_trip
2018-05-15T04:38:06Z,141.62509,40.85988999999999,bird_015,K18F43,27,2018,36130.998243774746,3,2018_bird_015_3_trip
2018-05-15T04:39:06Z,141.61982999999998,40.85719999999999,bird_015,K18F43,27,2018,35767.999585040336,3,2018_bird_015_3_trip
2018-05-15T04:40:05Z,141.61602,40.854029999999995,bird_015,K18F43,27,2018,35373.467698599205,3,2018_bird_015_3_trip
2018-05-15T04:41:05Z,141.61281,40.850719999999995,bird_015,K18F43,27,2018,34972.30887318416,3,2018_bird_015_3_trip
2018-05-15T04:42:06Z,141.60812,40.84759999999999,bird_015,K18F43,27,2018,34577.78669018179,3,2018_bird_015_3_trip
2018-05-15T04:43:06Z,141.60377999999997,40.84435,bird_015,K18F43,27,2018,34175.83851688078,3,2018_bird_015_3_trip
2018-05-15T04:44:06Z,141.60062,40.84076,bird_015,K18F43,27,2018,33749.995780482895,3,2018_bird_015_3_trip
2018-05-15T04:45:06Z,141.59935,40.83727,bird_015,K18F43,27,2018,33353.19171549183,3,2018_bird_015_3_trip
2018-05-15T04:46:07Z,141.60076999999998,40.8338,bird_015,K18F43,27,2018,32983.107755705685,3,2018_bird_015_3_trip
2018-05-15T04:47:05Z,141.59873000000002,40.83022,bird_015,K18F43,27,2018,32569.167786557235,3,2018_bird_015_3_trip
2018-05-15T04:48:05Z,141.59577,40.82704,bird_015,K18F43,27,2018,32192.033926917265,3,2018_bird_015_3_trip
2018-05-15T04:49:05Z,141.59435,40.82321,bird_015,K18F43,27,2018,31756.92219122971,3,2018_bird_015_3_trip
2018-05-15T04:50:04Z,141.59031000000002,40.8203,bird_015,K18F43,27,2018,31403.423460321566,3,2018_bird_015_3_trip
2018-05-15T04:51:05Z,141.58553,40.81681999999999,bird_015,K18F43,27,2018,30985.083450174938,3,2018_bird_015_3_trip
2018-05-15T04:52:06Z,141.58030000000002,40.81373,bird_015,K18F43,27,2018,30612.05548454265,3,2018_bird_015_3_trip
2018-05-15T04:53:05Z,141.57779,40.81047999999999,bird_015,K18F43,27,2018,30239.14359257237,3,2018_bird_015_3_trip
2018-05-15T04:54:05Z,141.57511,40.80741,bird_015,K18F43,27,2018,29886.6923627765,3,2018_bird_015_3_trip
2018-05-15T04:55:05Z,141.57307999999998,40.80343,bird_015,K18F43,27,2018,29437.136142764502,3,2018_bird_015_3_trip
2018-05-15T04:56:06Z,141.57034000000002,40.799690000000005,bird_015,K18F43,27,2018,29012.70353784827,3,2018_bird_015_3_trip
2018-05-15T04:57:05Z,141.56736,40.79560000000001,bird_015,K18F43,27,2018,28550.43620449927,3,2018_bird_015_3_trip
2018-05-15T04:58:05Z,141.56555999999998,40.791630000000005,bird_015,K18F43,27,2018,28105.700161285895,3,2018_bird_015_3_trip
2018-05-15T04:59:05Z,141.56162,40.788430000000005,bird_015,K18F43,27,2018,27744.365342025427,3,2018_bird_015_3_trip
2018-05-15T05:00:07Z,141.55653,40.78498,bird_015,K18F43,27,2018,27359.314669303825,3,2018_bird_015_3_trip
2018-05-15T05:01:05Z,141.55158,40.78152,bird_015,K18F43,27,2018,26979.740539586932,3,2018_bird_015_3_trip
2018-05-15T05:02:05Z,141.54755999999998,40.77915000000001,bird_015,K18F43,27,2018,26725.243331231588,3,2018_bird_015_3_trip
2018-05-15T05:03:05Z,141.54231,40.77582,bird_015,K18F43,27,2018,26373.67980661907,3,2018_bird_015_3_trip
2018-05-15T05:04:05Z,141.53644000000003,40.77242,bird_015,K18F43,27,2018,26025.995422974825,3,2018_bird_015_3_trip
2018-05-15T05:05:05Z,141.52961,40.76953000000001,bird_015,K18F43,27,2018,25752.501416705516,3,2018_bird_015_3_trip
2018-05-15T05:06:05Z,141.52208000000002,40.768110000000014,bird_015,K18F43,27,2018,25662.226996762605,3,2018_bird_015_3_trip
2018-05-15T05:07:07Z,141.51455999999996,40.76578000000001,bird_015,K18F43,27,2018,25488.324357086018,3,2018_bird_015_3_trip
2018-05-15T05:08:05Z,141.50664999999998,40.76469,bird_015,K18F43,27,2018,25473.1397924449,3,2018_bird_015_3_trip
2018-05-15T05:09:06Z,141.4987,40.76281000000001,bird_015,K18F43,27,2018,25390.73686938717,3,2018_bird_015_3_trip
2018-05-15T05:10:06Z,141.49040000000002,40.76116,bird_015,K18F43,27,2018,25359.16591232144,3,2018_bird_015_3_trip
2018-05-15T05:11:05Z,141.48240000000004,40.7596,bird_015,K18F43,27,2018,25351.63083861512,3,2018_bird_015_3_trip
2018-05-15T05:12:05Z,141.47637,40.75692,bird_015,K18F43,27,2018,25197.94823802596,3,2018_bird_015_3_trip
2018-05-15T05:13:05Z,141.47021,40.75409,bird_015,K18F43,27,2018,25044.581701355077,3,2018_bird_015_3_trip
2018-05-15T05:14:05Z,141.46378,40.75151,bird_015,K18F43,27,2018,24938.73242147825,3,2018_bird_015_3_trip
2018-05-15T05:15:06Z,141.45728000000005,40.74887,bird_015,K18F43,27,2018,24843.41885448582,3,2018_bird_015_3_trip
2018-05-15T05:16:06Z,141.45207000000002,40.74582,bird_015,K18F43,27,2018,24681.385152496277,3,2018_bird_015_3_trip
2018-05-15T05:17:07Z,141.45096,40.742070000000005,bird_015,K18F43,27,2018,24328.3629910752,3,2018_bird_015_3_trip
2018-05-15T05:18:06Z,141.45356999999998,40.74061,bird_015,K18F43,27,2018,24096.39413412633,3,2018_bird_015_3_trip
2018-05-15T05:19:05Z,141.45375,40.740570000000005,bird_015,K18F43,27,2018,24086.70231848095,3,2018_bird_015_3_trip
2018-05-15T05:20:07Z,141.45418,40.7405,bird_015,K18F43,27,2018,24066.2192649769,3,2018_bird_015_3_trip
2018-05-15T05:21:06Z,141.45416,40.74054,bird_015,K18F43,27,2018,24070.97139435299,3,2018_bird_015_3_trip
2018-05-15T05:22:06Z,141.45437,40.74041,bird_015,K18F43,27,2018,24051.07068355193,3,2018_bird_015_3_trip
2018-05-15T05:23:05Z,141.45425,40.74053000000001,bird_015,K18F43,27,2018,24067.170432142048,3,2018_bird_015_3_trip
2018-05-15T05:24:05Z,141.45427,40.74049,bird_015,K18F43,27,2018,24062.418290653222,3,2018_bird_015_3_trip
2018-05-15T05:25:05Z,141.45409,40.7406,bird_015,K18F43,27,2018,24079.32983688954,3,2018_bird_015_3_trip
2018-05-15T05:26:05Z,141.45451,40.74016,bird_015,K18F43,27,2018,24020.909039450595,3,2018_bird_015_3_trip
2018-05-15T05:27:05Z,141.45444000000003,40.74029,bird_015,K18F43,27,2018,24036.50709668236,3,2018_bird_015_3_trip
2018-05-15T05:28:06Z,141.45423000000002,40.74034,bird_015,K18F43,27,2018,24048.1334210406,3,2018_bird_015_3_trip
2018-05-15T05:29:06Z,141.45431000000002,40.74033000000001,bird_015,K18F43,27,2018,24044.639131923806,3,2018_bird_015_3_trip
2018-05-15T05:30:06Z,141.45418,40.74061,bird_015,K18F43,27,2018,24077.59670353813,3,2018_bird_015_3_trip
2018-05-15T05:31:06Z,141.45446,40.74029,bird_015,K18F43,27,2018,24035.892905734447,3,2018_bird_015_3_trip
2018-05-15T05:32:06Z,141.45452,40.740300000000005,bird_015,K18F43,27,2018,24035.085540255168,3,2018_bird_015_3_trip
2018-05-15T05:33:06Z,141.45426,40.73975000000001,bird_015,K18F43,27,2018,23986.200523705294,3,2018_bird_015_3_trip
2018-05-15T05:34:07Z,141.45415,40.73986,bird_015,K18F43,27,2018,24000.964813202845,3,2018_bird_015_3_trip
2018-05-15T05:35:07Z,141.45415,40.739920000000005,bird_015,K18F43,27,2018,24007.16772842182,3,2018_bird_015_3_trip
2018-05-15T05:36:06Z,141.45418,40.7398,bird_015,K18F43,27,2018,23993.836692832887,3,2018_bird_015_3_trip
2018-05-15T05:37:08Z,141.45422000000002,40.73993000000001,bird_015,K18F43,27,2018,24006.043758811764,3,2018_bird_015_3_trip
2018-05-15T05:38:06Z,141.45429,40.739830000000005,bird_015,K18F43,27,2018,23993.54722391132,3,2018_bird_015_3_trip
2018-05-15T05:39:06Z,141.45422000000002,40.73989,bird_015,K18F43,27,2018,24001.908054132666,3,2018_bird_015_3_trip
2018-05-15T05:40:06Z,141.45412000000002,40.74002,bird_015,K18F43,27,2018,24018.431273155627,3,2018_bird_015_3_trip
2018-05-15T05:41:06Z,141.45427,40.73987,bird_015,K18F43,27,2018,23998.2993239509,3,2018_bird_015_3_trip
2018-05-15T05:42:06Z,141.45386,40.74016,bird_015,K18F43,27,2018,24040.92596362272,3,2018_bird_015_3_trip
2018-05-15T05:43:06Z,141.45423000000002,40.73991000000001,bird_015,K18F43,27,2018,24003.66771058362,3,2018_bird_015_3_trip
2018-05-15T05:44:06Z,141.45418,40.739920000000005,bird_015,K18F43,27,2018,24006.24275644872,3,2018_bird_015_3_trip
2018-05-15T05:45:06Z,141.45413000000002,40.73991000000001,bird_015,K18F43,27,2018,24006.750695961815,3,2018_bird_015_3_trip
2018-05-15T05:46:07Z,141.45407,40.73987,bird_015,K18F43,27,2018,24004.466877607578,3,2018_bird_015_3_trip
2018-05-15T05:47:06Z,141.45412000000002,40.73978,bird_015,K18F43,27,2018,23993.620408015948,3,2018_bird_015_3_trip
2018-05-15T05:48:06Z,141.45397,40.739700000000006,bird_015,K18F43,27,2018,23989.98491272713,3,2018_bird_015_3_trip
2018-05-15T05:49:06Z,141.45402,40.73967,bird_015,K18F43,27,2018,23985.33911317041,3,2018_bird_015_3_trip
2018-05-15T05:50:06Z,141.45385,40.73962,bird_015,K18F43,27,2018,23985.430148236028,3,2018_bird_015_3_trip
2018-05-15T05:51:07Z,141.45392,40.73958,bird_015,K18F43,27,2018,23979.130760160493,3,2018_bird_015_3_trip
2018-05-15T05:52:06Z,141.45395,40.739700000000006,bird_015,K18F43,27,2018,23990.603207523385,3,2018_bird_015_3_trip
2018-05-15T05:53:06Z,141.45398,40.739630000000005,bird_015,K18F43,27,2018,23982.44173996357,3,2018_bird_015_3_trip
2018-05-15T05:54:06Z,141.45418,40.7396,bird_015,K18F43,27,2018,23973.162114665913,3,2018_bird_015_3_trip
2018-05-15T05:55:07Z,141.45421000000002,40.73969,bird_015,K18F43,27,2018,23981.539675657543,3,2018_bird_015_3_trip
2018-05-15T05:56:07Z,141.45439000000002,40.73955000000001,bird_015,K18F43,27,2018,23961.51525018976,3,2018_bird_015_3_trip
2018-05-15T05:57:06Z,141.45138000000003,40.73782,bird_015,K18F43,27,2018,23877.40611505748,3,2018_bird_015_3_trip
2018-05-15T05:58:06Z,141.44849000000002,40.73449,bird_015,K18F43,27,2018,23629.720958416732,3,2018_bird_015_3_trip
2018-05-15T05:59:06Z,141.44574999999998,40.73156,bird_015,K18F43,27,2018,23423.302917356632,3,2018_bird_015_3_trip
2018-05-15T06:00:33Z,141.44272,40.726960000000005,bird_015,K18F43,27,2018,23063.922800080458,3,2018_bird_015_3_trip
2018-05-15T06:01:05Z,141.44209,40.72516000000001,bird_015,K18F43,27,2018,22905.549437089827,3,2018_bird_015_3_trip
2018-05-15T06:02:06Z,141.43924,40.721430000000005,bird_015,K18F43,27,2018,22637.365935675807,3,2018_bird_015_3_trip
2018-05-15T06:03:06Z,141.43791000000002,40.71904,bird_015,K18F43,27,2018,22450.259832481697,3,2018_bird_015_3_trip
2018-05-15T06:04:06Z,141.43882000000002,40.715590000000006,bird_015,K18F43,27,2018,22073.967501578245,3,2018_bird_015_3_trip
2018-05-15T06:05:07Z,141.44041000000001,40.71199,bird_015,K18F43,27,2018,21656.99417943157,3,2018_bird_015_3_trip
2018-05-15T06:06:07Z,141.44192,40.71082,bird_015,K18F43,27,2018,21483.097445930125,3,2018_bird_015_3_trip
2018-05-15T06:07:06Z,141.44236,40.70776,bird_015,K18F43,27,2018,21164.098876285687,3,2018_bird_015_3_trip
2018-05-15T06:08:06Z,141.44485999999998,40.70531000000001,bird_015,K18F43,27,2018,20825.341938200945,3,2018_bird_015_3_trip
2018-05-15T06:09:06Z,141.44763,40.70407,bird_015,K18F43,27,2018,20596.125505150983,3,2018_bird_015_3_trip
2018-05-15T06:10:05Z,141.44887,40.70144,bird_015,K18F43,27,2018,20288.290479250532,3,2018_bird_015_3_trip
2018-05-15T06:11:06Z,141.44661,40.697320000000005,bird_015,K18F43,27,2018,19970.957929306296,3,2018_bird_015_3_trip
2018-05-15T06:12:06Z,141.44401,40.69341000000001,bird_015,K18F43,27,2018,19695.407121668257,3,2018_bird_015_3_trip
2018-05-15T06:13:05Z,141.44213000000002,40.68904,bird_015,K18F43,27,2018,19353.300216990057,3,2018_bird_015_3_trip
2018-05-15T06:14:05Z,141.44002,40.685,bird_015,K18F43,27,2018,19060.169161882463,3,2018_bird_015_3_trip
2018-05-15T06:15:06Z,141.44018,40.68041,bird_015,K18F43,27,2018,18620.288600867872,3,2018_bird_015_3_trip
2018-05-15T06:16:05Z,141.43957999999998,40.67591000000001,bird_015,K18F43,27,2018,18227.603817240022,3,2018_bird_015_3_trip
2018-05-15T06:17:06Z,141.4375,40.6716,bird_015,K18F43,27,2018,17928.57987633506,3,2018_bird_015_3_trip
2018-05-15T06:18:05Z,141.43989,40.66749,bird_015,K18F43,27,2018,17438.353525143582,3,2018_bird_015_3_trip
2018-05-15T06:19:05Z,141.44149000000002,40.66227000000001,bird_015,K18F43,27,2018,16886.893955275184,3,2018_bird_015_3_trip
2018-05-15T06:20:06Z,141.44231000000002,40.657039999999995,bird_015,K18F43,27,2018,16376.860934796568,3,2018_bird_015_3_trip
2018-05-15T06:21:06Z,141.44401,40.65185999999999,bird_015,K18F43,27,2018,15831.029914522158,3,2018_bird_015_3_trip
2018-05-15T06:22:06Z,141.44573,40.64702,bird_015,K18F43,27,2018,15317.288998931706,3,2018_bird_015_3_trip
2018-05-15T06:23:07Z,141.44726,40.64173,bird_015,K18F43,27,2018,14778.04983968509,3,2018_bird_015_3_trip
2018-05-15T06:24:05Z,141.44894000000002,40.63654,bird_015,K18F43,27,2018,14244.051676445284,3,2018_bird_015_3_trip
2018-05-15T06:25:06Z,141.45127000000002,40.63142,bird_015,K18F43,27,2018,13684.514029364696,3,2018_bird_015_3_trip
2018-05-15T06:26:06Z,141.45335,40.62626,bird_015,K18F43,27,2018,13139.611865739183,3,2018_bird_015_3_trip
2018-05-15T06:27:06Z,141.45542000000003,40.621370000000006,bird_015,K18F43,27,2018,12622.030483556871,3,2018_bird_015_3_trip
2018-05-15T06:28:05Z,141.45781000000002,40.616710000000005,bird_015,K18F43,27,2018,12108.516724669524,3,2018_bird_015_3_trip
2018-05-15T06:29:05Z,141.46054999999998,40.61185999999999,bird_015,K18F43,27,2018,11562.968156468982,3,2018_bird_015_3_trip
2018-05-15T06:30:06Z,141.46201000000002,40.60638,bird_015,K18F43,27,2018,11052.651681331008,3,2018_bird_015_3_trip
2018-05-15T06:31:06Z,141.46278,40.601859999999995,bird_015,K18F43,27,2018,10668.227465364176,3,2018_bird_015_3_trip
2018-05-15T06:32:05Z,141.46281000000002,40.60182,bird_015,K18F43,27,2018,10663.392801302754,3,2018_bird_015_3_trip
2018-05-15T06:33:05Z,141.46264000000002,40.6018,bird_015,K18F43,27,2018,10672.773905473512,3,2018_bird_015_3_trip
2018-05-15T06:34:06Z,141.46255,40.601859999999995,bird_015,K18F43,27,2018,10682.894149749534,3,2018_bird_015_3_trip
2018-05-15T06:35:05Z,141.46261,40.60185,bird_015,K18F43,27,2018,10678.336663573582,3,2018_bird_015_3_trip
2018-05-15T06:36:06Z,141.46262000000002,40.60177,bird_015,K18F43,27,2018,10671.861508295353,3,2018_bird_015_3_trip
2018-05-15T06:37:05Z,141.46271000000002,40.6017,bird_015,K18F43,27,2018,10661.011898500768,3,2018_bird_015_3_trip
2018-05-15T06:38:06Z,141.4626,40.60189,bird_015,K18F43,27,2018,10681.89443085204,3,2018_bird_015_3_trip
2018-05-15T06:39:05Z,141.46326,40.6036,bird_015,K18F43,27,2018,10766.153119599929,3,2018_bird_015_3_trip
2018-05-15T06:40:05Z,141.46322,40.60367,bird_015,K18F43,27,2018,10773.87486860216,3,2018_bird_015_3_trip
2018-05-15T06:41:05Z,141.46332,40.60364,bird_015,K18F43,27,2018,10765.36109114918,3,2018_bird_015_3_trip
2018-05-15T06:42:05Z,141.46326,40.60366,bird_015,K18F43,27,2018,10770.618113038248,3,2018_bird_015_3_trip
2018-05-15T06:43:06Z,141.46328,40.60361,bird_015,K18F43,27,2018,10765.640600405395,3,2018_bird_015_3_trip
2018-05-15T06:44:05Z,141.46329,40.60361,bird_015,K18F43,27,2018,10765.012381805578,3,2018_bird_015_3_trip
2018-05-15T06:45:06Z,141.46323,40.603570000000005,bird_015,K18F43,27,2018,10765.80701208508,3,2018_bird_015_3_trip
2018-05-15T06:46:06Z,141.46402,40.60271000000001,bird_015,K18F43,27,2018,10652.22820304692,3,2018_bird_015_3_trip
2018-05-15T06:47:06Z,141.46627,40.598650000000006,bird_015,K18F43,27,2018,10211.504022051218,3,2018_bird_015_3_trip
2018-05-15T06:48:06Z,141.46803000000003,40.59441,bird_015,K18F43,27,2018,9794.808004737934,3,2018_bird_015_3_trip
2018-05-15T06:49:05Z,141.47033000000002,40.59022,bird_015,K18F43,27,2018,9352.792869893572,3,2018_bird_015_3_trip
2018-05-15T06:50:06Z,141.47457999999995,40.58715,bird_015,K18F43,27,2018,8859.723109404566,3,2018_bird_015_3_trip
2018-05-15T06:51:05Z,141.47683,40.58372,bird_015,K18F43,27,2018,8478.945890212915,3,2018_bird_015_3_trip
2018-05-15T06:52:06Z,141.47960999999998,40.57952,bird_015,K18F43,27,2018,8017.111916177534,3,2018_bird_015_3_trip
2018-05-15T06:53:06Z,141.48292000000004,40.57598,bird_015,K18F43,27,2018,7565.305790307056,3,2018_bird_015_3_trip
2018-05-15T06:54:06Z,141.48756,40.57281,bird_015,K18F43,27,2018,7044.179090798377,3,2018_bird_015_3_trip
2018-05-15T06:55:06Z,141.49081,40.56851000000001,bird_015,K18F43,27,2018,6559.955880064807,3,2018_bird_015_3_trip
2018-05-15T06:56:05Z,141.49396,40.56515000000001,bird_015,K18F43,27,2018,6143.943668266716,3,2018_bird_015_3_trip
2018-05-15T06:57:06Z,141.49886,40.562000000000005,bird_015,K18F43,27,2018,5613.108827412861,3,2018_bird_015_3_trip
2018-05-15T06:58:06Z,141.50042000000002,40.56043,bird_015,K18F43,27,2018,5416.142894229514,3,2018_bird_015_3_trip
2018-05-15T06:59:05Z,141.5004,40.560410000000005,bird_015,K18F43,27,2018,5416.665558661708,3,2018_bird_015_3_trip
2018-05-15T07:00:05Z,141.50042000000002,40.56045,bird_015,K18F43,27,2018,5417.136349329903,3,2018_bird_015_3_trip
2018-05-15T07:01:05Z,141.50048,40.56036,bird_015,K18F43,27,2018,5408.1239183908665,3,2018_bird_015_3_trip
2018-05-15T07:02:06Z,141.50093,40.56015000000001,bird_015,K18F43,27,2018,5363.612223820152,3,2018_bird_015_3_trip
2018-05-15T07:03:05Z,141.50096,40.56023,bird_015,K18F43,27,2018,5365.305344875257,3,2018_bird_015_3_trip
2018-05-15T07:04:05Z,141.50086,40.560120000000005,bird_015,K18F43,27,2018,5367.4371521963085,3,2018_bird_015_3_trip
2018-05-15T07:05:05Z,141.50092,40.560190000000006,bird_015,K18F43,27,2018,5366.351467969168,3,2018_bird_015_3_trip
2018-05-15T07:06:05Z,141.50088,40.55996,bird_015,K18F43,27,2018,5358.038594001729,3,2018_bird_015_3_trip
2018-05-15T07:07:06Z,141.5009,40.56015000000001,bird_015,K18F43,27,2018,5365.886733071347,3,2018_bird_015_3_trip
2018-05-15T07:08:07Z,141.50255,40.55976,bird_015,K18F43,27,2018,5221.538941082281,3,2018_bird_015_3_trip
2018-05-15T07:09:06Z,141.50289,40.55972,bird_015,K18F43,27,2018,5193.828648812014,3,2018_bird_015_3_trip
2018-05-15T07:10:06Z,141.50287,40.55969,bird_015,K18F43,27,2018,5193.838763284845,3,2018_bird_015_3_trip
2018-05-15T07:11:07Z,141.50288,40.55965,bird_015,K18F43,27,2018,5191.082853699052,3,2018_bird_015_3_trip
2018-05-15T07:12:05Z,141.50293000000002,40.55987999999999,bird_015,K18F43,27,2018,5198.849895316843,3,2018_bird_015_3_trip
2018-05-15T07:13:06Z,141.50287,40.55967999999999,bird_015,K18F43,27,2018,5193.338600367462,3,2018_bird_015_3_trip
2018-05-15T07:14:05Z,141.5029,40.55978,bird_015,K18F43,27,2018,5196.08248800924,3,2018_bird_015_3_trip
2018-05-15T07:15:07Z,141.50289,40.55972,bird_015,K18F43,27,2018,5193.828648812014,3,2018_bird_015_3_trip
2018-05-15T07:16:06Z,141.5029,40.55967,bird_015,K18F43,27,2018,5190.569966724253,3,2018_bird_015_3_trip
2018-05-15T07:17:05Z,141.50286,40.55976,bird_015,K18F43,27,2018,5198.100818631141,3,2018_bird_015_3_trip
2018-05-15T07:18:05Z,141.50296,40.55967,bird_015,K18F43,27,2018,5186.033404941393,3,2018_bird_015_3_trip
2018-05-15T07:19:06Z,141.50303,40.559619999999995,bird_015,K18F43,27,2018,5178.239161230792,3,2018_bird_015_3_trip
2018-05-15T07:20:05Z,141.50304,40.55961,bird_015,K18F43,27,2018,5176.982919795259,3,2018_bird_015_3_trip
2018-05-15T07:21:06Z,141.50304999999997,40.55961,bird_015,K18F43,27,2018,5176.2267110174025,3,2018_bird_015_3_trip
2018-05-15T07:22:07Z,141.50305999999998,40.55956,bird_015,K18F43,27,2018,5172.972260376353,3,2018_bird_015_3_trip
2018-05-15T07:23:07Z,141.50302,40.559639999999995,bird_015,K18F43,27,2018,5179.995785344685,3,2018_bird_015_3_trip
2018-05-15T07:24:06Z,141.50302,40.55963,bird_015,K18F43,27,2018,5179.495474355626,3,2018_bird_015_3_trip
2018-05-15T07:25:05Z,141.50312,40.55961,bird_015,K18F43,27,2018,5170.934038282258,3,2018_bird_015_3_trip
2018-05-15T07:26:07Z,141.50298,40.55956,bird_015,K18F43,27,2018,5179.0254158163825,3,2018_bird_015_3_trip
2018-05-15T07:27:09Z,141.50301,40.55954,bird_015,K18F43,27,2018,5175.758026068342,3,2018_bird_015_3_trip
2018-05-15T07:28:06Z,141.50304,40.559619999999995,bird_015,K18F43,27,2018,5177.48299746499,3,2018_bird_015_3_trip
2018-05-15T07:29:05Z,141.50303,40.55967,bird_015,K18F43,27,2018,5180.74203029029,3,2018_bird_015_3_trip
2018-05-15T07:30:06Z,141.5031,40.55961,bird_015,K18F43,27,2018,5172.446089526639,3,2018_bird_015_3_trip
2018-05-15T07:31:06Z,141.50304,40.559619999999995,bird_015,K18F43,27,2018,5177.48299746499,3,2018_bird_015_3_trip
2018-05-15T07:32:05Z,141.50304999999997,40.5596,bird_015,K18F43,27,2018,5175.726750101683,3,2018_bird_015_3_trip
2018-05-15T07:33:05Z,141.50303,40.55951,bird_015,K18F43,27,2018,5172.749564493884,3,2018_bird_015_3_trip
2018-05-15T07:34:07Z,141.50309,40.55956,bird_015,K18F43,27,2018,5170.702789784068,3,2018_bird_015_3_trip
2018-05-15T07:35:06Z,141.50307999999998,40.55955,bird_015,K18F43,27,2018,5170.960022040339,3,2018_bird_015_3_trip
2018-05-15T07:36:06Z,141.50306999999998,40.55954,bird_015,K18F43,27,2018,5171.217618933638,3,2018_bird_015_3_trip
2018-05-15T07:37:05Z,141.50311,40.55954,bird_015,K18F43,27,2018,5168.191241435872,3,2018_bird_015_3_trip
2018-05-15T07:38:05Z,141.50311,40.5596,bird_015,K18F43,27,2018,5171.189649590748,3,2018_bird_015_3_trip
2018-05-15T07:39:06Z,141.50354,40.55963,bird_015,K18F43,27,2018,5140.214908466647,3,2018_bird_015_3_trip
2018-05-15T07:40:06Z,141.50799,40.56219000000001,bird_015,K18F43,27,2018,4951.665882578621,3,2018_bird_015_3_trip
2018-05-15T07:41:06Z,141.51295,40.56438,bird_015,K18F43,27,2018,4743.0763426468175,3,2018_bird_015_3_trip
2018-05-15T07:42:07Z,141.51798,40.56667,bird_015,K18F43,27,2018,4579.8790616005745,3,2018_bird_015_3_trip
2018-05-15T07:43:05Z,141.52213000000003,40.57023,bird_015,K18F43,27,2018,4621.5953155181305,3,2018_bird_015_3_trip
2018-05-15T07:44:05Z,141.52573,40.57449,bird_015,K18F43,27,2018,4813.064359190875,3,2018_bird_015_3_trip
2018-05-15T07:45:06Z,141.52971,40.57845,bird_015,K18F43,27,2018,5015.652732030212,3,2018_bird_015_3_trip
2018-05-15T07:46:06Z,141.53434,40.58238,bird_015,K18F43,27,2018,5244.978343860498,3,2018_bird_015_3_trip
2018-05-15T07:47:06Z,141.53963,40.58554,bird_015,K18F43,27,2018,5429.511604288936,3,2018_bird_015_3_trip
2018-05-15T07:48:06Z,141.5452,40.58803,bird_015,K18F43,27,2018,5587.901946751462,3,2018_bird_015_3_trip
2018-05-15T07:49:06Z,141.55035,40.59018,bird_015,K18F43,27,2018,5759.883614999125,3,2018_bird_015_3_trip
2018-05-15T07:50:06Z,141.55591,40.59288,bird_015,K18F43,27,2018,6028.5678235609485,3,2018_bird_015_3_trip
2018-05-15T07:51:05Z,141.56172,40.595380000000006,bird_015,K18F43,27,2018,6314.109939306472,3,2018_bird_015_3_trip
2018-05-15T07:52:05Z,141.56725,40.5978,bird_015,K18F43,27,2018,6623.777983230769,3,2018_bird_015_3_trip
2018-05-15T07:53:07Z,141.57332,40.599030000000006,bird_015,K18F43,27,2018,6840.520603083263,3,2018_bird_015_3_trip
2018-05-15T07:54:05Z,141.57889,40.599720000000005,bird_015,K18F43,27,2018,7021.737169344417,3,2018_bird_015_3_trip
2018-05-15T07:55:05Z,141.58364999999998,40.60031000000001,bird_015,K18F43,27,2018,7198.19037360672,3,2018_bird_015_3_trip
2018-05-15T07:56:06Z,141.58925,40.60139,bird_015,K18F43,27,2018,7469.16854443284,3,2018_bird_015_3_trip
2018-05-15T07:57:06Z,141.59502,40.60202,bird_015,K18F43,27,2018,7721.803737479552,3,2018_bird_015_3_trip
2018-05-15T07:58:06Z,141.60128,40.60284,bird_015,K18F43,27,2018,8034.732202882852,3,2018_bird_015_3_trip
2018-05-15T07:59:05Z,141.60629,40.60343,bird_015,K18F43,27,2018,8295.408603490725,3,2018_bird_015_3_trip
2018-05-15T08:00:07Z,141.61253,40.60457,bird_015,K18F43,27,2018,8676.867165231477,3,2018_bird_015_3_trip
2018-05-15T08:01:06Z,141.61802,40.60475,bird_015,K18F43,27,2018,8951.071381022348,3,2018_bird_015_3_trip
2018-05-15T08:02:06Z,141.62338,40.60452,bird_015,K18F43,27,2018,9197.674135436704,3,2018_bird_015_3_trip
2018-05-15T08:03:06Z,141.62446,40.60076,bird_015,K18F43,27,2018,8926.825697042937,3,2018_bird_015_3_trip
2018-05-15T08:04:07Z,141.6259,40.59797,bird_015,K18F43,27,2018,8769.520270432758,3,2018_bird_015_3_trip
2018-05-15T08:05:06Z,141.63098,40.5974,bird_015,K18F43,27,2018,9013.062581926475,3,2018_bird_015_3_trip
2018-05-15T08:06:07Z,141.63267,40.59422,bird_015,K18F43,27,2018,8862.840005008284,3,2018_bird_015_3_trip
2018-05-15T08:07:07Z,141.62904,40.59031000000001,bird_015,K18F43,27,2018,8340.500582760274,3,2018_bird_015_3_trip
2018-05-15T08:08:07Z,141.62473,40.58645,bird_015,K18F43,27,2018,7781.030605848296,3,2018_bird_015_3_trip
2018-05-15T08:09:07Z,141.62248000000002,40.5828,bird_015,K18F43,27,2018,7367.046638220556,3,2018_bird_015_3_trip
2018-05-15T08:10:07Z,141.61903999999998,40.579510000000006,bird_015,K18F43,27,2018,6906.931377756756,3,2018_bird_015_3_trip
2018-05-15T08:11:06Z,141.61580999999998,40.57661,bird_015,K18F43,27,2018,6489.453409905181,3,2018_bird_015_3_trip
2018-05-15T08:12:07Z,141.61527999999998,40.57531000000001,bird_015,K18F43,27,2018,6362.020109946754,3,2018_bird_015_3_trip
2018-05-15T08:13:06Z,141.61142,40.57242,bird_015,K18F43,27,2018,5905.588067650732,3,2018_bird_015_3_trip
2018-05-15T08:14:06Z,141.61178999999998,40.57252,bird_015,K18F43,27,2018,5936.844851065191,3,2018_bird_015_3_trip
2018-05-15T08:15:06Z,141.61201,40.57264,bird_015,K18F43,27,2018,5959.699463679391,3,2018_bird_015_3_trip
2018-05-15T08:16:06Z,141.61204999999998,40.57266,bird_015,K18F43,27,2018,5963.72690977959,3,2018_bird_015_3_trip
2018-05-15T08:17:07Z,141.61222,40.57245,bird_015,K18F43,27,2018,5960.141695516567,3,2018_bird_015_3_trip
2018-05-15T08:18:06Z,141.61238,40.57252,bird_015,K18F43,27,2018,5975.559816075441,3,2018_bird_015_3_trip
2018-05-15T08:19:07Z,141.61255999999997,40.57269,bird_015,K18F43,27,2018,5999.291507872468,3,2018_bird_015_3_trip
2018-05-15T08:20:06Z,141.61265999999998,40.572570000000006,bird_015,K18F43,27,2018,5997.4799512036325,3,2018_bird_015_3_trip
2018-05-15T08:21:06Z,141.61282,40.57227,bird_015,K18F43,27,2018,5987.1744702685655,3,2018_bird_015_3_trip
2018-05-15T08:22:06Z,141.61297,40.57262,bird_015,K18F43,27,2018,6021.397451198146,3,2018_bird_015_3_trip
2018-05-15T08:23:07Z,141.61304999999996,40.57267,bird_015,K18F43,27,2018,6030.155890868398,3,2018_bird_015_3_trip
2018-05-15T08:24:07Z,141.61319999999998,40.57242,bird_015,K18F43,27,2018,6022.715366780208,3,2018_bird_015_3_trip
2018-05-15T08:25:06Z,141.61336999999995,40.57234,bird_015,K18F43,27,2018,6028.4578378698025,3,2018_bird_015_3_trip
2018-05-15T08:26:07Z,141.61341,40.57245,bird_015,K18F43,27,2018,6038.704085550765,3,2018_bird_015_3_trip
2018-05-15T08:27:07Z,141.61359999999996,40.57264,bird_015,K18F43,27,2018,6064.429391694748,3,2018_bird_015_3_trip
2018-05-15T08:28:07Z,141.61375999999996,40.5726,bird_015,K18F43,27,2018,6072.2724214900745,3,2018_bird_015_3_trip
2018-05-15T08:29:06Z,141.61383999999998,40.57227,bird_015,K18F43,27,2018,6054.89798479857,3,2018_bird_015_3_trip
2018-05-15T08:30:07Z,141.61399999999998,40.57273000000001,bird_015,K18F43,27,2018,6097.165435012133,3,2018_bird_015_3_trip
2018-05-15T08:31:07Z,141.61425999999997,40.5726,bird_015,K18F43,27,2018,6105.500703811755,3,2018_bird_015_3_trip
2018-05-15T08:32:06Z,141.61450999999997,40.57268,bird_015,K18F43,27,2018,6127.636361023381,3,2018_bird_015_3_trip
2018-05-15T08:33:07Z,141.61457999999996,40.57265,bird_015,K18F43,27,2018,6130.24686046074,3,2018_bird_015_3_trip
2018-05-15T08:34:07Z,141.61474999999996,40.572590000000005,bird_015,K18F43,27,2018,6137.490811573974,3,2018_bird_015_3_trip
2018-05-15T08:35:07Z,141.61482999999998,40.57272,bird_015,K18F43,27,2018,6151.711154277149,3,2018_bird_015_3_trip
2018-05-15T08:36:07Z,141.61504999999997,40.57254,bird_015,K18F43,27,2018,6154.149398975482,3,2018_bird_015_3_trip
2018-05-15T08:37:06Z,141.61521,40.572610000000005,bird_015,K18F43,27,2018,6169.621564598817,3,2018_bird_015_3_trip
2018-05-15T08:38:07Z,141.61529,40.57262,bird_015,K18F43,27,2018,6175.660345820128,3,2018_bird_015_3_trip
2018-05-15T08:39:07Z,141.61547,40.57265,bird_015,K18F43,27,2018,6189.762313433579,3,2018_bird_015_3_trip
2018-05-15T08:40:07Z,141.61568999999997,40.57254,bird_015,K18F43,27,2018,6197.095350404208,3,2018_bird_015_3_trip
2018-05-15T08:41:06Z,141.61582,40.57283,bird_015,K18F43,27,2018,6225.438268691508,3,2018_bird_015_3_trip
2018-05-15T08:42:06Z,141.61619,40.57242,bird_015,K18F43,27,2018,6222.722761529916,3,2018_bird_015_3_trip
2018-05-15T08:43:07Z,141.61616999999998,40.57264,bird_015,K18F43,27,2018,6236.140573283898,3,2018_bird_015_3_trip
2018-05-15T08:44:06Z,141.61643,40.57236,bird_015,K18F43,27,2018,6234.938683483502,3,2018_bird_015_3_trip
2018-05-15T08:45:06Z,141.61676999999997,40.57236,bird_015,K18F43,27,2018,6257.975339646274,3,2018_bird_015_3_trip
2018-05-15T08:46:07Z,141.61684999999997,40.57246,bird_015,K18F43,27,2018,6270.051274549119,3,2018_bird_015_3_trip
2018-05-15T08:47:07Z,141.6169,40.572410000000005,bird_015,K18F43,27,2018,6270.116994541543,3,2018_bird_015_3_trip
2018-05-15T08:48:07Z,141.61705999999998,40.57246,bird_015,K18F43,27,2018,6284.295349205639,3,2018_bird_015_3_trip
2018-05-15T08:49:06Z,141.61736,40.57226,bird_015,K18F43,27,2018,6291.463869780639,3,2018_bird_015_3_trip
2018-05-15T08:50:06Z,141.61723,40.572570000000006,bird_015,K18F43,27,2018,6303.13747767783,3,2018_bird_015_3_trip
2018-05-15T08:51:06Z,141.61749,40.57258,bird_015,K18F43,27,2018,6321.45778688446,3,2018_bird_015_3_trip
2018-05-15T08:52:07Z,141.61766999999998,40.57244,bird_015,K18F43,27,2018,6324.45372953489,3,2018_bird_015_3_trip
2018-05-15T08:53:07Z,141.61776999999998,40.57254,bird_015,K18F43,27,2018,6337.861913002739,3,2018_bird_015_3_trip
2018-05-15T08:54:07Z,141.6179,40.57258,bird_015,K18F43,27,2018,6349.355522835639,3,2018_bird_015_3_trip
2018-05-15T08:55:06Z,141.61867999999998,40.572210000000005,bird_015,K18F43,27,2018,6378.50184126606,3,2018_bird_015_3_trip
2018-05-15T08:56:07Z,141.61883,40.57211000000001,bird_015,K18F43,27,2018,6382.3335222313035,3,2018_bird_015_3_trip
2018-05-15T08:57:07Z,141.61892,40.57216,bird_015,K18F43,27,2018,6391.762258759723,3,2018_bird_015_3_trip
2018-05-15T08:58:08Z,141.61884999999998,40.572190000000006,bird_015,K18F43,27,2018,6388.888964988496,3,2018_bird_015_3_trip
2018-05-15T08:59:07Z,141.61893,40.5722,bird_015,K18F43,27,2018,6395.039251117829,3,2018_bird_015_3_trip
2018-05-15T09:00:07Z,141.61896,40.572190000000006,bird_015,K18F43,27,2018,6396.456080192818,3,2018_bird_015_3_trip
2018-05-15T09:01:07Z,141.61896,40.572190000000006,bird_015,K18F43,27,2018,6396.456080192818,3,2018_bird_015_3_trip
2018-05-15T09:02:06Z,141.61897,40.57231000000001,bird_015,K18F43,27,2018,6404.9179268686175,3,2018_bird_015_3_trip
2018-05-15T09:03:07Z,141.61889,40.57225,bird_015,K18F43,27,2018,6395.528018094347,3,2018_bird_015_3_trip
2018-05-15T09:04:07Z,141.61587999999998,40.56918,bird_015,K18F43,27,2018,5990.918428983705,3,2018_bird_015_3_trip
2018-05-15T09:05:06Z,141.61172,40.565630000000006,bird_015,K18F43,27,2018,5478.737343041403,3,2018_bird_015_3_trip
2018-05-15T09:06:06Z,141.6066,40.56271000000001,bird_015,K18F43,27,2018,4938.489162004622,3,2018_bird_015_3_trip
2018-05-15T09:07:06Z,141.60142000000002,40.559819999999995,bird_015,K18F43,27,2018,4396.0032848516385,3,2018_bird_015_3_trip
2018-05-15T09:08:06Z,141.59629,40.55685,bird_015,K18F43,27,2018,3852.719240265268,3,2018_bird_015_3_trip
2018-05-15T09:09:06Z,141.59033000000002,40.55433,bird_015,K18F43,27,2018,3276.3063447971317,3,2018_bird_015_3_trip
2018-05-15T09:10:06Z,141.58388,40.551829999999995,bird_015,K18F43,27,2018,2666.6665965188035,3,2018_bird_015_3_trip
2018-05-15T09:11:06Z,141.57786,40.54902,bird_015,K18F43,27,2018,2069.2921686394848,3,2018_bird_015_3_trip
2018-05-15T09:12:07Z,141.57164,40.54615,bird_015,K18F43,27,2018,1454.5682087045086,3,2018_bird_015_3_trip
2018-05-15T18:52:07Z,141.57197,40.54503,bird_015,K18F43,27,2018,1410.7295768780125,4,2018_bird_015_4_trip
2018-05-15T18:53:05Z,141.58182000000002,40.54588,bird_015,K18F43,27,2018,2204.8044690665342,4,2018_bird_015_4_trip
2018-05-15T18:54:06Z,141.59362,40.547419999999995,bird_015,K18F43,27,2018,3204.2552075645103,4,2018_bird_015_4_trip
2018-05-15T18:55:06Z,141.60539,40.54776,bird_015,K18F43,27,2018,4173.857107767041,4,2018_bird_015_4_trip
2018-05-15T18:56:06Z,141.61736,40.548750000000005,bird_015,K18F43,27,2018,5185.981568628214,4,2018_bird_015_4_trip
2018-05-15T18:57:07Z,141.63007,40.550619999999995,bird_015,K18F43,27,2018,6282.073092109,4,2018_bird_015_4_trip
2018-05-15T18:58:05Z,141.64188,40.5524,bird_015,K18F43,27,2018,7301.60643597412,4,2018_bird_015_4_trip
2018-05-15T18:59:06Z,141.65391,40.55452,bird_015,K18F43,27,2018,8347.27347323013,4,2018_bird_015_4_trip
2018-05-15T19:00:06Z,141.6661,40.55625,bird_015,K18F43,27,2018,9397.077471214066,4,2018_bird_015_4_trip
2018-05-15T19:01:06Z,141.67719,40.55707,bird_015,K18F43,27,2018,10335.320483712658,4,2018_bird_015_4_trip
2018-05-15T19:02:06Z,141.68781,40.55788999999999,bird_015,K18F43,27,2018,11235.386983519324,4,2018_bird_015_4_trip
2018-05-15T19:03:05Z,141.69732000000002,40.557689999999994,bird_015,K18F43,27,2018,12023.2468572505,4,2018_bird_015_4_trip
2018-05-15T19:04:06Z,141.70835,40.55752,bird_015,K18F43,27,2018,12940.925191393922,4,2018_bird_015_4_trip
2018-05-15T19:05:05Z,141.71945999999997,40.55793,bird_015,K18F43,27,2018,13877.31164542958,4,2018_bird_015_4_trip
2018-05-15T19:06:06Z,141.73075999999998,40.55727999999999,bird_015,K18F43,27,2018,14813.520716981153,4,2018_bird_015_4_trip
2018-05-15T19:07:06Z,141.73354999999995,40.55694,bird_015,K18F43,27,2018,15042.44455655472,4,2018_bird_015_4_trip
2018-05-15T19:08:06Z,141.74104,40.557219999999994,bird_015,K18F43,27,2018,15675.339217865943,4,2018_bird_015_4_trip
2018-05-15T19:09:05Z,141.7481,40.55675,bird_015,K18F43,27,2018,16261.849704364471,4,2018_bird_015_4_trip
2018-05-15T19:10:06Z,141.75653,40.55657,bird_015,K18F43,27,2018,16968.325063451455,4,2018_bird_015_4_trip
2018-05-15T19:11:06Z,141.76389999999998,40.5568,bird_015,K18F43,27,2018,17591.330792496006,4,2018_bird_015_4_trip
2018-05-15T19:12:06Z,141.76385999999997,40.556619999999995,bird_015,K18F43,27,2018,17585.703317216212,4,2018_bird_015_4_trip
2018-05-15T19:13:05Z,141.76931,40.55645,bird_015,K18F43,27,2018,18042.38016038002,4,2018_bird_015_4_trip
2018-05-15T19:14:06Z,141.77922999999998,40.55698,bird_015,K18F43,27,2018,18884.01931642067,4,2018_bird_015_4_trip
2018-05-15T19:15:05Z,141.78918,40.55731,bird_015,K18F43,27,2018,19725.912108830744,4,2018_bird_015_4_trip
2018-05-15T19:16:05Z,141.80005,40.55795,bird_015,K18F43,27,2018,20648.964635454704,4,2018_bird_015_4_trip
2018-05-15T19:17:06Z,141.81024000000002,40.55761999999999,bird_015,K18F43,27,2018,21504.05547856171,4,2018_bird_015_4_trip
2018-05-15T19:18:05Z,141.81872,40.5563,bird_015,K18F43,27,2018,22205.779460405945,4,2018_bird_015_4_trip
2018-05-15T19:19:05Z,141.82745000000003,40.55536,bird_015,K18F43,27,2018,22933.92802149682,4,2018_bird_015_4_trip
2018-05-15T19:20:05Z,141.83654,40.555,bird_015,K18F43,27,2018,23698.431491865795,4,2018_bird_015_4_trip
2018-05-15T19:21:05Z,141.84573,40.55443,bird_015,K18F43,27,2018,24470.15399048317,4,2018_bird_015_4_trip
2018-05-15T19:22:05Z,141.85538000000005,40.553999999999995,bird_015,K18F43,27,2018,25282.36148440611,4,2018_bird_015_4_trip
2018-05-15T19:23:05Z,141.86484000000002,40.553439999999995,bird_015,K18F43,27,2018,26078.040631460342,4,2018_bird_015_4_trip
2018-05-15T19:24:06Z,141.87389,40.55226,bird_015,K18F43,27,2018,26835.688638535943,4,2018_bird_015_4_trip
2018-05-15T19:25:05Z,141.88280000000003,40.552130000000005,bird_015,K18F43,27,2018,27588.522748467793,4,2018_bird_015_4_trip
2018-05-15T19:26:05Z,141.89165,40.55238,bird_015,K18F43,27,2018,28338.56066605133,4,2018_bird_015_4_trip
2018-05-15T19:27:07Z,141.90063,40.55161,bird_015,K18F43,27,2018,29093.976532495417,4,2018_bird_015_4_trip
2018-05-15T19:28:06Z,141.90454,40.55039,bird_015,K18F43,27,2018,29418.721330259687,4,2018_bird_015_4_trip
2018-05-15T19:29:07Z,141.91081,40.55011,bird_015,K18F43,27,2018,29948.066333757622,4,2018_bird_015_4_trip
2018-05-15T19:30:06Z,141.91781,40.55039,bird_015,K18F43,27,2018,30541.772077354515,4,2018_bird_015_4_trip
2018-05-15T19:31:06Z,141.92483,40.55,bird_015,K18F43,27,2018,31134.21167218875,4,2018_bird_015_4_trip
2018-05-15T19:32:06Z,141.93240000000003,40.54941,bird_015,K18F43,27,2018,31772.558745974675,4,2018_bird_015_4_trip
2018-05-15T19:33:06Z,141.9401,40.54948,bird_015,K18F43,27,2018,32424.658172601172,4,2018_bird_015_4_trip
2018-05-15T19:34:34Z,141.95162000000002,40.54948,bird_015,K18F43,27,2018,33399.88438210647,4,2018_bird_015_4_trip
2018-05-15T19:35:05Z,141.95532000000003,40.54957,bird_015,K18F43,27,2018,33713.45301226764,4,2018_bird_015_4_trip
2018-05-15T19:36:05Z,141.96271000000002,40.54868,bird_015,K18F43,27,2018,34335.93907775072,4,2018_bird_015_4_trip
2018-05-15T19:37:05Z,141.96861,40.54824,bird_015,K18F43,27,2018,34834.060878103825,4,2018_bird_015_4_trip
2018-05-15T19:38:05Z,141.97484,40.54743,bird_015,K18F43,27,2018,35359.18268833591,4,2018_bird_015_4_trip
2018-05-15T19:39:06Z,141.98164000000003,40.54658,bird_015,K18F43,27,2018,35932.79298738126,4,2018_bird_015_4_trip
2018-05-15T19:40:06Z,141.98848000000004,40.54623,bird_015,K18F43,27,2018,36511.23587967134,4,2018_bird_015_4_trip
2018-05-15T19:41:05Z,141.99549000000002,40.54673,bird_015,K18F43,27,2018,37106.09499685212,4,2018_bird_015_4_trip
2018-05-15T19:42:05Z,142.00225,40.54806,bird_015,K18F43,27,2018,37682.04626068849,4,2018_bird_015_4_trip
2018-05-15T19:43:05Z,142.00956999999997,40.54903,bird_015,K18F43,27,2018,38304.73560307972,4,2018_bird_015_4_trip
2018-05-15T19:44:05Z,142.01619,40.54918,bird_015,K18F43,27,2018,38865.73496775047,4,2018_bird_015_4_trip
2018-05-15T19:45:06Z,142.02325,40.54922,bird_015,K18F43,27,2018,39463.654920647794,4,2018_bird_015_4_trip
2018-05-15T19:46:06Z,142.03054999999998,40.549330000000005,bird_015,K18F43,27,2018,40082.11040783204,4,2018_bird_015_4_trip
2018-05-15T19:47:06Z,142.03763,40.54918,bird_015,K18F43,27,2018,40681.17230574224,4,2018_bird_015_4_trip
2018-05-15T19:48:06Z,142.04431,40.54921,bird_015,K18F43,27,2018,41246.902868583886,4,2018_bird_015_4_trip
2018-05-15T19:49:05Z,142.05163000000002,40.54917,bird_015,K18F43,27,2018,41866.63452924477,4,2018_bird_015_4_trip
2018-05-15T19:50:05Z,142.05964999999998,40.54886,bird_015,K18F43,27,2018,42544.92636673552,4,2018_bird_015_4_trip
2018-05-15T19:51:05Z,142.06815,40.548190000000005,bird_015,K18F43,27,2018,43263.04895477981,4,2018_bird_015_4_trip
2018-05-15T19:52:05Z,142.07674999999998,40.5475,bird_015,K18F43,27,2018,43989.80050836404,4,2018_bird_015_4_trip
2018-05-15T19:53:06Z,142.08578,40.5472,bird_015,K18F43,27,2018,44753.94801220787,4,2018_bird_015_4_trip
2018-05-15T19:54:06Z,142.09518,40.54661,bird_015,K18F43,27,2018,45548.94987555888,4,2018_bird_015_4_trip
2018-05-15T19:55:05Z,142.10441,40.54578,bird_015,K18F43,27,2018,46329.320467600395,4,2018_bird_015_4_trip
2018-05-15T19:56:06Z,142.11409999999998,40.54492,bird_015,K18F43,27,2018,47148.866643409514,4,2018_bird_015_4_trip
2018-05-15T19:57:06Z,142.12319,40.54335,bird_015,K18F43,27,2018,47917.16547540677,4,2018_bird_015_4_trip
2018-05-15T19:58:06Z,142.13046,40.54307,bird_015,K18F43,27,2018,48532.78553720837,4,2018_bird_015_4_trip
2018-05-15T19:59:06Z,142.13900999999998,40.5429,bird_015,K18F43,27,2018,49256.94503858983,4,2018_bird_015_4_trip
2018-05-15T20:00:05Z,142.14781,40.5427,bird_015,K18F43,27,2018,50002.27875062104,4,2018_bird_015_4_trip
2018-05-15T20:01:05Z,142.15692,40.54171,bird_015,K18F43,27,2018,50773.519371742645,4,2018_bird_015_4_trip
2018-05-15T20:02:05Z,142.16586999999998,40.540679999999995,bird_015,K18F43,27,2018,51531.473182484624,4,2018_bird_015_4_trip
2018-05-15T20:03:05Z,142.17466999999996,40.53999,bird_015,K18F43,27,2018,52276.96518660758,4,2018_bird_015_4_trip
2018-05-15T20:04:06Z,142.18377999999998,40.53906,bird_015,K18F43,27,2018,53048.90880184616,4,2018_bird_015_4_trip
2018-05-15T20:05:05Z,142.1905,40.538070000000005,bird_015,K18F43,27,2018,53618.61971400688,4,2018_bird_015_4_trip
2018-05-15T20:06:06Z,142.19554,40.53794,bird_015,K18F43,27,2018,54045.672968674146,4,2018_bird_015_4_trip
2018-05-15T20:07:05Z,142.20051999999998,40.53591000000001,bird_015,K18F43,27,2018,54469.167870442914,4,2018_bird_015_4_trip
2018-05-15T20:08:06Z,142.20801,40.53571000000001,bird_015,K18F43,27,2018,55103.920357258045,4,2018_bird_015_4_trip
2018-05-15T20:09:05Z,142.21536999999998,40.53366,bird_015,K18F43,27,2018,55730.079795156424,4,2018_bird_015_4_trip
2018-05-15T20:10:05Z,142.22412,40.53365,bird_015,K18F43,27,2018,56471.37387472011,4,2018_bird_015_4_trip
2018-05-15T20:11:06Z,142.23324999999997,40.53384,bird_015,K18F43,27,2018,57244.56658042498,4,2018_bird_015_4_trip
2018-05-15T20:12:05Z,142.24211,40.53471,bird_015,K18F43,27,2018,57993.99136899605,4,2018_bird_015_4_trip
2018-05-15T20:13:06Z,142.25016,40.537310000000005,bird_015,K18F43,27,2018,58673.423681706314,4,2018_bird_015_4_trip
2018-05-15T20:14:06Z,142.25846,40.53986,bird_015,K18F43,27,2018,59375.45495361322,4,2018_bird_015_4_trip
2018-05-15T20:15:06Z,142.26733000000002,40.54135,bird_015,K18F43,27,2018,60126.84346396443,4,2018_bird_015_4_trip
2018-05-15T20:16:05Z,142.27524,40.53934,bird_015,K18F43,27,2018,60797.14396810894,4,2018_bird_015_4_trip
2018-05-15T20:17:05Z,142.28315999999998,40.53827,bird_015,K18F43,27,2018,61468.556076556706,4,2018_bird_015_4_trip
2018-05-15T20:18:06Z,142.28597,40.537310000000005,bird_015,K18F43,27,2018,61707.21239831912,4,2018_bird_015_4_trip
2018-05-15T20:19:06Z,142.29264,40.536150000000006,bird_015,K18F43,27,2018,62273.25616136325,4,2018_bird_015_4_trip
2018-05-15T20:20:06Z,142.30029000000002,40.53647,bird_015,K18F43,27,2018,62921.06397749289,4,2018_bird_015_4_trip
2018-05-15T20:21:06Z,142.30805,40.53633000000001,bird_015,K18F43,27,2018,63578.61058684393,4,2018_bird_015_4_trip
2018-05-15T20:22:05Z,142.31427,40.53515000000001,bird_015,K18F43,27,2018,64106.7765673736,4,2018_bird_015_4_trip
2018-05-15T20:23:05Z,142.31449,40.53476,bird_015,K18F43,27,2018,64125.8744784779,4,2018_bird_015_4_trip
2018-05-15T20:24:06Z,142.31472,40.53449,bird_015,K18F43,27,2018,64145.695206610435,4,2018_bird_015_4_trip
2018-05-15T20:25:05Z,142.31482,40.53408,bird_015,K18F43,27,2018,64154.703139093755,4,2018_bird_015_4_trip
2018-05-15T20:26:06Z,142.31518,40.53386,bird_015,K18F43,27,2018,64185.5027543131,4,2018_bird_015_4_trip
2018-05-15T20:27:06Z,142.3154,40.5336,bird_015,K18F43,27,2018,64204.50839863018,4,2018_bird_015_4_trip
2018-05-15T20:28:05Z,142.31563,40.53325,bird_015,K18F43,27,2018,64224.5088720967,4,2018_bird_015_4_trip
2018-05-15T20:29:06Z,142.31574999999998,40.53286,bird_015,K18F43,27,2018,64235.2768479732,4,2018_bird_015_4_trip
2018-05-15T20:30:06Z,142.31598,40.53256,bird_015,K18F43,27,2018,64255.24467325044,4,2018_bird_015_4_trip
2018-05-15T20:31:07Z,142.31614000000002,40.53218,bird_015,K18F43,27,2018,64269.435669081686,4,2018_bird_015_4_trip
2018-05-15T20:32:06Z,142.31402,40.53042,bird_015,K18F43,27,2018,64093.14757079326,4,2018_bird_015_4_trip
2018-05-15T20:33:06Z,142.30962,40.52890000000001,bird_015,K18F43,27,2018,63723.752894764926,4,2018_bird_015_4_trip
2018-05-15T20:34:05Z,142.30974999999998,40.52845000000001,bird_015,K18F43,27,2018,63735.843240316,4,2018_bird_015_4_trip
2018-05-15T20:35:05Z,142.31005,40.52816000000001,bird_015,K18F43,27,2018,63761.9718098001,4,2018_bird_015_4_trip
2018-05-15T20:36:05Z,142.3102,40.5278,bird_015,K18F43,27,2018,63775.58868010688,4,2018_bird_015_4_trip
2018-05-15T20:37:07Z,142.31038,40.52744,bird_015,K18F43,27,2018,63791.77164545435,4,2018_bird_015_4_trip
2018-05-15T20:38:06Z,142.31051,40.5272,bird_015,K18F43,27,2018,63803.421127818925,4,2018_bird_015_4_trip
2018-05-15T20:39:06Z,142.31068,40.52685,bird_015,K18F43,27,2018,63818.77077517808,4,2018_bird_015_4_trip
2018-05-15T20:40:06Z,142.31088,40.526500000000006,bird_015,K18F43,27,2018,63836.68501026056,4,2018_bird_015_4_trip
2018-05-15T20:41:06Z,142.31096,40.52610000000001,bird_015,K18F43,27,2018,63844.60203118916,4,2018_bird_015_4_trip
2018-05-15T20:42:06Z,142.31123000000002,40.52590000000001,bird_015,K18F43,27,2018,63868.05437072742,4,2018_bird_015_4_trip
2018-05-15T20:43:05Z,142.31137,40.52563000000001,bird_015,K18F43,27,2018,63880.71055355367,4,2018_bird_015_4_trip
2018-05-15T20:44:05Z,142.31163,40.52530000000001,bird_015,K18F43,27,2018,63903.727294841585,4,2018_bird_015_4_trip
2018-05-15T20:45:06Z,142.31171,40.52484,bird_015,K18F43,27,2018,63911.92334988951,4,2018_bird_015_4_trip
2018-05-15T20:46:06Z,142.31199,40.52457,bird_015,K18F43,27,2018,63936.49223312181,4,2018_bird_015_4_trip
2018-05-15T20:47:06Z,142.31214000000003,40.52423,bird_015,K18F43,27,2018,63950.290377230536,4,2018_bird_015_4_trip
2018-05-15T20:48:06Z,142.31239000000002,40.52393000000001,bird_015,K18F43,27,2018,63972.4481680077,4,2018_bird_015_4_trip
2018-05-15T20:49:05Z,142.31245,40.52358,bird_015,K18F43,27,2018,63978.698302132994,4,2018_bird_015_4_trip
2018-05-15T20:50:05Z,142.3126,40.52327,bird_015,K18F43,27,2018,63992.45732935069,4,2018_bird_015_4_trip
2018-05-15T20:51:05Z,142.31279,40.52295000000001,bird_015,K18F43,27,2018,64009.65733689606,4,2018_bird_015_4_trip
2018-05-15T20:52:06Z,142.31291000000002,40.52264,bird_015,K18F43,27,2018,64020.91241628523,4,2018_bird_015_4_trip
2018-05-15T20:53:06Z,142.31299,40.52223000000001,bird_015,K18F43,27,2018,64029.159894946344,4,2018_bird_015_4_trip
2018-05-15T20:54:06Z,142.31317,40.52183,bird_015,K18F43,27,2018,64045.87171932488,4,2018_bird_015_4_trip
2018-05-15T20:55:06Z,142.31218,40.520610000000005,bird_015,K18F43,27,2018,63966.694008539074,4,2018_bird_015_4_trip
2018-05-15T20:56:07Z,142.30639000000002,40.5173,bird_015,K18F43,27,2018,63490.54410239477,4,2018_bird_015_4_trip
2018-05-15T20:57:07Z,142.30561,40.51277,bird_015,K18F43,27,2018,63447.38638449858,4,2018_bird_015_4_trip
2018-05-15T20:58:06Z,142.30147000000002,40.509310000000006,bird_015,K18F43,27,2018,63117.20066561151,4,2018_bird_015_4_trip
2018-05-15T20:59:06Z,142.29532,40.50756,bird_015,K18F43,27,2018,62607.978953209655,4,2018_bird_015_4_trip
2018-05-15T21:00:06Z,142.29293,40.506530000000005,bird_015,K18F43,27,2018,62412.66244646823,4,2018_bird_015_4_trip
2018-05-15T21:01:06Z,142.29304,40.50623,bird_015,K18F43,27,2018,62424.01691043045,4,2018_bird_015_4_trip
2018-05-15T21:02:07Z,142.29318999999998,40.50589,bird_015,K18F43,27,2018,62439.049160360526,4,2018_bird_015_4_trip
2018-05-15T21:03:06Z,142.29323,40.50555000000001,bird_015,K18F43,27,2018,62444.79813165558,4,2018_bird_015_4_trip
2018-05-15T21:04:07Z,142.29348,40.505370000000006,bird_015,K18F43,27,2018,62467.20729111133,4,2018_bird_015_4_trip
2018-05-15T21:05:06Z,142.29369999999997,40.50518,bird_015,K18F43,27,2018,62487.15498155866,4,2018_bird_015_4_trip
2018-05-15T21:06:06Z,142.29371999999998,40.50485,bird_015,K18F43,27,2018,62491.18677215798,4,2018_bird_015_4_trip
2018-05-15T21:07:05Z,142.29398999999998,40.50461,bird_015,K18F43,27,2018,62515.74000850447,4,2018_bird_015_4_trip
2018-05-15T21:08:07Z,142.29404,40.504259999999995,bird_015,K18F43,27,2018,62522.49001667051,4,2018_bird_015_4_trip
2018-05-15T21:09:07Z,142.29419,40.50399,bird_015,K18F43,27,2018,62537.13802278798,4,2018_bird_015_4_trip
2018-05-15T21:10:06Z,142.29437,40.503660000000004,bird_015,K18F43,27,2018,62554.777719137484,4,2018_bird_015_4_trip
2018-05-15T21:11:05Z,142.29323,40.5028,bird_015,K18F43,27,2018,62464.76345019374,4,2018_bird_015_4_trip
2018-05-15T21:12:07Z,142.28797,40.499550000000006,bird_015,K18F43,27,2018,62045.608771567255,4,2018_bird_015_4_trip
2018-05-15T21:13:07Z,142.28236,40.49653000000001,bird_015,K18F43,27,2018,61597.27578193104,4,2018_bird_015_4_trip
2018-05-15T21:14:05Z,142.27770999999998,40.49276,bird_015,K18F43,27,2018,61239.43814968414,4,2018_bird_015_4_trip
2018-05-15T21:15:05Z,142.27294,40.48882,bird_015,K18F43,27,2018,60876.54165391192,4,2018_bird_015_4_trip
2018-05-15T21:16:06Z,142.26818,40.48502,bird_015,K18F43,27,2018,60516.53556959792,4,2018_bird_015_4_trip
2018-05-15T21:17:05Z,142.26273,40.48177,bird_015,K18F43,27,2018,60095.15569897347,4,2018_bird_015_4_trip
2018-05-15T21:18:05Z,142.25627,40.48033,bird_015,K18F43,27,2018,59568.48713660502,4,2018_bird_015_4_trip
2018-05-15T21:19:05Z,142.25007,40.47898,bird_015,K18F43,27,2018,59063.34446888488,4,2018_bird_015_4_trip
2018-05-15T21:20:06Z,142.24353999999997,40.47783999999999,bird_015,K18F43,27,2018,58528.357297142065,4,2018_bird_015_4_trip
2018-05-15T21:21:05Z,142.23718,40.47737,bird_015,K18F43,27,2018,57999.22736923866,4,2018_bird_015_4_trip
2018-05-15T21:22:05Z,142.23053,40.47698,bird_015,K18F43,27,2018,57444.82489847752,4,2018_bird_015_4_trip
2018-05-15T21:23:06Z,142.2249,40.47602,bird_015,K18F43,27,2018,56984.370556125614,4,2018_bird_015_4_trip
2018-05-15T21:24:06Z,142.21874999999997,40.47427999999999,bird_015,K18F43,27,2018,56491.860097664656,4,2018_bird_015_4_trip
2018-05-15T21:25:06Z,142.21222,40.473510000000005,bird_015,K18F43,27,2018,55954.165814235006,4,2018_bird_015_4_trip
2018-05-15T21:26:05Z,142.20569999999998,40.47277,bird_015,K18F43,27,2018,55417.290024998234,4,2018_bird_015_4_trip
2018-05-15T21:27:05Z,142.19868,40.471799999999995,bird_015,K18F43,27,2018,54842.385060167544,4,2018_bird_015_4_trip
2018-05-15T21:28:05Z,142.19138,40.47165,bird_015,K18F43,27,2018,54231.724228986306,4,2018_bird_015_4_trip
2018-05-15T21:29:06Z,142.18453,40.47109,bird_015,K18F43,27,2018,53665.52539439162,4,2018_bird_015_4_trip
2018-05-15T21:30:06Z,142.17802,40.47018,bird_015,K18F43,27,2018,53133.90562088358,4,2018_bird_015_4_trip
2018-05-15T21:31:07Z,142.1712,40.46911000000001,bird_015,K18F43,27,2018,52579.553244084535,4,2018_bird_015_4_trip
2018-05-15T21:32:05Z,142.16454999999996,40.46925,bird_015,K18F43,27,2018,52019.696696801766,4,2018_bird_015_4_trip
2018-05-15T21:33:06Z,142.15727,40.46862,bird_015,K18F43,27,2018,51420.27029347759,4,2018_bird_015_4_trip
2018-05-15T21:34:06Z,142.15029,40.46802,bird_015,K18F43,27,2018,50845.95082463337,4,2018_bird_015_4_trip
2018-05-15T21:35:06Z,142.14367999999996,40.46815000000001,bird_015,K18F43,27,2018,50290.14305729211,4,2018_bird_015_4_trip
2018-05-15T21:36:08Z,142.13949,40.46772,bird_015,K18F43,27,2018,49946.99897735635,4,2018_bird_015_4_trip
2018-05-15T21:37:06Z,142.1325,40.46727,bird_015,K18F43,27,2018,49370.149541496714,4,2018_bird_015_4_trip
2018-05-15T21:38:07Z,142.12614000000002,40.4661,bird_015,K18F43,27,2018,48859.76807142478,4,2018_bird_015_4_trip
2018-05-15T21:39:06Z,142.11970999999997,40.465790000000005,bird_015,K18F43,27,2018,48328.1233148826,4,2018_bird_015_4_trip
2018-05-15T21:40:07Z,142.11276999999998,40.46544,bird_015,K18F43,27,2018,47754.96817343078,4,2018_bird_015_4_trip
2018-05-15T21:41:07Z,142.10612,40.464279999999995,bird_015,K18F43,27,2018,47222.33490480331,4,2018_bird_015_4_trip
2018-05-15T21:42:07Z,142.09965999999997,40.46403,bird_015,K18F43,27,2018,46688.27631548579,4,2018_bird_015_4_trip
2018-05-15T21:43:06Z,142.09347,40.46306,bird_015,K18F43,27,2018,46191.752231977844,4,2018_bird_015_4_trip
2018-05-15T21:44:07Z,142.08693000000002,40.46323,bird_015,K18F43,27,2018,45643.18949564366,4,2018_bird_015_4_trip
2018-05-15T21:45:07Z,142.08287,40.462500000000006,bird_015,K18F43,27,2018,45320.20188258299,4,2018_bird_015_4_trip
2018-05-15T21:46:07Z,142.0771,40.46345,bird_015,K18F43,27,2018,44819.702470784454,4,2018_bird_015_4_trip
2018-05-15T21:47:06Z,142.07068999999998,40.46361,bird_015,K18F43,27,2018,44282.57471801914,4,2018_bird_015_4_trip
2018-05-15T21:48:07Z,142.06350999999998,40.46271000000001,bird_015,K18F43,27,2018,43704.40740172243,4,2018_bird_015_4_trip
2018-05-15T21:49:07Z,142.05721000000003,40.461110000000005,bird_015,K18F43,27,2018,43216.045033805145,4,2018_bird_015_4_trip
2018-05-15T21:50:07Z,142.04975999999996,40.46008,bird_015,K18F43,27,2018,42620.92437727087,4,2018_bird_015_4_trip
2018-05-15T21:51:06Z,142.04234000000002,40.4586,bird_015,K18F43,27,2018,42040.31010358059,4,2018_bird_015_4_trip
2018-05-15T21:52:07Z,142.03446,40.45797,bird_015,K18F43,27,2018,41402.91342098176,4,2018_bird_015_4_trip
2018-05-15T21:53:07Z,142.02662,40.45737999999999,bird_015,K18F43,27,2018,40768.91604713964,4,2018_bird_015_4_trip
2018-05-15T21:54:34Z,142.01574999999997,40.456799999999994,bird_015,K18F43,27,2018,39885.60357319223,4,2018_bird_015_4_trip
2018-05-15T21:55:05Z,142.01188,40.45651,bird_015,K18F43,27,2018,39573.72123192286,4,2018_bird_015_4_trip
2018-05-15T21:56:06Z,142.00449,40.45591,bird_015,K18F43,27,2018,38980.18862374795,4,2018_bird_015_4_trip
2018-05-15T21:57:05Z,141.99711000000002,40.45537,bird_015,K18F43,27,2018,38387.00882486604,4,2018_bird_015_4_trip
2018-05-15T21:58:05Z,141.98938,40.45484999999999,bird_015,K18F43,27,2018,37765.651286824526,4,2018_bird_015_4_trip
2018-05-15T21:59:06Z,141.98099000000002,40.45437,bird_015,K18F43,27,2018,37090.26673326099,4,2018_bird_015_4_trip
2018-05-15T22:00:05Z,141.97313,40.45401999999999,bird_015,K18F43,27,2018,36455.96663321867,4,2018_bird_015_4_trip
2018-05-15T22:01:05Z,141.96546,40.4541,bird_015,K18F43,27,2018,35825.75979060426,4,2018_bird_015_4_trip
2018-05-15T22:02:05Z,141.95777,40.45453,bird_015,K18F43,27,2018,35184.23212822031,4,2018_bird_015_4_trip
2018-05-15T22:03:05Z,141.95030000000003,40.45502,bird_015,K18F43,27,2018,34559.3257501792,4,2018_bird_015_4_trip
2018-05-15T22:04:05Z,141.94276,40.45514,bird_015,K18F43,27,2018,33940.39729522352,4,2018_bird_015_4_trip
2018-05-15T22:05:05Z,141.93479,40.45522,bird_015,K18F43,27,2018,33288.469241741615,4,2018_bird_015_4_trip
2018-05-15T22:06:05Z,141.92689,40.45479999999999,bird_015,K18F43,27,2018,32659.08867577704,4,2018_bird_015_4_trip
2018-05-15T22:07:06Z,141.91854,40.45501,bird_015,K18F43,27,2018,31974.402952934197,4,2018_bird_015_4_trip
2018-05-15T22:08:06Z,141.91,40.45504,bird_015,K18F43,27,2018,31281.34618405184,4,2018_bird_015_4_trip
2018-05-15T22:09:06Z,141.90125,40.45467999999999,bird_015,K18F43,27,2018,30586.006136220025,4,2018_bird_015_4_trip
2018-05-15T22:10:06Z,141.89177,40.454899999999995,bird_015,K18F43,27,2018,29813.919284913,4,2018_bird_015_4_trip
2018-05-15T22:11:05Z,141.88239000000004,40.45509,bird_015,K18F43,27,2018,29052.6725524194,4,2018_bird_015_4_trip
2018-05-15T22:12:05Z,141.87333,40.45435,bird_015,K18F43,27,2018,28353.032582507974,4,2018_bird_015_4_trip
2018-05-15T22:13:06Z,141.86485,40.45307999999999,bird_015,K18F43,27,2018,27723.67371758254,4,2018_bird_015_4_trip
2018-05-15T22:14:06Z,141.85752000000002,40.45259,bird_015,K18F43,27,2018,27159.895294192233,4,2018_bird_015_4_trip
2018-05-15T22:15:05Z,141.84967999999998,40.452279999999995,bird_015,K18F43,27,2018,26551.220810183197,4,2018_bird_015_4_trip
2018-05-15T22:16:05Z,141.84147000000002,40.45132,bird_015,K18F43,27,2018,25943.192053532148,4,2018_bird_015_4_trip
2018-05-15T22:17:05Z,141.8331,40.45045,bird_015,K18F43,27,2018,25323.73265966821,4,2018_bird_015_4_trip
2018-05-15T22:18:06Z,141.824,40.44954,bird_015,K18F43,27,2018,24654.563464935247,4,2018_bird_015_4_trip
2018-05-15T22:19:06Z,141.8154,40.44761999999999,bird_015,K18F43,27,2018,24077.48228952768,4,2018_bird_015_4_trip
2018-05-15T22:20:06Z,141.80722000000003,40.44507,bird_015,K18F43,27,2018,23573.57150001791,4,2018_bird_015_4_trip
2018-05-15T22:21:05Z,141.79904999999997,40.4427,bird_015,K18F43,27,2018,23074.419249082657,4,2018_bird_015_4_trip
2018-05-15T22:22:06Z,141.78985999999998,40.44101,bird_015,K18F43,27,2018,22476.233116168765,4,2018_bird_015_4_trip
2018-05-15T22:23:05Z,141.78087,40.4405,bird_015,K18F43,27,2018,21839.861495677433,4,2018_bird_015_4_trip
2018-05-15T22:24:06Z,141.77157999999997,40.44045,bird_015,K18F43,27,2018,21163.743294852982,4,2018_bird_015_4_trip
2018-05-15T22:25:06Z,141.76194,40.43976,bird_015,K18F43,27,2018,20508.488950797997,4,2018_bird_015_4_trip
2018-05-15T22:26:06Z,141.75175,40.43924,bird_015,K18F43,27,2018,19816.26681903976,4,2018_bird_015_4_trip
2018-05-15T22:27:06Z,141.74156999999997,40.438190000000006,bird_015,K18F43,27,2018,19173.08235906015,4,2018_bird_015_4_trip
2018-05-15T22:28:07Z,141.73224000000002,40.43581,bird_015,K18F43,27,2018,18695.693224258408,4,2018_bird_015_4_trip
2018-05-15T22:29:05Z,141.72379999999998,40.43354,bird_015,K18F43,27,2018,18294.144102005943,4,2018_bird_015_4_trip
2018-05-15T22:30:06Z,141.71452999999997,40.43161,bird_015,K18F43,27,2018,17838.02776005401,4,2018_bird_015_4_trip
2018-05-15T22:31:05Z,141.70544,40.433150000000005,bird_015,K18F43,27,2018,17153.493964175726,4,2018_bird_015_4_trip
2018-05-15T22:32:06Z,141.69783,40.43643,bird_015,K18F43,27,2018,16434.090456836915,4,2018_bird_015_4_trip
2018-05-15T22:33:06Z,141.69288,40.44171,bird_015,K18F43,27,2018,15725.944555074484,4,2018_bird_015_4_trip
2018-05-15T22:34:06Z,141.68841000000003,40.446859999999994,bird_015,K18F43,27,2018,15058.804802115812,4,2018_bird_015_4_trip
2018-05-15T22:35:05Z,141.68331,40.45186999999999,bird_015,K18F43,27,2018,14364.217797768546,4,2018_bird_015_4_trip
2018-05-15T22:36:06Z,141.68291000000002,40.45239,bird_015,K18F43,27,2018,14300.32671463053,4,2018_bird_015_4_trip
2018-05-15T22:37:07Z,141.68285,40.45238,bird_015,K18F43,27,2018,14297.293014375466,4,2018_bird_015_4_trip
2018-05-15T22:38:06Z,141.68288,40.452479999999994,bird_015,K18F43,27,2018,14291.74269650469,4,2018_bird_015_4_trip
2018-05-15T22:39:06Z,141.68287,40.45245,bird_015,K18F43,27,2018,14293.34408264492,4,2018_bird_015_4_trip
2018-05-15T22:40:05Z,141.68291000000002,40.45242,bird_015,K18F43,27,2018,14298.094928571394,4,2018_bird_015_4_trip
2018-05-15T22:41:06Z,141.68328,40.45241,bird_015,K18F43,27,2018,14322.156292060128,4,2018_bird_015_4_trip
2018-05-15T22:42:07Z,141.68323,40.45234,bird_015,K18F43,27,2018,14324.204672043614,4,2018_bird_015_4_trip
2018-05-15T22:43:07Z,141.68322,40.45231,bird_015,K18F43,27,2018,14325.804297199194,4,2018_bird_015_4_trip
2018-05-15T22:44:07Z,141.68327,40.45238,bird_015,K18F43,27,2018,14323.75408940974,4,2018_bird_015_4_trip
2018-05-15T22:45:06Z,141.68321,40.45236,bird_015,K18F43,27,2018,14321.457740989776,4,2018_bird_015_4_trip
2018-05-15T22:46:07Z,141.68323,40.45231,bird_015,K18F43,27,2018,14326.434465288085,4,2018_bird_015_4_trip
2018-05-15T22:47:06Z,141.68325,40.45235,bird_015,K18F43,27,2018,14324.722167000433,4,2018_bird_015_4_trip
2018-05-15T22:48:05Z,141.68325,40.45229,bird_015,K18F43,27,2018,14329.18150472435,4,2018_bird_015_4_trip
2018-05-15T22:49:05Z,141.68317,40.45239,bird_015,K18F43,27,2018,14316.707063236883,4,2018_bird_015_4_trip
2018-05-15T22:50:06Z,141.68323,40.45238,bird_015,K18F43,27,2018,14321.232279720303,4,2018_bird_015_4_trip
2018-05-15T22:51:05Z,141.6832,40.45237,bird_015,K18F43,27,2018,14320.084282582731,4,2018_bird_015_4_trip
2018-05-15T22:52:06Z,141.68323,40.45235,bird_015,K18F43,27,2018,14323.461502663007,4,2018_bird_015_4_trip
2018-05-15T22:53:06Z,141.68323,40.45235,bird_015,K18F43,27,2018,14323.461502663007,4,2018_bird_015_4_trip
2018-05-15T22:54:05Z,141.68317,40.45238,bird_015,K18F43,27,2018,14317.450238170342,4,2018_bird_015_4_trip
2018-05-15T22:55:06Z,141.68321,40.45234,bird_015,K18F43,27,2018,14322.9441626676,4,2018_bird_015_4_trip
2018-05-15T22:56:05Z,141.68331,40.45235,bird_015,K18F43,27,2018,14328.504698252276,4,2018_bird_015_4_trip
2018-05-15T22:57:05Z,141.68322,40.45237,bird_015,K18F43,27,2018,14321.344942751368,4,2018_bird_015_4_trip
2018-05-15T22:58:05Z,141.68324,40.45234,bird_015,K18F43,27,2018,14324.834960390388,4,2018_bird_015_4_trip
2018-05-15T22:59:06Z,141.67646,40.45579,bird_015,K18F43,27,2018,13641.476594076095,4,2018_bird_015_4_trip
2018-05-15T23:00:07Z,141.66869,40.46056,bird_015,K18F43,27,2018,12797.765816373929,4,2018_bird_015_4_trip
2018-05-15T23:01:06Z,141.66125,40.46611000000001,bird_015,K18F43,27,2018,11916.125140577306,4,2018_bird_015_4_trip
2018-05-15T23:02:07Z,141.65252,40.471239999999995,bird_015,K18F43,27,2018,10985.755283728124,4,2018_bird_015_4_trip
2018-05-15T23:03:05Z,141.64654,40.47739,bird_015,K18F43,27,2018,10150.452361175696,4,2018_bird_015_4_trip
2018-05-15T23:04:06Z,141.64173,40.48255,bird_015,K18F43,27,2018,9464.987647550131,4,2018_bird_015_4_trip
2018-05-15T23:05:06Z,141.64093,40.48417,bird_015,K18F43,27,2018,9295.983317259544,4,2018_bird_015_4_trip
2018-05-15T23:06:05Z,141.6353,40.48947,bird_015,K18F43,27,2018,8551.672990471603,4,2018_bird_015_4_trip
2018-05-15T23:07:05Z,141.63450999999998,40.49136,bird_015,K18F43,27,2018,8366.985204220806,4,2018_bird_015_4_trip
2018-05-15T23:08:05Z,141.63421,40.49286,bird_015,K18F43,27,2018,8243.464835862414,4,2018_bird_015_4_trip
2018-05-15T23:09:06Z,141.62781,40.49806,bird_015,K18F43,27,2018,7461.260223344795,4,2018_bird_015_4_trip
2018-05-15T23:10:06Z,141.62282000000002,40.50325,bird_015,K18F43,27,2018,6779.188354872391,4,2018_bird_015_4_trip
2018-05-15T23:11:06Z,141.62130000000002,40.50724,bird_015,K18F43,27,2018,6423.844645192929,4,2018_bird_015_4_trip
2018-05-15T23:12:05Z,141.62191,40.51024,bird_015,K18F43,27,2018,6294.082833479825,4,2018_bird_015_4_trip
2018-05-15T23:13:06Z,141.61980999999997,40.51116,bird_015,K18F43,27,2018,6088.864275725915,4,2018_bird_015_4_trip
2018-05-15T23:14:06Z,141.61296,40.51463999999999,bird_015,K18F43,27,2018,5393.013274690947,4,2018_bird_015_4_trip
2018-05-15T23:15:05Z,141.60604,40.51774,bird_015,K18F43,27,2018,4713.075465199735,4,2018_bird_015_4_trip
2018-05-15T23:16:06Z,141.59924,40.520210000000006,bird_015,K18F43,27,2018,4076.677433648677,4,2018_bird_015_4_trip
2018-05-15T23:17:05Z,141.59304,40.52118,bird_015,K18F43,27,2018,3572.116386202774,4,2018_bird_015_4_trip
2018-05-15T23:18:06Z,141.58998,40.52481,bird_015,K18F43,27,2018,3142.021247853221,4,2018_bird_015_4_trip
2018-05-15T23:19:05Z,141.58789000000002,40.52703,bird_015,K18F43,27,2018,2870.074716654381,4,2018_bird_015_4_trip
2018-05-15T23:20:06Z,141.58529,40.532030000000006,bird_015,K18F43,27,2018,2456.765716390432,4,2018_bird_015_4_trip
2018-05-15T23:21:05Z,141.58316,40.53792,bird_015,K18F43,27,2018,2166.510335984255,4,2018_bird_015_4_trip
2018-05-15T23:22:06Z,141.57835,40.54203,bird_015,K18F43,27,2018,1798.265694672276,4,2018_bird_015_4_trip
2018-05-15T23:23:05Z,141.57248,40.5423,bird_015,K18F43,27,2018,1325.3912658462625,4,2018_bird_015_4_trip
2018-05-15T07:48:03Z,141.55190000000002,40.529340000000005,bird_072,K18F48,12,2018,1136.7695996206403,1,2018_bird_072_1_trip
2018-05-15T07:49:03Z,141.54985999999997,40.527530000000006,bird_072,K18F48,12,2018,1393.9808679164148,1,2018_bird_072_1_trip
2018-05-15T07:50:03Z,141.54457999999997,40.526390000000006,bird_072,K18F48,12,2018,1748.6347711279702,1,2018_bird_072_1_trip
2018-05-15T07:51:02Z,141.54439,40.53006,bird_072,K18F48,12,2018,1467.5985006269584,1,2018_bird_072_1_trip
2018-05-15T07:52:02Z,141.54394999999997,40.531479999999995,bird_072,K18F48,12,2018,1401.5166013320516,1,2018_bird_072_1_trip
2018-05-15T07:53:03Z,141.53878,40.53406,bird_072,K18F48,12,2018,1672.7291236801298,1,2018_bird_072_1_trip
2018-05-15T07:54:04Z,141.5325,40.535970000000006,bird_072,K18F48,12,2018,2146.8073073123123,1,2018_bird_072_1_trip
2018-05-15T07:55:03Z,141.52928,40.53836,bird_072,K18F48,12,2018,2399.6691111647633,1,2018_bird_072_1_trip
2018-05-15T07:56:04Z,141.52906,40.54056,bird_072,K18F48,12,2018,2427.82567165681,1,2018_bird_072_1_trip
2018-05-15T07:57:02Z,141.52867,40.54042,bird_072,K18F48,12,2018,2459.4158396864623,1,2018_bird_072_1_trip
2018-05-15T07:58:03Z,141.52237000000002,40.543110000000006,bird_072,K18F48,12,2018,3026.4278070302,1,2018_bird_072_1_trip
2018-05-15T07:59:01Z,141.51581,40.54665,bird_072,K18F48,12,2018,3651.401965210387,1,2018_bird_072_1_trip
2018-05-15T08:00:02Z,141.51602,40.54722,bird_072,K18F48,12,2018,3650.2135743074655,1,2018_bird_072_1_trip
2018-05-15T08:01:03Z,141.51658999999998,40.54695,bird_072,K18F48,12,2018,3595.801019588336,1,2018_bird_072_1_trip
2018-05-15T08:02:02Z,141.51450999999997,40.54674,bird_072,K18F48,12,2018,3760.666314126206,1,2018_bird_072_1_trip
2018-05-15T08:03:02Z,141.51317999999998,40.54518,bird_072,K18F48,12,2018,3833.44942866103,1,2018_bird_072_1_trip
2018-05-15T08:04:02Z,141.51314999999997,40.54504,bird_072,K18F48,12,2018,3833.020146070171,1,2018_bird_072_1_trip
2018-05-15T08:05:02Z,141.51328999999998,40.54505,bird_072,K18F48,12,2018,3821.5760047031886,1,2018_bird_072_1_trip
2018-05-15T08:06:02Z,141.51315999999997,40.54532,bird_072,K18F48,12,2018,3838.098376863185,1,2018_bird_072_1_trip
2018-05-15T08:07:02Z,141.51317999999998,40.54505,bird_072,K18F48,12,2018,3830.730253807036,1,2018_bird_072_1_trip
2018-05-15T08:08:04Z,141.51318999999998,40.54514,bird_072,K18F48,12,2018,3831.775345171522,1,2018_bird_072_1_trip
2018-05-15T08:09:03Z,141.51319999999998,40.54512,bird_072,K18F48,12,2018,3830.524074555836,1,2018_bird_072_1_trip
2018-05-15T08:10:04Z,141.51323,40.54518,bird_072,K18F48,12,2018,3829.291270799199,1,2018_bird_072_1_trip
2018-05-15T08:11:03Z,141.51317999999998,40.54522,bird_072,K18F48,12,2018,3834.296644248898,1,2018_bird_072_1_trip
2018-05-15T08:12:02Z,141.51343,40.54692,bird_072,K18F48,12,2018,3854.276122069769,1,2018_bird_072_1_trip
2018-05-15T08:13:03Z,141.51575999999997,40.55096,bird_072,K18F48,12,2018,3800.79032005178,1,2018_bird_072_1_trip
2018-05-15T08:14:03Z,141.51962999999998,40.55526,bird_072,K18F48,12,2018,3710.369067523277,1,2018_bird_072_1_trip
2018-05-15T08:15:03Z,141.5236,40.55841,bird_072,K18F48,12,2018,3623.835301004061,1,2018_bird_072_1_trip
2018-05-15T08:16:03Z,141.52369,40.56389,bird_072,K18F48,12,2018,4016.766279592024,1,2018_bird_072_1_trip
2018-05-15T08:17:02Z,141.52614000000003,40.569320000000005,bird_072,K18F48,12,2018,4328.295135003084,1,2018_bird_072_1_trip
2018-05-15T08:18:02Z,141.52842000000004,40.57445,bird_072,K18F48,12,2018,4685.299157352851,1,2018_bird_072_1_trip
2018-05-15T08:19:02Z,141.53146,40.579510000000006,bird_072,K18F48,12,2018,5053.1015611681705,1,2018_bird_072_1_trip
2018-05-15T08:20:02Z,141.53681,40.58457,bird_072,K18F48,12,2018,5399.310788684876,1,2018_bird_072_1_trip
2018-05-15T08:21:03Z,141.54264999999998,40.589479999999995,bird_072,K18F48,12,2018,5789.495881325946,1,2018_bird_072_1_trip
2018-05-15T08:22:02Z,141.54817,40.59414,bird_072,K18F48,12,2018,6218.305124824379,1,2018_bird_072_1_trip
2018-05-15T08:23:02Z,141.55361,40.59994,bird_072,K18F48,12,2018,6819.236702211988,1,2018_bird_072_1_trip
2018-05-15T08:24:02Z,141.55863000000002,40.60553000000001,bird_072,K18F48,12,2018,7432.10528299356,1,2018_bird_072_1_trip
2018-05-15T08:25:04Z,141.56225,40.61227,bird_072,K18F48,12,2018,8189.506533986546,1,2018_bird_072_1_trip
2018-05-15T08:26:02Z,141.56543000000002,40.61861,bird_072,K18F48,12,2018,8908.765704421992,1,2018_bird_072_1_trip
2018-05-15T08:27:02Z,141.56921,40.62471000000001,bird_072,K18F48,12,2018,9611.8345271601,1,2018_bird_072_1_trip
2018-05-15T08:28:01Z,141.57239,40.63106,bird_072,K18F48,12,2018,10342.657288543156,1,2018_bird_072_1_trip
2018-05-15T08:29:02Z,141.57596999999998,40.63688,bird_072,K18F48,12,2018,11023.122461171011,1,2018_bird_072_1_trip
2018-05-15T08:30:03Z,141.57795,40.64359,bird_072,K18F48,12,2018,11784.586025900882,1,2018_bird_072_1_trip
2018-05-15T08:31:03Z,141.57942,40.651059999999994,bird_072,K18F48,12,2018,12623.372788573632,1,2018_bird_072_1_trip
2018-05-15T08:32:03Z,141.58122000000003,40.65777,bird_072,K18F48,12,2018,13382.823582161369,1,2018_bird_072_1_trip
2018-05-15T08:33:03Z,141.5847,40.663610000000006,bird_072,K18F48,12,2018,14069.390412710807,1,2018_bird_072_1_trip
2018-05-15T08:34:02Z,141.58812000000003,40.66966,bird_072,K18F48,12,2018,14780.456847058293,1,2018_bird_072_1_trip
2018-05-15T08:35:02Z,141.59143000000003,40.67469,bird_072,K18F48,12,2018,15380.39918294102,1,2018_bird_072_1_trip
2018-05-15T08:36:02Z,141.59403,40.68058,bird_072,K18F48,12,2018,16064.249978807426,1,2018_bird_072_1_trip
2018-05-15T08:37:03Z,141.59228000000002,40.68827,bird_072,K18F48,12,2018,16876.71829925842,1,2018_bird_072_1_trip
2018-05-15T08:38:02Z,141.58932,40.69584,bird_072,K18F48,12,2018,17665.3363230448,1,2018_bird_072_1_trip
2018-05-15T08:39:02Z,141.5849,40.70343,bird_072,K18F48,12,2018,18448.281628465284,1,2018_bird_072_1_trip
2018-05-15T08:40:02Z,141.57884,40.71044,bird_072,K18F48,12,2018,19165.986042100532,1,2018_bird_072_1_trip
2018-05-15T08:41:03Z,141.57893,40.71075,bird_072,K18F48,12,2018,19200.97342238,1,2018_bird_072_1_trip
2018-05-15T08:42:04Z,141.57022,40.71185,bird_072,K18F48,12,2018,19267.742388609688,1,2018_bird_072_1_trip
2018-05-15T08:43:04Z,141.56425,40.71824,bird_072,K18F48,12,2018,19955.67211977686,1,2018_bird_072_1_trip
2018-05-15T08:44:02Z,141.55653,40.72299000000001,bird_072,K18F48,12,2018,20475.428292647117,1,2018_bird_072_1_trip
2018-05-15T08:45:02Z,141.54804,40.727700000000006,bird_072,K18F48,12,2018,21013.84573026753,1,2018_bird_072_1_trip
2018-05-15T08:46:02Z,141.54734000000002,40.73433000000001,bird_072,K18F48,12,2018,21751.852935595743,1,2018_bird_072_1_trip
2018-05-15T08:47:02Z,141.54151,40.73886,bird_072,K18F48,12,2018,22279.2015566314,1,2018_bird_072_1_trip
2018-05-15T08:48:03Z,141.5386,40.74584,bird_072,K18F48,12,2018,23068.76329164985,1,2018_bird_072_1_trip
2018-05-15T08:49:03Z,141.54215,40.7514,bird_072,K18F48,12,2018,23666.24769328703,1,2018_bird_072_1_trip
2018-05-15T08:50:02Z,141.54624,40.756330000000005,bird_072,K18F48,12,2018,24196.69218634527,1,2018_bird_072_1_trip
2018-05-15T08:51:03Z,141.55141000000003,40.76032000000001,bird_072,K18F48,12,2018,24626.254507456924,1,2018_bird_072_1_trip
2018-05-15T08:52:02Z,141.55357999999998,40.762780000000006,bird_072,K18F48,12,2018,24896.189754512812,1,2018_bird_072_1_trip
2018-05-15T08:53:02Z,141.55384999999998,40.76245000000001,bird_072,K18F48,12,2018,24859.2448363688,1,2018_bird_072_1_trip
2018-05-15T08:54:03Z,141.55871000000002,40.76601000000001,bird_072,K18F48,12,2018,25252.727345655025,1,2018_bird_072_1_trip
2018-05-15T08:55:02Z,141.55408,40.77033000000001,bird_072,K18F48,12,2018,25734.01235185926,1,2018_bird_072_1_trip
2018-05-15T08:56:02Z,141.55304999999998,40.77015000000001,bird_072,K18F48,12,2018,25715.18169737684,1,2018_bird_072_1_trip
2018-05-15T08:57:02Z,141.54871,40.77293000000001,bird_072,K18F48,12,2018,26031.882960830353,1,2018_bird_072_1_trip
2018-05-15T08:58:02Z,141.55043000000003,40.77595000000001,bird_072,K18F48,12,2018,26363.365851417504,1,2018_bird_072_1_trip
2018-05-15T08:59:02Z,141.55078,40.77546,bird_072,K18F48,12,2018,26308.300194867537,1,2018_bird_072_1_trip
2018-05-15T09:00:06Z,141.55067,40.77539000000001,bird_072,K18F48,12,2018,26300.73434466329,1,2018_bird_072_1_trip
2018-05-15T09:01:02Z,141.55096,40.77506,bird_072,K18F48,12,2018,26263.5610733445,1,2018_bird_072_1_trip
2018-05-15T09:02:02Z,141.55092000000002,40.77503000000001,bird_072,K18F48,12,2018,26260.302940180456,1,2018_bird_072_1_trip
2018-05-15T09:03:02Z,141.55110000000002,40.77474,bird_072,K18F48,12,2018,26227.78244652912,1,2018_bird_072_1_trip
2018-05-15T09:04:05Z,141.55078,40.773950000000006,bird_072,K18F48,12,2018,26140.65610728478,1,2018_bird_072_1_trip
2018-05-15T09:05:04Z,141.55083000000002,40.77368,bird_072,K18F48,12,2018,26110.586965387953,1,2018_bird_072_1_trip
2018-05-15T09:06:04Z,141.5506,40.77310000000001,bird_072,K18F48,12,2018,26046.628865485545,1,2018_bird_072_1_trip
2018-05-15T09:07:04Z,141.54694,40.77054,bird_072,K18F48,12,2018,25771.39085287127,1,2018_bird_072_1_trip
2018-05-15T09:08:04Z,141.53832000000003,40.77048,bird_072,K18F48,12,2018,25800.537712768008,1,2018_bird_072_1_trip
2018-05-15T09:09:04Z,141.52975999999998,40.77008,bird_072,K18F48,12,2018,25812.15929802271,1,2018_bird_072_1_trip
2018-05-15T09:10:04Z,141.52113000000003,40.77062,bird_072,K18F48,12,2018,25948.48658980199,1,2018_bird_072_1_trip
2018-05-15T09:11:03Z,141.51231,40.77122,bird_072,K18F48,12,2018,26113.595572568254,1,2018_bird_072_1_trip
2018-05-15T09:12:03Z,141.50286,40.77149,bird_072,K18F48,12,2018,26272.25199138119,1,2018_bird_072_1_trip
2018-05-15T09:13:03Z,141.49543000000003,40.769960000000005,bird_072,K18F48,12,2018,26223.769036612048,1,2018_bird_072_1_trip
2018-05-15T09:14:03Z,141.49239000000003,40.76670000000001,bird_072,K18F48,12,2018,25922.71139849729,1,2018_bird_072_1_trip
2018-05-15T09:15:03Z,141.4946,40.76668,bird_072,K18F48,12,2018,25881.414622905588,1,2018_bird_072_1_trip
2018-05-15T09:16:03Z,141.49461,40.766490000000005,bird_072,K18F48,12,2018,25860.59492468136,1,2018_bird_072_1_trip
2018-05-15T09:17:04Z,141.49273000000002,40.76436,bird_072,K18F48,12,2018,25662.722391297964,1,2018_bird_072_1_trip
2018-05-15T09:18:03Z,141.49125,40.75944,bird_072,K18F48,12,2018,25156.93799328716,1,2018_bird_072_1_trip
2018-05-15T09:19:03Z,141.48668,40.75507,bird_072,K18F48,12,2018,24774.907454317028,1,2018_bird_072_1_trip
2018-05-15T09:20:04Z,141.48097,40.75116,bird_072,K18F48,12,2018,24477.343602621615,1,2018_bird_072_1_trip
2018-05-15T09:21:04Z,141.47534000000002,40.74723,bird_072,K18F48,12,2018,24189.49958689053,1,2018_bird_072_1_trip
2018-05-15T09:22:04Z,141.46991,40.74278,bird_072,K18F48,12,2018,23855.524304651593,1,2018_bird_072_1_trip
2018-05-15T09:23:04Z,141.46304999999998,40.73948,bird_072,K18F48,12,2018,23697.086444874974,1,2018_bird_072_1_trip
2018-05-15T09:24:04Z,141.46241000000003,40.73533000000001,bird_072,K18F48,12,2018,23282.554838697644,1,2018_bird_072_1_trip
2018-05-15T09:25:04Z,141.46247000000002,40.73541000000001,bird_072,K18F48,12,2018,23289.13452881249,1,2018_bird_072_1_trip
2018-05-15T09:26:04Z,141.46399,40.73451000000001,bird_072,K18F48,12,2018,23151.09240481701,1,2018_bird_072_1_trip
2018-05-15T09:27:04Z,141.46463,40.73425,bird_072,K18F48,12,2018,23105.4830981965,1,2018_bird_072_1_trip
2018-05-15T09:28:04Z,141.4649,40.73412,bird_072,K18F48,12,2018,23084.142387568405,1,2018_bird_072_1_trip
2018-05-15T09:29:04Z,141.4657,40.733790000000006,bird_072,K18F48,12,2018,23026.747733187774,1,2018_bird_072_1_trip
2018-05-15T09:30:04Z,141.46599,40.73347,bird_072,K18F48,12,2018,22985.02467367496,1,2018_bird_072_1_trip
2018-05-15T09:31:04Z,141.46825,40.729850000000006,bird_072,K18F48,12,2018,22542.216943186588,1,2018_bird_072_1_trip
2018-05-15T09:32:04Z,141.46836000000002,40.72854000000001,bird_072,K18F48,12,2018,22402.106229491794,1,2018_bird_072_1_trip
2018-05-15T09:33:04Z,141.46649000000002,40.72769,bird_072,K18F48,12,2018,22367.30056856929,1,2018_bird_072_1_trip
2018-05-15T09:34:04Z,141.45986,40.72483,bird_072,K18F48,12,2018,22271.599239174193,1,2018_bird_072_1_trip
2018-05-15T09:35:04Z,141.45436,40.72131000000001,bird_072,K18F48,12,2018,22089.04797647219,1,2018_bird_072_1_trip
2018-05-15T09:36:04Z,141.44977999999998,40.71682,bird_072,K18F48,12,2018,21791.45246738042,1,2018_bird_072_1_trip
2018-05-15T09:37:04Z,141.4464,40.712050000000005,bird_072,K18F48,12,2018,21435.67161094939,1,2018_bird_072_1_trip
2018-05-15T09:38:04Z,141.44426,40.70682,bird_072,K18F48,12,2018,20997.627567848187,1,2018_bird_072_1_trip
2018-05-15T09:39:04Z,141.44439,40.70364,bird_072,K18F48,12,2018,20679.11522257095,1,2018_bird_072_1_trip
2018-05-15T09:40:04Z,141.44196,40.698800000000006,bird_072,K18F48,12,2018,20302.79117009275,1,2018_bird_072_1_trip
2018-05-15T09:41:04Z,141.4429,40.69349,bird_072,K18F48,12,2018,19749.15365371906,1,2018_bird_072_1_trip
2018-05-15T09:42:04Z,141.44512,40.68842,bird_072,K18F48,12,2018,19167.015507526623,1,2018_bird_072_1_trip
2018-05-15T09:43:04Z,141.44821000000002,40.68382,bird_072,K18F48,12,2018,18593.95645508801,1,2018_bird_072_1_trip
2018-05-15T09:44:04Z,141.45368,40.68062,bird_072,K18F48,12,2018,18056.800065187963,1,2018_bird_072_1_trip
2018-05-15T09:45:04Z,141.46046,40.67884,bird_072,K18F48,12,2018,17609.39610144015,1,2018_bird_072_1_trip
2018-05-15T09:46:04Z,141.46688,40.67686,bird_072,K18F48,12,2018,17165.501143231162,1,2018_bird_072_1_trip
2018-05-15T09:47:04Z,141.47042000000002,40.67426,bird_072,K18F48,12,2018,16773.89924047046,1,2018_bird_072_1_trip
2018-05-15T09:48:04Z,141.47121,40.66978,bird_072,K18F48,12,2018,16298.596148536984,1,2018_bird_072_1_trip
2018-05-15T09:49:04Z,141.47164,40.66511000000001,bird_072,K18F48,12,2018,15820.176284753104,1,2018_bird_072_1_trip
2018-05-15T09:50:04Z,141.47034000000002,40.66066,bird_072,K18F48,12,2018,15435.5216451529,1,2018_bird_072_1_trip
2018-05-15T09:51:04Z,141.46939,40.65598,bird_072,K18F48,12,2018,15021.183644107885,1,2018_bird_072_1_trip
2018-05-15T09:52:04Z,141.46954999999997,40.65556,bird_072,K18F48,12,2018,14973.998020172654,1,2018_bird_072_1_trip
2018-05-15T09:53:04Z,141.4696,40.65576,bird_072,K18F48,12,2018,14991.155852715474,1,2018_bird_072_1_trip
2018-05-15T09:54:04Z,141.46985999999998,40.65579,bird_072,K18F48,12,2018,14983.124868014253,1,2018_bird_072_1_trip
2018-05-15T09:55:04Z,141.46997,40.6559,bird_072,K18F48,12,2018,14989.122007492806,1,2018_bird_072_1_trip
2018-05-15T09:56:04Z,141.4701,40.656,bird_072,K18F48,12,2018,14993.330932867246,1,2018_bird_072_1_trip
2018-05-15T09:57:04Z,141.47031,40.65598,bird_072,K18F48,12,2018,14982.626240288992,1,2018_bird_072_1_trip
2018-05-15T09:58:04Z,141.47045,40.65605,bird_072,K18F48,12,2018,14983.549104631613,1,2018_bird_072_1_trip
2018-05-15T09:59:04Z,141.47126,40.65534,bird_072,K18F48,12,2018,14881.200873531126,1,2018_bird_072_1_trip
2018-05-15T10:00:30Z,141.4717,40.65509,bird_072,K18F48,12,2018,14838.74491029847,1,2018_bird_072_1_trip
2018-05-15T10:01:01Z,141.47172,40.65516,bird_072,K18F48,12,2018,14844.690491013442,1,2018_bird_072_1_trip
2018-05-15T10:02:02Z,141.4719,40.65522,bird_072,K18F48,12,2018,14843.045981588351,1,2018_bird_072_1_trip
2018-05-15T10:03:02Z,141.47208,40.655190000000005,bird_072,K18F48,12,2018,14832.698386649949,1,2018_bird_072_1_trip
2018-05-15T10:04:01Z,141.47233000000003,40.65534,bird_072,K18F48,12,2018,14836.92892548905,1,2018_bird_072_1_trip
2018-05-15T10:05:02Z,141.47459999999998,40.652930000000005,bird_072,K18F48,12,2018,14509.743082467394,1,2018_bird_072_1_trip
2018-05-15T10:06:02Z,141.47541,40.65243,bird_072,K18F48,12,2018,14428.013134623618,1,2018_bird_072_1_trip
2018-05-15T10:07:02Z,141.47575999999998,40.65251000000001,bird_072,K18F48,12,2018,14421.539066664196,1,2018_bird_072_1_trip
2018-05-15T10:08:02Z,141.47579,40.6525,bird_072,K18F48,12,2018,14419.345579535058,1,2018_bird_072_1_trip
2018-05-15T10:09:02Z,141.47597,40.65265,bird_072,K18F48,12,2018,14426.6501858414,1,2018_bird_072_1_trip
2018-05-15T10:10:02Z,141.47617,40.652750000000005,bird_072,K18F48,12,2018,14428.301083460454,1,2018_bird_072_1_trip
2018-05-15T10:11:02Z,141.47636,40.6527,bird_072,K18F48,12,2018,14415.745551063545,1,2018_bird_072_1_trip
2018-05-15T10:12:02Z,141.47654,40.65277,bird_072,K18F48,12,2018,14415.317230080236,1,2018_bird_072_1_trip
2018-05-15T10:13:02Z,141.47773,40.65172,bird_072,K18F48,12,2018,14264.8900538964,1,2018_bird_072_1_trip
2018-05-15T10:14:02Z,141.47752,40.64674,bird_072,K18F48,12,2018,13789.283840252354,1,2018_bird_072_1_trip
2018-05-15T10:15:03Z,141.47719,40.64187,bird_072,K18F48,12,2018,13335.36866225922,1,2018_bird_072_1_trip
2018-05-15T10:16:02Z,141.47726,40.63752,bird_072,K18F48,12,2018,12919.340592007957,1,2018_bird_072_1_trip
2018-05-15T10:17:02Z,141.47788,40.63308,bird_072,K18F48,12,2018,12474.493083639682,1,2018_bird_072_1_trip
2018-05-15T10:18:02Z,141.47888,40.62863000000001,bird_072,K18F48,12,2018,12014.829894841025,1,2018_bird_072_1_trip
2018-05-15T10:19:03Z,141.47981,40.624100000000006,bird_072,K18F48,12,2018,11554.70474481429,1,2018_bird_072_1_trip
2018-05-15T10:20:02Z,141.48136000000002,40.6199,bird_072,K18F48,12,2018,11097.937300356916,1,2018_bird_072_1_trip
2018-05-15T10:21:02Z,141.48179000000002,40.615770000000005,bird_072,K18F48,12,2018,10706.4511195066,1,2018_bird_072_1_trip
2018-05-15T10:22:02Z,141.48296000000002,40.61431,bird_072,K18F48,12,2018,10517.356788304009,1,2018_bird_072_1_trip
2018-05-15T10:23:02Z,141.48639000000003,40.61077,bird_072,K18F48,12,2018,10028.720371174357,1,2018_bird_072_1_trip
2018-05-15T10:24:02Z,141.48998,40.60745,bird_072,K18F48,12,2018,9551.468604264152,1,2018_bird_072_1_trip
2018-05-15T10:25:02Z,141.49290000000002,40.60407,bird_072,K18F48,12,2018,9102.953635722266,1,2018_bird_072_1_trip
2018-05-15T10:26:02Z,141.49461,40.600100000000005,bird_072,K18F48,12,2018,8665.13343667045,1,2018_bird_072_1_trip
2018-05-15T10:27:02Z,141.49621000000002,40.59597000000001,bird_072,K18F48,12,2018,8222.28278501576,1,2018_bird_072_1_trip
2018-05-15T10:28:02Z,141.49767,40.59162,bird_072,K18F48,12,2018,7772.811748266949,1,2018_bird_072_1_trip
2018-05-15T10:29:02Z,141.49955999999997,40.58745999999999,bird_072,K18F48,12,2018,7320.753428376421,1,2018_bird_072_1_trip
2018-05-15T10:30:02Z,141.50183,40.58323,bird_072,K18F48,12,2018,6845.8722862472605,1,2018_bird_072_1_trip
2018-05-15T10:31:02Z,141.50411,40.579130000000006,bird_072,K18F48,12,2018,6385.5680179642595,1,2018_bird_072_1_trip
2018-05-15T10:32:02Z,141.50651,40.57471,bird_072,K18F48,12,2018,5899.1322961875,1,2018_bird_072_1_trip
2018-05-15T10:33:02Z,141.50957999999997,40.57057,bird_072,K18F48,12,2018,5398.433443255279,1,2018_bird_072_1_trip
2018-05-15T10:34:02Z,141.51158999999998,40.56578,bird_072,K18F48,12,2018,4929.014856091103,1,2018_bird_072_1_trip
2018-05-15T10:35:02Z,141.51414999999997,40.56064,bird_072,K18F48,12,2018,4419.748452076582,1,2018_bird_072_1_trip
2018-05-15T10:36:02Z,141.51958999999997,40.55803,bird_072,K18F48,12,2018,3875.6320762076057,1,2018_bird_072_1_trip
2018-05-15T10:37:02Z,141.52348,40.55477,bird_072,K18F48,12,2018,3402.4824248658256,1,2018_bird_072_1_trip
2018-05-15T10:38:02Z,141.51954999999995,40.55055,bird_072,K18F48,12,2018,3485.725686984778,1,2018_bird_072_1_trip
2018-05-15T10:39:02Z,141.51982999999998,40.55087999999999,bird_072,K18F48,12,2018,3477.991260479069,1,2018_bird_072_1_trip
2018-05-15T10:40:02Z,141.51998999999998,40.550839999999994,bird_072,K18F48,12,2018,3463.781946866258,1,2018_bird_072_1_trip
2018-05-15T10:41:03Z,141.52020000000002,40.55098,bird_072,K18F48,12,2018,3453.577681064467,1,2018_bird_072_1_trip
2018-05-15T10:42:02Z,141.52043000000003,40.55111,bird_072,K18F48,12,2018,3441.5073014787704,1,2018_bird_072_1_trip
2018-05-15T10:43:02Z,141.52066,40.55125,bird_072,K18F48,12,2018,3430.020150234457,1,2018_bird_072_1_trip
2018-05-15T10:44:02Z,141.52088,40.55132,bird_072,K18F48,12,2018,3416.228633214297,1,2018_bird_072_1_trip
2018-05-15T10:45:02Z,141.52104000000003,40.55134,bird_072,K18F48,12,2018,3404.8123451698843,1,2018_bird_072_1_trip
2018-05-15T10:46:02Z,141.52736000000002,40.54849,bird_072,K18F48,12,2018,2787.1776984523644,1,2018_bird_072_1_trip
2018-05-15T10:47:03Z,141.52912,40.54664,bird_072,K18F48,12,2018,2572.557045378578,1,2018_bird_072_1_trip
2018-05-15T10:48:04Z,141.5293,40.54678,bird_072,K18F48,12,2018,2563.7205730309083,1,2018_bird_072_1_trip
2018-05-15T10:49:02Z,141.52926,40.54685,bird_072,K18F48,12,2018,2569.6476700130997,1,2018_bird_072_1_trip
2018-05-15T10:50:02Z,141.5296,40.54689,bird_072,K18F48,12,2018,2544.3571809191317,1,2018_bird_072_1_trip
2018-05-15T10:51:02Z,141.53619,40.5441,bird_072,K18F48,12,2018,1913.8602519140768,1,2018_bird_072_1_trip
2018-05-15T10:52:02Z,141.54387999999997,40.5413,bird_072,K18F48,12,2018,1200.4528471326278,1,2018_bird_072_1_trip
2018-05-15T18:34:03Z,141.57198,40.54952,bird_072,K18F48,12,2018,1718.1502219542165,2,2018_bird_072_2_trip
2018-05-15T18:35:03Z,141.57779,40.55311,bird_072,K18F48,12,2018,2349.0781455240212,2,2018_bird_072_2_trip
2018-05-15T18:36:02Z,141.57822000000002,40.55294,bird_072,K18F48,12,2018,2362.9701619239495,2,2018_bird_072_2_trip
2018-05-15T18:37:03Z,141.57844000000003,40.55307,bird_072,K18F48,12,2018,2386.467616212253,2,2018_bird_072_2_trip
2018-05-15T18:38:03Z,141.57863,40.55315,bird_072,K18F48,12,2018,2404.35366158639,2,2018_bird_072_2_trip
2018-05-15T18:39:04Z,141.57884,40.55318,bird_072,K18F48,12,2018,2419.788114001154,2,2018_bird_072_2_trip
2018-05-15T18:40:04Z,141.57961999999998,40.55451,bird_072,K18F48,12,2018,2568.5099160791333,2,2018_bird_072_2_trip
2018-05-15T18:41:04Z,141.58179,40.55507,bird_072,K18F48,12,2018,2745.9359852618677,2,2018_bird_072_2_trip
2018-05-15T18:42:02Z,141.5877,40.55886,bird_072,K18F48,12,2018,3399.6812241938164,2,2018_bird_072_2_trip
2018-05-15T18:43:04Z,141.59673,40.56511000000001,bird_072,K18F48,12,2018,4432.326220817348,2,2018_bird_072_2_trip
2018-05-15T18:44:02Z,141.60457999999997,40.57111,bird_072,K18F48,12,2018,5372.07816053622,2,2018_bird_072_2_trip
2018-05-15T18:45:03Z,141.61359999999996,40.577479999999994,bird_072,K18F48,12,2018,6413.033314535985,2,2018_bird_072_2_trip
2018-05-15T18:46:02Z,141.62219000000002,40.58287,bird_072,K18F48,12,2018,7353.938228282395,2,2018_bird_072_2_trip
2018-05-15T18:47:03Z,141.63133000000002,40.58727,bird_072,K18F48,12,2018,8257.563497815556,2,2018_bird_072_2_trip
2018-05-15T18:48:03Z,141.63303,40.59306,bird_072,K18F48,12,2018,8795.723046880279,2,2018_bird_072_2_trip
2018-05-15T18:49:03Z,141.63858,40.59777,bird_072,K18F48,12,2018,9496.605220019386,2,2018_bird_072_2_trip
2018-05-15T18:50:02Z,141.64738,40.59976,bird_072,K18F48,12,2018,10193.708259008345,2,2018_bird_072_2_trip
2018-05-15T18:51:03Z,141.65596,40.603950000000005,bird_072,K18F48,12,2018,11046.186020673787,2,2018_bird_072_2_trip
2018-05-15T18:52:02Z,141.66122,40.60126,bird_072,K18F48,12,2018,11197.909224533943,2,2018_bird_072_2_trip
2018-05-15T18:53:03Z,141.66576999999998,40.59805000000001,bird_072,K18F48,12,2018,11290.435250267888,2,2018_bird_072_2_trip
2018-05-15T18:54:02Z,141.67254999999997,40.5968,bird_072,K18F48,12,2018,11683.752082969246,2,2018_bird_072_2_trip
2018-05-15T18:55:03Z,141.68126,40.59854000000001,bird_072,K18F48,12,2018,12407.461379259305,2,2018_bird_072_2_trip
2018-05-15T18:56:02Z,141.68963,40.60083,bird_072,K18F48,12,2018,13142.933299182016,2,2018_bird_072_2_trip
2018-05-15T18:57:03Z,141.69924999999998,40.60504,bird_072,K18F48,12,2018,14081.385603158187,2,2018_bird_072_2_trip
2018-05-15T18:58:02Z,141.70833000000002,40.61045,bird_072,K18F48,12,2018,15050.988933560086,2,2018_bird_072_2_trip
2018-05-15T18:59:02Z,141.71569999999997,40.61753,bird_072,K18F48,12,2018,15999.828765217506,2,2018_bird_072_2_trip
2018-05-15T19:00:02Z,141.72463,40.62371000000001,bird_072,K18F48,12,2018,17008.528816955888,2,2018_bird_072_2_trip
2018-05-15T19:01:02Z,141.73407999999998,40.629920000000006,bird_072,K18F48,12,2018,18056.795587420187,2,2018_bird_072_2_trip
2018-05-15T19:02:02Z,141.73394999999996,40.62998,bird_072,K18F48,12,2018,18051.42869364561,2,2018_bird_072_2_trip
2018-05-15T19:03:03Z,141.73531,40.63055000000001,bird_072,K18F48,12,2018,18182.187539130373,2,2018_bird_072_2_trip
2018-05-15T19:04:03Z,141.73984,40.63591000000001,bird_072,K18F48,12,2018,18835.294955127803,2,2018_bird_072_2_trip
2018-05-15T19:05:03Z,141.74551999999997,40.6406,bird_072,K18F48,12,2018,19528.058879811582,2,2018_bird_072_2_trip
2018-05-15T19:06:02Z,141.75185,40.6448,bird_072,K18F48,12,2018,20234.792168856777,2,2018_bird_072_2_trip
2018-05-15T19:07:03Z,141.75805,40.64924,bird_072,K18F48,12,2018,20948.39389832688,2,2018_bird_072_2_trip
2018-05-15T19:08:02Z,141.76389999999998,40.654869999999995,bird_072,K18F48,12,2018,21716.631222495656,2,2018_bird_072_2_trip
2018-05-15T19:09:02Z,141.76941,40.66017000000001,bird_072,K18F48,12,2018,22441.84393555171,2,2018_bird_072_2_trip
2018-05-15T19:10:03Z,141.77432,40.66638,bird_072,K18F48,12,2018,23189.935139441222,2,2018_bird_072_2_trip
2018-05-15T19:11:04Z,141.77774,40.67107,bird_072,K18F48,12,2018,23738.202953378903,2,2018_bird_072_2_trip
2018-05-15T19:12:02Z,141.78256,40.67559000000001,bird_072,K18F48,12,2018,24369.32175420121,2,2018_bird_072_2_trip
2018-05-15T19:13:03Z,141.78828,40.67851000000001,bird_072,K18F48,12,2018,24949.648005664578,2,2018_bird_072_2_trip
2018-05-15T19:14:03Z,141.79455999999996,40.68065,bird_072,K18F48,12,2018,25513.65396226586,2,2018_bird_072_2_trip
2018-05-15T19:15:02Z,141.80067,40.683110000000006,bird_072,K18F48,12,2018,26088.88127723747,2,2018_bird_072_2_trip
2018-05-15T19:16:03Z,141.80668,40.686110000000006,bird_072,K18F48,12,2018,26694.489803598142,2,2018_bird_072_2_trip
2018-05-15T19:17:02Z,141.81311,40.68733,bird_072,K18F48,12,2018,27208.075085490786,2,2018_bird_072_2_trip
2018-05-15T19:18:04Z,141.82038000000003,40.68779,bird_072,K18F48,12,2018,27729.939932288224,2,2018_bird_072_2_trip
2018-05-15T19:19:04Z,141.82657,40.69022,bird_072,K18F48,12,2018,28311.05749438755,2,2018_bird_072_2_trip
2018-05-15T19:20:03Z,141.83319,40.69265000000001,bird_072,K18F48,12,2018,28921.806604589063,2,2018_bird_072_2_trip
2018-05-15T19:21:03Z,141.84028,40.695440000000005,bird_072,K18F48,12,2018,29588.61450017005,2,2018_bird_072_2_trip
2018-05-15T19:22:04Z,141.84078,40.69575000000001,bird_072,K18F48,12,2018,29643.036764488417,2,2018_bird_072_2_trip
2018-05-15T19:23:03Z,141.84091,40.69568,bird_072,K18F48,12,2018,29647.36611912312,2,2018_bird_072_2_trip
2018-05-15T19:24:02Z,141.841,40.695420000000006,bird_072,K18F48,12,2018,29636.588529075212,2,2018_bird_072_2_trip
2018-05-15T19:25:04Z,141.84105,40.69554000000001,bird_072,K18F48,12,2018,29647.825755197544,2,2018_bird_072_2_trip
2018-05-15T19:26:31Z,141.84118,40.69553000000001,bird_072,K18F48,12,2018,29656.07494973637,2,2018_bird_072_2_trip
2018-05-15T19:27:02Z,141.84121000000002,40.69555000000001,bird_072,K18F48,12,2018,29659.431199567727,2,2018_bird_072_2_trip
2018-05-15T19:28:03Z,141.84131000000002,40.69547000000001,bird_072,K18F48,12,2018,29661.072107133703,2,2018_bird_072_2_trip
2018-05-15T19:29:02Z,141.84144000000003,40.69543000000001,bird_072,K18F48,12,2018,29667.37475833463,2,2018_bird_072_2_trip
2018-05-15T19:30:02Z,141.83949,40.69541000000001,bird_072,K18F48,12,2018,29532.63758678846,2,2018_bird_072_2_trip
2018-05-15T19:31:02Z,141.83652,40.69176,bird_072,K18F48,12,2018,29091.73977646328,2,2018_bird_072_2_trip
2018-05-15T19:32:02Z,141.83211000000003,40.68817000000001,bird_072,K18F48,12,2018,28556.6088502488,2,2018_bird_072_2_trip
2018-05-15T19:33:02Z,141.82753000000002,40.68513000000001,bird_072,K18F48,12,2018,28045.447049144463,2,2018_bird_072_2_trip
2018-05-15T19:34:02Z,141.82218000000003,40.68236,bird_072,K18F48,12,2018,27498.60017573986,2,2018_bird_072_2_trip
2018-05-15T19:35:03Z,141.81664999999998,40.68082,bird_072,K18F48,12,2018,27018.78857738252,2,2018_bird_072_2_trip
2018-05-15T19:36:03Z,141.81112000000002,40.67947,bird_072,K18F48,12,2018,26552.03922379409,2,2018_bird_072_2_trip
2018-05-15T19:37:04Z,141.80677,40.6777,bird_072,K18F48,12,2018,26139.05947889947,2,2018_bird_072_2_trip
2018-05-15T19:38:02Z,141.80669,40.677679999999995,bird_072,K18F48,12,2018,26132.28770861929,2,2018_bird_072_2_trip
2018-05-15T19:39:02Z,141.80662,40.67762,bird_072,K18F48,12,2018,26123.57880888339,2,2018_bird_072_2_trip
2018-05-15T19:40:03Z,141.80668,40.67764,bird_072,K18F48,12,2018,26128.98518359426,2,2018_bird_072_2_trip
2018-05-15T19:41:03Z,141.80674000000002,40.67776,bird_072,K18F48,12,2018,26140.94166833746,2,2018_bird_072_2_trip
2018-05-15T19:42:03Z,141.8067,40.67755,bird_072,K18F48,12,2018,26124.458257149385,2,2018_bird_072_2_trip
2018-05-15T19:43:04Z,141.8068,40.67749,bird_072,K18F48,12,2018,26127.36226374811,2,2018_bird_072_2_trip
2018-05-15T19:44:03Z,141.80679,40.67749,bird_072,K18F48,12,2018,26126.679126430372,2,2018_bird_072_2_trip
2018-05-15T19:45:03Z,141.80233000000004,40.67686,bird_072,K18F48,12,2018,25781.319576061414,2,2018_bird_072_2_trip
2018-05-15T19:46:03Z,141.79716,40.67426,bird_072,K18F48,12,2018,25258.210749600392,2,2018_bird_072_2_trip
2018-05-15T19:47:02Z,141.79255999999998,40.672540000000005,bird_072,K18F48,12,2018,24832.128784745033,2,2018_bird_072_2_trip
2018-05-15T19:48:04Z,141.79254,40.67242,bird_072,K18F48,12,2018,24822.80817967586,2,2018_bird_072_2_trip
2018-05-15T19:49:02Z,141.79277,40.672450000000005,bird_072,K18F48,12,2018,24840.393340416093,2,2018_bird_072_2_trip
2018-05-15T19:50:02Z,141.7925,40.67204,bird_072,K18F48,12,2018,24794.90116948741,2,2018_bird_072_2_trip
2018-05-15T19:51:02Z,141.7927,40.672070000000005,bird_072,K18F48,12,2018,24810.461573662415,2,2018_bird_072_2_trip
2018-05-15T19:52:03Z,141.79094,40.67123,bird_072,K18F48,12,2018,24635.383236875095,2,2018_bird_072_2_trip
2018-05-15T19:53:03Z,141.78647,40.67269,bird_072,K18F48,12,2018,24431.460199399484,2,2018_bird_072_2_trip
2018-05-15T19:54:03Z,141.78125,40.66991000000001,bird_072,K18F48,12,2018,23893.37524978189,2,2018_bird_072_2_trip
2018-05-15T19:55:02Z,141.77714,40.67218,bird_072,K18F48,12,2018,23774.952625221285,2,2018_bird_072_2_trip
2018-05-15T19:56:02Z,141.77757999999997,40.67177,bird_072,K18F48,12,2018,23775.76781990308,2,2018_bird_072_2_trip
2018-05-15T19:57:02Z,141.77725999999998,40.67149,bird_072,K18F48,12,2018,23735.25322949476,2,2018_bird_072_2_trip
2018-05-15T19:58:02Z,141.77729,40.67136,bird_072,K18F48,12,2018,23728.284588208306,2,2018_bird_072_2_trip
2018-05-15T19:59:02Z,141.77742,40.671330000000005,bird_072,K18F48,12,2018,23734.841540333386,2,2018_bird_072_2_trip
2018-05-15T20:00:03Z,141.77761999999998,40.67124,bird_072,K18F48,12,2018,23741.92044934483,2,2018_bird_072_2_trip
2018-05-15T20:01:04Z,141.77749,40.67124,bird_072,K18F48,12,2018,23733.29188041317,2,2018_bird_072_2_trip
2018-05-15T20:02:04Z,141.77785999999998,40.67125,bird_072,K18F48,12,2018,23758.542623559424,2,2018_bird_072_2_trip
2018-05-15T20:03:04Z,141.77781,40.67103,bird_072,K18F48,12,2018,23740.105886636957,2,2018_bird_072_2_trip
2018-05-15T20:04:04Z,141.77872,40.67302,bird_072,K18F48,12,2018,23937.565890660713,2,2018_bird_072_2_trip
2018-05-15T20:05:04Z,141.78004,40.67586,bird_072,K18F48,12,2018,24221.891576601432,2,2018_bird_072_2_trip
2018-05-15T20:06:02Z,141.77703,40.67483,bird_072,K18F48,12,2018,23952.147620772324,2,2018_bird_072_2_trip
2018-05-15T20:07:02Z,141.77104,40.67454,bird_072,K18F48,12,2018,23540.63482713019,2,2018_bird_072_2_trip
2018-05-15T20:08:02Z,141.76495999999997,40.67374,bird_072,K18F48,12,2018,23090.37744945949,2,2018_bird_072_2_trip
2018-05-15T20:09:02Z,141.75988999999998,40.67119,bird_072,K18F48,12,2018,22580.560286125597,2,2018_bird_072_2_trip
2018-05-15T20:10:02Z,141.75401,40.669700000000006,bird_072,K18F48,12,2018,22096.387386146504,2,2018_bird_072_2_trip
2018-05-15T20:11:03Z,141.74881,40.671110000000006,bird_072,K18F48,12,2018,21872.122281698103,2,2018_bird_072_2_trip
2018-05-15T20:12:03Z,141.74320999999998,40.66951000000001,bird_072,K18F48,12,2018,21402.87592449656,2,2018_bird_072_2_trip
2018-05-15T20:13:03Z,141.7376,40.66695000000001,bird_072,K18F48,12,2018,20861.822548581953,2,2018_bird_072_2_trip
2018-05-15T20:14:03Z,141.73310999999998,40.663700000000006,bird_072,K18F48,12,2018,20338.010071512195,2,2018_bird_072_2_trip
2018-05-15T20:15:03Z,141.72985999999997,40.65909,bird_072,K18F48,12,2018,19788.678779388913,2,2018_bird_072_2_trip
2018-05-15T20:16:02Z,141.7258,40.65523,bird_072,K18F48,12,2018,19246.151558498907,2,2018_bird_072_2_trip
2018-05-15T20:17:02Z,141.72238000000002,40.65226,bird_072,K18F48,12,2018,18810.372202502906,2,2018_bird_072_2_trip
2018-05-15T20:18:03Z,141.72233000000003,40.65214,bird_072,K18F48,12,2018,18798.30361430499,2,2018_bird_072_2_trip
2018-05-15T20:19:02Z,141.72229000000002,40.65206,bird_072,K18F48,12,2018,18789.840680419347,2,2018_bird_072_2_trip
2018-05-15T20:20:02Z,141.72232000000002,40.65203,bird_072,K18F48,12,2018,18789.493766243948,2,2018_bird_072_2_trip
2018-05-15T20:21:03Z,141.72242000000003,40.65204,bird_072,K18F48,12,2018,18796.519349952305,2,2018_bird_072_2_trip
2018-05-15T20:22:03Z,141.72249000000002,40.65201,bird_072,K18F48,12,2018,18798.688206980423,2,2018_bird_072_2_trip
2018-05-15T20:23:03Z,141.72248000000002,40.65193,bird_072,K18F48,12,2018,18792.115733794333,2,2018_bird_072_2_trip
2018-05-15T20:24:02Z,141.72008,40.65064,bird_072,K18F48,12,2018,18545.431655034154,2,2018_bird_072_2_trip
2018-05-15T20:25:02Z,141.71621,40.64744,bird_072,K18F48,12,2018,18064.398504656012,2,2018_bird_072_2_trip
2018-05-15T20:26:03Z,141.71684,40.643330000000006,bird_072,K18F48,12,2018,17802.949844966002,2,2018_bird_072_2_trip
2018-05-15T20:27:03Z,141.72197,40.63956,bird_072,K18F48,12,2018,17868.70377375779,2,2018_bird_072_2_trip
2018-05-15T20:28:03Z,141.72343,40.63835000000001,bird_072,K18F48,12,2018,17881.678181176107,2,2018_bird_072_2_trip
2018-05-15T20:29:01Z,141.72345,40.638360000000006,bird_072,K18F48,12,2018,17883.69441258903,2,2018_bird_072_2_trip
2018-05-15T20:30:03Z,141.72336,40.63813000000001,bird_072,K18F48,12,2018,17861.91828747607,2,2018_bird_072_2_trip
2018-05-15T20:31:02Z,141.72347,40.63811000000001,bird_072,K18F48,12,2018,17867.86304129541,2,2018_bird_072_2_trip
2018-05-15T20:32:04Z,141.72349,40.63794,bird_072,K18F48,12,2018,17857.540519256683,2,2018_bird_072_2_trip
2018-05-15T20:33:02Z,141.72356999999997,40.63793,bird_072,K18F48,12,2018,17862.182119364385,2,2018_bird_072_2_trip
2018-05-15T20:34:02Z,141.72057999999998,40.63498,bird_072,K18F48,12,2018,17461.334127041537,2,2018_bird_072_2_trip
2018-05-15T20:35:03Z,141.71881,40.630770000000005,bird_072,K18F48,12,2018,17059.000936565066,2,2018_bird_072_2_trip
2018-05-15T20:36:02Z,141.71734999999998,40.62630000000001,bird_072,K18F48,12,2018,16665.808419657944,2,2018_bird_072_2_trip
2018-05-15T20:37:02Z,141.71711,40.626070000000006,bird_072,K18F48,12,2018,16634.416090631687,2,2018_bird_072_2_trip
2018-05-15T20:38:03Z,141.71714,40.625890000000005,bird_072,K18F48,12,2018,16624.831440344056,2,2018_bird_072_2_trip
2018-05-15T20:39:03Z,141.71721,40.625870000000006,bird_072,K18F48,12,2018,16628.354121697248,2,2018_bird_072_2_trip
2018-05-15T20:40:02Z,141.71754,40.62586,bird_072,K18F48,12,2018,16650.42134199361,2,2018_bird_072_2_trip
2018-05-15T20:41:03Z,141.71760999999998,40.62577000000001,bird_072,K18F48,12,2018,16649.436662598044,2,2018_bird_072_2_trip
2018-05-15T20:42:02Z,141.71607999999998,40.62418,bird_072,K18F48,12,2018,16441.665201001164,2,2018_bird_072_2_trip
2018-05-15T20:43:03Z,141.71112,40.6247,bird_072,K18F48,12,2018,16134.903802985064,2,2018_bird_072_2_trip
2018-05-15T20:44:02Z,141.70779,40.62434,bird_072,K18F48,12,2018,15884.704048637215,2,2018_bird_072_2_trip
2018-05-15T20:45:02Z,141.70783,40.62426,bird_072,K18F48,12,2018,15882.099303096717,2,2018_bird_072_2_trip
2018-05-15T20:46:03Z,141.70784,40.62418,bird_072,K18F48,12,2018,15877.46493435199,2,2018_bird_072_2_trip
2018-05-15T20:47:03Z,141.70793,40.62397000000001,bird_072,K18F48,12,2018,15869.645570671591,2,2018_bird_072_2_trip
2018-05-15T20:48:03Z,141.70815,40.62404,bird_072,K18F48,12,2018,15889.222504699432,2,2018_bird_072_2_trip
2018-05-15T20:49:04Z,141.70809,40.62393000000001,bird_072,K18F48,12,2018,15877.863939082048,2,2018_bird_072_2_trip
2018-05-15T20:50:02Z,141.70801,40.6238,bird_072,K18F48,12,2018,15863.826049444351,2,2018_bird_072_2_trip
2018-05-15T20:51:02Z,141.70829,40.623650000000005,bird_072,K18F48,12,2018,15872.957540980748,2,2018_bird_072_2_trip
2018-05-15T20:52:02Z,141.70832,40.623740000000005,bird_072,K18F48,12,2018,15880.939652956828,2,2018_bird_072_2_trip
2018-05-15T20:53:02Z,141.70951999999997,40.62256000000001,bird_072,K18F48,12,2018,15885.528030585869,2,2018_bird_072_2_trip
2018-05-15T20:54:03Z,141.70956999999996,40.62257000000001,bird_072,K18F48,12,2018,15889.606666449778,2,2018_bird_072_2_trip
2018-05-15T20:55:03Z,141.70955999999995,40.62253000000001,bird_072,K18F48,12,2018,15886.318065962769,2,2018_bird_072_2_trip
2018-05-15T20:56:02Z,141.70866999999998,40.62312000000001,bird_072,K18F48,12,2018,15863.980444337869,2,2018_bird_072_2_trip
2018-05-15T20:57:03Z,141.70871,40.62324,bird_072,K18F48,12,2018,15874.587308139806,2,2018_bird_072_2_trip
2018-05-15T20:58:02Z,141.70896,40.62317000000001,bird_072,K18F48,12,2018,15887.060189331844,2,2018_bird_072_2_trip
2018-05-15T20:59:02Z,141.70872,40.62312000000001,bird_072,K18F48,12,2018,15867.393700391483,2,2018_bird_072_2_trip
2018-05-15T21:00:02Z,141.70896,40.62313000000001,bird_072,K18F48,12,2018,15884.438196401814,2,2018_bird_072_2_trip
2018-05-15T21:01:02Z,141.70913,40.622690000000006,bird_072,K18F48,12,2018,15867.28490876696,2,2018_bird_072_2_trip
2018-05-15T21:02:02Z,141.70909999999998,40.62256000000001,bird_072,K18F48,12,2018,15856.749625374448,2,2018_bird_072_2_trip
2018-05-15T21:03:02Z,141.70927999999998,40.62281000000001,bird_072,K18F48,12,2018,15885.385736369337,2,2018_bird_072_2_trip
2018-05-15T21:04:02Z,141.70918999999998,40.62239000000001,bird_072,K18F48,12,2018,15851.839978559034,2,2018_bird_072_2_trip
2018-05-15T21:05:03Z,141.70951999999997,40.62251000000001,bird_072,K18F48,12,2018,15882.27405949546,2,2018_bird_072_2_trip
2018-05-15T21:06:04Z,141.70962999999998,40.62223000000001,bird_072,K18F48,12,2018,15871.62736809072,2,2018_bird_072_2_trip
2018-05-15T21:07:03Z,141.70961999999997,40.62227000000001,bird_072,K18F48,12,2018,15873.536976690166,2,2018_bird_072_2_trip
2018-05-15T21:08:03Z,141.70852,40.620090000000005,bird_072,K18F48,12,2018,15657.147092316103,2,2018_bird_072_2_trip
2018-05-15T21:09:03Z,141.70539,40.61647,bird_072,K18F48,12,2018,15209.842397331113,2,2018_bird_072_2_trip
2018-05-15T21:10:04Z,141.70134000000002,40.61296,bird_072,K18F48,12,2018,14706.951408374414,2,2018_bird_072_2_trip
2018-05-15T21:11:03Z,141.69716,40.61054,bird_072,K18F48,12,2018,14263.388009321456,2,2018_bird_072_2_trip
2018-05-15T21:12:02Z,141.69271,40.60953000000001,bird_072,K18F48,12,2018,13888.98297530904,2,2018_bird_072_2_trip
2018-05-15T21:13:02Z,141.69267,40.60913000000001,bird_072,K18F48,12,2018,13861.077007691298,2,2018_bird_072_2_trip
2018-05-15T21:14:03Z,141.69269,40.60913000000001,bird_072,K18F48,12,2018,13862.47433892033,2,2018_bird_072_2_trip
2018-05-15T21:15:02Z,141.69291,40.60903,bird_072,K18F48,12,2018,13871.5929940898,2,2018_bird_072_2_trip
2018-05-15T21:16:03Z,141.69293000000002,40.60895000000001,bird_072,K18F48,12,2018,13867.991552121695,2,2018_bird_072_2_trip
2018-05-15T21:17:02Z,141.69299,40.60884,bird_072,K18F48,12,2018,13865.322895997097,2,2018_bird_072_2_trip
2018-05-15T21:18:03Z,141.69314,40.60874,bird_072,K18F48,12,2018,13869.594682472014,2,2018_bird_072_2_trip
2018-05-15T21:19:03Z,141.69282,40.60766,bird_072,K18F48,12,2018,13780.163335066289,2,2018_bird_072_2_trip
2018-05-15T21:20:02Z,141.69071,40.60476,bird_072,K18F48,12,2018,13453.770128024791,2,2018_bird_072_2_trip
2018-05-15T21:21:02Z,141.68639000000002,40.60228,bird_072,K18F48,12,2018,12997.142380554917,2,2018_bird_072_2_trip
2018-05-15T21:22:02Z,141.68268,40.59942,bird_072,K18F48,12,2018,12561.31765516812,2,2018_bird_072_2_trip
2018-05-15T21:23:02Z,141.67904999999996,40.59638,bird_072,K18F48,12,2018,12121.426086069034,2,2018_bird_072_2_trip
2018-05-15T21:24:02Z,141.67556999999996,40.593160000000005,bird_072,K18F48,12,2018,11683.274664631974,2,2018_bird_072_2_trip
2018-05-15T21:25:02Z,141.67388999999997,40.58952,bird_072,K18F48,12,2018,11355.522188610756,2,2018_bird_072_2_trip
2018-05-15T21:26:02Z,141.67174999999995,40.58583,bird_072,K18F48,12,2018,10997.768023560684,2,2018_bird_072_2_trip
2018-05-15T21:27:02Z,141.66929,40.58227,bird_072,K18F48,12,2018,10629.261859765067,2,2018_bird_072_2_trip
2018-05-15T21:28:02Z,141.66525,40.57998,bird_072,K18F48,12,2018,10209.160579841104,2,2018_bird_072_2_trip
2018-05-15T21:29:02Z,141.66118,40.57717,bird_072,K18F48,12,2018,9761.85874742739,2,2018_bird_072_2_trip
2018-05-15T21:30:03Z,141.65689,40.57435,bird_072,K18F48,12,2018,9298.932953093848,2,2018_bird_072_2_trip
2018-05-15T21:31:02Z,141.65291000000002,40.57131,bird_072,K18F48,12,2018,8851.636470736617,2,2018_bird_072_2_trip
2018-05-15T21:32:03Z,141.65029,40.56781,bird_072,K18F48,12,2018,8494.079597057122,2,2018_bird_072_2_trip
2018-05-15T21:33:03Z,141.64754,40.56467,bird_072,K18F48,12,2018,8149.181465794505,2,2018_bird_072_2_trip
2018-05-15T21:34:03Z,141.64486999999997,40.56118,bird_072,K18F48,12,2018,7805.403923509566,2,2018_bird_072_2_trip
2018-05-15T21:35:03Z,141.64106999999998,40.55797999999999,bird_072,K18F48,12,2018,7390.296054488785,2,2018_bird_072_2_trip
2018-05-15T21:36:04Z,141.63727,40.55493,bird_072,K18F48,12,2018,6987.700502224337,2,2018_bird_072_2_trip
2018-05-15T21:37:03Z,141.63181,40.55269,bird_072,K18F48,12,2018,6477.714919188134,2,2018_bird_072_2_trip
2018-05-15T21:38:03Z,141.62840000000003,40.55434,bird_072,K18F48,12,2018,6246.471061753187,2,2018_bird_072_2_trip
2018-05-15T21:39:04Z,141.62696,40.55367999999999,bird_072,K18F48,12,2018,6108.994286659612,2,2018_bird_072_2_trip
2018-05-15T21:40:03Z,141.62727,40.55352,bird_072,K18F48,12,2018,6129.435902953428,2,2018_bird_072_2_trip
2018-05-15T21:41:03Z,141.6278,40.55313,bird_072,K18F48,12,2018,6161.212800379861,2,2018_bird_072_2_trip
2018-05-15T21:42:02Z,141.62775,40.55291,bird_072,K18F48,12,2018,6150.78048306292,2,2018_bird_072_2_trip
2018-05-15T21:43:03Z,141.62959999999998,40.54972,bird_072,K18F48,12,2018,6222.622633130149,2,2018_bird_072_2_trip
2018-05-15T21:44:04Z,141.6242,40.54881,bird_072,K18F48,12,2018,5754.266047055772,2,2018_bird_072_2_trip
2018-05-15T21:45:03Z,141.61915999999997,40.547979999999995,bird_072,K18F48,12,2018,5317.559572303636,2,2018_bird_072_2_trip
2018-05-15T21:46:04Z,141.61643,40.54871000000001,bird_072,K18F48,12,2018,5108.1322026532025,2,2018_bird_072_2_trip
2018-05-15T21:47:02Z,141.61388999999997,40.55131,bird_072,K18F48,12,2018,4972.434396594753,2,2018_bird_072_2_trip
2018-05-15T21:48:03Z,141.61203,40.55619,bird_072,K18F48,12,2018,5006.835248742261,2,2018_bird_072_2_trip
2018-05-15T21:49:03Z,141.61064,40.55561,bird_072,K18F48,12,2018,4873.33263001718,2,2018_bird_072_2_trip
2018-05-15T21:50:03Z,141.61005999999998,40.55262,bird_072,K18F48,12,2018,4708.24720494758,2,2018_bird_072_2_trip
2018-05-15T21:51:03Z,141.60832000000002,40.54985,bird_072,K18F48,12,2018,4474.081533558307,2,2018_bird_072_2_trip
2018-05-15T21:52:03Z,141.6044,40.54793,bird_072,K18F48,12,2018,4097.291551623622,2,2018_bird_072_2_trip
2018-05-15T21:53:03Z,141.59966999999995,40.54689,bird_072,K18F48,12,2018,3680.460530909816,2,2018_bird_072_2_trip
2018-05-15T21:54:03Z,141.59458999999998,40.54551000000001,bird_072,K18F48,12,2018,3225.7607576481155,2,2018_bird_072_2_trip
2018-05-15T21:55:04Z,141.58923,40.54422,bird_072,K18F48,12,2018,2750.857246046977,2,2018_bird_072_2_trip
2018-05-15T21:56:04Z,141.5838,40.54349,bird_072,K18F48,12,2018,2284.6003847564575,2,2018_bird_072_2_trip
2018-05-15T21:57:04Z,141.57849000000002,40.54227,bird_072,K18F48,12,2018,1815.6421168691736,2,2018_bird_072_2_trip
2018-05-15T21:58:03Z,141.57298,40.54281,bird_072,K18F48,12,2018,1383.7920802289452,2,2018_bird_072_2_trip
2018-05-16T06:57:03Z,141.55158,40.53004,bird_072,K18F48,12,2018,1079.469669517348,3,2018_bird_072_3_trip
2018-05-16T06:58:03Z,141.54804,40.52922,bird_072,K18F48,12,2018,1320.169465762936,3,2018_bird_072_3_trip
2018-05-16T06:59:03Z,141.54654,40.52933000000001,bird_072,K18F48,12,2018,1392.704164413003,3,2018_bird_072_3_trip
2018-05-16T07:00:03Z,141.545,40.529120000000006,bird_072,K18F48,12,2018,1499.9448523968208,3,2018_bird_072_3_trip
2018-05-16T07:01:03Z,141.53793000000002,40.53039,bird_072,K18F48,12,2018,1900.158777161222,3,2018_bird_072_3_trip
2018-05-16T07:02:03Z,141.53274000000002,40.53196,bird_072,K18F48,12,2018,2232.0308703843534,3,2018_bird_072_3_trip
2018-05-16T07:03:03Z,141.52558,40.532990000000005,bird_072,K18F48,12,2018,2783.839078742665,3,2018_bird_072_3_trip
2018-05-16T07:04:03Z,141.52026,40.5363,bird_072,K18F48,12,2018,3174.077858976242,3,2018_bird_072_3_trip
2018-05-16T07:05:03Z,141.5172,40.54152,bird_072,K18F48,12,2018,3438.101424119619,3,2018_bird_072_3_trip
2018-05-16T07:06:04Z,141.5174,40.542190000000005,bird_072,K18F48,12,2018,3429.0530764951577,3,2018_bird_072_3_trip
2018-05-16T07:07:03Z,141.51419,40.54455,bird_072,K18F48,12,2018,3736.51521820328,3,2018_bird_072_3_trip
2018-05-16T07:08:03Z,141.51381999999998,40.54654,bird_072,K18F48,12,2018,3812.2455731595473,3,2018_bird_072_3_trip
2018-05-16T07:09:03Z,141.51391999999998,40.54666,bird_072,K18F48,12,2018,3807.109016884441,3,2018_bird_072_3_trip
2018-05-16T07:10:04Z,141.51407999999998,40.54729,bird_072,K18F48,12,2018,3811.016288095532,3,2018_bird_072_3_trip
2018-05-16T07:11:04Z,141.51396999999997,40.54697,bird_072,K18F48,12,2018,3811.225934672557,3,2018_bird_072_3_trip
2018-05-16T07:12:03Z,141.51414,40.547110000000004,bird_072,K18F48,12,2018,3801.088951978376,3,2018_bird_072_3_trip
2018-05-16T07:13:03Z,141.51291,40.54502,bird_072,K18F48,12,2018,3852.586693714832,3,2018_bird_072_3_trip
2018-05-16T07:14:02Z,141.51295,40.54515000000001,bird_072,K18F48,12,2018,3851.950123722284,3,2018_bird_072_3_trip
2018-05-16T07:15:02Z,141.5127,40.54529,bird_072,K18F48,12,2018,3875.6938794094704,3,2018_bird_072_3_trip
2018-05-16T07:16:02Z,141.51299,40.54495,bird_072,K18F48,12,2018,3844.496529873282,3,2018_bird_072_3_trip
2018-05-16T07:17:03Z,141.51298,40.54492,bird_072,K18F48,12,2018,3844.721275896008,3,2018_bird_072_3_trip
2018-05-16T07:18:03Z,141.51285,40.54502,bird_072,K18F48,12,2018,3857.582102233033,3,2018_bird_072_3_trip
2018-05-16T07:19:03Z,141.51284,40.54503,bird_072,K18F48,12,2018,3858.6195468206406,3,2018_bird_072_3_trip
2018-05-16T07:20:03Z,141.51294,40.54499,bird_072,K18F48,12,2018,3849.475036178752,3,2018_bird_072_3_trip
2018-05-16T07:21:02Z,141.51285,40.545,bird_072,K18F48,12,2018,3857.1732314137175,3,2018_bird_072_3_trip
2018-05-16T07:22:03Z,141.51077999999998,40.54642,bird_072,K18F48,12,2018,4060.3761492757017,3,2018_bird_072_3_trip
2018-05-16T07:23:03Z,141.5072,40.54885,bird_072,K18F48,12,2018,4418.710600918328,3,2018_bird_072_3_trip
2018-05-16T07:24:03Z,141.50249000000002,40.54984,bird_072,K18F48,12,2018,4832.5285694000395,3,2018_bird_072_3_trip
2018-05-16T07:25:02Z,141.49929,40.55367,bird_072,K18F48,12,2018,5215.227630866285,3,2018_bird_072_3_trip
2018-05-16T07:26:02Z,141.49981,40.55677,bird_072,K18F48,12,2018,5294.75440221591,3,2018_bird_072_3_trip
2018-05-16T07:27:02Z,141.49519,40.5588,bird_072,K18F48,12,2018,5742.7017824734185,3,2018_bird_072_3_trip
2018-05-16T07:28:02Z,141.49135,40.55872,bird_072,K18F48,12,2018,6040.198488360395,3,2018_bird_072_3_trip
2018-05-16T07:29:02Z,141.48806000000002,40.55721,bird_072,K18F48,12,2018,6242.556727562842,3,2018_bird_072_3_trip
2018-05-16T07:30:03Z,141.48609000000002,40.55824,bird_072,K18F48,12,2018,6438.050811553465,3,2018_bird_072_3_trip
2018-05-16T07:31:02Z,141.48812000000004,40.55691,bird_072,K18F48,12,2018,6226.81961909365,3,2018_bird_072_3_trip
2018-05-16T07:32:03Z,141.49061,40.55761999999999,bird_072,K18F48,12,2018,6054.85597509324,3,2018_bird_072_3_trip
2018-05-16T07:33:03Z,141.48868000000002,40.5562,bird_072,K18F48,12,2018,6156.558446456188,3,2018_bird_072_3_trip
2018-05-16T07:34:05Z,141.49535,40.55696,bird_072,K18F48,12,2018,5653.463781679906,3,2018_bird_072_3_trip
2018-05-16T07:35:03Z,141.50157,40.55453,bird_072,K18F48,12,2018,5065.1896574850125,3,2018_bird_072_3_trip
2018-05-16T07:36:04Z,141.50782,40.553999999999995,bird_072,K18F48,12,2018,4550.384259467458,3,2018_bird_072_3_trip
2018-05-16T07:37:04Z,141.51014,40.55375,bird_072,K18F48,12,2018,4358.095999127471,3,2018_bird_072_3_trip
2018-05-16T07:38:04Z,141.51344,40.55435,bird_072,K18F48,12,2018,4129.371038068969,3,2018_bird_072_3_trip
2018-05-16T07:39:03Z,141.52057,40.553059999999995,bird_072,K18F48,12,2018,3523.825481392151,3,2018_bird_072_3_trip
2018-05-16T07:40:04Z,141.53431,40.55002,bird_072,K18F48,12,2018,2345.198461786533,3,2018_bird_072_3_trip
2018-05-16T07:41:03Z,141.54765999999998,40.54862,bird_072,K18F48,12,2018,1394.9875586785215,3,2018_bird_072_3_trip
2018-05-16T07:42:04Z,141.55908,40.55273,bird_072,K18F48,12,2018,1573.3613019471638,3,2018_bird_072_3_trip
2018-05-16T07:43:03Z,141.56062,40.5586,bird_072,K18F48,12,2018,2234.874218437078,3,2018_bird_072_3_trip
2018-05-16T07:44:04Z,141.56407,40.56251000000001,bird_072,K18F48,12,2018,2710.3339973030925,3,2018_bird_072_3_trip
2018-05-16T07:45:04Z,141.56986999999998,40.56472,bird_072,K18F48,12,2018,3080.344386031882,3,2018_bird_072_3_trip
2018-05-16T07:46:04Z,141.57554,40.56652,bird_072,K18F48,12,2018,3452.004371459301,3,2018_bird_072_3_trip
2018-05-16T07:47:04Z,141.58206,40.56737,bird_072,K18F48,12,2018,3807.0182207310177,3,2018_bird_072_3_trip
2018-05-16T07:48:03Z,141.58823000000004,40.56748,bird_072,K18F48,12,2018,4124.300357558908,3,2018_bird_072_3_trip
2018-05-16T07:49:04Z,141.59434000000002,40.56943,bird_072,K18F48,12,2018,4625.787405125215,3,2018_bird_072_3_trip
2018-05-16T07:50:04Z,141.59986999999998,40.57106,bird_072,K18F48,12,2018,5079.737523881663,3,2018_bird_072_3_trip
2018-05-16T07:51:03Z,141.60263,40.57226,bird_072,K18F48,12,2018,5339.484582512471,3,2018_bird_072_3_trip
2018-05-16T07:52:03Z,141.60960999999998,40.573530000000005,bird_072,K18F48,12,2018,5868.767711563297,3,2018_bird_072_3_trip
2018-05-16T07:53:03Z,141.61502,40.57563,bird_072,K18F48,12,2018,6368.002274908562,3,2018_bird_072_3_trip
2018-05-16T07:54:03Z,141.61555999999996,40.5758,bird_072,K18F48,12,2018,6415.129656516625,3,2018_bird_072_3_trip
2018-05-16T07:55:04Z,141.6205,40.57909,bird_072,K18F48,12,2018,6970.3985562131475,3,2018_bird_072_3_trip
2018-05-16T07:56:03Z,141.62614000000002,40.5806,bird_072,K18F48,12,2018,7445.71618494278,3,2018_bird_072_3_trip
2018-05-16T07:57:04Z,141.63254,40.58314,bird_072,K18F48,12,2018,8045.722292436985,3,2018_bird_072_3_trip
2018-05-16T07:58:04Z,141.63878,40.587,bird_072,K18F48,12,2018,8725.897496356069,3,2018_bird_072_3_trip
2018-05-16T07:59:04Z,141.64544999999998,40.59062,bird_072,K18F48,12,2018,9418.39671083637,3,2018_bird_072_3_trip
2018-05-16T08:00:30Z,141.65596,40.59604,bird_072,K18F48,12,2018,10490.505586677888,3,2018_bird_072_3_trip
2018-05-16T08:01:04Z,141.66004999999998,40.59863000000001,bird_072,K18F48,12,2018,10940.23559352198,3,2018_bird_072_3_trip
2018-05-16T08:02:04Z,141.66513,40.60129,bird_072,K18F48,12,2018,11461.212204997688,3,2018_bird_072_3_trip
2018-05-16T08:03:03Z,141.67218,40.6052,bird_072,K18F48,12,2018,12198.976887113458,3,2018_bird_072_3_trip
2018-05-16T08:04:03Z,141.67567999999997,40.606010000000005,bird_072,K18F48,12,2018,12489.630267051258,3,2018_bird_072_3_trip
2018-05-16T08:05:04Z,141.67981999999998,40.60735,bird_072,K18F48,12,2018,12859.680127972008,3,2018_bird_072_3_trip
2018-05-16T08:06:04Z,141.68745,40.61016,bird_072,K18F48,12,2018,13565.300946213558,3,2018_bird_072_3_trip
2018-05-16T08:07:04Z,141.69324999999998,40.61229,bird_072,K18F48,12,2018,14102.066988251729,3,2018_bird_072_3_trip
2018-05-16T08:08:04Z,141.69973,40.61648,bird_072,K18F48,12,2018,14818.730085117755,3,2018_bird_072_3_trip
2018-05-16T08:09:04Z,141.70282,40.61901,bird_072,K18F48,12,2018,15195.141624320771,3,2018_bird_072_3_trip
2018-05-16T08:10:04Z,141.70288,40.61904,bird_072,K18F48,12,2018,15201.207510364437,3,2018_bird_072_3_trip
2018-05-16T08:11:04Z,141.70300999999998,40.619,bird_072,K18F48,12,2018,15207.510340922683,3,2018_bird_072_3_trip
2018-05-16T08:12:04Z,141.70304999999996,40.61909,bird_072,K18F48,12,2018,15216.113617719446,3,2018_bird_072_3_trip
2018-05-16T08:13:03Z,141.70184,40.62031000000001,bird_072,K18F48,12,2018,15213.63223581861,3,2018_bird_072_3_trip
2018-05-16T08:14:04Z,141.70828,40.62433000000001,bird_072,K18F48,12,2018,15917.26923783723,3,2018_bird_072_3_trip
2018-05-16T08:15:04Z,141.71581999999998,40.62704,bird_072,K18F48,12,2018,16609.25270074906,3,2018_bird_072_3_trip
2018-05-16T08:16:04Z,141.71724,40.62752,bird_072,K18F48,12,2018,16737.709941773566,3,2018_bird_072_3_trip
2018-05-16T08:17:04Z,141.7174,40.627500000000005,bird_072,K18F48,12,2018,16747.34249419895,3,2018_bird_072_3_trip
2018-05-16T08:18:04Z,141.71795999999998,40.62744,bird_072,K18F48,12,2018,16781.753272693706,3,2018_bird_072_3_trip
2018-05-16T08:19:04Z,141.72492,40.62863000000001,bird_072,K18F48,12,2018,17337.685380066425,3,2018_bird_072_3_trip
2018-05-16T08:20:03Z,141.7323,40.63219000000001,bird_072,K18F48,12,2018,18075.833186817872,3,2018_bird_072_3_trip
2018-05-16T08:21:02Z,141.74036999999998,40.63347,bird_072,K18F48,12,2018,18718.48000757946,3,2018_bird_072_3_trip
2018-05-16T08:22:03Z,141.74802,40.63436,bird_072,K18F48,12,2018,19311.430988644603,3,2018_bird_072_3_trip
2018-05-16T08:23:04Z,141.75015,40.63314,bird_072,K18F48,12,2018,19388.65073294109,3,2018_bird_072_3_trip
2018-05-16T08:24:04Z,141.75058,40.63291000000001,bird_072,K18F48,12,2018,19405.49565280433,3,2018_bird_072_3_trip
2018-05-16T08:25:03Z,141.75323,40.63398,bird_072,K18F48,12,2018,19658.39330738617,3,2018_bird_072_3_trip
2018-05-16T08:26:03Z,141.75899,40.639950000000006,bird_072,K18F48,12,2018,20427.880745682087,3,2018_bird_072_3_trip
2018-05-16T08:27:04Z,141.76046,40.64068,bird_072,K18F48,12,2018,20576.31772851192,3,2018_bird_072_3_trip
2018-05-16T08:28:04Z,141.76027,40.64105,bird_072,K18F48,12,2018,20585.53343988436,3,2018_bird_072_3_trip
2018-05-16T08:29:04Z,141.76033,40.6412,bird_072,K18F48,12,2018,20598.95867294398,3,2018_bird_072_3_trip
2018-05-16T08:30:04Z,141.76057999999998,40.64107,bird_072,K18F48,12,2018,20608.634229498948,3,2018_bird_072_3_trip
2018-05-16T08:31:03Z,141.76349999999996,40.64298,bird_072,K18F48,12,2018,20931.669593400868,3,2018_bird_072_3_trip
2018-05-16T08:32:04Z,141.76988999999998,40.64846,bird_072,K18F48,12,2018,21719.44778239744,3,2018_bird_072_3_trip
2018-05-16T08:33:04Z,141.77442,40.65407,bird_072,K18F48,12,2018,22387.992729711594,3,2018_bird_072_3_trip
2018-05-16T08:34:04Z,141.77875999999998,40.65802,bird_072,K18F48,12,2018,22940.389420126525,3,2018_bird_072_3_trip
2018-05-16T08:35:04Z,141.77779999999998,40.66183,bird_072,K18F48,12,2018,23121.544690324405,3,2018_bird_072_3_trip
2018-05-16T08:36:04Z,141.77665999999996,40.66665,bird_072,K18F48,12,2018,23365.10916429234,3,2018_bird_072_3_trip
2018-05-16T08:37:04Z,141.77634999999998,40.670750000000005,bird_072,K18F48,12,2018,23623.9259033709,3,2018_bird_072_3_trip
2018-05-16T08:38:04Z,141.77114999999998,40.67211000000001,bird_072,K18F48,12,2018,23375.969817554116,3,2018_bird_072_3_trip
2018-05-16T08:39:04Z,141.76794,40.67704,bird_072,K18F48,12,2018,23520.16698699596,3,2018_bird_072_3_trip
2018-05-16T08:40:04Z,141.77205999999998,40.682170000000006,bird_072,K18F48,12,2018,24156.73417619762,3,2018_bird_072_3_trip
2018-05-16T08:41:04Z,141.77015999999998,40.68804,bird_072,K18F48,12,2018,24472.792384706405,3,2018_bird_072_3_trip
2018-05-16T08:42:04Z,141.77021,40.69417000000001,bird_072,K18F48,12,2018,24941.84327935351,3,2018_bird_072_3_trip
2018-05-16T08:43:04Z,141.76872,40.70106,bird_072,K18F48,12,2018,25388.22295908059,3,2018_bird_072_3_trip
2018-05-16T08:44:04Z,141.76793,40.705360000000006,bird_072,K18F48,12,2018,25682.953186622977,3,2018_bird_072_3_trip
2018-05-16T08:45:04Z,141.76701,40.70853000000001,bird_072,K18F48,12,2018,25884.272902333185,3,2018_bird_072_3_trip
2018-05-16T08:46:04Z,141.76376999999997,40.713910000000006,bird_072,K18F48,12,2018,26138.76952418067,3,2018_bird_072_3_trip
2018-05-16T08:47:03Z,141.75938,40.71815000000001,bird_072,K18F48,12,2018,26247.86016360257,3,2018_bird_072_3_trip
2018-05-16T08:48:04Z,141.75512,40.723780000000005,bird_072,K18F48,12,2018,26496.639256327733,3,2018_bird_072_3_trip
2018-05-16T08:49:04Z,141.75087,40.72912000000001,bird_072,K18F48,12,2018,26737.658490061807,3,2018_bird_072_3_trip
2018-05-16T08:50:04Z,141.75068,40.729600000000005,bird_072,K18F48,12,2018,26770.00776367829,3,2018_bird_072_3_trip
2018-05-16T08:51:04Z,141.7502,40.73198,bird_072,K18F48,12,2018,26955.145135770275,3,2018_bird_072_3_trip
2018-05-16T08:52:04Z,141.74980999999997,40.73841000000001,bird_072,K18F48,12,2018,27507.387673433645,3,2018_bird_072_3_trip
2018-05-16T08:53:04Z,141.74883,40.74506,bird_072,K18F48,12,2018,28058.095419589212,3,2018_bird_072_3_trip
2018-05-16T08:54:04Z,141.74910999999997,40.74635000000001,bird_072,K18F48,12,2018,28188.782182129176,3,2018_bird_072_3_trip
2018-05-16T08:55:04Z,141.75042000000002,40.74929,bird_072,K18F48,12,2018,28519.61121851437,3,2018_bird_072_3_trip
2018-05-16T08:56:04Z,141.75061,40.74928,bird_072,K18F48,12,2018,28527.895083379924,3,2018_bird_072_3_trip
2018-05-16T08:57:04Z,141.75058,40.749410000000005,bird_072,K18F48,12,2018,28538.274446530108,3,2018_bird_072_3_trip
2018-05-16T08:58:04Z,141.7508,40.749390000000005,bird_072,K18F48,12,2018,28547.10265200797,3,2018_bird_072_3_trip
2018-05-16T08:59:03Z,141.74918999999997,40.75052,bird_072,K18F48,12,2018,28572.546595788463,3,2018_bird_072_3_trip
2018-05-16T09:00:04Z,141.74698999999998,40.75454,bird_072,K18F48,12,2018,28837.270757758062,3,2018_bird_072_3_trip
2018-05-16T09:01:03Z,141.74584,40.75562,bird_072,K18F48,12,2018,28883.270654926448,3,2018_bird_072_3_trip
2018-05-16T09:02:04Z,141.742,40.7556,bird_072,K18F48,12,2018,28703.647943265496,3,2018_bird_072_3_trip
2018-05-16T09:03:04Z,141.74251999999998,40.756130000000006,bird_072,K18F48,12,2018,28776.922818890067,3,2018_bird_072_3_trip
2018-05-16T09:04:03Z,141.74264,40.7562,bird_072,K18F48,12,2018,28788.96026954797,3,2018_bird_072_3_trip
2018-05-16T09:05:03Z,141.74279,40.75636,bird_072,K18F48,12,2018,28810.76029626607,3,2018_bird_072_3_trip
2018-05-16T09:06:03Z,141.74244000000002,40.75678,bird_072,K18F48,12,2018,28833.828529085506,3,2018_bird_072_3_trip
2018-05-16T09:07:04Z,141.74265999999997,40.7569,bird_072,K18F48,12,2018,28855.108442832076,3,2018_bird_072_3_trip
2018-05-16T09:08:03Z,141.74368999999996,40.7579,bird_072,K18F48,12,2018,28995.59605052854,3,2018_bird_072_3_trip
2018-05-16T09:09:03Z,141.74402999999998,40.75763,bird_072,K18F48,12,2018,28986.07018478245,3,2018_bird_072_3_trip
2018-05-16T09:10:03Z,141.74416999999997,40.75776,bird_072,K18F48,12,2018,29004.616931990942,3,2018_bird_072_3_trip
2018-05-16T09:11:03Z,141.74449999999996,40.75776,bird_072,K18F48,12,2018,29019.81172533801,3,2018_bird_072_3_trip
2018-05-16T09:12:04Z,141.74441,40.75754,bird_072,K18F48,12,2018,28995.19209667875,3,2018_bird_072_3_trip
2018-05-16T09:13:04Z,141.74443,40.75754,bird_072,K18F48,12,2018,28996.11394169377,3,2018_bird_072_3_trip
2018-05-16T09:14:04Z,141.74353999999997,40.75643,bird_072,K18F48,12,2018,28851.809799155024,3,2018_bird_072_3_trip
2018-05-16T09:15:04Z,141.73942,40.75411,bird_072,K18F48,12,2018,28446.4131162382,3,2018_bird_072_3_trip
2018-05-16T09:16:04Z,141.73628,40.751220000000004,bird_072,K18F48,12,2018,28033.060692834508,3,2018_bird_072_3_trip
2018-05-16T09:17:04Z,141.73370999999997,40.74844,bird_072,K18F48,12,2018,27656.026871700025,3,2018_bird_072_3_trip
2018-05-16T09:18:04Z,141.73115,40.74615000000001,bird_072,K18F48,12,2018,27325.30353634863,3,2018_bird_072_3_trip
2018-05-16T09:19:03Z,141.73045,40.74512000000001,bird_072,K18F48,12,2018,27197.083671917248,3,2018_bird_072_3_trip
2018-05-16T09:20:03Z,141.72863,40.742830000000005,bird_072,K18F48,12,2018,26900.025834727287,3,2018_bird_072_3_trip
2018-05-16T09:21:03Z,141.72812000000002,40.74250000000001,bird_072,K18F48,12,2018,26845.95326733639,3,2018_bird_072_3_trip
2018-05-16T09:22:04Z,141.72820000000002,40.74250000000001,bird_072,K18F48,12,2018,26849.589849894382,3,2018_bird_072_3_trip
2018-05-16T09:23:04Z,141.72707,40.74117,bird_072,K18F48,12,2018,26673.74254924756,3,2018_bird_072_3_trip
2018-05-16T09:24:04Z,141.72699,40.74107,bird_072,K18F48,12,2018,26660.746513421025,3,2018_bird_072_3_trip
2018-05-16T09:25:04Z,141.72704000000002,40.741,bird_072,K18F48,12,2018,26656.46950608194,3,2018_bird_072_3_trip
2018-05-16T09:26:04Z,141.72709,40.74099,bird_072,K18F48,12,2018,26657.808300867204,3,2018_bird_072_3_trip
2018-05-16T09:27:04Z,141.72741000000002,40.7411,bird_072,K18F48,12,2018,26682.663582950652,3,2018_bird_072_3_trip
2018-05-16T09:28:04Z,141.72738,40.74114,bird_072,K18F48,12,2018,26685.038880064923,3,2018_bird_072_3_trip
2018-05-16T09:29:04Z,141.72553,40.73926,bird_072,K18F48,12,2018,26424.972118907368,3,2018_bird_072_3_trip
2018-05-16T09:30:03Z,141.72525,40.739070000000005,bird_072,K18F48,12,2018,26394.460178913236,3,2018_bird_072_3_trip
2018-05-16T09:31:03Z,141.72581,40.73899000000001,bird_072,K18F48,12,2018,26412.462805573345,3,2018_bird_072_3_trip
2018-05-16T09:32:04Z,141.72589,40.73901000000001,bird_072,K18F48,12,2018,26417.978951482033,3,2018_bird_072_3_trip
2018-05-16T09:33:03Z,141.7265,40.73886,bird_072,K18F48,12,2018,26431.814139618535,3,2018_bird_072_3_trip
2018-05-16T09:34:03Z,141.72594999999998,40.73919000000001,bird_072,K18F48,12,2018,26437.542837723773,3,2018_bird_072_3_trip
2018-05-16T09:35:03Z,141.72625,40.73942,bird_072,K18F48,12,2018,26472.719796812908,3,2018_bird_072_3_trip
2018-05-16T09:36:04Z,141.72623000000002,40.739320000000006,bird_072,K18F48,12,2018,26462.45980102409,3,2018_bird_072_3_trip
2018-05-16T09:37:03Z,141.72692,40.73930000000001,bird_072,K18F48,12,2018,26492.101780740755,3,2018_bird_072_3_trip
2018-05-16T09:38:03Z,141.72469999999998,40.73689,bird_072,K18F48,12,2018,26165.57010164736,3,2018_bird_072_3_trip
2018-05-16T09:39:03Z,141.72474,40.736700000000006,bird_072,K18F48,12,2018,26149.657420257976,3,2018_bird_072_3_trip
2018-05-16T09:40:03Z,141.72493,40.73668,bird_072,K18F48,12,2018,26156.48477661615,3,2018_bird_072_3_trip
2018-05-16T09:41:04Z,141.72504,40.73696,bird_072,K18F48,12,2018,26187.653235676094,3,2018_bird_072_3_trip
2018-05-16T09:42:04Z,141.72299,40.73448,bird_072,K18F48,12,2018,25862.355908449008,3,2018_bird_072_3_trip
2018-05-16T09:43:04Z,141.72205,40.73275000000001,bird_072,K18F48,12,2018,25657.886582916817,3,2018_bird_072_3_trip
2018-05-16T09:44:03Z,141.72144000000003,40.73292000000001,bird_072,K18F48,12,2018,25645.81603528021,3,2018_bird_072_3_trip
2018-05-16T09:45:04Z,141.7217,40.732940000000006,bird_072,K18F48,12,2018,25659.576463378213,3,2018_bird_072_3_trip
2018-05-16T09:46:05Z,141.72213000000002,40.733050000000006,bird_072,K18F48,12,2018,25689.5347406474,3,2018_bird_072_3_trip
2018-05-16T09:47:03Z,141.72112,40.73251000000001,bird_072,K18F48,12,2018,25592.900700757706,3,2018_bird_072_3_trip
2018-05-16T09:48:03Z,141.72175,40.73197,bird_072,K18F48,12,2018,25571.402120568313,3,2018_bird_072_3_trip
2018-05-16T09:49:04Z,141.72155999999998,40.73239000000001,bird_072,K18F48,12,2018,25601.843657578273,3,2018_bird_072_3_trip
2018-05-16T09:50:03Z,141.72153,40.73118,bird_072,K18F48,12,2018,25487.693947581403,3,2018_bird_072_3_trip
2018-05-16T09:51:03Z,141.72138,40.73118,bird_072,K18F48,12,2018,25480.79175683568,3,2018_bird_072_3_trip
2018-05-16T09:52:03Z,141.72137,40.7314,bird_072,K18F48,12,2018,25500.826662320993,3,2018_bird_072_3_trip
2018-05-16T09:53:03Z,141.72203000000002,40.731570000000005,bird_072,K18F48,12,2018,25547.0265350983,3,2018_bird_072_3_trip
2018-05-16T09:54:03Z,141.71996999999996,40.72941000000001,bird_072,K18F48,12,2018,25251.072366297703,3,2018_bird_072_3_trip
2018-05-16T09:55:04Z,141.72003,40.72944,bird_072,K18F48,12,2018,25256.627425181858,3,2018_bird_072_3_trip
2018-05-16T09:56:03Z,141.72004,40.72944,bird_072,K18F48,12,2018,25257.08770217024,3,2018_bird_072_3_trip
2018-05-16T09:57:03Z,141.72035,40.72952000000001,bird_072,K18F48,12,2018,25278.81181187114,3,2018_bird_072_3_trip
2018-05-16T09:58:03Z,141.72021,40.72933000000001,bird_072,K18F48,12,2018,25254.676608071873,3,2018_bird_072_3_trip
2018-05-16T09:59:03Z,141.72036,40.72961000000001,bird_072,K18F48,12,2018,25287.649885899205,3,2018_bird_072_3_trip
2018-05-16T10:00:31Z,141.72062,40.72945000000001,bird_072,K18F48,12,2018,25284.748056416265,3,2018_bird_072_3_trip
2018-05-16T10:01:02Z,141.71903999999998,40.72810000000001,bird_072,K18F48,12,2018,25086.28321450241,3,2018_bird_072_3_trip
2018-05-16T10:02:04Z,141.71886999999998,40.72635000000001,bird_072,K18F48,12,2018,24915.71674401123,3,2018_bird_072_3_trip
2018-05-16T10:03:03Z,141.71883,40.72520000000001,bird_072,K18F48,12,2018,24807.160383894556,3,2018_bird_072_3_trip
2018-05-16T10:04:02Z,141.71882,40.72518000000001,bird_072,K18F48,12,2018,24804.841228170983,3,2018_bird_072_3_trip
2018-05-16T10:05:03Z,141.71921999999998,40.725130000000014,bird_072,K18F48,12,2018,24818.83363877812,3,2018_bird_072_3_trip
2018-05-16T10:06:03Z,141.71942,40.72514000000001,bird_072,K18F48,12,2018,24829.08512359889,3,2018_bird_072_3_trip
2018-05-16T10:07:03Z,141.71969999999996,40.725260000000006,bird_072,K18F48,12,2018,24853.25968103296,3,2018_bird_072_3_trip
2018-05-16T10:08:04Z,141.71985999999995,40.72530000000001,bird_072,K18F48,12,2018,24864.432567910597,3,2018_bird_072_3_trip
2018-05-16T10:09:02Z,141.72009,40.72535000000001,bird_072,K18F48,12,2018,24879.805307893384,3,2018_bird_072_3_trip
2018-05-16T10:10:03Z,141.72026,40.72514000000001,bird_072,K18F48,12,2018,24868.338788961817,3,2018_bird_072_3_trip
2018-05-16T10:11:03Z,141.72038,40.72525000000001,bird_072,K18F48,12,2018,24884.12504998166,3,2018_bird_072_3_trip
2018-05-16T10:12:02Z,141.72022,40.72435000000001,bird_072,K18F48,12,2018,24793.48044667184,3,2018_bird_072_3_trip
2018-05-16T10:13:02Z,141.72008,40.723560000000006,bird_072,K18F48,12,2018,24714.00059627048,3,2018_bird_072_3_trip
2018-05-16T10:14:04Z,141.72015,40.72331000000001,bird_072,K18F48,12,2018,24694.245537110575,3,2018_bird_072_3_trip
2018-05-16T10:15:04Z,141.72062,40.72330000000001,bird_072,K18F48,12,2018,24715.490236296424,3,2018_bird_072_3_trip
2018-05-16T10:16:02Z,141.72122000000002,40.72436,bird_072,K18F48,12,2018,24841.44658241527,3,2018_bird_072_3_trip
2018-05-16T10:17:03Z,141.72141000000002,40.72448,bird_072,K18F48,12,2018,24861.462658531356,3,2018_bird_072_3_trip
2018-05-16T10:18:02Z,141.72202,40.72559000000001,bird_072,K18F48,12,2018,24992.516038700724,3,2018_bird_072_3_trip
2018-05-16T10:19:03Z,141.72345,40.72730000000001,bird_072,K18F48,12,2018,25217.513818069823,3,2018_bird_072_3_trip
2018-05-16T10:20:02Z,141.72364999999996,40.72733000000001,bird_072,K18F48,12,2018,25229.697251191352,3,2018_bird_072_3_trip
2018-05-16T10:21:03Z,141.72382,40.72742,bird_072,K18F48,12,2018,25246.00238475913,3,2018_bird_072_3_trip
2018-05-16T10:22:04Z,141.72413,40.727610000000006,bird_072,K18F48,12,2018,25278.12424402664,3,2018_bird_072_3_trip
2018-05-16T10:23:04Z,141.7243,40.727500000000006,bird_072,K18F48,12,2018,25276.010780795736,3,2018_bird_072_3_trip
2018-05-16T10:24:02Z,141.72448,40.72762,bird_072,K18F48,12,2018,25295.55942356887,3,2018_bird_072_3_trip
2018-05-16T10:25:03Z,141.72384999999997,40.72639000000001,bird_072,K18F48,12,2018,25152.56837288927,3,2018_bird_072_3_trip
2018-05-16T10:26:02Z,141.7241,40.72627000000001,bird_072,K18F48,12,2018,25153.366600749156,3,2018_bird_072_3_trip
2018-05-16T10:27:02Z,141.72442,40.72637000000001,bird_072,K18F48,12,2018,25177.726542789875,3,2018_bird_072_3_trip
2018-05-16T10:28:02Z,141.72451999999998,40.72625000000001,bird_072,K18F48,12,2018,25171.44431305243,3,2018_bird_072_3_trip
2018-05-16T10:29:04Z,141.72502,40.72621000000001,bird_072,K18F48,12,2018,25191.528196167743,3,2018_bird_072_3_trip
2018-05-16T10:30:03Z,141.72675999999998,40.721520000000005,bird_072,K18F48,12,2018,24847.33571461251,3,2018_bird_072_3_trip
2018-05-16T10:31:04Z,141.72885,40.71674,bird_072,K18F48,12,2018,24519.696806940898,3,2018_bird_072_3_trip
2018-05-16T10:32:04Z,141.72907999999998,40.71614,bird_072,K18F48,12,2018,24477.54316981889,3,2018_bird_072_3_trip
2018-05-16T10:33:02Z,141.72925999999998,40.7161,bird_072,K18F48,12,2018,24482.99927499582,3,2018_bird_072_3_trip
2018-05-16T10:34:03Z,141.72964999999996,40.716170000000005,bird_072,K18F48,12,2018,24508.836369328612,3,2018_bird_072_3_trip
2018-05-16T10:35:02Z,141.72993,40.71616,bird_072,K18F48,12,2018,24522.021584501577,3,2018_bird_072_3_trip
2018-05-16T10:36:02Z,141.73033,40.71616,bird_072,K18F48,12,2018,24542.158627209712,3,2018_bird_072_3_trip
2018-05-16T10:37:02Z,141.73051999999998,40.71605,bird_072,K18F48,12,2018,24541.93276207388,3,2018_bird_072_3_trip
2018-05-16T10:38:03Z,141.7308,40.71612,bird_072,K18F48,12,2018,24562.295755236,3,2018_bird_072_3_trip
2018-05-16T10:39:02Z,141.73104,40.71609,bird_072,K18F48,12,2018,24571.74512226768,3,2018_bird_072_3_trip
2018-05-16T10:40:02Z,141.73138,40.71609,bird_072,K18F48,12,2018,24588.93496468996,3,2018_bird_072_3_trip
2018-05-16T10:41:03Z,141.73163,40.71611000000001,bird_072,K18F48,12,2018,24603.366347563137,3,2018_bird_072_3_trip
2018-05-16T10:42:03Z,141.732,40.71612,bird_072,K18F48,12,2018,24623.001760090152,3,2018_bird_072_3_trip
2018-05-16T10:43:02Z,141.73235,40.71622,bird_072,K18F48,12,2018,24649.63632744587,3,2018_bird_072_3_trip
2018-05-16T10:44:03Z,141.73254,40.71612,bird_072,K18F48,12,2018,24650.407115814643,3,2018_bird_072_3_trip
2018-05-16T10:45:02Z,141.73287,40.71612,bird_072,K18F48,12,2018,24667.181502252464,3,2018_bird_072_3_trip
2018-05-16T10:46:03Z,141.73307999999997,40.71612,bird_072,K18F48,12,2018,24677.866622234593,3,2018_bird_072_3_trip
2018-05-16T10:47:02Z,141.73334,40.71606,bird_072,K18F48,12,2018,24685.79208830639,3,2018_bird_072_3_trip
2018-05-16T10:48:03Z,141.73369999999997,40.71612,bird_072,K18F48,12,2018,24709.4607484681,3,2018_bird_072_3_trip
2018-05-16T10:49:02Z,141.73394,40.716150000000006,bird_072,K18F48,12,2018,24724.36423568268,3,2018_bird_072_3_trip
2018-05-16T10:50:03Z,141.7344,40.71605,bird_072,K18F48,12,2018,24739.02950837315,3,2018_bird_072_3_trip
2018-05-16T10:51:03Z,141.73455999999996,40.71603,bird_072,K18F48,12,2018,24745.44997897754,3,2018_bird_072_3_trip
2018-05-16T10:52:02Z,141.73470999999998,40.71608,bird_072,K18F48,12,2018,24757.546870177728,3,2018_bird_072_3_trip
2018-05-16T10:53:03Z,141.73506999999998,40.71603,bird_072,K18F48,12,2018,24771.580779793145,3,2018_bird_072_3_trip
2018-05-16T10:54:03Z,141.73511,40.71606,bird_072,K18F48,12,2018,24776.279794211663,3,2018_bird_072_3_trip
2018-05-16T10:55:02Z,141.73541,40.71593000000001,bird_072,K18F48,12,2018,24780.209345910444,3,2018_bird_072_3_trip
2018-05-16T10:56:02Z,141.73595999999998,40.71612,bird_072,K18F48,12,2018,24825.22443403632,3,2018_bird_072_3_trip
2018-05-16T10:57:02Z,141.73586999999998,40.7161,bird_072,K18F48,12,2018,24818.83406640827,3,2018_bird_072_3_trip
2018-05-16T10:58:02Z,141.73615999999998,40.7161,bird_072,K18F48,12,2018,24833.752517562367,3,2018_bird_072_3_trip
2018-05-16T10:59:02Z,141.73639,40.71603,bird_072,K18F48,12,2018,24839.433862739268,3,2018_bird_072_3_trip
2018-05-16T11:00:02Z,141.73638,40.716170000000005,bird_072,K18F48,12,2018,24851.24257309936,3,2018_bird_072_3_trip
2018-05-16T11:01:02Z,141.73674,40.716190000000005,bird_072,K18F48,12,2018,24871.55254824987,3,2018_bird_072_3_trip
2018-05-16T11:02:02Z,141.73688,40.7163,bird_072,K18F48,12,2018,24888.448394005456,3,2018_bird_072_3_trip
2018-05-16T11:03:03Z,141.73733,40.71634,bird_072,K18F48,12,2018,24915.185869097048,3,2018_bird_072_3_trip
2018-05-16T11:04:04Z,141.73748,40.716370000000005,bird_072,K18F48,12,2018,24925.56966548358,3,2018_bird_072_3_trip
2018-05-16T11:05:02Z,141.73774999999998,40.71646,bird_072,K18F48,12,2018,24947.429241780923,3,2018_bird_072_3_trip
2018-05-16T11:06:02Z,141.73798,40.7163,bird_072,K18F48,12,2018,24945.2769320557,3,2018_bird_072_3_trip
2018-05-16T11:07:02Z,141.73829,40.71659,bird_072,K18F48,12,2018,24986.776857579483,3,2018_bird_072_3_trip
2018-05-16T11:08:02Z,141.73842000000002,40.71644,bird_072,K18F48,12,2018,24980.347929492997,3,2018_bird_072_3_trip
2018-05-16T11:09:02Z,141.73874999999998,40.716530000000006,bird_072,K18F48,12,2018,25005.346415154698,3,2018_bird_072_3_trip
2018-05-16T11:10:03Z,141.73895,40.71641,bird_072,K18F48,12,2018,25005.206246418373,3,2018_bird_072_3_trip
2018-05-16T11:11:03Z,141.73907999999997,40.71663,bird_072,K18F48,12,2018,25031.231338757745,3,2018_bird_072_3_trip
2018-05-16T11:12:03Z,141.73934999999997,40.71664,bird_072,K18F48,12,2018,25046.126102357845,3,2018_bird_072_3_trip
2018-05-16T11:13:02Z,141.73964999999995,40.71663,bird_072,K18F48,12,2018,25060.84206422529,3,2018_bird_072_3_trip
2018-05-16T11:14:03Z,141.73979999999997,40.71677,bird_072,K18F48,12,2018,25080.895960731617,3,2018_bird_072_3_trip
2018-05-16T11:15:03Z,141.74002,40.7167,bird_072,K18F48,12,2018,25086.21671612937,3,2018_bird_072_3_trip
2018-05-16T11:16:03Z,141.74034,40.716730000000005,bird_072,K18F48,12,2018,25105.5050796471,3,2018_bird_072_3_trip
2018-05-16T11:17:02Z,141.74044,40.71679,bird_072,K18F48,12,2018,25115.96084383229,3,2018_bird_072_3_trip
2018-05-16T11:18:04Z,141.74047,40.71672,bird_072,K18F48,12,2018,25111.40606326457,3,2018_bird_072_3_trip
2018-05-16T11:19:03Z,141.74085999999997,40.716730000000005,bird_072,K18F48,12,2018,25132.62280903754,3,2018_bird_072_3_trip
2018-05-16T11:20:03Z,141.74097999999998,40.71696,bird_072,K18F48,12,2018,25158.972590053156,3,2018_bird_072_3_trip
2018-05-16T11:21:04Z,141.7412,40.71687,bird_072,K18F48,12,2018,25162.598339337153,3,2018_bird_072_3_trip
2018-05-16T11:22:04Z,141.74133,40.71672,bird_072,K18F48,12,2018,25156.301711524015,3,2018_bird_072_3_trip
2018-05-16T11:23:03Z,141.74158999999997,40.71692,bird_072,K18F48,12,2018,25187.34259067142,3,2018_bird_072_3_trip
2018-05-16T11:24:04Z,141.74167999999997,40.71663,bird_072,K18F48,12,2018,25166.765449871255,3,2018_bird_072_3_trip
2018-05-16T11:25:04Z,141.74208,40.71672,bird_072,K18F48,12,2018,25195.561119477778,3,2018_bird_072_3_trip
2018-05-16T11:26:03Z,141.7423,40.71662,bird_072,K18F48,12,2018,25198.39059040459,3,2018_bird_072_3_trip
2018-05-16T11:27:04Z,141.7422,40.71666,bird_072,K18F48,12,2018,25196.62726344397,3,2018_bird_072_3_trip
2018-05-16T11:28:04Z,141.74263,40.71674,bird_072,K18F48,12,2018,25226.15406067444,3,2018_bird_072_3_trip
2018-05-16T11:29:02Z,141.74281,40.71664,bird_072,K18F48,12,2018,25226.91120656214,3,2018_bird_072_3_trip
2018-05-16T11:30:02Z,141.74304999999995,40.71664,bird_072,K18F48,12,2018,25239.529112913577,3,2018_bird_072_3_trip
2018-05-16T11:31:02Z,141.74335999999997,40.7167,bird_072,K18F48,12,2018,25261.053699763197,3,2018_bird_072_3_trip
2018-05-16T11:32:02Z,141.74369999999996,40.71667,bird_072,K18F48,12,2018,25276.356772557425,3,2018_bird_072_3_trip
2018-05-16T11:33:02Z,141.74380999999997,40.71677,bird_072,K18F48,12,2018,25290.833954012895,3,2018_bird_072_3_trip
2018-05-16T11:34:03Z,141.74403999999998,40.71672,bird_072,K18F48,12,2018,25298.622856799157,3,2018_bird_072_3_trip
2018-05-16T11:35:04Z,141.74416999999997,40.716730000000005,bird_072,K18F48,12,2018,25306.349406219884,3,2018_bird_072_3_trip
2018-05-16T11:36:04Z,141.74424999999997,40.71678,bird_072,K18F48,12,2018,25314.907569838822,3,2018_bird_072_3_trip
2018-05-16T11:37:04Z,141.74446999999998,40.71686,bird_072,K18F48,12,2018,25333.457911069305,3,2018_bird_072_3_trip
2018-05-16T11:38:04Z,141.74446999999998,40.71656,bird_072,K18F48,12,2018,25307.45801857549,3,2018_bird_072_3_trip
2018-05-16T11:39:04Z,141.74516999999997,40.71695,bird_072,K18F48,12,2018,25378.253084935484,3,2018_bird_072_3_trip
2018-05-16T11:40:04Z,141.74516999999997,40.71669,bird_072,K18F48,12,2018,25355.747427677423,3,2018_bird_072_3_trip
2018-05-16T11:41:03Z,141.74546999999998,40.71677,bird_072,K18F48,12,2018,25378.560108604222,3,2018_bird_072_3_trip
2018-05-16T11:42:04Z,141.74574999999996,40.7168,bird_072,K18F48,12,2018,25395.99743338915,3,2018_bird_072_3_trip
2018-05-16T11:43:04Z,141.74602,40.716750000000005,bird_072,K18F48,12,2018,25406.002532860064,3,2018_bird_072_3_trip
2018-05-16T11:44:04Z,141.74636999999998,40.71685,bird_072,K18F48,12,2018,25433.227529927084,3,2018_bird_072_3_trip
2018-05-16T11:45:04Z,141.74639,40.71654,bird_072,K18F48,12,2018,25407.5324846508,3,2018_bird_072_3_trip
2018-05-16T11:46:04Z,141.74673,40.71654,bird_072,K18F48,12,2018,25425.62652184251,3,2018_bird_072_3_trip
2018-05-16T11:47:03Z,141.74702,40.71654,bird_072,K18F48,12,2018,25441.075204999415,3,2018_bird_072_3_trip
2018-05-16T11:48:03Z,141.74714999999998,40.71666,bird_072,K18F48,12,2018,25458.344191885084,3,2018_bird_072_3_trip
2018-05-16T11:49:04Z,141.74757999999997,40.71656,bird_072,K18F48,12,2018,25472.668943787005,3,2018_bird_072_3_trip
2018-05-16T11:50:03Z,141.74777999999998,40.71663,bird_072,K18F48,12,2018,25489.372836663224,3,2018_bird_072_3_trip
2018-05-16T11:51:03Z,141.74791,40.71643,bird_072,K18F48,12,2018,25479.11579341885,3,2018_bird_072_3_trip
2018-05-16T11:52:02Z,141.74836,40.71666,bird_072,K18F48,12,2018,25522.95649931828,3,2018_bird_072_3_trip
2018-05-16T11:53:04Z,141.74842,40.71674,bird_072,K18F48,12,2018,25533.042712059887,3,2018_bird_072_3_trip
2018-05-16T11:54:04Z,141.74885999999998,40.7166,bird_072,K18F48,12,2018,25544.576552515016,3,2018_bird_072_3_trip
2018-05-16T11:55:04Z,141.74894999999998,40.71666,bird_072,K18F48,12,2018,25554.551167207366,3,2018_bird_072_3_trip
2018-05-16T11:56:03Z,141.74915999999996,40.7166,bird_072,K18F48,12,2018,25560.662769610128,3,2018_bird_072_3_trip
2018-05-16T11:57:03Z,141.74953999999997,40.71659,bird_072,K18F48,12,2018,25580.20302304052,3,2018_bird_072_3_trip
2018-05-16T11:58:04Z,141.74970999999996,40.71664,bird_072,K18F48,12,2018,25593.62127249662,3,2018_bird_072_3_trip
2018-05-16T11:59:03Z,141.75002,40.71676,bird_072,K18F48,12,2018,25620.56485803644,3,2018_bird_072_3_trip
2018-05-16T12:00:03Z,141.75019,40.716710000000006,bird_072,K18F48,12,2018,25625.42480160858,3,2018_bird_072_3_trip
2018-05-16T12:01:04Z,141.75064999999998,40.71649,bird_072,K18F48,12,2018,25631.37375450979,3,2018_bird_072_3_trip
2018-05-16T12:02:04Z,141.75096,40.71646,bird_072,K18F48,12,2018,25645.531723145737,3,2018_bird_072_3_trip
2018-05-16T12:03:03Z,141.75127,40.71656,bird_072,K18F48,12,2018,25670.8102635109,3,2018_bird_072_3_trip
2018-05-16T12:04:04Z,141.75128,40.71662,bird_072,K18F48,12,2018,25676.474920223,3,2018_bird_072_3_trip
2018-05-16T12:05:04Z,141.75147,40.716530000000006,bird_072,K18F48,12,2018,25679.053373096143,3,2018_bird_072_3_trip
2018-05-16T12:06:05Z,141.75189,40.71651000000001,bird_072,K18F48,12,2018,25700.060048688527,3,2018_bird_072_3_trip
2018-05-16T12:07:04Z,141.75225,40.71658,bird_072,K18F48,12,2018,25725.518073965937,3,2018_bird_072_3_trip
2018-05-16T12:08:04Z,141.75245,40.71672,bird_072,K18F48,12,2018,25748.28327445099,3,2018_bird_072_3_trip
2018-05-16T12:09:03Z,141.75126,40.717479999999995,bird_072,K18F48,12,2018,25748.928249528584,3,2018_bird_072_3_trip
2018-05-16T12:10:03Z,141.74853,40.718900000000005,bird_072,K18F48,12,2018,25724.999139846535,3,2018_bird_072_3_trip
2018-05-16T12:11:04Z,141.74766999999997,40.719100000000005,bird_072,K18F48,12,2018,25696.677806075983,3,2018_bird_072_3_trip
2018-05-16T12:12:03Z,141.74804999999998,40.71914,bird_072,K18F48,12,2018,25720.26818506837,3,2018_bird_072_3_trip
2018-05-16T12:13:04Z,141.74826,40.71932,bird_072,K18F48,12,2018,25746.96528463237,3,2018_bird_072_3_trip
2018-05-16T12:14:04Z,141.74764,40.71921,bird_072,K18F48,12,2018,25704.61087846359,3,2018_bird_072_3_trip
2018-05-16T12:15:04Z,141.74792,40.71929,bird_072,K18F48,12,2018,25726.357176061098,3,2018_bird_072_3_trip
2018-05-16T12:16:03Z,141.74849,40.71902,bird_072,K18F48,12,2018,25733.238467685456,3,2018_bird_072_3_trip
2018-05-16T12:17:03Z,141.74895999999998,40.71887,bird_072,K18F48,12,2018,25745.270792054715,3,2018_bird_072_3_trip
2018-05-16T12:18:03Z,141.7484,40.71869,bird_072,K18F48,12,2018,25699.95995227867,3,2018_bird_072_3_trip
2018-05-16T12:19:03Z,141.74858999999998,40.7186,bird_072,K18F48,12,2018,25702.29374269972,3,2018_bird_072_3_trip
2018-05-16T12:20:04Z,141.74884999999998,40.71847,bird_072,K18F48,12,2018,25704.919769608157,3,2018_bird_072_3_trip
2018-05-16T12:21:04Z,141.74874999999997,40.71867,bird_072,K18F48,12,2018,25716.844506918333,3,2018_bird_072_3_trip
2018-05-16T12:22:03Z,141.74916999999996,40.718520000000005,bird_072,K18F48,12,2018,25726.27852328751,3,2018_bird_072_3_trip
2018-05-16T12:23:03Z,141.74943,40.71848,bird_072,K18F48,12,2018,25736.698142171743,3,2018_bird_072_3_trip
2018-05-16T12:24:03Z,141.74987999999996,40.718430000000005,bird_072,K18F48,12,2018,25756.42255452495,3,2018_bird_072_3_trip
2018-05-16T12:25:03Z,141.74982999999995,40.71838,bird_072,K18F48,12,2018,25749.449784664623,3,2018_bird_072_3_trip
2018-05-16T12:26:03Z,141.75041000000002,40.7182,bird_072,K18F48,12,2018,25765.01012153614,3,2018_bird_072_3_trip
2018-05-16T12:27:03Z,141.75035,40.71831000000001,bird_072,K18F48,12,2018,25771.245523974863,3,2018_bird_072_3_trip
2018-05-16T12:28:03Z,141.75103,40.71808,bird_072,K18F48,12,2018,25787.96242967181,3,2018_bird_072_3_trip
2018-05-16T12:29:04Z,141.75109,40.718050000000005,bird_072,K18F48,12,2018,25788.612238316695,3,2018_bird_072_3_trip
2018-05-16T12:30:03Z,141.75181,40.71789,bird_072,K18F48,12,2018,25813.63017838045,3,2018_bird_072_3_trip
2018-05-16T12:31:03Z,141.75185,40.71795,bird_072,K18F48,12,2018,25820.918496317285,3,2018_bird_072_3_trip
2018-05-16T12:32:03Z,141.75194000000002,40.71807,bird_072,K18F48,12,2018,25836.033860673622,3,2018_bird_072_3_trip
2018-05-16T12:33:04Z,141.75230000000002,40.71791,bird_072,K18F48,12,2018,25841.748055523218,3,2018_bird_072_3_trip
2018-05-16T12:34:05Z,141.75279,40.71781,bird_072,K18F48,12,2018,25859.655309766604,3,2018_bird_072_3_trip
2018-05-16T12:35:03Z,141.75192,40.716550000000005,bird_072,K18F48,12,2018,25705.09489823048,3,2018_bird_072_3_trip
2018-05-16T12:36:04Z,141.75052,40.71367,bird_072,K18F48,12,2018,25383.96394653616,3,2018_bird_072_3_trip
2018-05-16T12:37:03Z,141.74828,40.71094,bird_072,K18F48,12,2018,25030.18196882355,3,2018_bird_072_3_trip
2018-05-16T12:38:04Z,141.74685999999997,40.70747,bird_072,K18F48,12,2018,24658.893520490343,3,2018_bird_072_3_trip
2018-05-16T12:39:04Z,141.74433,40.70427,bird_072,K18F48,12,2018,24249.98995402884,3,2018_bird_072_3_trip
2018-05-16T12:40:03Z,141.74184999999997,40.700770000000006,bird_072,K18F48,12,2018,23818.870918262903,3,2018_bird_072_3_trip
2018-05-16T12:41:04Z,141.73905999999997,40.69748,bird_072,K18F48,12,2018,23388.459571344225,3,2018_bird_072_3_trip
2018-05-16T12:42:04Z,141.73672,40.694230000000005,bird_072,K18F48,12,2018,22986.636535378933,3,2018_bird_072_3_trip
2018-05-16T12:43:03Z,141.73364999999995,40.691500000000005,bird_072,K18F48,12,2018,22587.62008066712,3,2018_bird_072_3_trip
2018-05-16T12:44:03Z,141.73147,40.688030000000005,bird_072,K18F48,12,2018,22176.85878617118,3,2018_bird_072_3_trip
2018-05-16T12:45:03Z,141.72906999999998,40.68489,bird_072,K18F48,12,2018,21781.58745372249,3,2018_bird_072_3_trip
2018-05-16T12:46:04Z,141.7259,40.68196,bird_072,K18F48,12,2018,21360.4297629901,3,2018_bird_072_3_trip
2018-05-16T12:47:03Z,141.72349,40.679,bird_072,K18F48,12,2018,20979.78569821853,3,2018_bird_072_3_trip
2018-05-16T12:48:04Z,141.72036,40.67624,bird_072,K18F48,12,2018,20574.961706984977,3,2018_bird_072_3_trip
2018-05-16T12:49:04Z,141.71782,40.67308,bird_072,K18F48,12,2018,20170.73454896193,3,2018_bird_072_3_trip
2018-05-16T12:50:03Z,141.71489999999997,40.669990000000006,bird_072,K18F48,12,2018,19750.83215669264,3,2018_bird_072_3_trip
2018-05-16T12:51:31Z,141.71209,40.66467,bird_072,K18F48,12,2018,19155.77552729978,3,2018_bird_072_3_trip
2018-05-16T12:52:02Z,141.71074,40.66279000000001,bird_072,K18F48,12,2018,18925.428840329045,3,2018_bird_072_3_trip
2018-05-16T12:53:04Z,141.70944,40.66044,bird_072,K18F48,12,2018,18660.333730895913,3,2018_bird_072_3_trip
2018-05-16T12:54:02Z,141.70664999999997,40.65683,bird_072,K18F48,12,2018,18207.57967878806,3,2018_bird_072_3_trip
2018-05-16T12:55:04Z,141.70370999999997,40.65303,bird_072,K18F48,12,2018,17731.490715219854,3,2018_bird_072_3_trip
2018-05-16T12:56:02Z,141.70076999999998,40.64985,bird_072,K18F48,12,2018,17305.195491923303,3,2018_bird_072_3_trip
2018-05-16T12:57:03Z,141.69715,40.6467,bird_072,K18F48,12,2018,16841.115221976524,3,2018_bird_072_3_trip
2018-05-16T12:58:03Z,141.69384999999997,40.64394,bird_072,K18F48,12,2018,16426.89916923867,3,2018_bird_072_3_trip
2018-05-16T12:59:03Z,141.69124000000002,40.64102,bird_072,K18F48,12,2018,16041.208146008332,3,2018_bird_072_3_trip
2018-05-16T13:00:03Z,141.68797,40.63846,bird_072,K18F48,12,2018,15644.586795640113,3,2018_bird_072_3_trip
2018-05-16T13:01:02Z,141.68494,40.63587,bird_072,K18F48,12,2018,15259.9470846773,3,2018_bird_072_3_trip
2018-05-16T13:02:03Z,141.68157,40.63333000000001,bird_072,K18F48,12,2018,14858.90892739766,3,2018_bird_072_3_trip
2018-05-16T13:03:02Z,141.67883,40.63027,bird_072,K18F48,12,2018,14454.88560525592,3,2018_bird_072_3_trip
2018-05-16T13:04:02Z,141.67539,40.627320000000005,bird_072,K18F48,12,2018,14017.604511312691,3,2018_bird_072_3_trip
2018-05-16T13:05:03Z,141.67202,40.62413000000001,bird_072,K18F48,12,2018,13565.939484883182,3,2018_bird_072_3_trip
2018-05-16T13:06:03Z,141.6686,40.62086,bird_072,K18F48,12,2018,13105.251242056363,3,2018_bird_072_3_trip
2018-05-16T13:07:03Z,141.66509,40.61773,bird_072,K18F48,12,2018,12650.114939589386,3,2018_bird_072_3_trip
2018-05-16T13:08:02Z,141.66125,40.61439,bird_072,K18F48,12,2018,12158.8224506625,3,2018_bird_072_3_trip
2018-05-16T13:09:03Z,141.65679,40.61062,bird_072,K18F48,12,2018,11596.742161372416,3,2018_bird_072_3_trip
2018-05-16T13:10:02Z,141.65259,40.60642,bird_072,K18F48,12,2018,11018.148238105952,3,2018_bird_072_3_trip
2018-05-16T13:11:02Z,141.64846,40.60195,bird_072,K18F48,12,2018,10424.527147448136,3,2018_bird_072_3_trip
2018-05-16T13:12:02Z,141.64385999999996,40.59766,bird_072,K18F48,12,2018,9816.17096896603,3,2018_bird_072_3_trip
2018-05-16T13:13:03Z,141.64054,40.593320000000006,bird_072,K18F48,12,2018,9286.750317479018,3,2018_bird_072_3_trip
2018-05-16T13:14:03Z,141.63713,40.589310000000005,bird_072,K18F48,12,2018,8778.424520217008,3,2018_bird_072_3_trip
2018-05-16T13:15:02Z,141.63421,40.58544,bird_072,K18F48,12,2018,8314.97216226805,3,2018_bird_072_3_trip
2018-05-16T13:16:03Z,141.63084999999998,40.581689999999995,bird_072,K18F48,12,2018,7834.004669689341,3,2018_bird_072_3_trip
2018-05-16T13:17:03Z,141.62693000000002,40.57782,bird_072,K18F48,12,2018,7310.0950625112255,3,2018_bird_072_3_trip
2018-05-16T13:18:02Z,141.62293000000005,40.57434,bird_072,K18F48,12,2018,6808.769149194795,3,2018_bird_072_3_trip
2018-05-16T13:19:02Z,141.61893,40.57086,bird_072,K18F48,12,2018,6309.439041281658,3,2018_bird_072_3_trip
2018-05-16T13:20:03Z,141.61514999999997,40.56689,bird_072,K18F48,12,2018,5798.560489703534,3,2018_bird_072_3_trip
2018-05-16T13:21:03Z,141.61232,40.56289,bird_072,K18F48,12,2018,5362.125970555616,3,2018_bird_072_3_trip
2018-05-16T13:22:04Z,141.61254,40.56266,bird_072,K18F48,12,2018,5365.487753918998,3,2018_bird_072_3_trip
2018-05-16T13:23:02Z,141.61266999999998,40.5626,bird_072,K18F48,12,2018,5371.734568179555,3,2018_bird_072_3_trip
2018-05-16T13:24:02Z,141.60981999999998,40.55992,bird_072,K18F48,12,2018,5016.499811165005,3,2018_bird_072_3_trip
2018-05-16T13:25:04Z,141.61022,40.559639999999995,bird_072,K18F48,12,2018,5031.899757679262,3,2018_bird_072_3_trip
2018-05-16T13:26:03Z,141.61024,40.55958,bird_072,K18F48,12,2018,5030.313820439272,3,2018_bird_072_3_trip
2018-05-16T13:27:03Z,141.61046,40.55954,bird_072,K18F48,12,2018,5044.791634649569,3,2018_bird_072_3_trip
2018-05-16T13:28:03Z,141.61085999999997,40.5594,bird_072,K18F48,12,2018,5067.788422488067,3,2018_bird_072_3_trip
2018-05-16T13:29:03Z,141.61094,40.55936,bird_072,K18F48,12,2018,5071.802877257057,3,2018_bird_072_3_trip
2018-05-16T13:30:02Z,141.61113,40.55924,bird_072,K18F48,12,2018,5080.124335913322,3,2018_bird_072_3_trip
2018-05-16T13:31:03Z,141.61122,40.559279999999994,bird_072,K18F48,12,2018,5088.930637150684,3,2018_bird_072_3_trip
2018-05-16T13:32:03Z,141.61160999999998,40.55912,bird_072,K18F48,12,2018,5110.495731926659,3,2018_bird_072_3_trip
2018-05-16T13:33:04Z,141.61185999999998,40.55901,bird_072,K18F48,12,2018,5124.051326404545,3,2018_bird_072_3_trip
2018-05-16T13:34:03Z,141.61223,40.55886,bird_072,K18F48,12,2018,5144.882181683914,3,2018_bird_072_3_trip
2018-05-16T13:35:04Z,141.60819,40.55625,bird_072,K18F48,12,2018,4711.785411317699,3,2018_bird_072_3_trip
2018-05-16T13:36:03Z,141.60308999999998,40.55314,bird_072,K18F48,12,2018,4177.536443590595,3,2018_bird_072_3_trip
2018-05-16T13:37:04Z,141.60066999999998,40.552110000000006,bird_072,K18F48,12,2018,3944.3805940829216,3,2018_bird_072_3_trip
2018-05-16T13:38:04Z,141.60101,40.551939999999995,bird_072,K18F48,12,2018,3963.949108466438,3,2018_bird_072_3_trip
2018-05-16T13:39:04Z,141.60098,40.551779999999994,bird_072,K18F48,12,2018,3954.989696753892,3,2018_bird_072_3_trip
2018-05-16T13:40:04Z,141.60133000000002,40.551579999999994,bird_072,K18F48,12,2018,3974.4517415434943,3,2018_bird_072_3_trip
2018-05-16T13:41:03Z,141.60136,40.55179999999999,bird_072,K18F48,12,2018,3985.729951955028,3,2018_bird_072_3_trip
2018-05-16T13:42:03Z,141.60168,40.551359999999995,bird_072,K18F48,12,2018,3993.3750392741263,3,2018_bird_072_3_trip
2018-05-16T13:43:04Z,141.60163,40.55123999999999,bird_072,K18F48,12,2018,3984.7071244531016,3,2018_bird_072_3_trip
2018-05-16T13:44:04Z,141.60223000000002,40.551089999999995,bird_072,K18F48,12,2018,4026.558196765406,3,2018_bird_072_3_trip
2018-05-16T13:45:04Z,141.60224000000002,40.551019999999994,bird_072,K18F48,12,2018,4024.686379518774,3,2018_bird_072_3_trip
2018-05-16T13:46:04Z,141.60242000000002,40.55095,bird_072,K18F48,12,2018,4036.371046195513,3,2018_bird_072_3_trip
2018-05-16T13:47:03Z,141.60253,40.550889999999995,bird_072,K18F48,12,2018,4042.88553610187,3,2018_bird_072_3_trip
2018-05-16T13:48:04Z,141.60287,40.55067,bird_072,K18F48,12,2018,4061.8936353034183,3,2018_bird_072_3_trip
2018-05-16T13:49:04Z,141.60307999999998,40.55058,bird_072,K18F48,12,2018,4075.422822702569,3,2018_bird_072_3_trip
2018-05-16T13:50:04Z,141.60334999999998,40.55043,bird_072,K18F48,12,2018,4091.6789554700167,3,2018_bird_072_3_trip
2018-05-16T13:51:04Z,141.60323,40.55041,bird_072,K18F48,12,2018,4081.339175623063,3,2018_bird_072_3_trip
2018-05-16T13:52:02Z,141.60381999999998,40.55031,bird_072,K18F48,12,2018,4125.193445289421,3,2018_bird_072_3_trip
2018-05-16T13:53:03Z,141.60414,40.55029,bird_072,K18F48,12,2018,4150.235252634733,3,2018_bird_072_3_trip
2018-05-16T13:54:02Z,141.60424999999998,40.55033,bird_072,K18F48,12,2018,4160.474181271852,3,2018_bird_072_3_trip
2018-05-16T13:55:03Z,141.60448,40.550279999999994,bird_072,K18F48,12,2018,4177.258941132802,3,2018_bird_072_3_trip
2018-05-16T13:56:03Z,141.6049,40.55021,bird_072,K18F48,12,2018,4208.711464623953,3,2018_bird_072_3_trip
2018-05-16T13:57:04Z,141.60524999999998,40.55039,bird_072,K18F48,12,2018,4243.062971437301,3,2018_bird_072_3_trip
2018-05-16T13:58:03Z,141.60563,40.55025,bird_072,K18F48,12,2018,4268.96562424618,3,2018_bird_072_3_trip
2018-05-16T13:59:04Z,141.60599,40.55033,bird_072,K18F48,12,2018,4300.717842828119,3,2018_bird_072_3_trip
2018-05-16T14:00:30Z,141.60631,40.5499,bird_072,K18F48,12,2018,4312.446713855515,3,2018_bird_072_3_trip
2018-05-16T14:01:02Z,141.60653,40.549710000000005,bird_072,K18F48,12,2018,4324.223534207538,3,2018_bird_072_3_trip
2018-05-16T14:02:03Z,141.60674999999998,40.54955,bird_072,K18F48,12,2018,4337.082611641269,3,2018_bird_072_3_trip
2018-05-16T14:03:02Z,141.60675999999998,40.54972,bird_072,K18F48,12,2018,4343.217121770263,3,2018_bird_072_3_trip
2018-05-16T14:04:02Z,141.60704,40.54955,bird_072,K18F48,12,2018,4360.670494562747,3,2018_bird_072_3_trip
2018-05-16T14:05:03Z,141.60715,40.54938,bird_072,K18F48,12,2018,4364.413055038122,3,2018_bird_072_3_trip
2018-05-16T14:06:03Z,141.60733000000002,40.54918,bird_072,K18F48,12,2018,4373.069838566064,3,2018_bird_072_3_trip
2018-05-16T14:07:03Z,141.60508,40.54903,bird_072,K18F48,12,2018,4185.145167254807,3,2018_bird_072_3_trip
2018-05-16T14:08:04Z,141.60279,40.5489,bird_072,K18F48,12,2018,3994.929588794904,3,2018_bird_072_3_trip
2018-05-16T14:09:02Z,141.60299,40.5487,bird_072,K18F48,12,2018,4004.8997713737313,3,2018_bird_072_3_trip
2018-05-16T14:10:04Z,141.6029,40.54892,bird_072,K18F48,12,2018,4004.4933429314624,3,2018_bird_072_3_trip
2018-05-16T14:11:04Z,141.60347,40.54898,bird_072,K18F48,12,2018,4052.673274068218,3,2018_bird_072_3_trip
2018-05-16T14:12:04Z,141.60350999999997,40.54849,bird_072,K18F48,12,2018,4040.8184762092887,3,2018_bird_072_3_trip
2018-05-16T14:13:04Z,141.60351999999995,40.54849,bird_072,K18F48,12,2018,4041.633764960012,3,2018_bird_072_3_trip
2018-05-16T14:14:03Z,141.60364999999996,40.54831000000001,bird_072,K18F48,12,2018,4046.8706956283454,3,2018_bird_072_3_trip
2018-05-16T14:15:02Z,141.60312,40.548300000000005,bird_072,K18F48,12,2018,4003.313060091056,3,2018_bird_072_3_trip
2018-05-16T14:16:05Z,141.59758,40.548370000000006,bird_072,K18F48,12,2018,3555.889113246535,3,2018_bird_072_3_trip
2018-05-16T14:17:03Z,141.59227,40.54778,bird_072,K18F48,12,2018,3108.417809645409,3,2018_bird_072_3_trip
2018-05-16T14:18:05Z,141.59054,40.54763,bird_072,K18F48,12,2018,2964.6773555452896,3,2018_bird_072_3_trip
2018-05-16T14:19:03Z,141.59076,40.54747,bird_072,K18F48,12,2018,2976.304423425153,3,2018_bird_072_3_trip
2018-05-16T14:20:03Z,141.59075,40.54743,bird_072,K18F48,12,2018,2974.039382241487,3,2018_bird_072_3_trip
2018-05-16T14:21:02Z,141.59058,40.547279999999994,bird_072,K18F48,12,2018,2954.9776663446755,3,2018_bird_072_3_trip
2018-05-16T14:22:04Z,141.58469,40.54797,bird_072,K18F48,12,2018,2519.220231617874,3,2018_bird_072_3_trip
2018-05-16T14:23:04Z,141.57896,40.54773,bird_072,K18F48,12,2018,2073.581631162044,3,2018_bird_072_3_trip
2018-05-16T14:24:03Z,141.57329,40.547,bird_072,K18F48,12,2018,1623.1949356472855,3,2018_bird_072_3_trip
2018-05-16T14:25:02Z,141.56795,40.54687,bird_072,K18F48,12,2018,1269.0108641998293,3,2018_bird_072_3_trip
2018-05-22T18:49:02Z,141.56133000000003,40.54965,bird_072,K18F48,12,2018,1266.3467077296325,11,2018_bird_072_11_trip
2018-05-22T18:50:03Z,141.56417,40.554399999999994,bird_072,K18F48,12,2018,1839.9309329387445,11,2018_bird_072_11_trip
2018-05-22T18:51:03Z,141.56649000000002,40.5596,bird_072,K18F48,12,2018,2449.784509873485,11,2018_bird_072_11_trip
2018-05-22T18:52:03Z,141.56804000000002,40.56497,bird_072,K18F48,12,2018,3058.13786429886,11,2018_bird_072_11_trip
2018-05-22T18:53:02Z,141.56805,40.57002,bird_072,K18F48,12,2018,3598.8292846742197,11,2018_bird_072_11_trip
2018-05-22T18:54:03Z,141.56718,40.57565,bird_072,K18F48,12,2018,4192.749569058898,11,2018_bird_072_11_trip
2018-05-22T18:55:02Z,141.56461,40.58137,bird_072,K18F48,12,2018,4785.65950264582,11,2018_bird_072_11_trip
2018-05-22T18:56:02Z,141.56262,40.58734,bird_072,K18F48,12,2018,5428.320659687947,11,2018_bird_072_11_trip
2018-05-22T18:57:03Z,141.56126,40.593700000000005,bird_072,K18F48,12,2018,6125.753193329753,11,2018_bird_072_11_trip
2018-05-22T18:58:03Z,141.56166,40.59958,bird_072,K18F48,12,2018,6779.581209026824,11,2018_bird_072_11_trip
2018-05-22T18:59:03Z,141.56067,40.6058,bird_072,K18F48,12,2018,7466.096976920114,11,2018_bird_072_11_trip
2018-05-22T19:00:03Z,141.56013000000002,40.612010000000005,bird_072,K18F48,12,2018,8153.984584882699,11,2018_bird_072_11_trip
2018-05-22T19:01:03Z,141.56147,40.61767999999999,bird_072,K18F48,12,2018,8786.912307390981,11,2018_bird_072_11_trip
2018-05-22T19:02:03Z,141.56081,40.62362,bird_072,K18F48,12,2018,9444.330815025702,11,2018_bird_072_11_trip
2018-05-22T19:03:03Z,141.55983,40.62872000000001,bird_072,K18F48,12,2018,10008.54116604673,11,2018_bird_072_11_trip
2018-05-22T19:04:03Z,141.55946,40.63308,bird_072,K18F48,12,2018,10492.106995143313,11,2018_bird_072_11_trip
2018-05-22T19:05:03Z,141.56109,40.63849,bird_072,K18F48,12,2018,11095.620092724184,11,2018_bird_072_11_trip
2018-05-22T19:06:04Z,141.5652,40.64292,bird_072,K18F48,12,2018,11601.46914796416,11,2018_bird_072_11_trip
2018-05-22T19:07:04Z,141.56968999999998,40.64623,bird_072,K18F48,12,2018,11994.914779196117,11,2018_bird_072_11_trip
2018-05-22T19:08:03Z,141.57153,40.65173,bird_072,K18F48,12,2018,12617.150864174597,11,2018_bird_072_11_trip
2018-05-22T19:09:04Z,141.57548,40.65523,bird_072,K18F48,12,2018,13038.7255330752,11,2018_bird_072_11_trip
2018-05-22T19:10:31Z,141.57935999999998,40.66283000000001,bird_072,K18F48,12,2018,13916.955814284403,11,2018_bird_072_11_trip
2018-05-22T19:11:03Z,141.57944999999998,40.662980000000005,bird_072,K18F48,12,2018,13934.475191988882,11,2018_bird_072_11_trip
2018-05-22T19:12:02Z,141.57949,40.66297000000001,bird_072,K18F48,12,2018,13933.824278557006,11,2018_bird_072_11_trip
2018-05-22T19:13:02Z,141.57943,40.66292000000001,bird_072,K18F48,12,2018,13927.646766610182,11,2018_bird_072_11_trip
2018-05-22T19:14:03Z,141.57947,40.66290000000001,bird_072,K18F48,12,2018,13925.89504911404,11,2018_bird_072_11_trip
2018-05-22T19:15:02Z,141.57950999999997,40.66295000000001,bird_072,K18F48,12,2018,13931.84828570188,11,2018_bird_072_11_trip
2018-05-22T19:16:03Z,141.57956999999996,40.6632,bird_072,K18F48,12,2018,13960.03866024436,11,2018_bird_072_11_trip
2018-05-22T19:17:03Z,141.57951999999997,40.66317000000001,bird_072,K18F48,12,2018,13956.173827280105,11,2018_bird_072_11_trip
2018-05-22T19:18:02Z,141.57989999999998,40.663070000000005,bird_072,K18F48,12,2018,13949.4828622162,11,2018_bird_072_11_trip
2018-05-22T19:19:03Z,141.57993,40.662850000000006,bird_072,K18F48,12,2018,13925.62221478106,11,2018_bird_072_11_trip
2018-05-22T19:20:03Z,141.57993,40.662980000000005,bird_072,K18F48,12,2018,13939.924722362999,11,2018_bird_072_11_trip
2018-05-22T19:21:06Z,141.57984999999996,40.66301000000001,bird_072,K18F48,12,2018,13942.309227122843,11,2018_bird_072_11_trip
2018-05-22T19:22:03Z,141.58006,40.662960000000005,bird_072,K18F48,12,2018,13939.220477985038,11,2018_bird_072_11_trip
2018-05-22T19:23:03Z,141.58205,40.66369,bird_072,K18F48,12,2018,14043.3585627453,11,2018_bird_072_11_trip
2018-05-22T19:24:04Z,141.58595,40.66687,bird_072,K18F48,12,2018,14443.871136972068,11,2018_bird_072_11_trip
2018-05-22T19:25:03Z,141.58803000000003,40.672540000000005,bird_072,K18F48,12,2018,15094.1454460413,11,2018_bird_072_11_trip
2018-05-22T19:26:02Z,141.59022000000002,40.67853000000001,bird_072,K18F48,12,2018,15781.320707491692,11,2018_bird_072_11_trip
2018-05-22T19:27:02Z,141.59182,40.68122,bird_072,K18F48,12,2018,16099.312754427418,11,2018_bird_072_11_trip
2018-05-22T19:28:03Z,141.59283000000002,40.68737,bird_072,K18F48,12,2018,16786.513234988535,11,2018_bird_072_11_trip
2018-05-22T19:29:03Z,141.59095,40.69388,bird_072,K18F48,12,2018,17471.99244848581,11,2018_bird_072_11_trip
2018-05-22T19:30:02Z,141.59342,40.70018,bird_072,K18F48,12,2018,18196.38315952743,11,2018_bird_072_11_trip
2018-05-22T19:31:02Z,141.59534000000002,40.70429,bird_072,K18F48,12,2018,18673.648516888577,11,2018_bird_072_11_trip
2018-05-22T19:32:02Z,141.59274000000002,40.70963,bird_072,K18F48,12,2018,19222.90873817301,11,2018_bird_072_11_trip
2018-05-22T19:33:03Z,141.5943,40.71608,bird_072,K18F48,12,2018,19950.95288135678,11,2018_bird_072_11_trip
2018-05-22T19:34:02Z,141.59365999999997,40.72227000000001,bird_072,K18F48,12,2018,20622.144901604457,11,2018_bird_072_11_trip
2018-05-22T19:35:03Z,141.59283000000002,40.72757000000001,bird_072,K18F48,12,2018,21194.401373843382,11,2018_bird_072_11_trip
2018-05-22T19:36:03Z,141.59375999999995,40.73184,bird_072,K18F48,12,2018,21674.920390053456,11,2018_bird_072_11_trip
2018-05-22T19:37:03Z,141.59423,40.73714,bird_072,K18F48,12,2018,22263.225723052576,11,2018_bird_072_11_trip
2018-05-22T19:38:02Z,141.59578,40.74161,bird_072,K18F48,12,2018,22773.097473085138,11,2018_bird_072_11_trip
2018-05-22T19:39:03Z,141.59859,40.74681,bird_072,K18F48,12,2018,23378.907764849173,11,2018_bird_072_11_trip
2018-05-22T19:40:03Z,141.60196,40.75171,bird_072,K18F48,12,2018,23960.128269893703,11,2018_bird_072_11_trip
2018-05-22T19:41:03Z,141.60414999999998,40.75606,bird_072,K18F48,12,2018,24466.454352003988,11,2018_bird_072_11_trip
2018-05-22T19:42:03Z,141.6073,40.76155000000001,bird_072,K18F48,12,2018,25111.555124431536,11,2018_bird_072_11_trip
2018-05-22T19:43:02Z,141.60923,40.76546,bird_072,K18F48,12,2018,25567.08590148493,11,2018_bird_072_11_trip
2018-05-22T19:44:02Z,141.60813000000002,40.76937000000001,bird_072,K18F48,12,2018,25979.53038417421,11,2018_bird_072_11_trip
2018-05-22T19:45:02Z,141.60932,40.77452,bird_072,K18F48,12,2018,26560.17264940477,11,2018_bird_072_11_trip
2018-05-22T19:46:02Z,141.61350999999996,40.779700000000005,bird_072,K18F48,12,2018,27187.069981828605,11,2018_bird_072_11_trip
2018-05-22T19:47:02Z,141.61719,40.78479,bird_072,K18F48,12,2018,27798.564250177868,11,2018_bird_072_11_trip
2018-05-22T19:48:03Z,141.61994999999996,40.79036000000001,bird_072,K18F48,12,2018,28449.37290524345,11,2018_bird_072_11_trip
2018-05-22T19:49:04Z,141.62228000000002,40.796960000000006,bird_072,K18F48,12,2018,29206.12565044731,11,2018_bird_072_11_trip
2018-05-22T19:50:03Z,141.62694000000002,40.80159999999999,bird_072,K18F48,12,2018,29787.443016862617,11,2018_bird_072_11_trip
2018-05-22T19:51:02Z,141.6313,40.80599,bird_072,K18F48,12,2018,30339.093575513372,11,2018_bird_072_11_trip
2018-05-22T19:52:03Z,141.63671,40.809619999999995,bird_072,K18F48,12,2018,30829.67701769177,11,2018_bird_072_11_trip
2018-05-22T19:53:03Z,141.64266999999998,40.81285999999999,bird_072,K18F48,12,2018,31292.92688862066,11,2018_bird_072_11_trip
2018-05-22T19:54:03Z,141.64852,40.81663,bird_072,K18F48,12,2018,31816.330540631996,11,2018_bird_072_11_trip
2018-05-22T19:55:04Z,141.65384,40.81918,bird_072,K18F48,12,2018,32201.844195817102,11,2018_bird_072_11_trip
2018-05-22T19:56:02Z,141.65871,40.82134,bird_072,K18F48,12,2018,32539.671437763936,11,2018_bird_072_11_trip
2018-05-22T19:57:03Z,141.66589,40.82438,bird_072,K18F48,12,2018,33028.54018053422,11,2018_bird_072_11_trip
2018-05-22T19:58:04Z,141.67298,40.8259,bird_072,K18F48,12,2018,33361.01549971062,11,2018_bird_072_11_trip
2018-05-22T19:59:03Z,141.67349999999996,40.82604,bird_072,K18F48,12,2018,33388.75366257538,11,2018_bird_072_11_trip
2018-05-22T20:00:03Z,141.67662,40.82616,bird_072,K18F48,12,2018,33479.80787929802,11,2018_bird_072_11_trip
2018-05-22T20:01:03Z,141.67946999999998,40.82943,bird_072,K18F48,12,2018,33898.70049297985,11,2018_bird_072_11_trip
2018-05-22T20:02:03Z,141.67956999999996,40.82926,bird_072,K18F48,12,2018,33883.29071630001,11,2018_bird_072_11_trip
2018-05-22T20:03:03Z,141.67935999999997,40.82947,bird_072,K18F48,12,2018,33900.10701389215,11,2018_bird_072_11_trip
2018-05-22T20:04:03Z,141.67991999999998,40.82924,bird_072,K18F48,12,2018,33890.19111244492,11,2018_bird_072_11_trip
2018-05-22T20:05:03Z,141.67988999999997,40.82922,bird_072,K18F48,12,2018,33887.30274909798,11,2018_bird_072_11_trip
2018-05-22T20:06:04Z,141.68375999999998,40.828,bird_072,K18F48,12,2018,33859.94903163092,11,2018_bird_072_11_trip
2018-05-22T20:07:04Z,141.69004,40.82476,bird_072,K18F48,12,2018,33691.41591783385,11,2018_bird_072_11_trip
2018-05-22T20:08:04Z,141.69379999999998,40.82176,bird_072,K18F48,12,2018,33485.432281555084,11,2018_bird_072_11_trip
2018-05-22T20:09:05Z,141.69397999999998,40.82172,bird_072,K18F48,12,2018,33486.498570229116,11,2018_bird_072_11_trip
2018-05-22T20:10:04Z,141.69378999999998,40.82167999999999,bird_072,K18F48,12,2018,33476.80172244693,11,2018_bird_072_11_trip
2018-05-22T20:11:04Z,141.69464999999997,40.82039,bird_072,K18F48,12,2018,33367.535629385915,11,2018_bird_072_11_trip
2018-05-22T20:12:04Z,141.69526,40.81953,bird_072,K18F48,12,2018,33296.00689253997,11,2018_bird_072_11_trip
2018-05-22T20:13:04Z,141.69517,40.81959,bird_072,K18F48,12,2018,33299.589742215474,11,2018_bird_072_11_trip
2018-05-22T20:14:03Z,141.69504999999998,40.81951,bird_072,K18F48,12,2018,33287.72499723468,11,2018_bird_072_11_trip
2018-05-22T20:15:03Z,141.69513,40.81939,bird_072,K18F48,12,2018,33277.60363195864,11,2018_bird_072_11_trip
2018-05-22T20:16:04Z,141.69529,40.81925,bird_072,K18F48,12,2018,33267.77162176109,11,2018_bird_072_11_trip
2018-05-22T20:17:04Z,141.69529,40.81804,bird_072,K18F48,12,2018,33141.96491042745,11,2018_bird_072_11_trip
2018-05-22T20:18:03Z,141.69632,40.81567999999999,bird_072,K18F48,12,2018,32927.69917403952,11,2018_bird_072_11_trip
2018-05-22T20:19:04Z,141.69603,40.81567,bird_072,K18F48,12,2018,32917.93712456521,11,2018_bird_072_11_trip
2018-05-22T20:20:04Z,141.69684999999998,40.81517,bird_072,K18F48,12,2018,32890.81129201676,11,2018_bird_072_11_trip
2018-05-22T20:21:03Z,141.69696,40.81471,bird_072,K18F48,12,2018,32846.466775052,11,2018_bird_072_11_trip
2018-05-22T20:22:07Z,141.69759,40.813889999999994,bird_072,K18F48,12,2018,32780.70028294647,11,2018_bird_072_11_trip
2018-05-22T20:23:04Z,141.69645,40.81577,bird_072,K18F48,12,2018,32940.95067200243,11,2018_bird_072_11_trip
2018-05-22T20:24:04Z,141.69607,40.815839999999994,bird_072,K18F48,12,2018,32936.77947543235,11,2018_bird_072_11_trip
2018-05-22T20:25:03Z,141.69584,40.81643,bird_072,K18F48,12,2018,32991.117541019485,11,2018_bird_072_11_trip
2018-05-22T20:26:03Z,141.69605,40.81631,bird_072,K18F48,12,2018,32984.95568421315,11,2018_bird_072_11_trip
2018-05-22T20:27:03Z,141.69628,40.817029999999995,bird_072,K18F48,12,2018,33066.58783673525,11,2018_bird_072_11_trip
2018-05-22T20:28:04Z,141.69624000000002,40.81765999999999,bird_072,K18F48,12,2018,33130.79749392449,11,2018_bird_072_11_trip
2018-05-22T20:29:03Z,141.69754999999998,40.81943,bird_072,K18F48,12,2018,33353.78792287699,11,2018_bird_072_11_trip
2018-05-22T20:30:03Z,141.69771,40.81943999999999,bird_072,K18F48,12,2018,33359.6263699957,11,2018_bird_072_11_trip
2018-05-22T20:31:03Z,141.70009,40.81981999999999,bird_072,K18F48,12,2018,33470.95386133193,11,2018_bird_072_11_trip
2018-05-22T20:32:04Z,141.70065999999997,40.81936,bird_072,K18F48,12,2018,33440.71158556248,11,2018_bird_072_11_trip
2018-05-22T20:33:03Z,141.69960999999998,40.81983999999999,bird_072,K18F48,12,2018,33458.44319786237,11,2018_bird_072_11_trip
2018-05-22T20:34:03Z,141.7001,40.81957,bird_072,K18F48,12,2018,33445.36568669047,11,2018_bird_072_11_trip
2018-05-22T20:35:04Z,141.70023,40.81898,bird_072,K18F48,12,2018,33388.23900489134,11,2018_bird_072_11_trip
2018-05-22T20:36:03Z,141.7024,40.81426999999999,bird_072,K18F48,12,2018,32968.872023959426,11,2018_bird_072_11_trip
2018-05-22T20:37:04Z,141.70714,40.81027,bird_072,K18F48,12,2018,32709.78577862367,11,2018_bird_072_11_trip
2018-05-22T20:38:04Z,141.71370999999996,40.80867,bird_072,K18F48,12,2018,32765.83238435404,11,2018_bird_072_11_trip
2018-05-22T20:39:03Z,141.71421999999998,40.80799,bird_072,K18F48,12,2018,32714.18703286768,11,2018_bird_072_11_trip
2018-05-22T20:40:05Z,141.71392999999998,40.80793,bird_072,K18F48,12,2018,32698.177914013864,11,2018_bird_072_11_trip
2018-05-22T20:41:04Z,141.71442,40.807649999999995,bird_072,K18F48,12,2018,32686.53408891303,11,2018_bird_072_11_trip
2018-05-22T20:42:03Z,141.71387999999996,40.80785999999999,bird_072,K18F48,12,2018,32689.361766431022,11,2018_bird_072_11_trip
2018-05-22T20:43:03Z,141.71387999999996,40.807489999999994,bird_072,K18F48,12,2018,32651.79831741777,11,2018_bird_072_11_trip
2018-05-22T20:44:04Z,141.71374999999995,40.8073,bird_072,K18F48,12,2018,32628.063329296612,11,2018_bird_072_11_trip
2018-05-22T20:45:03Z,141.71411999999998,40.80692,bird_072,K18F48,12,2018,32602.178305272755,11,2018_bird_072_11_trip
2018-05-22T20:46:03Z,141.71368999999996,40.80713,bird_072,K18F48,12,2018,32608.753531524108,11,2018_bird_072_11_trip
2018-05-22T20:47:06Z,141.71445999999997,40.80663,bird_072,K18F48,12,2018,32584.45014087839,11,2018_bird_072_11_trip
2018-05-22T20:48:03Z,141.71399999999997,40.80693,bird_072,K18F48,12,2018,32599.075942628297,11,2018_bird_072_11_trip
2018-05-22T20:49:03Z,141.71345999999997,40.80705999999999,bird_072,K18F48,12,2018,32593.781021610732,11,2018_bird_072_11_trip
2018-05-22T20:50:04Z,141.71498999999997,40.807739999999995,bird_072,K18F48,12,2018,32715.23892926137,11,2018_bird_072_11_trip
2018-05-22T20:51:03Z,141.71693,40.80329,bird_072,K18F48,12,2018,32332.60029955057,11,2018_bird_072_11_trip
2018-05-22T20:52:04Z,141.71394999999995,40.79816000000001,bird_072,K18F48,12,2018,31709.94859139932,11,2018_bird_072_11_trip
2018-05-22T20:53:03Z,141.71277999999998,40.79283000000001,bird_072,K18F48,12,2018,31131.315566010835,11,2018_bird_072_11_trip
2018-05-22T20:54:03Z,141.71007999999998,40.788140000000006,bird_072,K18F48,12,2018,30562.97928142132,11,2018_bird_072_11_trip
2018-05-22T20:55:04Z,141.70985999999996,40.782990000000005,bird_072,K18F48,12,2018,30037.660257205265,11,2018_bird_072_11_trip
2018-05-22T20:56:04Z,141.70895,40.77763,bird_072,K18F48,12,2018,29467.711770627833,11,2018_bird_072_11_trip
2018-05-22T20:57:04Z,141.70990999999998,40.77194,bird_072,K18F48,12,2018,28936.149337810908,11,2018_bird_072_11_trip
2018-05-22T20:58:04Z,141.7089,40.76722,bird_072,K18F48,12,2018,28429.405108019197,11,2018_bird_072_11_trip
2018-05-22T20:59:03Z,141.70851,40.76138,bird_072,K18F48,12,2018,27836.928548587926,11,2018_bird_072_11_trip
2018-05-22T21:00:32Z,141.70851,40.75357,bird_072,K18F48,12,2018,27069.445572129494,11,2018_bird_072_11_trip
2018-05-22T21:01:02Z,141.70798,40.75112,bird_072,K18F48,12,2018,26808.640164925477,11,2018_bird_072_11_trip
2018-05-22T21:02:03Z,141.70779,40.745920000000005,bird_072,K18F48,12,2018,26294.217167560364,11,2018_bird_072_11_trip
2018-05-22T21:03:02Z,141.70847,40.74084,bird_072,K18F48,12,2018,25830.35023562612,11,2018_bird_072_11_trip
2018-05-22T21:04:03Z,141.70741,40.73550000000001,bird_072,K18F48,12,2018,25271.6494890649,11,2018_bird_072_11_trip
2018-05-22T21:05:03Z,141.70709,40.73049,bird_072,K18F48,12,2018,24778.2896235659,11,2018_bird_072_11_trip
2018-05-22T21:06:03Z,141.70717,40.72603000000001,bird_072,K18F48,12,2018,24357.422218756554,11,2018_bird_072_11_trip
2018-05-22T21:07:04Z,141.70686999999998,40.72361000000001,bird_072,K18F48,12,2018,24115.015680192788,11,2018_bird_072_11_trip
2018-05-22T21:08:02Z,141.70687999999998,40.72357000000001,bird_072,K18F48,12,2018,24111.67670616961,11,2018_bird_072_11_trip
2018-05-22T21:09:03Z,141.70705999999998,40.72350000000001,bird_072,K18F48,12,2018,24113.040724651033,11,2018_bird_072_11_trip
2018-05-22T21:10:04Z,141.7072,40.72342,bird_072,K18F48,12,2018,24111.695668647924,11,2018_bird_072_11_trip
2018-05-22T21:11:02Z,141.70729,40.72333000000001,bird_072,K18F48,12,2018,24107.192879416016,11,2018_bird_072_11_trip
2018-05-22T21:12:02Z,141.7074,40.72324,bird_072,K18F48,12,2018,24103.585415586444,11,2018_bird_072_11_trip
2018-05-22T21:13:02Z,141.70736,40.72321000000001,bird_072,K18F48,12,2018,24098.97383392137,11,2018_bird_072_11_trip
2018-05-22T21:14:02Z,141.70732,40.721340000000005,bird_072,K18F48,12,2018,23920.87910565989,11,2018_bird_072_11_trip
2018-05-22T21:15:03Z,141.70701,40.71592,bird_072,K18F48,12,2018,23398.571052854135,11,2018_bird_072_11_trip
2018-05-22T21:16:02Z,141.70558999999997,40.711,bird_072,K18F48,12,2018,22874.97492831507,11,2018_bird_072_11_trip
2018-05-22T21:17:03Z,141.70464999999996,40.705760000000005,bird_072,K18F48,12,2018,22346.15335420681,11,2018_bird_072_11_trip
2018-05-22T21:18:02Z,141.70438,40.700970000000005,bird_072,K18F48,12,2018,21893.59923637823,11,2018_bird_072_11_trip
2018-05-22T21:19:02Z,141.70371999999998,40.695890000000006,bird_072,K18F48,12,2018,21399.373166679154,11,2018_bird_072_11_trip
2018-05-22T21:20:02Z,141.70361999999997,40.69079000000001,bird_072,K18F48,12,2018,20934.97112898447,11,2018_bird_072_11_trip
2018-05-22T21:21:02Z,141.70434,40.686,bird_072,K18F48,12,2018,20545.026141962517,11,2018_bird_072_11_trip
2018-05-22T21:22:03Z,141.70404999999997,40.68107,bird_072,K18F48,12,2018,20096.737935621448,11,2018_bird_072_11_trip
2018-05-22T21:23:03Z,141.70301999999998,40.67582,bird_072,K18F48,12,2018,19586.508805801623,11,2018_bird_072_11_trip
2018-05-22T21:24:03Z,141.70233000000002,40.67087,bird_072,K18F48,12,2018,19124.83696421537,11,2018_bird_072_11_trip
2018-05-22T21:25:02Z,141.7013,40.666160000000005,bird_072,K18F48,12,2018,18669.52910480917,11,2018_bird_072_11_trip
2018-05-22T21:26:03Z,141.69885,40.66126,bird_072,K18F48,12,2018,18122.97420332514,11,2018_bird_072_11_trip
2018-05-22T21:27:03Z,141.69662,40.65637,bird_072,K18F48,12,2018,17591.971139712467,11,2018_bird_072_11_trip
2018-05-22T21:28:03Z,141.69409,40.65163999999999,bird_072,K18F48,12,2018,17059.632051051274,11,2018_bird_072_11_trip
2018-05-22T21:29:03Z,141.69081,40.647,bird_072,K18F48,12,2018,16493.391546181072,11,2018_bird_072_11_trip
2018-05-22T21:30:04Z,141.68882000000002,40.642010000000006,bird_072,K18F48,12,2018,15976.166216221694,11,2018_bird_072_11_trip
2018-05-22T21:31:02Z,141.68647,40.637330000000006,bird_072,K18F48,12,2018,15466.13336903524,11,2018_bird_072_11_trip
2018-05-22T21:32:03Z,141.68324,40.63255000000001,bird_072,K18F48,12,2018,14898.3683173663,11,2018_bird_072_11_trip
2018-05-22T21:33:03Z,141.67832,40.62810000000001,bird_072,K18F48,12,2018,14255.353686644545,11,2018_bird_072_11_trip
2018-05-22T21:34:03Z,141.67395999999997,40.62369,bird_072,K18F48,12,2018,13649.867646350414,11,2018_bird_072_11_trip
2018-05-22T21:35:02Z,141.6693,40.619310000000006,bird_072,K18F48,12,2018,13028.908987086845,11,2018_bird_072_11_trip
2018-05-22T21:36:03Z,141.66532,40.61492,bird_072,K18F48,12,2018,12449.806947366762,11,2018_bird_072_11_trip
2018-05-22T21:37:03Z,141.66094,40.610510000000005,bird_072,K18F48,12,2018,11845.473272232286,11,2018_bird_072_11_trip
2018-05-22T21:38:03Z,141.65651,40.60625,bird_072,K18F48,12,2018,11250.13488066727,11,2018_bird_072_11_trip
2018-05-22T21:39:03Z,141.65229000000002,40.60153,bird_072,K18F48,12,2018,10635.452871149895,11,2018_bird_072_11_trip
2018-05-22T21:40:03Z,141.64813,40.59666,bird_072,K18F48,12,2018,10016.345862778397,11,2018_bird_072_11_trip
2018-05-22T21:41:02Z,141.64389999999997,40.59203000000001,bird_072,K18F48,12,2018,9412.88927164645,11,2018_bird_072_11_trip
2018-05-22T21:42:02Z,141.63707,40.588750000000005,bird_072,K18F48,12,2018,8734.775302348124,11,2018_bird_072_11_trip
2018-05-22T21:43:03Z,141.62877,40.58644,bird_072,K18F48,12,2018,8033.6677317656895,11,2018_bird_072_11_trip
2018-05-22T21:44:03Z,141.62231000000003,40.5826,bird_072,K18F48,12,2018,7341.523523598396,11,2018_bird_072_11_trip
2018-05-22T21:45:02Z,141.61684999999997,40.57901,bird_072,K18F48,12,2018,6731.179980369917,11,2018_bird_072_11_trip
2018-05-22T21:46:03Z,141.61065999999997,40.57535000000001,bird_072,K18F48,12,2018,6069.733637251938,11,2018_bird_072_11_trip
2018-05-22T21:47:03Z,141.60412,40.57154,bird_072,K18F48,12,2018,5375.646142384588,11,2018_bird_072_11_trip
2018-05-22T21:48:03Z,141.59814000000003,40.5672,bird_072,K18F48,12,2018,4676.644664731194,11,2018_bird_072_11_trip
2018-05-22T21:49:03Z,141.59319,40.56211000000001,bird_072,K18F48,12,2018,3987.281901813202,11,2018_bird_072_11_trip
2018-05-22T21:50:03Z,141.58933000000002,40.55667,bird_072,K18F48,12,2018,3353.559729191119,11,2018_bird_072_11_trip
2018-05-22T21:51:03Z,141.5834,40.55197,bird_072,K18F48,12,2018,2641.521326698464,11,2018_bird_072_11_trip
2018-05-22T21:52:03Z,141.57698,40.547619999999995,bird_072,K18F48,12,2018,1922.5890480059863,11,2018_bird_072_11_trip
2018-05-22T21:53:03Z,141.56929,40.54478,bird_072,K18F48,12,2018,1204.2518989842677,11,2018_bird_072_11_trip
2018-05-23T20:33:04Z,141.56436,40.551199999999994,bird_072,K18F48,12,2018,1511.0828289659116,12,2018_bird_072_12_trip
2018-05-23T20:34:04Z,141.56613000000002,40.55659,bird_072,K18F48,12,2018,2123.6233079892704,12,2018_bird_072_12_trip
2018-05-23T20:35:03Z,141.56713000000002,40.5618,bird_072,K18F48,12,2018,2699.0213583107243,12,2018_bird_072_12_trip
2018-05-23T20:36:03Z,141.5672,40.56704,bird_072,K18F48,12,2018,3260.395428411685,12,2018_bird_072_12_trip
2018-05-23T20:37:03Z,141.56694000000002,40.57194,bird_072,K18F48,12,2018,3785.096912925558,12,2018_bird_072_12_trip
2018-05-23T20:38:02Z,141.56752,40.57535000000001,bird_072,K18F48,12,2018,4165.781027720047,12,2018_bird_072_12_trip
2018-05-23T20:39:03Z,141.56797,40.58101,bird_072,K18F48,12,2018,4789.9041547250135,12,2018_bird_072_12_trip
2018-05-23T20:40:03Z,141.56945,40.58607,bird_072,K18F48,12,2018,5365.282908512667,12,2018_bird_072_12_trip
2018-05-23T20:41:04Z,141.57233000000002,40.59142,bird_072,K18F48,12,2018,5995.876034463591,12,2018_bird_072_12_trip
2018-05-23T20:42:02Z,141.57356999999996,40.59651000000001,bird_072,K18F48,12,2018,6570.586775875408,12,2018_bird_072_12_trip
2018-05-23T20:43:02Z,141.57327999999998,40.59742,bird_072,K18F48,12,2018,6664.5713243100145,12,2018_bird_072_12_trip
2018-05-23T20:44:04Z,141.57548,40.6017,bird_072,K18F48,12,2018,7167.963230422157,12,2018_bird_072_12_trip
2018-05-23T20:45:03Z,141.57825,40.604510000000005,bird_072,K18F48,12,2018,7524.26763096952,12,2018_bird_072_12_trip
2018-05-23T20:46:04Z,141.58111000000002,40.60792,bird_072,K18F48,12,2018,7950.200536562145,12,2018_bird_072_12_trip
2018-05-23T20:47:03Z,141.58013000000005,40.6124,bird_072,K18F48,12,2018,8413.548949893351,12,2018_bird_072_12_trip
2018-05-23T20:48:03Z,141.57935999999998,40.61779,bird_072,K18F48,12,2018,8983.917778941373,12,2018_bird_072_12_trip
2018-05-23T20:49:03Z,141.58218000000002,40.62246,bird_072,K18F48,12,2018,9541.279351916226,12,2018_bird_072_12_trip
2018-05-23T20:50:02Z,141.58406,40.627790000000005,bird_072,K18F48,12,2018,10153.639004467344,12,2018_bird_072_12_trip
2018-05-23T20:51:02Z,141.58585,40.633030000000005,bird_072,K18F48,12,2018,10754.617026680857,12,2018_bird_072_12_trip
2018-05-23T20:52:04Z,141.58606,40.63798,bird_072,K18F48,12,2018,11294.959116636974,12,2018_bird_072_12_trip
2018-05-23T20:53:02Z,141.58627,40.64217000000001,bird_072,K18F48,12,2018,11753.600750969055,12,2018_bird_072_12_trip
2018-05-23T20:54:02Z,141.58576,40.64744,bird_072,K18F48,12,2018,12318.356295271164,12,2018_bird_072_12_trip
2018-05-23T20:55:02Z,141.58566,40.65276,bird_072,K18F48,12,2018,12896.890337060491,12,2018_bird_072_12_trip
2018-05-23T20:56:02Z,141.58658,40.65763,bird_072,K18F48,12,2018,13442.786051639065,12,2018_bird_072_12_trip
2018-05-23T20:57:03Z,141.5865,40.66171000000001,bird_072,K18F48,12,2018,13887.29251412684,12,2018_bird_072_12_trip
2018-05-23T20:58:03Z,141.58865,40.66665,bird_072,K18F48,12,2018,14459.560181629722,12,2018_bird_072_12_trip
2018-05-23T20:59:04Z,141.59092,40.67169,bird_072,K18F48,12,2018,15045.068864273248,12,2018_bird_072_12_trip
2018-05-23T21:00:31Z,141.59475999999998,40.678650000000005,bird_072,K18F48,12,2018,15866.102399655323,12,2018_bird_072_12_trip
2018-05-23T21:01:02Z,141.59627,40.681,bird_072,K18F48,12,2018,16147.371564435638,12,2018_bird_072_12_trip
2018-05-23T21:02:03Z,141.59801000000002,40.686130000000006,bird_072,K18F48,12,2018,16735.066034882548,12,2018_bird_072_12_trip
2018-05-23T21:03:02Z,141.59803000000002,40.69173000000001,bird_072,K18F48,12,2018,17344.585133687408,12,2018_bird_072_12_trip
2018-05-23T21:04:03Z,141.59742000000003,40.69746,bird_072,K18F48,12,2018,17959.045328311422,12,2018_bird_072_12_trip
2018-05-23T21:05:03Z,141.59539,40.70293000000001,bird_072,K18F48,12,2018,18525.60061422325,12,2018_bird_072_12_trip
2018-05-23T21:06:03Z,141.59346,40.70834000000001,bird_072,K18F48,12,2018,19090.984053151176,12,2018_bird_072_12_trip
2018-05-23T21:07:03Z,141.5918,40.71394,bird_072,K18F48,12,2018,19684.04555360733,12,2018_bird_072_12_trip
2018-05-23T21:08:03Z,141.59128,40.71976,bird_072,K18F48,12,2018,20317.315169383884,12,2018_bird_072_12_trip
2018-05-23T21:09:03Z,141.58753000000002,40.724990000000005,bird_072,K18F48,12,2018,20851.607850915803,12,2018_bird_072_12_trip
2018-05-23T21:10:03Z,141.58156,40.72888,bird_072,K18F48,12,2018,21226.283242601345,12,2018_bird_072_12_trip
2018-05-23T21:11:03Z,141.57461999999998,40.728060000000006,bird_072,K18F48,12,2018,21087.441783462164,12,2018_bird_072_12_trip
2018-05-23T21:12:03Z,141.57246,40.72245000000001,bird_072,K18F48,12,2018,20453.918264499487,12,2018_bird_072_12_trip
2018-05-23T21:13:03Z,141.57107,40.71949,bird_072,K18F48,12,2018,20118.845319833097,12,2018_bird_072_12_trip
2018-05-23T21:14:03Z,141.56994,40.71705,bird_072,K18F48,12,2018,19843.070396838382,12,2018_bird_072_12_trip
2018-05-23T21:15:02Z,141.56804000000002,40.712410000000006,bird_072,K18F48,12,2018,19320.52542297657,12,2018_bird_072_12_trip
2018-05-23T21:16:02Z,141.56699,40.708740000000006,bird_072,K18F48,12,2018,18909.47442705656,12,2018_bird_072_12_trip
2018-05-23T21:17:02Z,141.56986999999998,40.71136,bird_072,K18F48,12,2018,19211.79012847831,12,2018_bird_072_12_trip
2018-05-23T21:18:03Z,141.57147,40.71651000000001,bird_072,K18F48,12,2018,19790.439791829736,12,2018_bird_072_12_trip
2018-05-23T21:19:03Z,141.57405999999995,40.71985,bird_072,K18F48,12,2018,20174.637197991586,12,2018_bird_072_12_trip
2018-05-23T21:20:03Z,141.57467999999997,40.72371000000001,bird_072,K18F48,12,2018,20605.89227159179,12,2018_bird_072_12_trip
2018-05-23T21:21:03Z,141.57276,40.726200000000006,bird_072,K18F48,12,2018,20871.120913868275,12,2018_bird_072_12_trip
2018-05-23T21:22:03Z,141.57447,40.730360000000005,bird_072,K18F48,12,2018,21341.411099669214,12,2018_bird_072_12_trip
2018-05-23T21:23:03Z,141.57464,40.734930000000006,bird_072,K18F48,12,2018,21848.735342283137,12,2018_bird_072_12_trip
2018-05-23T21:24:03Z,141.57666999999998,40.73949,bird_072,K18F48,12,2018,22365.76454711352,12,2018_bird_072_12_trip
2018-05-23T21:25:03Z,141.58100000000002,40.74333000000001,bird_072,K18F48,12,2018,22819.94478381164,12,2018_bird_072_12_trip
2018-05-23T21:26:03Z,141.58369,40.74738,bird_072,K18F48,12,2018,23288.483308061677,12,2018_bird_072_12_trip
2018-05-23T21:27:02Z,141.58688,40.75153,bird_072,K18F48,12,2018,23773.887010645747,12,2018_bird_072_12_trip
2018-05-23T21:28:03Z,141.5907,40.75584,bird_072,K18F48,12,2018,24285.069272930188,12,2018_bird_072_12_trip
2018-05-23T21:29:03Z,141.59456999999998,40.76008,bird_072,K18F48,12,2018,24791.97904437845,12,2018_bird_072_12_trip
2018-05-23T21:30:03Z,141.59839000000002,40.764570000000006,bird_072,K18F48,12,2018,25328.6507026987,12,2018_bird_072_12_trip
2018-05-23T21:31:03Z,141.60208,40.769450000000006,bird_072,K18F48,12,2018,25909.075927773018,12,2018_bird_072_12_trip
2018-05-23T21:32:03Z,141.60665999999998,40.77394,bird_072,K18F48,12,2018,26460.445539132874,12,2018_bird_072_12_trip
2018-05-23T21:33:03Z,141.61186999999998,40.777530000000006,bird_072,K18F48,12,2018,26925.824825090647,12,2018_bird_072_12_trip
2018-05-23T21:34:03Z,141.61650999999998,40.78145,bird_072,K18F48,12,2018,27423.403878085577,12,2018_bird_072_12_trip
2018-05-23T21:35:03Z,141.62317,40.78328,bird_072,K18F48,12,2018,27730.354802048583,12,2018_bird_072_12_trip
2018-05-23T21:36:03Z,141.63074,40.78436,bird_072,K18F48,12,2018,27982.356611120456,12,2018_bird_072_12_trip
2018-05-23T21:37:03Z,141.63876,40.78327,bird_072,K18F48,12,2018,28022.669704305103,12,2018_bird_072_12_trip
2018-05-23T21:38:03Z,141.64006999999998,40.77884,bird_072,K18F48,12,2018,27573.832618522913,12,2018_bird_072_12_trip
2018-05-23T21:39:03Z,141.63804000000002,40.77597000000001,bird_072,K18F48,12,2018,27222.23381173887,12,2018_bird_072_12_trip
2018-05-23T21:40:02Z,141.63778,40.77530000000001,bird_072,K18F48,12,2018,27144.70514896369,12,2018_bird_072_12_trip
2018-05-23T21:41:02Z,141.63449,40.770950000000006,bird_072,K18F48,12,2018,26607.9199139561,12,2018_bird_072_12_trip
2018-05-23T21:42:03Z,141.63294000000002,40.76928,bird_072,K18F48,12,2018,26396.200921096904,12,2018_bird_072_12_trip
2018-05-23T21:43:03Z,141.63217,40.76787,bird_072,K18F48,12,2018,26228.560429474157,12,2018_bird_072_12_trip
2018-05-23T21:44:03Z,141.63216,40.76785,bird_072,K18F48,12,2018,26226.201473103487,12,2018_bird_072_12_trip
2018-05-23T21:45:03Z,141.6322,40.767790000000005,bird_072,K18F48,12,2018,26220.54846942068,12,2018_bird_072_12_trip
2018-05-23T21:46:02Z,141.63223000000002,40.76782,bird_072,K18F48,12,2018,26224.39227892727,12,2018_bird_072_12_trip
2018-05-23T21:47:03Z,141.63222000000002,40.76783,bird_072,K18F48,12,2018,26225.26649167056,12,2018_bird_072_12_trip
2018-05-23T21:48:02Z,141.6322,40.767770000000006,bird_072,K18F48,12,2018,26218.392963495255,12,2018_bird_072_12_trip
2018-05-23T21:49:02Z,141.63211,40.76771000000001,bird_072,K18F48,12,2018,26210.095477903647,12,2018_bird_072_12_trip
2018-05-23T21:50:02Z,141.63203,40.76785,bird_072,K18F48,12,2018,26223.56017878413,12,2018_bird_072_12_trip
2018-05-23T21:51:02Z,141.63195,40.7678,bird_072,K18F48,12,2018,26216.54705207556,12,2018_bird_072_12_trip
2018-05-23T21:52:03Z,141.63197,40.76773000000001,bird_072,K18F48,12,2018,26209.4072025808,12,2018_bird_072_12_trip
2018-05-23T21:53:02Z,141.63148,40.7676,bird_072,K18F48,12,2018,26185.475049576125,12,2018_bird_072_12_trip
2018-05-23T21:54:02Z,141.63124000000002,40.76769,bird_072,K18F48,12,2018,26190.345863636,12,2018_bird_072_12_trip
2018-05-23T21:55:03Z,141.63137,40.76747,bird_072,K18F48,12,2018,26169.237823605792,12,2018_bird_072_12_trip
2018-05-23T21:56:02Z,141.63138,40.76745,bird_072,K18F48,12,2018,26167.282759811907,12,2018_bird_072_12_trip
2018-05-23T21:57:03Z,141.63119,40.76764,bird_072,K18F48,12,2018,26183.9478094484,12,2018_bird_072_12_trip
2018-05-23T21:58:03Z,141.63109,40.767590000000006,bird_072,K18F48,12,2018,26176.545697398964,12,2018_bird_072_12_trip
2018-05-23T21:59:03Z,141.63026,40.766380000000005,bird_072,K18F48,12,2018,26029.38980897203,12,2018_bird_072_12_trip
2018-05-23T22:00:03Z,141.63027,40.76646,bird_072,K18F48,12,2018,26038.22147360568,12,2018_bird_072_12_trip
2018-05-23T22:01:02Z,141.63023,40.7664,bird_072,K18F48,12,2018,26030.94898032087,12,2018_bird_072_12_trip
2018-05-23T22:02:03Z,141.63026,40.766450000000006,bird_072,K18F48,12,2018,26036.942846795107,12,2018_bird_072_12_trip
2018-05-23T22:03:03Z,141.63011,40.766560000000005,bird_072,K18F48,12,2018,26045.8223632205,12,2018_bird_072_12_trip
2018-05-23T22:04:03Z,141.62972,40.76529000000001,bird_072,K18F48,12,2018,25901.002075802942,12,2018_bird_072_12_trip
2018-05-23T22:05:03Z,141.62772,40.76375000000001,bird_072,K18F48,12,2018,25695.277860242422,12,2018_bird_072_12_trip
2018-05-23T22:06:04Z,141.62657,40.762640000000005,bird_072,K18F48,12,2018,25552.98996544525,12,2018_bird_072_12_trip
2018-05-23T22:07:04Z,141.62261,40.75752,bird_072,K18F48,12,2018,24923.794086145343,12,2018_bird_072_12_trip
2018-05-23T22:08:04Z,141.61828,40.75252,bird_072,K18F48,12,2018,24302.60806183208,12,2018_bird_072_12_trip
2018-05-23T22:09:04Z,141.61394,40.747510000000005,bird_072,K18F48,12,2018,23682.5411489078,12,2018_bird_072_12_trip
2018-05-23T22:10:03Z,141.61067999999997,40.74448,bird_072,K18F48,12,2018,23298.356642934497,12,2018_bird_072_12_trip
2018-05-23T22:11:03Z,141.61039,40.74446,bird_072,K18F48,12,2018,23291.46217594177,12,2018_bird_072_12_trip
2018-05-23T22:12:05Z,141.61035999999999,40.74462,bird_072,K18F48,12,2018,23308.413673730563,12,2018_bird_072_12_trip
2018-05-23T22:13:03Z,141.61018,40.7447,bird_072,K18F48,12,2018,23314.223477901352,12,2018_bird_072_12_trip
2018-05-23T22:14:04Z,141.61007999999998,40.74469,bird_072,K18F48,12,2018,23311.521223887314,12,2018_bird_072_12_trip
2018-05-23T22:15:05Z,141.60977999999997,40.74477,bird_072,K18F48,12,2018,23315.42504338984,12,2018_bird_072_12_trip
2018-05-23T22:16:04Z,141.60972999999998,40.74476,bird_072,K18F48,12,2018,23313.53439581643,12,2018_bird_072_12_trip
2018-05-23T22:17:04Z,141.60944999999998,40.744879999999995,bird_072,K18F48,12,2018,23322.153660535125,12,2018_bird_072_12_trip
2018-05-23T22:18:05Z,141.60931,40.744879999999995,bird_072,K18F48,12,2018,23319.929616724537,12,2018_bird_072_12_trip
2018-05-23T22:19:03Z,141.60903,40.74498,bird_072,K18F48,12,2018,23326.408321920688,12,2018_bird_072_12_trip
2018-05-23T22:20:03Z,141.60894000000002,40.74493,bird_072,K18F48,12,2018,23319.534724188572,12,2018_bird_072_12_trip
2018-05-23T22:21:03Z,141.60877,40.74494,bird_072,K18F48,12,2018,23317.952290376496,12,2018_bird_072_12_trip
2018-05-23T22:22:03Z,141.60879,40.74492,bird_072,K18F48,12,2018,23316.084136811573,12,2018_bird_072_12_trip
2018-05-23T22:23:02Z,141.60843000000003,40.74496,bird_072,K18F48,12,2018,23314.813869733043,12,2018_bird_072_12_trip
2018-05-23T22:24:03Z,141.60834000000003,40.745050000000006,bird_072,K18F48,12,2018,23323.234325553178,12,2018_bird_072_12_trip
2018-05-23T22:25:03Z,141.60825,40.745070000000005,bird_072,K18F48,12,2018,23324.01770765987,12,2018_bird_072_12_trip
2018-05-23T22:26:03Z,141.60803,40.74521000000001,bird_072,K18F48,12,2018,23335.89061336135,12,2018_bird_072_12_trip
2018-05-23T22:27:04Z,141.60784,40.74531000000001,bird_072,K18F48,12,2018,23343.876888114846,12,2018_bird_072_12_trip
2018-05-23T22:28:07Z,141.60779,40.74517000000001,bird_072,K18F48,12,2018,23327.82072379068,12,2018_bird_072_12_trip
2018-05-23T22:29:03Z,141.60769,40.74522,bird_072,K18F48,12,2018,23331.74266964675,12,2018_bird_072_12_trip
2018-05-23T22:30:03Z,141.60749,40.74557000000001,bird_072,K18F48,12,2018,23366.90157340869,12,2018_bird_072_12_trip
2018-05-23T22:31:04Z,141.6074,40.74526,bird_072,K18F48,12,2018,23331.669359995696,12,2018_bird_072_12_trip
2018-05-23T22:32:03Z,141.60732000000002,40.74537000000001,bird_072,K18F48,12,2018,23342.46336529028,12,2018_bird_072_12_trip
2018-05-23T22:33:03Z,141.60714000000002,40.74539000000001,bird_072,K18F48,12,2018,23341.909777141653,12,2018_bird_072_12_trip
2018-05-23T22:34:03Z,141.60701,40.745520000000006,bird_072,K18F48,12,2018,23354.140692215064,12,2018_bird_072_12_trip
2018-05-23T22:35:03Z,141.60676999999998,40.74564,bird_072,K18F48,12,2018,23363.62855930967,12,2018_bird_072_12_trip
2018-05-23T22:36:03Z,141.60671,40.74564,bird_072,K18F48,12,2018,23362.725639107222,12,2018_bird_072_12_trip
2018-05-23T22:37:03Z,141.60665999999998,40.74562,bird_072,K18F48,12,2018,23359.788471991,12,2018_bird_072_12_trip
2018-05-23T22:38:05Z,141.60631,40.74587,bird_072,K18F48,12,2018,23381.8734104536,12,2018_bird_072_12_trip
2018-05-23T22:39:04Z,141.60619,40.745830000000005,bird_072,K18F48,12,2018,23375.714383005074,12,2018_bird_072_12_trip
2018-05-23T22:40:03Z,141.60602,40.74595000000001,bird_072,K18F48,12,2018,23386.309581754413,12,2018_bird_072_12_trip
2018-05-23T22:41:03Z,141.60587999999998,40.746030000000005,bird_072,K18F48,12,2018,23392.985639792936,12,2018_bird_072_12_trip
2018-05-23T22:42:04Z,141.6051,40.74553000000001,bird_072,K18F48,12,2018,23326.864020359117,12,2018_bird_072_12_trip
2018-05-23T22:43:03Z,141.60564,40.74618,bird_072,K18F48,12,2018,23405.853702050794,12,2018_bird_072_12_trip
2018-05-23T22:44:03Z,141.60546,40.74618,bird_072,K18F48,12,2018,23403.2152342901,12,2018_bird_072_12_trip
2018-05-23T22:45:05Z,141.60529,40.746390000000005,bird_072,K18F48,12,2018,23423.702637073893,12,2018_bird_072_12_trip
2018-05-23T22:46:05Z,141.60524,40.746339999999996,bird_072,K18F48,12,2018,23417.505281145055,12,2018_bird_072_12_trip
2018-05-23T22:47:03Z,141.60513,40.74651000000001,bird_072,K18F48,12,2018,23434.5033591852,12,2018_bird_072_12_trip
2018-05-23T22:48:04Z,141.60499,40.74658,bird_072,K18F48,12,2018,23440.13324358863,12,2018_bird_072_12_trip
2018-05-23T22:49:03Z,141.60485999999997,40.74662,bird_072,K18F48,12,2018,23442.632006180684,12,2018_bird_072_12_trip
2018-05-23T22:50:03Z,141.60463,40.74673000000001,bird_072,K18F48,12,2018,23451.360139945435,12,2018_bird_072_12_trip
2018-05-23T22:51:03Z,141.60448,40.74687,bird_072,K18F48,12,2018,23464.53368500026,12,2018_bird_072_12_trip
2018-05-23T22:52:02Z,141.60431,40.746970000000005,bird_072,K18F48,12,2018,23473.05384665548,12,2018_bird_072_12_trip
2018-05-23T22:53:03Z,141.60419,40.74709,bird_072,K18F48,12,2018,23484.48375115923,12,2018_bird_072_12_trip
2018-05-23T22:54:03Z,141.60393,40.74732,bird_072,K18F48,12,2018,23505.985739771775,12,2018_bird_072_12_trip
2018-05-23T22:55:03Z,141.60372999999998,40.74735,bird_072,K18F48,12,2018,23506.456458735913,12,2018_bird_072_12_trip
2018-05-23T22:56:04Z,141.60367999999997,40.74736,bird_072,K18F48,12,2018,23506.84988137737,12,2018_bird_072_12_trip
2018-05-23T22:57:03Z,141.60352999999998,40.7476,bird_072,K18F48,12,2018,23531.033959742017,12,2018_bird_072_12_trip
2018-05-23T22:58:02Z,141.60257,40.74615000000001,bird_072,K18F48,12,2018,23358.88419666137,12,2018_bird_072_12_trip
2018-05-23T22:59:04Z,141.59764,40.74311000000001,bird_072,K18F48,12,2018,22960.674133318713,12,2018_bird_072_12_trip
2018-05-23T23:00:04Z,141.59374,40.739450000000005,bird_072,K18F48,12,2018,22511.60701845816,12,2018_bird_072_12_trip
2018-05-23T23:01:03Z,141.58963,40.73592000000001,bird_072,K18F48,12,2018,22077.95358659031,12,2018_bird_072_12_trip
2018-05-23T23:02:03Z,141.58597,40.73236000000001,bird_072,K18F48,12,2018,21649.166832332976,12,2018_bird_072_12_trip
2018-05-23T23:03:04Z,141.58267,40.72855000000001,bird_072,K18F48,12,2018,21198.99319230853,12,2018_bird_072_12_trip
2018-05-23T23:04:04Z,141.58072,40.72408,bird_072,K18F48,12,2018,20688.91607798461,12,2018_bird_072_12_trip
2018-05-23T23:05:03Z,141.57903,40.719730000000006,bird_072,K18F48,12,2018,20194.73902846176,12,2018_bird_072_12_trip
2018-05-23T23:06:03Z,141.57765999999998,40.71536,bird_072,K18F48,12,2018,19701.147604069036,12,2018_bird_072_12_trip
2018-05-23T23:07:02Z,141.57621,40.71119,bird_072,K18F48,12,2018,19229.410052281622,12,2018_bird_072_12_trip
2018-05-23T23:08:03Z,141.57466999999997,40.70687,bird_072,K18F48,12,2018,18740.84666190773,12,2018_bird_072_12_trip
2018-05-23T23:09:03Z,141.57334999999998,40.702650000000006,bird_072,K18F48,12,2018,18265.16836018355,12,2018_bird_072_12_trip
2018-05-23T23:10:03Z,141.57125,40.698260000000005,bird_072,K18F48,12,2018,17766.57058172825,12,2018_bird_072_12_trip
2018-05-23T23:11:04Z,141.56917,40.69377000000001,bird_072,K18F48,12,2018,17258.175483038256,12,2018_bird_072_12_trip
2018-05-23T23:12:02Z,141.56588,40.69024,bird_072,K18F48,12,2018,16852.95836946681,12,2018_bird_072_12_trip
2018-05-23T23:13:03Z,141.56249000000005,40.68639,bird_072,K18F48,12,2018,16416.072813020648,12,2018_bird_072_12_trip
2018-05-23T23:14:02Z,141.55962,40.68234,bird_072,K18F48,12,2018,15962.031739202384,12,2018_bird_072_12_trip
2018-05-23T23:15:02Z,141.55761999999999,40.67792,bird_072,K18F48,12,2018,15470.28820482398,12,2018_bird_072_12_trip
2018-05-23T23:16:31Z,141.55431000000002,40.67164,bird_072,K18F48,12,2018,14775.537962863498,12,2018_bird_072_12_trip
2018-05-23T23:17:02Z,141.55316,40.669410000000006,bird_072,K18F48,12,2018,14530.140023968894,12,2018_bird_072_12_trip
2018-05-23T23:18:02Z,141.55067,40.66498,bird_072,K18F48,12,2018,14045.596334917813,12,2018_bird_072_12_trip
2018-05-23T23:19:02Z,141.54876,40.66064,bird_072,K18F48,12,2018,13572.042598288876,12,2018_bird_072_12_trip
2018-05-23T23:20:03Z,141.54711,40.65612,bird_072,K18F48,12,2018,13079.6447438935,12,2018_bird_072_12_trip
2018-05-23T23:21:02Z,141.54623,40.65145,bird_072,K18F48,12,2018,12567.7893196531,12,2018_bird_072_12_trip
2018-05-23T23:22:02Z,141.54458999999997,40.6468,bird_072,K18F48,12,2018,12064.88753967494,12,2018_bird_072_12_trip
2018-05-23T23:23:03Z,141.54261,40.64178,bird_072,K18F48,12,2018,11527.126351734538,12,2018_bird_072_12_trip
2018-05-23T23:24:03Z,141.54159,40.63646,bird_072,K18F48,12,2018,10950.502246862608,12,2018_bird_072_12_trip
2018-05-23T23:25:03Z,141.54035,40.63144,bird_072,K18F48,12,2018,10411.77874752185,12,2018_bird_072_12_trip
2018-05-23T23:26:03Z,141.53938,40.626340000000006,bird_072,K18F48,12,2018,9863.881038647794,12,2018_bird_072_12_trip
2018-05-23T23:27:03Z,141.53758,40.62108,bird_072,K18F48,12,2018,9313.954946902932,12,2018_bird_072_12_trip
2018-05-23T23:28:03Z,141.53632000000002,40.61568,bird_072,K18F48,12,2018,8746.372733853872,12,2018_bird_072_12_trip
2018-05-23T23:29:02Z,141.53491,40.61039,bird_072,K18F48,12,2018,8199.606511744772,12,2018_bird_072_12_trip
2018-05-23T23:30:03Z,141.53336,40.60474,bird_072,K18F48,12,2018,7625.3915744940205,12,2018_bird_072_12_trip
2018-05-23T23:31:02Z,141.53230000000002,40.59945,bird_072,K18F48,12,2018,7088.055268620255,12,2018_bird_072_12_trip
2018-05-23T23:32:03Z,141.53189,40.59412,bird_072,K18F48,12,2018,6537.8336607183655,12,2018_bird_072_12_trip
2018-05-23T23:33:03Z,141.5319,40.58914,bird_072,K18F48,12,2018,6018.939765877064,12,2018_bird_072_12_trip
2018-05-23T23:34:03Z,141.53097,40.58381,bird_072,K18F48,12,2018,5503.159320190152,12,2018_bird_072_12_trip
2018-05-23T23:35:03Z,141.53024000000002,40.57853000000001,bird_072,K18F48,12,2018,5002.538008068549,12,2018_bird_072_12_trip
2018-05-23T23:36:02Z,141.52997,40.57325,bird_072,K18F48,12,2018,4503.039219457993,12,2018_bird_072_12_trip
2018-05-23T23:37:03Z,141.53032000000002,40.56789,bird_072,K18F48,12,2018,3989.31479177411,12,2018_bird_072_12_trip
2018-05-23T23:38:03Z,141.53332,40.56345,bird_072,K18F48,12,2018,3441.16060696032,12,2018_bird_072_12_trip
2018-05-23T23:39:03Z,141.53504999999998,40.55879,bird_072,K18F48,12,2018,2945.0108295493947,12,2018_bird_072_12_trip
2018-05-23T23:40:03Z,141.53615,40.55548,bird_072,K18F48,12,2018,2610.2468934545195,12,2018_bird_072_12_trip
2018-05-23T23:41:04Z,141.5361,40.55539,bird_072,K18F48,12,2018,2606.0414351531094,12,2018_bird_072_12_trip
2018-05-23T23:42:04Z,141.53614000000002,40.55549,bird_072,K18F48,12,2018,2611.633681175949,12,2018_bird_072_12_trip
2018-05-23T23:43:04Z,141.53617,40.55544,bird_072,K18F48,12,2018,2605.8799243101585,12,2018_bird_072_12_trip
2018-05-23T23:44:03Z,141.53621,40.55555,bird_072,K18F48,12,2018,2612.3034303352892,12,2018_bird_072_12_trip
2018-05-23T23:45:04Z,141.5361,40.555510000000005,bird_072,K18F48,12,2018,2615.5868254092443,12,2018_bird_072_12_trip
2018-05-23T23:46:03Z,141.53612,40.55548,bird_072,K18F48,12,2018,2612.0167589482794,12,2018_bird_072_12_trip
2018-05-23T23:47:03Z,141.53618,40.55541,bird_072,K18F48,12,2018,2602.900859210749,12,2018_bird_072_12_trip
2018-05-23T23:48:04Z,141.53622,40.55552,bird_072,K18F48,12,2018,2609.317203754716,12,2018_bird_072_12_trip
2018-05-23T23:49:04Z,141.53624000000002,40.55539,bird_072,K18F48,12,2018,2597.7662720985354,12,2018_bird_072_12_trip
2018-05-23T23:50:04Z,141.5363,40.555330000000005,bird_072,K18F48,12,2018,2589.4463300640773,12,2018_bird_072_12_trip
2018-05-23T23:51:04Z,141.5362,40.55529,bird_072,K18F48,12,2018,2592.1806016796986,12,2018_bird_072_12_trip
2018-05-23T23:52:03Z,141.53623000000002,40.55529,bird_072,K18F48,12,2018,2590.403826433875,12,2018_bird_072_12_trip
2018-05-23T23:53:04Z,141.53714000000002,40.55425999999999,bird_072,K18F48,12,2018,2454.8602543263933,12,2018_bird_072_12_trip
2018-05-23T23:54:03Z,141.54188,40.55091,bird_072,K18F48,12,2018,1908.0720787021312,12,2018_bird_072_12_trip
2018-05-23T23:55:05Z,141.54734000000002,40.54714,bird_072,K18F48,12,2018,1286.0468381029484,12,2018_bird_072_12_trip
2018-05-29T19:46:03Z,141.56117,40.548750000000005,bird_072,K18F48,12,2018,1166.2427748531009,17,2018_bird_072_17_trip
2018-05-29T19:47:03Z,141.5631,40.55461,bird_072,K18F48,12,2018,1837.1337643478737,17,2018_bird_072_17_trip
2018-05-29T19:48:02Z,141.56498,40.56027,bird_072,K18F48,12,2018,2485.4900699258997,17,2018_bird_072_17_trip
2018-05-29T19:49:03Z,141.5659,40.56277000000001,bird_072,K18F48,12,2018,2773.7814383128125,17,2018_bird_072_17_trip
2018-05-29T19:50:02Z,141.56689,40.567910000000005,bird_072,K18F48,12,2018,3347.772938912299,17,2018_bird_072_17_trip
2018-05-29T19:51:02Z,141.56574999999998,40.57372,bird_072,K18F48,12,2018,3959.8070103486166,17,2018_bird_072_17_trip
2018-05-29T19:52:02Z,141.56422,40.57961,bird_072,K18F48,12,2018,4587.640364710245,17,2018_bird_072_17_trip
2018-05-29T19:53:02Z,141.56147,40.58554,bird_072,K18F48,12,2018,5222.063852946048,17,2018_bird_072_17_trip
2018-05-29T19:54:02Z,141.56134000000003,40.59161,bird_072,K18F48,12,2018,5894.335513935175,17,2018_bird_072_17_trip
2018-05-29T19:55:03Z,141.56192,40.597150000000006,bird_072,K18F48,12,2018,6511.299422096023,17,2018_bird_072_17_trip
2018-05-29T19:56:04Z,141.56210000000002,40.602920000000005,bird_072,K18F48,12,2018,7151.910316558709,17,2018_bird_072_17_trip
2018-05-29T19:57:02Z,141.5608,40.60721,bird_072,K18F48,12,2018,7622.962343637581,17,2018_bird_072_17_trip
2018-05-29T19:58:02Z,141.56181,40.61304,bird_072,K18F48,12,2018,8273.226674036217,17,2018_bird_072_17_trip
2018-05-29T19:59:03Z,141.56246000000002,40.61884,bird_072,K18F48,12,2018,8919.109535993719,17,2018_bird_072_17_trip
2018-05-29T20:00:04Z,141.56332,40.624500000000005,bird_072,K18F48,12,2018,9550.42133596215,17,2018_bird_072_17_trip
2018-05-29T20:01:02Z,141.56422,40.6298,bird_072,K18F48,12,2018,10142.178676031486,17,2018_bird_072_17_trip
2018-05-29T20:02:02Z,141.56494999999998,40.63511000000001,bird_072,K18F48,12,2018,10734.388853007256,17,2018_bird_072_17_trip
2018-05-29T20:03:04Z,141.56623000000002,40.64104,bird_072,K18F48,12,2018,11398.282561963357,17,2018_bird_072_17_trip
2018-05-29T20:04:03Z,141.56609,40.646550000000005,bird_072,K18F48,12,2018,12008.241798781277,17,2018_bird_072_17_trip
2018-05-29T20:05:02Z,141.5669,40.6525,bird_072,K18F48,12,2018,12671.9217738219,17,2018_bird_072_17_trip
2018-05-29T20:06:02Z,141.56784000000002,40.65797,bird_072,K18F48,12,2018,13283.18228299118,17,2018_bird_072_17_trip
2018-05-29T20:07:03Z,141.57037,40.66311000000001,bird_072,K18F48,12,2018,13867.838858582716,17,2018_bird_072_17_trip
2018-05-29T20:08:04Z,141.57289,40.668380000000006,bird_072,K18F48,12,2018,14468.859495914556,17,2018_bird_072_17_trip
2018-05-29T20:09:03Z,141.57544,40.673370000000006,bird_072,K18F48,12,2018,15040.970355690624,17,2018_bird_072_17_trip
2018-05-29T20:10:02Z,141.57692,40.67866,bird_072,K18F48,12,2018,15638.14905028759,17,2018_bird_072_17_trip
2018-05-29T20:11:02Z,141.5779,40.68452,bird_072,K18F48,12,2018,16293.992147217525,17,2018_bird_072_17_trip
2018-05-29T20:12:02Z,141.57873,40.69004,bird_072,K18F48,12,2018,16910.958458388643,17,2018_bird_072_17_trip
2018-05-29T20:13:02Z,141.57917999999998,40.69574000000001,bird_072,K18F48,12,2018,17544.426535550076,17,2018_bird_072_17_trip
2018-05-29T20:14:02Z,141.57746,40.7009,bird_072,K18F48,12,2018,18100.32430006453,17,2018_bird_072_17_trip
2018-05-29T20:15:02Z,141.57664,40.70684,bird_072,K18F48,12,2018,18751.108084400897,17,2018_bird_072_17_trip
2018-05-29T20:16:02Z,141.57339,40.711859999999994,bird_072,K18F48,12,2018,19285.56988639295,17,2018_bird_072_17_trip
2018-05-29T20:17:02Z,141.57324,40.717529999999996,bird_072,K18F48,12,2018,19912.89904345906,17,2018_bird_072_17_trip
2018-05-29T20:18:02Z,141.57224000000002,40.72278000000001,bird_072,K18F48,12,2018,20489.36163640564,17,2018_bird_072_17_trip
2018-05-29T20:19:02Z,141.5716,40.72765,bird_072,K18F48,12,2018,21026.08373684056,17,2018_bird_072_17_trip
2018-05-29T20:20:02Z,141.57009,40.73257000000001,bird_072,K18F48,12,2018,21564.96108483353,17,2018_bird_072_17_trip
2018-05-29T20:21:03Z,141.56881,40.73732,bird_072,K18F48,12,2018,22086.91036229283,17,2018_bird_072_17_trip
2018-05-29T20:22:04Z,141.56826,40.743,bird_072,K18F48,12,2018,22715.207264471184,17,2018_bird_072_17_trip
2018-05-29T20:23:03Z,141.56747,40.748430000000006,bird_072,K18F48,12,2018,23315.25145731969,17,2018_bird_072_17_trip
2018-05-29T20:24:02Z,141.56749000000002,40.753910000000005,bird_072,K18F48,12,2018,23923.47830787083,17,2018_bird_072_17_trip
2018-05-29T20:25:03Z,141.56595,40.75908,bird_072,K18F48,12,2018,24493.15857980116,17,2018_bird_072_17_trip
2018-05-29T20:26:02Z,141.5653,40.76424,bird_072,K18F48,12,2018,25064.451520257982,17,2018_bird_072_17_trip
2018-05-29T20:27:03Z,141.56578,40.76982,bird_072,K18F48,12,2018,25684.96346787912,17,2018_bird_072_17_trip
2018-05-29T20:28:03Z,141.56758,40.77436,bird_072,K18F48,12,2018,26193.409948541404,17,2018_bird_072_17_trip
2018-05-29T20:29:03Z,141.56953,40.77879000000001,bird_072,K18F48,12,2018,26690.83105325284,17,2018_bird_072_17_trip
2018-05-29T20:30:03Z,141.57129,40.78372,bird_072,K18F48,12,2018,27243.838538768417,17,2018_bird_072_17_trip
2018-05-29T20:31:03Z,141.57442,40.78773,bird_072,K18F48,12,2018,27701.076926547343,17,2018_bird_072_17_trip
2018-05-29T20:32:02Z,141.57632,40.792640000000006,bird_072,K18F48,12,2018,28254.168069516705,17,2018_bird_072_17_trip
2018-05-29T20:33:02Z,141.57784999999998,40.79800000000001,bird_072,K18F48,12,2018,28855.863315935603,17,2018_bird_072_17_trip
2018-05-29T20:34:03Z,141.58142000000004,40.80179,bird_072,K18F48,12,2018,29295.21036967036,17,2018_bird_072_17_trip
2018-05-29T20:35:04Z,141.58258,40.80676,bird_072,K18F48,12,2018,29852.62073477755,17,2018_bird_072_17_trip
2018-05-29T20:36:02Z,141.58242000000004,40.81232,bird_072,K18F48,12,2018,30467.603808902262,17,2018_bird_072_17_trip
2018-05-29T20:37:02Z,141.58396,40.817429999999995,bird_072,K18F48,12,2018,31042.81691589249,17,2018_bird_072_17_trip
2018-05-29T20:38:02Z,141.58551,40.82262,bird_072,K18F48,12,2018,31627.20754349184,17,2018_bird_072_17_trip
2018-05-29T20:39:02Z,141.5876,40.82769,bird_072,K18F48,12,2018,32202.11720753568,17,2018_bird_072_17_trip
2018-05-29T20:40:04Z,141.58954,40.82943,bird_072,K18F48,12,2018,32407.996102408077,17,2018_bird_072_17_trip
2018-05-29T20:41:03Z,141.58959,40.828790000000005,bird_072,K18F48,12,2018,32337.525554621825,17,2018_bird_072_17_trip
2018-05-29T20:42:04Z,141.58942000000002,40.829170000000005,bird_072,K18F48,12,2018,32378.379577281088,17,2018_bird_072_17_trip
2018-05-29T20:43:03Z,141.5894,40.82884,bird_072,K18F48,12,2018,32341.719672702344,17,2018_bird_072_17_trip
2018-05-29T20:44:03Z,141.58956999999998,40.828390000000006,bird_072,K18F48,12,2018,32293.120251122265,17,2018_bird_072_17_trip
2018-05-29T20:45:03Z,141.58945,40.828140000000005,bird_072,K18F48,12,2018,32264.60744275444,17,2018_bird_072_17_trip
2018-05-29T20:46:04Z,141.58962,40.82777,bird_072,K18F48,12,2018,32224.866691448333,17,2018_bird_072_17_trip
2018-05-29T20:47:02Z,141.58996,40.8274,bird_072,K18F48,12,2018,32186.353907500128,17,2018_bird_072_17_trip
2018-05-29T20:48:02Z,141.58875,40.82924,bird_072,K18F48,12,2018,32381.471497286293,17,2018_bird_072_17_trip
2018-05-29T20:49:03Z,141.58874000000003,40.8292,bird_072,K18F48,12,2018,32376.975511800163,17,2018_bird_072_17_trip
2018-05-29T20:50:02Z,141.58897000000002,40.82906,bird_072,K18F48,12,2018,32363.067387971332,17,2018_bird_072_17_trip
2018-05-29T20:51:04Z,141.58851,40.82914,bird_072,K18F48,12,2018,32368.759420429644,17,2018_bird_072_17_trip
2018-05-29T20:52:03Z,141.58857,40.83192,bird_072,K18F48,12,2018,32676.883903709855,17,2018_bird_072_17_trip
2018-05-29T20:53:03Z,141.5892,40.83246,bird_072,K18F48,12,2018,32740.95961788743,17,2018_bird_072_17_trip
2018-05-29T20:54:03Z,141.58907,40.83279,bird_072,K18F48,12,2018,32776.59011393814,17,2018_bird_072_17_trip
2018-05-29T20:55:03Z,141.58923,40.83264,bird_072,K18F48,12,2018,32761.0887159368,17,2018_bird_072_17_trip
2018-05-29T20:56:03Z,141.58919,40.83276,bird_072,K18F48,12,2018,32774.09451656353,17,2018_bird_072_17_trip
2018-05-29T20:57:03Z,141.58942000000002,40.83727999999999,bird_072,K18F48,12,2018,33275.95874617437,17,2018_bird_072_17_trip
2018-05-29T20:58:04Z,141.59210000000002,40.84282,bird_072,K18F48,12,2018,33907.92425069737,17,2018_bird_072_17_trip
2018-05-29T20:59:03Z,141.59481,40.84679,bird_072,K18F48,12,2018,34367.380244835265,17,2018_bird_072_17_trip
2018-05-29T21:00:04Z,141.59814000000003,40.851589999999995,bird_072,K18F48,12,2018,34924.70017265359,17,2018_bird_072_17_trip
2018-05-29T21:01:03Z,141.60268,40.85549,bird_072,K18F48,12,2018,35394.970307579715,17,2018_bird_072_17_trip
2018-05-29T21:02:03Z,141.60734000000002,40.85927999999999,bird_072,K18F48,12,2018,35857.46098021574,17,2018_bird_072_17_trip
2018-05-29T21:03:03Z,141.61069999999998,40.86433,bird_072,K18F48,12,2018,36448.31410033684,17,2018_bird_072_17_trip
2018-05-29T21:04:03Z,141.61455999999995,40.86888,bird_072,K18F48,12,2018,36990.81997540389,17,2018_bird_072_17_trip
2018-05-29T21:05:04Z,141.61605999999998,40.87432,bird_072,K18F48,12,2018,37606.30163321362,17,2018_bird_072_17_trip
2018-05-29T21:06:03Z,141.61927999999995,40.8792,bird_072,K18F48,12,2018,38179.77233695958,17,2018_bird_072_17_trip
2018-05-29T21:07:03Z,141.6207,40.88466999999999,bird_072,K18F48,12,2018,38797.905341769445,17,2018_bird_072_17_trip
2018-05-29T21:08:03Z,141.62186,40.89045,bird_072,K18F48,12,2018,39447.133335000406,17,2018_bird_072_17_trip
2018-05-29T21:09:03Z,141.62407,40.89564,bird_072,K18F48,12,2018,40043.81797079295,17,2018_bird_072_17_trip
2018-05-29T21:10:03Z,141.62377999999998,40.90173,bird_072,K18F48,12,2018,40710.14276672011,17,2018_bird_072_17_trip
2018-05-29T21:11:04Z,141.62210000000002,40.90777,bird_072,K18F48,12,2018,41355.66827577481,17,2018_bird_072_17_trip
2018-05-29T21:12:04Z,141.61719,40.91244,bird_072,K18F48,12,2018,41817.8309795521,17,2018_bird_072_17_trip
2018-05-29T21:13:03Z,141.61487999999997,40.91651,bird_072,K18F48,12,2018,42243.74567664856,17,2018_bird_072_17_trip
2018-05-29T21:14:04Z,141.60818,40.92046,bird_072,K18F48,12,2018,42619.07075356251,17,2018_bird_072_17_trip
2018-05-29T21:15:04Z,141.6042,40.92501000000001,bird_072,K18F48,12,2018,43089.816385162434,17,2018_bird_072_17_trip
2018-05-29T21:16:03Z,141.60698,40.93008,bird_072,K18F48,12,2018,43672.3169365985,17,2018_bird_072_17_trip
2018-05-29T21:17:03Z,141.60721,40.935950000000005,bird_072,K18F48,12,2018,44323.0747965177,17,2018_bird_072_17_trip
2018-05-29T21:18:04Z,141.60977999999997,40.94002,bird_072,K18F48,12,2018,44793.879693484385,17,2018_bird_072_17_trip
2018-05-29T21:19:04Z,141.61233,40.943479999999994,bird_072,K18F48,12,2018,45197.78174100473,17,2018_bird_072_17_trip
2018-05-29T21:20:03Z,141.61114,40.94773,bird_072,K18F48,12,2018,45657.22870691531,17,2018_bird_072_17_trip
2018-05-29T21:21:03Z,141.61086999999998,40.95282,bird_072,K18F48,12,2018,46217.50099126258,17,2018_bird_072_17_trip
2018-05-29T21:22:04Z,141.60979999999998,40.958659999999995,bird_072,K18F48,12,2018,46854.406398152445,17,2018_bird_072_17_trip
2018-05-29T21:23:06Z,141.60894000000002,40.96437,bird_072,K18F48,12,2018,47479.04040490105,17,2018_bird_072_17_trip
2018-05-29T21:24:03Z,141.60916999999998,40.96779,bird_072,K18F48,12,2018,47859.021698540266,17,2018_bird_072_17_trip
2018-05-29T21:25:15Z,141.60078,40.97083,bird_072,K18F48,12,2018,48136.38059432771,17,2018_bird_072_17_trip
2018-05-29T21:26:29Z,141.59179,40.973679999999995,bird_072,K18F48,12,2018,48400.76740823928,17,2018_bird_072_17_trip
2018-05-29T21:27:31Z,141.58485,40.97802,bird_072,K18F48,12,2018,48850.778811510536,17,2018_bird_072_17_trip
2018-05-29T21:28:02Z,141.58158,40.97996,bird_072,K18F48,12,2018,49053.81111039563,17,2018_bird_072_17_trip
2018-05-29T21:29:03Z,141.57878,40.98497,bird_072,K18F48,12,2018,49600.63191498005,17,2018_bird_072_17_trip
2018-05-29T21:30:03Z,141.57305999999997,40.98322,bird_072,K18F48,12,2018,49391.29394396311,17,2018_bird_072_17_trip
2018-05-29T21:31:03Z,141.5667,40.97902,bird_072,K18F48,12,2018,48913.653956803864,17,2018_bird_072_17_trip
2018-05-29T21:32:02Z,141.56241000000003,40.97431,bird_072,K18F48,12,2018,48386.26288727496,17,2018_bird_072_17_trip
2018-05-29T21:33:02Z,141.55875,40.96945,bird_072,K18F48,12,2018,47844.93894433626,17,2018_bird_072_17_trip
2018-05-29T21:34:03Z,141.56328,40.97121,bird_072,K18F48,12,2018,48042.6866037882,17,2018_bird_072_17_trip
2018-05-29T21:35:02Z,141.56631000000002,40.97561,bird_072,K18F48,12,2018,48534.498945848245,17,2018_bird_072_17_trip
2018-05-29T21:36:02Z,141.56342,40.981649999999995,bird_072,K18F48,12,2018,49202.14450815052,17,2018_bird_072_17_trip
2018-05-29T21:37:02Z,141.57043000000002,40.9847,bird_072,K18F48,12,2018,49550.24439572896,17,2018_bird_072_17_trip
2018-05-29T21:38:02Z,141.57718,40.98694,bird_072,K18F48,12,2018,49814.59919640362,17,2018_bird_072_17_trip
2018-05-29T21:39:02Z,141.57287,40.99313000000001,bird_072,K18F48,12,2018,50491.045374210546,17,2018_bird_072_17_trip
2018-05-29T21:40:02Z,141.56851,40.99795,bird_072,K18F48,12,2018,51018.179448578805,17,2018_bird_072_17_trip
2018-05-29T21:41:03Z,141.56413,40.9999,bird_072,K18F48,12,2018,51229.38714402328,17,2018_bird_072_17_trip
2018-05-29T21:42:03Z,141.55646000000002,41.0032,bird_072,K18F48,12,2018,51592.991645695416,17,2018_bird_072_17_trip
2018-05-29T21:43:03Z,141.55206,41.00861,bird_072,K18F48,12,2018,52195.80140744171,17,2018_bird_072_17_trip
2018-05-29T21:44:03Z,141.54754,41.01491,bird_072,K18F48,12,2018,52900.16605607406,17,2018_bird_072_17_trip
2018-05-29T21:45:02Z,141.54461999999998,41.02129,bird_072,K18F48,12,2018,53613.07364804762,17,2018_bird_072_17_trip
2018-05-29T21:46:02Z,141.54834000000002,41.02778,bird_072,K18F48,12,2018,54328.24060396002,17,2018_bird_072_17_trip
2018-05-29T21:47:02Z,141.55244000000005,41.0328,bird_072,K18F48,12,2018,54881.8376472085,17,2018_bird_072_17_trip
2018-05-29T21:48:02Z,141.54519,41.03773,bird_072,K18F48,12,2018,55437.50756398605,17,2018_bird_072_17_trip
2018-05-29T21:49:02Z,141.53899,41.04283,bird_072,K18F48,12,2018,56016.01790320337,17,2018_bird_072_17_trip
2018-05-29T21:50:03Z,141.53445,41.049510000000005,bird_072,K18F48,12,2018,56769.470359873376,17,2018_bird_072_17_trip
2018-05-29T21:51:03Z,141.53588,41.05235,bird_072,K18F48,12,2018,57080.675473564006,17,2018_bird_072_17_trip
2018-05-29T21:52:02Z,141.54101,41.05632,bird_072,K18F48,12,2018,57509.166439005145,17,2018_bird_072_17_trip
2018-05-29T21:53:02Z,141.5442,41.05838,bird_072,K18F48,12,2018,57731.97008259976,17,2018_bird_072_17_trip
2018-05-29T21:54:02Z,141.54684999999998,41.06129,bird_072,K18F48,12,2018,58051.15186999644,17,2018_bird_072_17_trip
2018-05-29T21:55:03Z,141.55040000000002,41.06208,bird_072,K18F48,12,2018,58134.97053723541,17,2018_bird_072_17_trip
2018-05-29T21:56:02Z,141.54484,41.0642,bird_072,K18F48,12,2018,58377.165693340074,17,2018_bird_072_17_trip
2018-05-29T21:57:02Z,141.54363999999998,41.069770000000005,bird_072,K18F48,12,2018,58997.573553915754,17,2018_bird_072_17_trip
2018-05-29T21:58:03Z,141.54123,41.07383,bird_072,K18F48,12,2018,59452.74606484018,17,2018_bird_072_17_trip
2018-05-29T21:59:03Z,141.54407999999998,41.0772,bird_072,K18F48,12,2018,59821.83137599677,17,2018_bird_072_17_trip
2018-05-29T22:00:04Z,141.53503,41.07758,bird_072,K18F48,12,2018,59883.44693929616,17,2018_bird_072_17_trip
2018-05-29T22:01:03Z,141.52956999999998,41.073310000000006,bird_072,K18F48,12,2018,59426.03950610141,17,2018_bird_072_17_trip
2018-05-29T22:02:03Z,141.52892000000003,41.07107,bird_072,K18F48,12,2018,59179.69301570299,17,2018_bird_072_17_trip
2018-05-29T22:03:03Z,141.52896,41.06618,bird_072,K18F48,12,2018,58636.9559446728,17,2018_bird_072_17_trip
2018-05-29T22:04:03Z,141.52949,41.06136,bird_072,K18F48,12,2018,58100.28949868532,17,2018_bird_072_17_trip
2018-05-29T22:05:03Z,141.52964,41.05753,bird_072,K18F48,12,2018,57674.78948180831,17,2018_bird_072_17_trip
2018-05-29T22:06:04Z,141.53449,41.05495,bird_072,K18F48,12,2018,57373.13729919185,17,2018_bird_072_17_trip
2018-05-29T22:07:04Z,141.53159,41.05125,bird_072,K18F48,12,2018,56971.38124243734,17,2018_bird_072_17_trip
2018-05-29T22:08:04Z,141.52571,41.04755,bird_072,K18F48,12,2018,56582.22321829934,17,2018_bird_072_17_trip
2018-05-29T22:09:04Z,141.52333000000002,41.04233000000001,bird_072,K18F48,12,2018,56013.1997276024,17,2018_bird_072_17_trip
2018-05-29T22:10:03Z,141.52294000000003,41.036750000000005,bird_072,K18F48,12,2018,55396.08589316063,17,2018_bird_072_17_trip
2018-05-29T22:11:03Z,141.52361,41.033100000000005,bird_072,K18F48,12,2018,54988.33102184683,17,2018_bird_072_17_trip
2018-05-29T22:12:03Z,141.52269,41.02870000000001,bird_072,K18F48,12,2018,54504.51140406584,17,2018_bird_072_17_trip
2018-05-29T22:13:03Z,141.52138000000002,41.02469,bird_072,K18F48,12,2018,54065.98573493296,17,2018_bird_072_17_trip
2018-05-29T22:14:03Z,141.51776999999998,41.020570000000006,bird_072,K18F48,12,2018,53627.43010443825,17,2018_bird_072_17_trip
2018-05-29T22:15:03Z,141.51494,41.01561,bird_072,K18F48,12,2018,53093.374258212854,17,2018_bird_072_17_trip
2018-05-29T22:16:03Z,141.51188,41.010459999999995,bird_072,K18F48,12,2018,52541.132858643075,17,2018_bird_072_17_trip
2018-05-29T22:17:03Z,141.51092,41.00562,bird_072,K18F48,12,2018,52011.187619129414,17,2018_bird_072_17_trip
2018-05-29T22:18:03Z,141.51228,41.00223,bird_072,K18F48,12,2018,51627.17560811013,17,2018_bird_072_17_trip
2018-05-29T22:19:03Z,141.50985999999995,40.99727,bird_072,K18F48,12,2018,51093.60329378784,17,2018_bird_072_17_trip
2018-05-29T22:20:03Z,141.50877,40.99194,bird_072,K18F48,12,2018,50510.994930071654,17,2018_bird_072_17_trip
2018-05-29T22:21:03Z,141.50411,40.98853,bird_072,K18F48,12,2018,50167.476423277345,17,2018_bird_072_17_trip
2018-05-29T22:22:03Z,141.49954999999997,40.98461999999999,bird_072,K18F48,12,2018,49771.49205006575,17,2018_bird_072_17_trip
2018-05-29T22:23:03Z,141.49425,40.98061,bird_072,K18F48,12,2018,49374.84750943941,17,2018_bird_072_17_trip
2018-05-29T22:24:03Z,141.49109,40.97644,bird_072,K18F48,12,2018,48944.42662197852,17,2018_bird_072_17_trip
2018-05-29T22:25:04Z,141.48989,40.97147,bird_072,K18F48,12,2018,48408.06825505802,17,2018_bird_072_17_trip
2018-05-29T22:26:03Z,141.48989,40.9667,bird_072,K18F48,12,2018,47882.11790830971,17,2018_bird_072_17_trip
2018-05-29T22:27:04Z,141.48632000000003,40.96199,bird_072,K18F48,12,2018,47400.212283890185,17,2018_bird_072_17_trip
2018-05-29T22:28:03Z,141.48394000000002,40.95822,bird_072,K18F48,12,2018,47011.16061385421,17,2018_bird_072_17_trip
2018-05-29T22:29:03Z,141.47946,40.95403,bird_072,K18F48,12,2018,46602.08370873859,17,2018_bird_072_17_trip
2018-05-29T22:30:02Z,141.47453,40.95033,bird_072,K18F48,12,2018,46256.71538354373,17,2018_bird_072_17_trip
2018-05-29T22:31:03Z,141.46846000000002,40.94718,bird_072,K18F48,12,2018,45992.1435169264,17,2018_bird_072_17_trip
2018-05-29T22:32:02Z,141.4646,40.9431,bird_072,K18F48,12,2018,45600.290016636056,17,2018_bird_072_17_trip
2018-05-29T22:33:02Z,141.46285,40.93827,bird_072,K18F48,12,2018,45098.066087348,17,2018_bird_072_17_trip
2018-05-29T22:34:02Z,141.46176,40.93318,bird_072,K18F48,12,2018,44558.585042986306,17,2018_bird_072_17_trip
2018-05-29T22:35:03Z,141.46096,40.92806,bird_072,K18F48,12,2018,44012.12298698789,17,2018_bird_072_17_trip
2018-05-29T22:36:03Z,141.45867,40.92336,bird_072,K18F48,12,2018,43536.11726449627,17,2018_bird_072_17_trip
2018-05-29T22:37:02Z,141.45673000000002,40.91834,bird_072,K18F48,12,2018,43021.36014050214,17,2018_bird_072_17_trip
2018-05-29T22:38:02Z,141.45608,40.91284,bird_072,K18F48,12,2018,42433.98336181768,17,2018_bird_072_17_trip
2018-05-29T22:39:03Z,141.45482,40.9074,bird_072,K18F48,12,2018,41864.52996510112,17,2018_bird_072_17_trip
2018-05-29T22:40:03Z,141.45394000000002,40.90147999999999,bird_072,K18F48,12,2018,41237.43452223439,17,2018_bird_072_17_trip
2018-05-29T22:41:03Z,141.45353,40.895700000000005,bird_072,K18F48,12,2018,40617.99548458034,17,2018_bird_072_17_trip
2018-05-29T22:42:02Z,141.45333000000002,40.8901,bird_072,K18F48,12,2018,40014.879187181265,17,2018_bird_072_17_trip
2018-05-29T22:43:02Z,141.45308,40.88428999999999,bird_072,K18F48,12,2018,39390.5771937336,17,2018_bird_072_17_trip
2018-05-29T22:44:02Z,141.45313000000002,40.87828,bird_072,K18F48,12,2018,38739.56770921613,17,2018_bird_072_17_trip
2018-05-29T22:45:03Z,141.45278000000002,40.87193,bird_072,K18F48,12,2018,38060.2567700094,17,2018_bird_072_17_trip
2018-05-29T22:46:03Z,141.45243000000005,40.86574,bird_072,K18F48,12,2018,37399.18564357232,17,2018_bird_072_17_trip
2018-05-29T22:47:03Z,141.45263000000003,40.859959999999994,bird_072,K18F48,12,2018,36772.02845515883,17,2018_bird_072_17_trip
2018-05-29T22:48:03Z,141.45188000000002,40.854119999999995,bird_072,K18F48,12,2018,36158.6956382073,17,2018_bird_072_17_trip
2018-05-29T22:49:04Z,141.44970999999998,40.84777999999999,bird_072,K18F48,12,2018,35523.64650314594,17,2018_bird_072_17_trip
2018-05-29T22:50:02Z,141.44876,40.84201,bird_072,K18F48,12,2018,34925.91471278083,17,2018_bird_072_17_trip
2018-05-29T22:51:03Z,141.4486,40.83595,bird_072,K18F48,12,2018,34280.918966238656,17,2018_bird_072_17_trip
2018-05-29T22:52:03Z,141.44994999999997,40.82981,bird_072,K18F48,12,2018,33593.680303701854,17,2018_bird_072_17_trip
2018-05-29T22:53:03Z,141.4515,40.823710000000005,bird_072,K18F48,12,2018,32906.267720010306,17,2018_bird_072_17_trip
2018-05-29T22:54:03Z,141.45354999999998,40.81795,bird_072,K18F48,12,2018,32243.703815390443,17,2018_bird_072_17_trip
2018-05-29T22:55:03Z,141.45636000000002,40.81245,bird_072,K18F48,12,2018,31591.440123734326,17,2018_bird_072_17_trip
2018-05-29T22:56:02Z,141.45880000000002,40.80634,bird_072,K18F48,12,2018,30882.5162040407,17,2018_bird_072_17_trip
2018-05-29T22:57:02Z,141.46133000000003,40.80085,bird_072,K18F48,12,2018,30237.83416160255,17,2018_bird_072_17_trip
2018-05-29T22:58:02Z,141.46294000000003,40.794900000000005,bird_072,K18F48,12,2018,29564.965999937765,17,2018_bird_072_17_trip
2018-05-29T22:59:02Z,141.46546,40.78988,bird_072,K18F48,12,2018,28970.75459089038,17,2018_bird_072_17_trip
2018-05-29T23:00:03Z,141.46778,40.78449,bird_072,K18F48,12,2018,28341.583886909026,17,2018_bird_072_17_trip
2018-05-29T23:01:02Z,141.46974999999998,40.779500000000006,bird_072,K18F48,12,2018,27763.14728176017,17,2018_bird_072_17_trip
2018-05-29T23:02:02Z,141.47102,40.773520000000005,bird_072,K18F48,12,2018,27094.73967373114,17,2018_bird_072_17_trip
2018-05-29T23:03:03Z,141.4728,40.76743,bird_072,K18F48,12,2018,26403.046661089465,17,2018_bird_072_17_trip
2018-05-29T23:04:03Z,141.47504,40.761700000000005,bird_072,K18F48,12,2018,25739.281359709657,17,2018_bird_072_17_trip
2018-05-29T23:05:03Z,141.47587,40.75506,bird_072,K18F48,12,2018,25010.969896193717,17,2018_bird_072_17_trip
2018-05-29T23:06:03Z,141.4769,40.748250000000006,bird_072,K18F48,12,2018,24260.52901165317,17,2018_bird_072_17_trip
2018-05-29T23:07:03Z,141.47697,40.74123,bird_072,K18F48,12,2018,23511.871002119493,17,2018_bird_072_17_trip
2018-05-29T23:08:04Z,141.47736,40.733830000000005,bird_072,K18F48,12,2018,22716.932093241037,17,2018_bird_072_17_trip
2018-05-29T23:09:02Z,141.47798,40.72692000000001,bird_072,K18F48,12,2018,21969.81069215279,17,2018_bird_072_17_trip
2018-05-29T23:10:03Z,141.4775,40.71928,bird_072,K18F48,12,2018,21176.945412288216,17,2018_bird_072_17_trip
2018-05-29T23:11:03Z,141.4766,40.711859999999994,bird_072,K18F48,12,2018,20423.556702823993,17,2018_bird_072_17_trip
2018-05-29T23:12:03Z,141.47606,40.704350000000005,bird_072,K18F48,12,2018,19656.06423584486,17,2018_bird_072_17_trip
2018-05-29T23:13:03Z,141.47588,40.696630000000006,bird_072,K18F48,12,2018,18861.451203494435,17,2018_bird_072_17_trip
2018-05-29T23:14:04Z,141.4773,40.688950000000006,bird_072,K18F48,12,2018,18025.203844527263,17,2018_bird_072_17_trip
2018-05-29T23:15:03Z,141.48054000000002,40.68229,bird_072,K18F48,12,2018,17236.970234223223,17,2018_bird_072_17_trip
2018-05-29T23:16:03Z,141.48212000000004,40.675070000000005,bird_072,K18F48,12,2018,16445.332274155826,17,2018_bird_072_17_trip
2018-05-29T23:17:03Z,141.48417,40.6678,bird_072,K18F48,12,2018,15634.911665908909,17,2018_bird_072_17_trip
2018-05-29T23:18:02Z,141.48615,40.66085,bird_072,K18F48,12,2018,14861.029977904484,17,2018_bird_072_17_trip
2018-05-29T23:19:03Z,141.48831000000004,40.65407,bird_072,K18F48,12,2018,14099.706216285122,17,2018_bird_072_17_trip
2018-05-29T23:20:03Z,141.49145,40.64732,bird_072,K18F48,12,2018,13307.809822409505,17,2018_bird_072_17_trip
2018-05-29T23:21:04Z,141.49476,40.64034,bird_072,K18F48,12,2018,12487.087580025724,17,2018_bird_072_17_trip
2018-05-29T23:22:03Z,141.49703000000002,40.63298,bird_072,K18F48,12,2018,11667.223544501883,17,2018_bird_072_17_trip
2018-05-29T23:23:02Z,141.50168,40.62704,bird_072,K18F48,12,2018,10901.98485146646,17,2018_bird_072_17_trip
2018-05-29T23:24:02Z,141.50583,40.62042,bird_072,K18F48,12,2018,10087.305849963835,17,2018_bird_072_17_trip
2018-05-29T23:25:02Z,141.51029,40.61372,bird_072,K18F48,12,2018,9253.221524771992,17,2018_bird_072_17_trip
2018-05-29T23:26:02Z,141.51482,40.60694,bird_072,K18F48,12,2018,8408.587583695913,17,2018_bird_072_17_trip
2018-05-29T23:27:03Z,141.52003000000002,40.60038,bird_072,K18F48,12,2018,7561.66673043676,17,2018_bird_072_17_trip
2018-05-29T23:28:05Z,141.52444000000003,40.593160000000005,bird_072,K18F48,12,2018,6677.273999502879,17,2018_bird_072_17_trip
2018-05-29T23:29:02Z,141.5286,40.58598,bird_072,K18F48,12,2018,5805.821515808856,17,2018_bird_072_17_trip
2018-05-29T23:30:03Z,141.53297,40.578570000000006,bird_072,K18F48,12,2018,4903.730528828051,17,2018_bird_072_17_trip
2018-05-29T23:31:03Z,141.53539,40.57185,bird_072,K18F48,12,2018,4143.353715196468,17,2018_bird_072_17_trip
2018-05-29T23:32:03Z,141.53532,40.56493,bird_072,K18F48,12,2018,3479.5287955853128,17,2018_bird_072_17_trip
2018-05-29T23:33:02Z,141.53537,40.55857,bird_072,K18F48,12,2018,2908.8408319322702,17,2018_bird_072_17_trip
2018-05-29T23:34:02Z,141.53728,40.55443,bird_072,K18F48,12,2018,2459.947890175189,17,2018_bird_072_17_trip
2018-05-29T23:35:03Z,141.53733000000005,40.554489999999994,bird_072,K18F48,12,2018,2461.7544677990677,17,2018_bird_072_17_trip
2018-05-29T23:36:03Z,141.53737,40.55441,bird_072,K18F48,12,2018,2453.0293410123863,17,2018_bird_072_17_trip
2018-05-29T23:37:03Z,141.53729,40.55447999999999,bird_072,K18F48,12,2018,2463.3247317253313,17,2018_bird_072_17_trip
2018-05-29T23:38:03Z,141.53731000000002,40.55445999999999,bird_072,K18F48,12,2018,2460.5522582068847,17,2018_bird_072_17_trip
2018-05-29T23:39:03Z,141.54044000000002,40.55209,bird_072,K18F48,12,2018,2087.044824444595,17,2018_bird_072_17_trip
2018-05-29T23:40:03Z,141.54608,40.548950000000005,bird_072,K18F48,12,2018,1507.38848445436,17,2018_bird_072_17_trip
2018-05-20T11:24:05Z,141.54394,40.54002,bird_095,K18F50,6,2018,1168.112314183311,5,2018_bird_095_5_trip
2018-05-20T11:25:04Z,141.54076999999998,40.5426,bird_095,K18F50,6,2018,1493.4139414003246,5,2018_bird_095_5_trip
2018-05-20T11:26:04Z,141.53844000000004,40.54547,bird_095,K18F50,6,2018,1793.420945333667,5,2018_bird_095_5_trip
2018-05-20T11:27:04Z,141.53401,40.54761,bird_095,K18F50,6,2018,2234.7867250730205,5,2018_bird_095_5_trip
2018-05-20T11:28:06Z,141.53285,40.550619999999995,bird_095,K18F50,6,2018,2485.283629347789,5,2018_bird_095_5_trip
2018-05-20T11:29:04Z,141.53281,40.55078,bird_095,K18F50,6,2018,2497.7124238864412,5,2018_bird_095_5_trip
2018-05-20T11:30:05Z,141.53263,40.550799999999995,bird_095,K18F50,6,2018,2511.7439945289916,5,2018_bird_095_5_trip
2018-05-20T11:31:06Z,141.53261,40.55096,bird_095,K18F50,6,2018,2522.7861512645777,5,2018_bird_095_5_trip
2018-05-20T11:32:05Z,141.53274000000002,40.55098,bird_095,K18F50,6,2018,2514.7638112892296,5,2018_bird_095_5_trip
2018-05-20T11:33:05Z,141.53234000000003,40.55071,bird_095,K18F50,6,2018,2527.1412200927243,5,2018_bird_095_5_trip
2018-05-20T11:34:05Z,141.53206,40.55172,bird_095,K18F50,6,2018,2608.1651665256704,5,2018_bird_095_5_trip
2018-05-20T11:35:04Z,141.53211000000002,40.55175,bird_095,K18F50,6,2018,2606.5159377068503,5,2018_bird_095_5_trip
2018-05-20T11:36:05Z,141.53242000000003,40.551869999999994,bird_095,K18F50,6,2018,2592.3468132864573,5,2018_bird_095_5_trip
2018-05-20T11:37:05Z,141.53291000000002,40.552,bird_095,K18F50,6,2018,2566.634350176151,5,2018_bird_095_5_trip
2018-05-20T11:38:05Z,141.53281,40.551939999999995,bird_095,K18F50,6,2018,2569.6987980393383,5,2018_bird_095_5_trip
2018-05-20T11:39:05Z,141.53314999999998,40.55197999999999,bird_095,K18F50,6,2018,2548.7980087465658,5,2018_bird_095_5_trip
2018-05-20T11:40:06Z,141.53339,40.55205,bird_095,K18F50,6,2018,2536.868410405035,5,2018_bird_095_5_trip
2018-05-20T11:41:05Z,141.53349,40.55204,bird_095,K18F50,6,2018,2529.3693423463983,5,2018_bird_095_5_trip
2018-05-20T11:42:05Z,141.53381,40.55208,bird_095,K18F50,6,2018,2510.1737694768817,5,2018_bird_095_5_trip
2018-05-20T11:43:05Z,141.53375999999997,40.55505,bird_095,K18F50,6,2018,2722.785649281271,5,2018_bird_095_5_trip
2018-05-20T11:44:05Z,141.5364,40.560100000000006,bird_095,K18F50,6,2018,2987.0434719599143,5,2018_bird_095_5_trip
2018-05-20T11:45:05Z,141.54001,40.56523000000001,bird_095,K18F50,6,2018,3310.7711879663466,5,2018_bird_095_5_trip
2018-05-20T11:46:05Z,141.54450999999997,40.57,bird_095,K18F50,6,2018,3658.2729889707753,5,2018_bird_095_5_trip
2018-05-20T11:47:05Z,141.55063,40.57424,bird_095,K18F50,6,2018,4000.799804289677,5,2018_bird_095_5_trip
2018-05-20T11:48:05Z,141.55725,40.57851000000001,bird_095,K18F50,6,2018,4431.2337553502675,5,2018_bird_095_5_trip
2018-05-20T11:49:05Z,141.56003,40.58228,bird_095,K18F50,6,2018,4854.12902797838,5,2018_bird_095_5_trip
2018-05-20T11:50:05Z,141.55999,40.58231000000001,bird_095,K18F50,6,2018,4857.315249435352,5,2018_bird_095_5_trip
2018-05-20T11:51:06Z,141.55885,40.58313,bird_095,K18F50,6,2018,4945.292133516757,5,2018_bird_095_5_trip
2018-05-20T11:52:05Z,141.55954999999997,40.58363,bird_095,K18F50,6,2018,5002.405556473164,5,2018_bird_095_5_trip
2018-05-20T11:53:06Z,141.56039,40.58378,bird_095,K18F50,6,2018,5021.893851396035,5,2018_bird_095_5_trip
2018-05-20T11:54:06Z,141.56076,40.58387999999999,bird_095,K18F50,6,2018,5034.5529849342765,5,2018_bird_095_5_trip
2018-05-20T11:55:06Z,141.56140000000002,40.58392,bird_095,K18F50,6,2018,5042.154931465523,5,2018_bird_095_5_trip
2018-05-20T11:56:05Z,141.56201,40.58398,bird_095,K18F50,6,2018,5052.357525207138,5,2018_bird_095_5_trip
2018-05-20T11:57:06Z,141.56223000000003,40.58396,bird_095,K18F50,6,2018,5051.5538187540915,5,2018_bird_095_5_trip
2018-05-20T11:58:06Z,141.56273000000002,40.58398,bird_095,K18F50,6,2018,5057.22759513907,5,2018_bird_095_5_trip
2018-05-20T11:59:07Z,141.56334,40.58392,bird_095,K18F50,6,2018,5055.292849146276,5,2018_bird_095_5_trip
2018-05-20T12:00:05Z,141.56378999999998,40.58393,bird_095,K18F50,6,2018,5060.202361245082,5,2018_bird_095_5_trip
2018-05-20T12:01:06Z,141.56413,40.58392,bird_095,K18F50,6,2018,5062.161181400032,5,2018_bird_095_5_trip
2018-05-20T12:02:05Z,141.56528,40.5857,bird_095,K18F50,6,2018,5269.811857248938,5,2018_bird_095_5_trip
2018-05-20T12:03:06Z,141.56652,40.58909,bird_095,K18F50,6,2018,5656.630156318717,5,2018_bird_095_5_trip
2018-05-20T12:04:05Z,141.56667,40.58906,bird_095,K18F50,6,2018,5655.039478126749,5,2018_bird_095_5_trip
2018-05-20T12:05:06Z,141.56674,40.58904,bird_095,K18F50,6,2018,5653.647445352045,5,2018_bird_095_5_trip
2018-05-20T12:06:06Z,141.5667,40.58905,bird_095,K18F50,6,2018,5654.284910043911,5,2018_bird_095_5_trip
2018-05-20T12:07:06Z,141.56687,40.58901,bird_095,K18F50,6,2018,5651.865642447963,5,2018_bird_095_5_trip
2018-05-20T12:08:06Z,141.56702,40.58899,bird_095,K18F50,6,2018,5651.444840334416,5,2018_bird_095_5_trip
2018-05-20T12:09:05Z,141.56686,40.58904,bird_095,K18F50,6,2018,5655.047282459403,5,2018_bird_095_5_trip
2018-05-20T12:10:06Z,141.56703000000002,40.58906,bird_095,K18F50,6,2018,5659.259727803954,5,2018_bird_095_5_trip
2018-05-20T12:11:05Z,141.56718,40.58907,bird_095,K18F50,6,2018,5662.164693311842,5,2018_bird_095_5_trip
2018-05-20T12:12:05Z,141.56718,40.58906,bird_095,K18F50,6,2018,5661.065695368552,5,2018_bird_095_5_trip
2018-05-20T12:13:05Z,141.56713000000002,40.58908,bird_095,K18F50,6,2018,5662.658838052553,5,2018_bird_095_5_trip
2018-05-20T12:14:05Z,141.56707,40.58914,bird_095,K18F50,6,2018,5668.532756333998,5,2018_bird_095_5_trip
2018-05-20T12:15:05Z,141.56713000000002,40.58915,bird_095,K18F50,6,2018,5670.3528012804545,5,2018_bird_095_5_trip
2018-05-20T12:16:05Z,141.56713000000002,40.58919,bird_095,K18F50,6,2018,5674.749448727264,5,2018_bird_095_5_trip
2018-05-20T12:17:05Z,141.56615,40.590970000000006,bird_095,K18F50,6,2018,5859.639925320954,5,2018_bird_095_5_trip
2018-05-20T12:18:06Z,141.5668,40.595020000000005,bird_095,K18F50,6,2018,6312.728829007485,5,2018_bird_095_5_trip
2018-05-20T12:19:05Z,141.56689,40.59503000000001,bird_095,K18F50,6,2018,6314.775463530497,5,2018_bird_095_5_trip
2018-05-20T12:20:05Z,141.56737,40.59488,bird_095,K18F50,6,2018,6303.453353981075,5,2018_bird_095_5_trip
2018-05-20T12:21:05Z,141.56707,40.595090000000006,bird_095,K18F50,6,2018,6323.300850914122,5,2018_bird_095_5_trip
2018-05-20T12:22:06Z,141.56723000000002,40.59508,bird_095,K18F50,6,2018,6323.931778914701,5,2018_bird_095_5_trip
2018-05-20T12:23:05Z,141.56707,40.59511000000001,bird_095,K18F50,6,2018,6325.503841904319,5,2018_bird_095_5_trip
2018-05-20T12:24:05Z,141.56728,40.59515000000001,bird_095,K18F50,6,2018,6332.186738556997,5,2018_bird_095_5_trip
2018-05-20T12:25:05Z,141.56758,40.59506,bird_095,K18F50,6,2018,6325.619926363566,5,2018_bird_095_5_trip
2018-05-20T12:26:05Z,141.56746,40.59514000000001,bird_095,K18F50,6,2018,6333.076668256727,5,2018_bird_095_5_trip
2018-05-20T12:27:06Z,141.56727,40.595180000000006,bird_095,K18F50,6,2018,6335.380617969878,5,2018_bird_095_5_trip
2018-05-20T12:28:05Z,141.56718,40.59530000000001,bird_095,K18F50,6,2018,6347.616310970228,5,2018_bird_095_5_trip
2018-05-20T12:29:07Z,141.56791,40.59508,bird_095,K18F50,6,2018,6331.612754528219,5,2018_bird_095_5_trip
2018-05-20T12:30:05Z,141.56815,40.59503000000001,bird_095,K18F50,6,2018,6328.94970947439,5,2018_bird_095_5_trip
2018-05-20T12:31:05Z,141.56843000000003,40.59498,bird_095,K18F50,6,2018,6326.845706843216,5,2018_bird_095_5_trip
2018-05-20T12:32:05Z,141.56787,40.59519000000001,bird_095,K18F50,6,2018,6343.24615747021,5,2018_bird_095_5_trip
2018-05-20T12:33:06Z,141.56854,40.59499,bird_095,K18F50,6,2018,6329.300835401623,5,2018_bird_095_5_trip
2018-05-20T12:34:33Z,141.56837000000002,40.59507000000001,bird_095,K18F50,6,2018,6336.00125683517,5,2018_bird_095_5_trip
2018-05-20T12:35:04Z,141.56831000000005,40.59505000000001,bird_095,K18F50,6,2018,6333.074039952551,5,2018_bird_095_5_trip
2018-05-20T12:36:05Z,141.56838000000002,40.59505000000001,bird_095,K18F50,6,2018,6333.92544024405,5,2018_bird_095_5_trip
2018-05-20T12:37:05Z,141.56857,40.59508,bird_095,K18F50,6,2018,6339.5591548085595,5,2018_bird_095_5_trip
2018-05-20T12:38:04Z,141.56863,40.59499,bird_095,K18F50,6,2018,6330.4205945923,5,2018_bird_095_5_trip
2018-05-20T12:39:05Z,141.56879,40.59485,bird_095,K18F50,6,2018,6317.062518418587,5,2018_bird_095_5_trip
2018-05-20T12:40:05Z,141.56886,40.59495,bird_095,K18F50,6,2018,6328.9318101471,5,2018_bird_095_5_trip
2018-05-20T12:41:05Z,141.56897,40.59488,bird_095,K18F50,6,2018,6322.658934339962,5,2018_bird_095_5_trip
2018-05-20T12:42:05Z,141.56915999999998,40.59485,bird_095,K18F50,6,2018,6321.837318365898,5,2018_bird_095_5_trip
2018-05-20T12:43:05Z,141.56917,40.59479,bird_095,K18F50,6,2018,6315.386320108566,5,2018_bird_095_5_trip
2018-05-20T12:44:05Z,141.56926,40.59474,bird_095,K18F50,6,2018,6311.088957060664,5,2018_bird_095_5_trip
2018-05-20T12:45:04Z,141.56939,40.59465,bird_095,K18F50,6,2018,6302.952157213117,5,2018_bird_095_5_trip
2018-05-20T12:46:05Z,141.56938,40.59468,bird_095,K18F50,6,2018,6306.107503982592,5,2018_bird_095_5_trip
2018-05-20T12:47:05Z,141.56948,40.59476,bird_095,K18F50,6,2018,6316.2224026839585,5,2018_bird_095_5_trip
2018-05-20T12:48:05Z,141.56962,40.59469,bird_095,K18F50,6,2018,6310.449596776606,5,2018_bird_095_5_trip
2018-05-20T12:49:05Z,141.56972,40.59467,bird_095,K18F50,6,2018,6309.629417406067,5,2018_bird_095_5_trip
2018-05-20T12:50:05Z,141.56965999999997,40.59476,bird_095,K18F50,6,2018,6318.667594762426,5,2018_bird_095_5_trip
2018-05-20T12:51:05Z,141.56986999999998,40.594750000000005,bird_095,K18F50,6,2018,6320.4702286190695,5,2018_bird_095_5_trip
2018-05-20T12:52:05Z,141.56996999999998,40.59478,bird_095,K18F50,6,2018,6325.1529142610725,5,2018_bird_095_5_trip
2018-05-20T12:53:05Z,141.57023,40.59469,bird_095,K18F50,6,2018,6318.9855950259525,5,2018_bird_095_5_trip
2018-05-20T12:54:05Z,141.57052,40.594730000000006,bird_095,K18F50,6,2018,6327.562523496492,5,2018_bird_095_5_trip
2018-05-20T12:55:05Z,141.57043000000002,40.5948,bird_095,K18F50,6,2018,6333.907262719998,5,2018_bird_095_5_trip
2018-05-20T12:56:05Z,141.57056999999998,40.594750000000005,bird_095,K18F50,6,2018,6330.483080481778,5,2018_bird_095_5_trip
2018-05-20T12:57:05Z,141.57059999999998,40.5948,bird_095,K18F50,6,2018,6336.392009986438,5,2018_bird_095_5_trip
2018-05-20T12:58:05Z,141.57084,40.59487,bird_095,K18F50,6,2018,6347.6046907779355,5,2018_bird_095_5_trip
2018-05-20T12:59:05Z,141.57087,40.59494,bird_095,K18F50,6,2018,6355.704386709272,5,2018_bird_095_5_trip
2018-05-20T13:00:05Z,141.5709,40.59498,bird_095,K18F50,6,2018,6360.525536351491,5,2018_bird_095_5_trip
2018-05-20T13:01:05Z,141.57112,40.594970000000004,bird_095,K18F50,6,2018,6362.757835738401,5,2018_bird_095_5_trip
2018-05-20T13:02:05Z,141.57114,40.59505000000001,bird_095,K18F50,6,2018,6371.801153777801,5,2018_bird_095_5_trip
2018-05-20T13:03:05Z,141.57134000000002,40.59507000000001,bird_095,K18F50,6,2018,6377.053627739409,5,2018_bird_095_5_trip
2018-05-20T13:04:05Z,141.57149,40.59512000000001,bird_095,K18F50,6,2018,6384.8401758358195,5,2018_bird_095_5_trip
2018-05-20T13:05:05Z,141.57155999999998,40.59507000000001,bird_095,K18F50,6,2018,6380.478440561048,5,2018_bird_095_5_trip
2018-05-20T13:06:04Z,141.57164999999998,40.59508,bird_095,K18F50,6,2018,6382.985633369483,5,2018_bird_095_5_trip
2018-05-20T13:07:04Z,141.57243000000005,40.59728,bird_095,K18F50,6,2018,6635.341357702244,5,2018_bird_095_5_trip
2018-05-20T13:08:06Z,141.57278,40.60316,bird_095,K18F50,6,2018,7282.707513042765,5,2018_bird_095_5_trip
2018-05-20T13:09:04Z,141.57377999999997,40.60882,bird_095,K18F50,6,2018,7916.346847455453,5,2018_bird_095_5_trip
2018-05-20T13:10:04Z,141.57393,40.609910000000006,bird_095,K18F50,6,2018,8037.761852997238,5,2018_bird_095_5_trip
2018-05-20T13:11:04Z,141.57404999999997,40.60982,bird_095,K18F50,6,2018,8029.672984943439,5,2018_bird_095_5_trip
2018-05-20T13:12:05Z,141.57413,40.60985,bird_095,K18F50,6,2018,8034.130986962763,5,2018_bird_095_5_trip
2018-05-20T13:13:04Z,141.57426999999998,40.60984,bird_095,K18F50,6,2018,8035.111104121039,5,2018_bird_095_5_trip
2018-05-20T13:14:05Z,141.57422,40.60984,bird_095,K18F50,6,2018,8034.36859153956,5,2018_bird_095_5_trip
2018-05-20T13:15:05Z,141.57415999999998,40.6099,bird_095,K18F50,6,2018,8040.040947611333,5,2018_bird_095_5_trip
2018-05-20T13:16:05Z,141.57428,40.609750000000005,bird_095,K18F50,6,2018,8025.421591635803,5,2018_bird_095_5_trip
2018-05-20T13:17:05Z,141.57442,40.609750000000005,bird_095,K18F50,6,2018,8027.515903005331,5,2018_bird_095_5_trip
2018-05-20T13:18:04Z,141.57433,40.60969,bird_095,K18F50,6,2018,8019.609588239251,5,2018_bird_095_5_trip
2018-05-20T13:19:05Z,141.5744,40.60978,bird_095,K18F50,6,2018,8030.494325872558,5,2018_bird_095_5_trip
2018-05-20T13:20:04Z,141.57454999999996,40.60972,bird_095,K18F50,6,2018,8026.198121614244,5,2018_bird_095_5_trip
2018-05-20T13:21:05Z,141.57452999999998,40.60974,bird_095,K18F50,6,2018,8028.080721948359,5,2018_bird_095_5_trip
2018-05-20T13:22:05Z,141.57469999999998,40.60967,bird_095,K18F50,6,2018,8023.0174790499905,5,2018_bird_095_5_trip
2018-05-20T13:23:05Z,141.57466999999997,40.60969,bird_095,K18F50,6,2018,8024.744079447461,5,2018_bird_095_5_trip
2018-05-20T13:24:05Z,141.57468999999998,40.60967,bird_095,K18F50,6,2018,8022.864736314507,5,2018_bird_095_5_trip
2018-05-20T13:25:04Z,141.57474999999997,40.6096,bird_095,K18F50,6,2018,8016.137822388014,5,2018_bird_095_5_trip
2018-05-20T13:26:05Z,141.57477999999998,40.60964,bird_095,K18F50,6,2018,8020.966404857337,5,2018_bird_095_5_trip
2018-05-20T13:27:05Z,141.57474,40.60967,bird_095,K18F50,6,2018,8023.629314492085,5,2018_bird_095_5_trip
2018-05-20T13:28:05Z,141.57484999999997,40.60969,bird_095,K18F50,6,2018,8027.502809364787,5,2018_bird_095_5_trip
2018-05-20T13:29:05Z,141.57499,40.60962,bird_095,K18F50,6,2018,8022.026627266251,5,2018_bird_095_5_trip
2018-05-20T13:30:05Z,141.57496999999998,40.60965,bird_095,K18F50,6,2018,8024.990905043437,5,2018_bird_095_5_trip
2018-05-20T13:31:05Z,141.57504999999998,40.60962,bird_095,K18F50,6,2018,8022.960562750911,5,2018_bird_095_5_trip
2018-05-20T13:32:05Z,141.57506999999998,40.60962,bird_095,K18F50,6,2018,8023.272565316659,5,2018_bird_095_5_trip
2018-05-20T13:33:05Z,141.5752,40.60954,bird_095,K18F50,6,2018,8016.580079700561,5,2018_bird_095_5_trip
2018-05-20T13:34:05Z,141.57518,40.60952,bird_095,K18F50,6,2018,8014.083228953525,5,2018_bird_095_5_trip
2018-05-20T13:35:05Z,141.57526,40.6095,bird_095,K18F50,6,2018,8013.162103197631,5,2018_bird_095_5_trip
2018-05-20T13:36:05Z,141.57526,40.60946,bird_095,K18F50,6,2018,8008.798373783355,5,2018_bird_095_5_trip
2018-05-20T13:37:05Z,141.57532,40.60944,bird_095,K18F50,6,2018,8007.566781688927,5,2018_bird_095_5_trip
2018-05-20T13:38:05Z,141.57539,40.6095,bird_095,K18F50,6,2018,8015.223201850785,5,2018_bird_095_5_trip
2018-05-20T13:39:05Z,141.57541,40.6095,bird_095,K18F50,6,2018,8015.541588635693,5,2018_bird_095_5_trip
2018-05-20T13:40:05Z,141.57535,40.60943,bird_095,K18F50,6,2018,8006.952354678236,5,2018_bird_095_5_trip
2018-05-20T13:41:05Z,141.57544,40.6096,bird_095,K18F50,6,2018,8026.925626404573,5,2018_bird_095_5_trip
2018-05-20T13:42:05Z,141.57548,40.60947,bird_095,K18F50,6,2018,8013.387284533706,5,2018_bird_095_5_trip
2018-05-20T13:43:05Z,141.57554,40.60952,bird_095,K18F50,6,2018,8019.800196383231,5,2018_bird_095_5_trip
2018-05-20T13:44:05Z,141.57562,40.60952,bird_095,K18F50,6,2018,8021.085812259326,5,2018_bird_095_5_trip
2018-05-20T13:45:05Z,141.57563,40.60959,bird_095,K18F50,6,2018,8028.878089091128,5,2018_bird_095_5_trip
2018-05-20T13:46:05Z,141.57566999999997,40.60958,bird_095,K18F50,6,2018,8028.432596887904,5,2018_bird_095_5_trip
2018-05-20T13:47:05Z,141.57577999999998,40.6097,bird_095,K18F50,6,2018,8043.291258334138,5,2018_bird_095_5_trip
2018-05-20T13:48:05Z,141.57581,40.60958,bird_095,K18F50,6,2018,8030.699867795416,5,2018_bird_095_5_trip
2018-05-20T13:49:05Z,141.57584999999995,40.60968,bird_095,K18F50,6,2018,8042.248033297384,5,2018_bird_095_5_trip
2018-05-20T13:50:04Z,141.57584999999995,40.60971000000001,bird_095,K18F50,6,2018,8045.517327184117,5,2018_bird_095_5_trip
2018-05-20T13:51:04Z,141.57594,40.60963,bird_095,K18F50,6,2018,8038.267852802633,5,2018_bird_095_5_trip
2018-05-20T13:52:05Z,141.57598,40.60974,bird_095,K18F50,6,2018,8050.906948589195,5,2018_bird_095_5_trip
2018-05-20T13:53:05Z,141.57598,40.60968,bird_095,K18F50,6,2018,8044.370035175778,5,2018_bird_095_5_trip
2018-05-20T13:54:05Z,141.57614,40.60979,bird_095,K18F50,6,2018,8058.982213559669,5,2018_bird_095_5_trip
2018-05-20T13:55:05Z,141.5761,40.60983,bird_095,K18F50,6,2018,8062.6803446044305,5,2018_bird_095_5_trip
2018-05-20T13:56:04Z,141.57617,40.609910000000006,bird_095,K18F50,6,2018,8072.547067719538,5,2018_bird_095_5_trip
2018-05-20T13:57:04Z,141.57616,40.60987,bird_095,K18F50,6,2018,8068.025449583038,5,2018_bird_095_5_trip
2018-05-20T13:58:04Z,141.57633,40.609930000000006,bird_095,K18F50,6,2018,8077.374118176834,5,2018_bird_095_5_trip
2018-05-20T13:59:05Z,141.5763,40.60996,bird_095,K18F50,6,2018,8080.142551488251,5,2018_bird_095_5_trip
2018-05-20T14:00:05Z,141.57636,40.61004,bird_095,K18F50,6,2018,8089.849953699037,5,2018_bird_095_5_trip
2018-05-20T14:01:05Z,141.57643000000002,40.61002,bird_095,K18F50,6,2018,8088.838350585518,5,2018_bird_095_5_trip
2018-05-20T14:02:04Z,141.57637,40.61,bird_095,K18F50,6,2018,8085.661047433752,5,2018_bird_095_5_trip
2018-05-20T14:03:05Z,141.57649999999998,40.61016,bird_095,K18F50,6,2018,8105.248204365115,5,2018_bird_095_5_trip
2018-05-20T14:04:05Z,141.57649999999998,40.61001,bird_095,K18F50,6,2018,8088.920069874778,5,2018_bird_095_5_trip
2018-05-20T14:05:05Z,141.57652,40.61012,bird_095,K18F50,6,2018,8101.228568460791,5,2018_bird_095_5_trip
2018-05-20T14:06:05Z,141.57657999999998,40.61017,bird_095,K18F50,6,2018,8107.676591031502,5,2018_bird_095_5_trip
2018-05-20T14:07:05Z,141.57664999999997,40.61024,bird_095,K18F50,6,2018,8116.471303472038,5,2018_bird_095_5_trip
2018-05-20T14:08:04Z,141.57663,40.61022,bird_095,K18F50,6,2018,8113.958299748639,5,2018_bird_095_5_trip
2018-05-20T14:09:04Z,141.57669,40.61029,bird_095,K18F50,6,2018,8122.586092396882,5,2018_bird_095_5_trip
2018-05-20T14:10:04Z,141.57675999999998,40.61032,bird_095,K18F50,6,2018,8127.031770064437,5,2018_bird_095_5_trip
2018-05-20T14:11:04Z,141.57656999999998,40.61014,bird_095,K18F50,6,2018,8104.243539992232,5,2018_bird_095_5_trip
2018-05-20T14:12:05Z,141.57678,40.61023,bird_095,K18F50,6,2018,8117.577732523799,5,2018_bird_095_5_trip
2018-05-20T14:13:04Z,141.57698,40.61047,bird_095,K18F50,6,2018,8147.084936434633,5,2018_bird_095_5_trip
2018-05-20T14:14:05Z,141.57694,40.61034,bird_095,K18F50,6,2018,8132.262916407078,5,2018_bird_095_5_trip
2018-05-20T14:15:06Z,141.57693,40.61043,bird_095,K18F50,6,2018,8141.882223881307,5,2018_bird_095_5_trip
2018-05-20T14:16:04Z,141.577,40.61053,bird_095,K18F50,6,2018,8153.952113451048,5,2018_bird_095_5_trip
2018-05-20T14:17:05Z,141.57781,40.61321,bird_095,K18F50,6,2018,8459.267860926135,5,2018_bird_095_5_trip
2018-05-20T14:18:05Z,141.5777,40.61334,bird_095,K18F50,6,2018,8471.529937505687,5,2018_bird_095_5_trip
2018-05-20T14:19:04Z,141.5778,40.61328,bird_095,K18F50,6,2018,8466.709358664744,5,2018_bird_095_5_trip
2018-05-20T14:20:05Z,141.5778,40.6133,bird_095,K18F50,6,2018,8468.88447336491,5,2018_bird_095_5_trip
2018-05-20T14:21:09Z,141.57787,40.6133,bird_095,K18F50,6,2018,8470.083304729436,5,2018_bird_095_5_trip
2018-05-20T14:22:04Z,141.57797,40.61332,bird_095,K18F50,6,2018,8473.977208426657,5,2018_bird_095_5_trip
2018-05-20T14:23:04Z,141.57815,40.61324,bird_095,K18F50,6,2018,8468.397768130413,5,2018_bird_095_5_trip
2018-05-20T14:24:06Z,141.57801,40.6134,bird_095,K18F50,6,2018,8483.364196003722,5,2018_bird_095_5_trip
2018-05-20T14:25:04Z,141.57808,40.613310000000006,bird_095,K18F50,6,2018,8474.79060282829,5,2018_bird_095_5_trip
2018-05-20T14:26:06Z,141.57819,40.61346,bird_095,K18F50,6,2018,8493.002267534777,5,2018_bird_095_5_trip
2018-05-20T14:27:06Z,141.57826,40.6135,bird_095,K18F50,6,2018,8498.567347271586,5,2018_bird_095_5_trip
2018-05-20T14:28:05Z,141.57822000000002,40.6135,bird_095,K18F50,6,2018,8497.870952402116,5,2018_bird_095_5_trip
2018-05-20T14:29:05Z,141.57833000000002,40.61353,bird_095,K18F50,6,2018,8503.048703895165,5,2018_bird_095_5_trip
2018-05-20T14:30:05Z,141.57825,40.61361,bird_095,K18F50,6,2018,8510.347065846589,5,2018_bird_095_5_trip
2018-05-20T14:31:06Z,141.57835,40.61364,bird_095,K18F50,6,2018,8515.350070593675,5,2018_bird_095_5_trip
2018-05-20T14:32:05Z,141.57826,40.61362,bird_095,K18F50,6,2018,8511.607776986464,5,2018_bird_095_5_trip
2018-05-20T14:33:06Z,141.57858,40.61375,bird_095,K18F50,6,2018,8531.335658979247,5,2018_bird_095_5_trip
2018-05-20T14:34:05Z,141.57842000000002,40.61372,bird_095,K18F50,6,2018,8525.266120690334,5,2018_bird_095_5_trip
2018-05-20T14:35:06Z,141.57859,40.61381,bird_095,K18F50,6,2018,8538.028583981117,5,2018_bird_095_5_trip
2018-05-20T14:36:06Z,141.57861,40.61393,bird_095,K18F50,6,2018,8551.414543551136,5,2018_bird_095_5_trip
2018-05-20T14:37:06Z,141.57875,40.6139,bird_095,K18F50,6,2018,8550.630556131979,5,2018_bird_095_5_trip
2018-05-20T14:38:05Z,141.57854,40.61393,bird_095,K18F50,6,2018,8550.183692870993,5,2018_bird_095_5_trip
2018-05-20T14:39:06Z,141.57867,40.61395,bird_095,K18F50,6,2018,8554.64473004434,5,2018_bird_095_5_trip
2018-05-20T14:40:05Z,141.57882,40.61414,bird_095,K18F50,6,2018,8577.93129971909,5,2018_bird_095_5_trip
2018-05-20T14:41:06Z,141.57871,40.614059999999995,bird_095,K18F50,6,2018,8567.29728263312,5,2018_bird_095_5_trip
2018-05-20T14:42:06Z,141.57885,40.61412,bird_095,K18F50,6,2018,8576.292165709476,5,2018_bird_095_5_trip
2018-05-20T14:43:06Z,141.57885,40.61419,bird_095,K18F50,6,2018,8583.89243493986,5,2018_bird_095_5_trip
2018-05-20T14:44:06Z,141.5789,40.61421,bird_095,K18F50,6,2018,8586.952040656903,5,2018_bird_095_5_trip
2018-05-20T14:45:06Z,141.57906999999997,40.61436,bird_095,K18F50,6,2018,8606.266398320113,5,2018_bird_095_5_trip
2018-05-20T14:46:05Z,141.57892,40.61435,bird_095,K18F50,6,2018,8602.507259024074,5,2018_bird_095_5_trip
2018-05-20T14:47:06Z,141.57893,40.61429,bird_095,K18F50,6,2018,8596.170887900862,5,2018_bird_095_5_trip
2018-05-20T14:48:06Z,141.57926999999998,40.614459999999994,bird_095,K18F50,6,2018,8620.7084726613,5,2018_bird_095_5_trip
2018-05-20T14:49:06Z,141.57893,40.61441,bird_095,K18F50,6,2018,8609.199243506484,5,2018_bird_095_5_trip
2018-05-20T14:50:06Z,141.57932,40.614619999999995,bird_095,K18F50,6,2018,8638.969404852935,5,2018_bird_095_5_trip
2018-05-20T14:51:06Z,141.57902,40.61449,bird_095,K18F50,6,2018,8619.485308944379,5,2018_bird_095_5_trip
2018-05-20T14:52:06Z,141.57931,40.61461,bird_095,K18F50,6,2018,8637.704213794494,5,2018_bird_095_5_trip
2018-05-20T14:53:06Z,141.57948,40.61467999999999,bird_095,K18F50,6,2018,8648.370965240032,5,2018_bird_095_5_trip
2018-05-20T14:54:07Z,141.57915999999997,40.61463,bird_095,K18F50,6,2018,8637.181352033283,5,2018_bird_095_5_trip
2018-05-20T14:55:05Z,141.5792,40.61473,bird_095,K18F50,6,2018,8648.750700938393,5,2018_bird_095_5_trip
2018-05-20T14:56:06Z,141.57917999999998,40.61467,bird_095,K18F50,6,2018,8641.880672388854,5,2018_bird_095_5_trip
2018-05-20T14:57:06Z,141.57947,40.614819999999995,bird_095,K18F50,6,2018,8663.375920359862,5,2018_bird_095_5_trip
2018-05-20T14:58:06Z,141.57934,40.61479,bird_095,K18F50,6,2018,8657.774989922216,5,2018_bird_095_5_trip
2018-05-20T14:59:06Z,141.57942,40.61487999999999,bird_095,K18F50,6,2018,8668.9816035807,5,2018_bird_095_5_trip
2018-05-20T15:00:07Z,141.57951999999997,40.614889999999995,bird_095,K18F50,6,2018,8671.874501102779,5,2018_bird_095_5_trip
2018-05-20T15:01:09Z,141.58002000000002,40.61493,bird_095,K18F50,6,2018,8685.366862524013,5,2018_bird_095_5_trip
2018-05-20T15:02:05Z,141.58024000000003,40.61507,bird_095,K18F50,6,2018,8704.62050199895,5,2018_bird_095_5_trip
2018-05-20T15:03:06Z,141.57975999999996,40.61492,bird_095,K18F50,6,2018,8679.498310638752,5,2018_bird_095_5_trip
2018-05-20T15:04:06Z,141.57974999999996,40.61495,bird_095,K18F50,6,2018,8682.567986682296,5,2018_bird_095_5_trip
2018-05-20T15:05:06Z,141.57996999999995,40.61492,bird_095,K18F50,6,2018,8683.358958329987,5,2018_bird_095_5_trip
2018-05-20T15:06:05Z,141.57932,40.61481,bird_095,K18F50,6,2018,8659.585367715239,5,2018_bird_095_5_trip
2018-05-20T15:07:06Z,141.58062,40.61497,bird_095,K18F50,6,2018,8700.939164420746,5,2018_bird_095_5_trip
2018-05-20T15:08:06Z,141.58044000000004,40.61497,bird_095,K18F50,6,2018,8697.538168427182,5,2018_bird_095_5_trip
2018-05-20T15:09:06Z,141.58008,40.615010000000005,bird_095,K18F50,6,2018,8695.146344935372,5,2018_bird_095_5_trip
2018-05-20T15:10:06Z,141.58022000000005,40.61508,bird_095,K18F50,6,2018,8705.331009947198,5,2018_bird_095_5_trip
2018-05-20T15:11:06Z,141.58057,40.61511000000001,bird_095,K18F50,6,2018,8715.145304803435,5,2018_bird_095_5_trip
2018-05-20T15:12:07Z,141.58006,40.615120000000005,bird_095,K18F50,6,2018,8706.69536777487,5,2018_bird_095_5_trip
2018-05-20T15:13:07Z,141.58062,40.61518,bird_095,K18F50,6,2018,8723.667321615085,5,2018_bird_095_5_trip
2018-05-20T15:14:06Z,141.58097,40.61526,bird_095,K18F50,6,2018,8738.988055556956,5,2018_bird_095_5_trip
2018-05-20T15:15:06Z,141.58085,40.61532,bird_095,K18F50,6,2018,8743.18476076002,5,2018_bird_095_5_trip
2018-05-20T15:16:06Z,141.57874,40.615370000000006,bird_095,K18F50,6,2018,8710.13873924679,5,2018_bird_095_5_trip
2018-05-20T15:17:05Z,141.57823000000002,40.61529,bird_095,K18F50,6,2018,8692.666176151815,5,2018_bird_095_5_trip
2018-05-20T15:18:33Z,141.58082000000002,40.6155,bird_095,K18F50,6,2018,8762.09034344742,5,2018_bird_095_5_trip
2018-05-20T15:19:04Z,141.58086,40.6155,bird_095,K18F50,6,2018,8762.850805770846,5,2018_bird_095_5_trip
2018-05-20T15:20:05Z,141.58093000000002,40.61551000000001,bird_095,K18F50,6,2018,8765.26647430441,5,2018_bird_095_5_trip
2018-05-20T15:21:05Z,141.58095,40.61562,bird_095,K18F50,6,2018,8777.548723203701,5,2018_bird_095_5_trip
2018-05-20T15:22:05Z,141.58103000000003,40.61574,bird_095,K18F50,6,2018,8792.057802298335,5,2018_bird_095_5_trip
2018-05-20T15:23:05Z,141.58108,40.61585,bird_095,K18F50,6,2018,8804.912845503803,5,2018_bird_095_5_trip
2018-05-20T15:24:05Z,141.58116,40.61589,bird_095,K18F50,6,2018,8810.770889959525,5,2018_bird_095_5_trip
2018-05-20T15:25:05Z,141.58126,40.61592,bird_095,K18F50,6,2018,8815.935642293622,5,2018_bird_095_5_trip
2018-05-20T15:26:05Z,141.58138000000002,40.61599,bird_095,K18F50,6,2018,8825.817625239742,5,2018_bird_095_5_trip
2018-05-20T15:27:05Z,141.58144000000004,40.61608,bird_095,K18F50,6,2018,8836.707241279273,5,2018_bird_095_5_trip
2018-05-20T15:28:05Z,141.58145000000002,40.61681,bird_095,K18F50,6,2018,8915.836958694481,5,2018_bird_095_5_trip
2018-05-20T15:29:05Z,141.58152,40.61699,bird_095,K18F50,6,2018,8936.647721623474,5,2018_bird_095_5_trip
2018-05-20T15:30:05Z,141.58153,40.61691,bird_095,K18F50,6,2018,8928.18766934914,5,2018_bird_095_5_trip
2018-05-20T15:31:05Z,141.58161,40.61701,bird_095,K18F50,6,2018,8940.540238442542,5,2018_bird_095_5_trip
2018-05-20T15:32:05Z,141.58164000000002,40.617079999999994,bird_095,K18F50,6,2018,8948.687215402195,5,2018_bird_095_5_trip
2018-05-20T15:33:05Z,141.58169,40.61714,bird_095,K18F50,6,2018,8956.138396253153,5,2018_bird_095_5_trip
2018-05-20T15:34:05Z,141.58175,40.61718,bird_095,K18F50,6,2018,8961.621109410384,5,2018_bird_095_5_trip
2018-05-20T15:35:05Z,141.58182000000002,40.617279999999994,bird_095,K18F50,6,2018,8973.78530634419,5,2018_bird_095_5_trip
2018-05-20T15:36:05Z,141.58189000000002,40.61725,bird_095,K18F50,6,2018,8971.898762090883,5,2018_bird_095_5_trip
2018-05-20T15:37:04Z,141.58179,40.617279999999994,bird_095,K18F50,6,2018,8973.20525872011,5,2018_bird_095_5_trip
2018-05-20T15:38:05Z,141.58177,40.6184,bird_095,K18F50,6,2018,9093.95432448104,5,2018_bird_095_5_trip
2018-05-20T15:39:05Z,141.58182000000002,40.61844,bird_095,K18F50,6,2018,9099.235230355052,5,2018_bird_095_5_trip
2018-05-20T15:40:05Z,141.58184000000003,40.61843,bird_095,K18F50,6,2018,9098.535143148694,5,2018_bird_095_5_trip
2018-05-20T15:41:05Z,141.58192000000005,40.61856,bird_095,K18F50,6,2018,9114.127102068407,5,2018_bird_095_5_trip
2018-05-20T15:42:04Z,141.58202000000003,40.61858,bird_095,K18F50,6,2018,9118.206510730975,5,2018_bird_095_5_trip
2018-05-20T15:43:05Z,141.58205,40.61867,bird_095,K18F50,6,2018,9128.516022856744,5,2018_bird_095_5_trip
2018-05-20T15:44:05Z,141.58217000000002,40.61868,bird_095,K18F50,6,2018,9131.906451058398,5,2018_bird_095_5_trip
2018-05-20T15:45:05Z,141.58212000000003,40.618750000000006,bird_095,K18F50,6,2018,9138.51274554087,5,2018_bird_095_5_trip
2018-05-20T15:46:05Z,141.58212000000003,40.61891000000001,bird_095,K18F50,6,2018,9155.81607700076,5,2018_bird_095_5_trip
2018-05-20T15:47:05Z,141.58225000000002,40.61886,bird_095,K18F50,6,2018,9152.911839224049,5,2018_bird_095_5_trip
2018-05-20T15:48:05Z,141.58228000000005,40.61899,bird_095,K18F50,6,2018,9167.54637383119,5,2018_bird_095_5_trip
2018-05-20T15:49:04Z,141.58237000000003,40.61905,bird_095,K18F50,6,2018,9175.772198347426,5,2018_bird_095_5_trip
2018-05-20T15:50:05Z,141.58244000000005,40.61891000000001,bird_095,K18F50,6,2018,9161.996824194595,5,2018_bird_095_5_trip
2018-05-20T15:51:05Z,141.58247000000003,40.619130000000006,bird_095,K18F50,6,2018,9186.357597060014,5,2018_bird_095_5_trip
2018-05-20T15:52:05Z,141.58239000000003,40.61926,bird_095,K18F50,6,2018,9198.86181848345,5,2018_bird_095_5_trip
2018-05-20T15:53:05Z,141.58255,40.6192,bird_095,K18F50,6,2018,9195.477372846804,5,2018_bird_095_5_trip
2018-05-20T15:54:05Z,141.5825,40.61917,bird_095,K18F50,6,2018,9191.263352930137,5,2018_bird_095_5_trip
2018-05-20T15:55:05Z,141.5826,40.61938,bird_095,K18F50,6,2018,9215.903068766582,5,2018_bird_095_5_trip
2018-05-20T15:56:05Z,141.58264000000003,40.61937,bird_095,K18F50,6,2018,9215.60076966751,5,2018_bird_095_5_trip
2018-05-20T15:57:05Z,141.58272000000002,40.6194,bird_095,K18F50,6,2018,9220.402637218043,5,2018_bird_095_5_trip
2018-05-20T15:58:04Z,141.58278,40.61945,bird_095,K18F50,6,2018,9226.977489682904,5,2018_bird_095_5_trip
2018-05-20T15:59:05Z,141.58276,40.61962,bird_095,K18F50,6,2018,9244.95482454519,5,2018_bird_095_5_trip
2018-05-20T16:00:05Z,141.58280000000002,40.61967,bird_095,K18F50,6,2018,9251.138098923371,5,2018_bird_095_5_trip
2018-05-20T16:01:04Z,141.58293000000003,40.61963,bird_095,K18F50,6,2018,9249.361799408478,5,2018_bird_095_5_trip
2018-05-20T16:02:04Z,141.58288000000002,40.61975,bird_095,K18F50,6,2018,9261.345200988206,5,2018_bird_095_5_trip
2018-05-20T16:03:04Z,141.58304,40.6197,bird_095,K18F50,6,2018,9259.085096562132,5,2018_bird_095_5_trip
2018-05-20T16:04:05Z,141.58317,40.61963,bird_095,K18F50,6,2018,9254.093994458894,5,2018_bird_095_5_trip
2018-05-20T16:05:05Z,141.58315,40.61986,bird_095,K18F50,6,2018,9278.532268216968,5,2018_bird_095_5_trip
2018-05-20T16:06:05Z,141.58334000000002,40.61976,bird_095,K18F50,6,2018,9271.502038812603,5,2018_bird_095_5_trip
2018-05-20T16:07:05Z,141.58347,40.61981,bird_095,K18F50,6,2018,9279.490346184562,5,2018_bird_095_5_trip
2018-05-20T16:08:04Z,141.58355999999998,40.61984,bird_095,K18F50,6,2018,9284.528332905644,5,2018_bird_095_5_trip
2018-05-20T16:09:04Z,141.58579,40.62330000000001,bird_095,K18F50,6,2018,9702.948739341597,5,2018_bird_095_5_trip
2018-05-20T16:10:04Z,141.58896,40.627300000000005,bird_095,K18F50,6,2018,10200.59773413586,5,2018_bird_095_5_trip
2018-05-20T16:11:05Z,141.58899000000002,40.62736,bird_095,K18F50,6,2018,10207.691674381633,5,2018_bird_095_5_trip
2018-05-20T16:12:04Z,141.58911,40.62735000000001,bird_095,K18F50,6,2018,10209.269332779915,5,2018_bird_095_5_trip
2018-05-20T16:13:04Z,141.58919,40.627390000000005,bird_095,K18F50,6,2018,10215.327773430456,5,2018_bird_095_5_trip
2018-05-20T16:14:05Z,141.58919,40.62747,bird_095,K18F50,6,2018,10223.901541855606,5,2018_bird_095_5_trip
2018-05-20T16:15:05Z,141.58936,40.62745,bird_095,K18F50,6,2018,10225.532954842414,5,2018_bird_095_5_trip
2018-05-20T16:16:05Z,141.5893,40.627590000000005,bird_095,K18F50,6,2018,10239.200035470036,5,2018_bird_095_5_trip
2018-05-20T16:17:04Z,141.58942000000002,40.62765,bird_095,K18F50,6,2018,10248.295472827627,5,2018_bird_095_5_trip
2018-05-20T16:18:05Z,141.58947,40.62765,bird_095,K18F50,6,2018,10249.408949678254,5,2018_bird_095_5_trip
2018-05-20T16:19:05Z,141.58951,40.62772,bird_095,K18F50,6,2018,10257.799215658308,5,2018_bird_095_5_trip
2018-05-20T16:20:05Z,141.58963,40.62774,bird_095,K18F50,6,2018,10262.62124782545,5,2018_bird_095_5_trip
2018-05-20T16:21:05Z,141.58964,40.62785,bird_095,K18F50,6,2018,10274.62570684782,5,2018_bird_095_5_trip
2018-05-20T16:22:05Z,141.58966999999998,40.62789,bird_095,K18F50,6,2018,10279.58036453074,5,2018_bird_095_5_trip
2018-05-20T16:23:05Z,141.58983,40.62787,bird_095,K18F50,6,2018,10281.025022009078,5,2018_bird_095_5_trip
2018-05-20T16:24:04Z,141.58987,40.62784,bird_095,K18F50,6,2018,10278.712802815648,5,2018_bird_095_5_trip
2018-05-20T16:25:05Z,141.58996,40.62789,bird_095,K18F50,6,2018,10286.091958530016,5,2018_bird_095_5_trip
2018-05-20T16:26:05Z,141.59003,40.62796,bird_095,K18F50,6,2018,10295.16308926069,5,2018_bird_095_5_trip
2018-05-20T16:27:05Z,141.59005,40.62803000000001,bird_095,K18F50,6,2018,10303.106044047125,5,2018_bird_095_5_trip
2018-05-20T16:28:05Z,141.59013000000002,40.62798,bird_095,K18F50,6,2018,10299.56392812834,5,2018_bird_095_5_trip
2018-05-20T16:29:05Z,141.59018,40.62803000000001,bird_095,K18F50,6,2018,10306.04599820903,5,2018_bird_095_5_trip
2018-05-20T16:30:05Z,141.59026,40.62812000000001,bird_095,K18F50,6,2018,10317.488457541043,5,2018_bird_095_5_trip
2018-05-20T16:31:05Z,141.5903,40.62815000000001,bird_095,K18F50,6,2018,10321.605620251175,5,2018_bird_095_5_trip
2018-05-20T16:32:05Z,141.59032000000002,40.628240000000005,bird_095,K18F50,6,2018,10331.687361393851,5,2018_bird_095_5_trip
2018-05-20T16:33:05Z,141.59034000000003,40.62830000000001,bird_095,K18F50,6,2018,10338.559877541064,5,2018_bird_095_5_trip
2018-05-20T16:34:04Z,141.59036,40.62838000000001,bird_095,K18F50,6,2018,10347.571950213662,5,2018_bird_095_5_trip
2018-05-20T16:35:05Z,141.59047,40.62837000000001,bird_095,K18F50,6,2018,10349.002288507943,5,2018_bird_095_5_trip
2018-05-20T16:36:05Z,141.59057,40.62832000000001,bird_095,K18F50,6,2018,10345.935567079156,5,2018_bird_095_5_trip
2018-05-20T16:37:05Z,141.59069,40.62835000000001,bird_095,K18F50,6,2018,10351.88786631753,5,2018_bird_095_5_trip
2018-05-20T16:38:05Z,141.59074,40.62839000000001,bird_095,K18F50,6,2018,10357.309674657465,5,2018_bird_095_5_trip
2018-05-20T16:39:04Z,141.591,40.62838000000001,bird_095,K18F50,6,2018,10362.225459267023,5,2018_bird_095_5_trip
2018-05-20T16:40:05Z,141.59095,40.62845000000001,bird_095,K18F50,6,2018,10368.550142954462,5,2018_bird_095_5_trip
2018-05-20T16:41:05Z,141.59112000000002,40.628420000000006,bird_095,K18F50,6,2018,10369.274228211354,5,2018_bird_095_5_trip
2018-05-20T16:42:05Z,141.59117,40.628400000000006,bird_095,K18F50,6,2018,10368.297669684343,5,2018_bird_095_5_trip
2018-05-20T16:43:05Z,141.59128,40.62846,bird_095,K18F50,6,2018,10377.259990237812,5,2018_bird_095_5_trip
2018-05-20T16:44:05Z,141.59132000000002,40.62846,bird_095,K18F50,6,2018,10378.190947966426,5,2018_bird_095_5_trip
2018-05-20T16:45:05Z,141.59142000000003,40.62846,bird_095,K18F50,6,2018,10380.52281050786,5,2018_bird_095_5_trip
2018-05-20T16:46:05Z,141.59151,40.62845000000001,bird_095,K18F50,6,2018,10381.559826011253,5,2018_bird_095_5_trip
2018-05-20T16:47:05Z,141.59156,40.628490000000006,bird_095,K18F50,6,2018,10386.999174817744,5,2018_bird_095_5_trip
2018-05-20T16:48:05Z,141.59156,40.62851000000001,bird_095,K18F50,6,2018,10389.133246882917,5,2018_bird_095_5_trip
2018-05-20T16:49:04Z,141.59168,40.62832000000001,bird_095,K18F50,6,2018,10371.682463424868,5,2018_bird_095_5_trip
2018-05-20T16:50:04Z,141.59173,40.62856000000001,bird_095,K18F50,6,2018,10398.458455236034,5,2018_bird_095_5_trip
2018-05-20T16:51:05Z,141.59174000000002,40.62857000000001,bird_095,K18F50,6,2018,10399.760387094875,5,2018_bird_095_5_trip
2018-05-20T16:52:04Z,141.59175,40.628660000000004,bird_095,K18F50,6,2018,10409.59584142023,5,2018_bird_095_5_trip
2018-05-20T16:53:05Z,141.59187,40.62865000000001,bird_095,K18F50,6,2018,10411.3554829705,5,2018_bird_095_5_trip
2018-05-20T16:54:05Z,141.59197,40.62859000000001,bird_095,K18F50,6,2018,10407.320840898668,5,2018_bird_095_5_trip
2018-05-20T16:55:05Z,141.59194000000002,40.628620000000005,bird_095,K18F50,6,2018,10409.809692672758,5,2018_bird_095_5_trip
2018-05-20T16:56:05Z,141.59207,40.62870000000001,bird_095,K18F50,6,2018,10421.416215205722,5,2018_bird_095_5_trip
2018-05-20T16:57:05Z,141.59199,40.62876000000001,bird_095,K18F50,6,2018,10425.919021324513,5,2018_bird_095_5_trip
2018-05-20T16:58:05Z,141.59214000000003,40.62868,bird_095,K18F50,6,2018,10420.945566269062,5,2018_bird_095_5_trip
2018-05-20T16:59:05Z,141.59230000000002,40.62886,bird_095,K18F50,6,2018,10443.933345841644,5,2018_bird_095_5_trip
2018-05-20T17:00:05Z,141.59217,40.62867000000001,bird_095,K18F50,6,2018,10420.592784927388,5,2018_bird_095_5_trip
2018-05-20T17:01:05Z,141.59224000000003,40.62885000000001,bird_095,K18F50,6,2018,10441.440012181742,5,2018_bird_095_5_trip
2018-05-20T17:02:04Z,141.59228000000002,40.628980000000006,bird_095,K18F50,6,2018,10456.245391955808,5,2018_bird_095_5_trip
2018-05-20T17:03:05Z,141.59238000000002,40.62903000000001,bird_095,K18F50,6,2018,10463.95321264512,5,2018_bird_095_5_trip
2018-05-20T17:04:05Z,141.59251,40.62903000000001,bird_095,K18F50,6,2018,10467.0553679062,5,2018_bird_095_5_trip
2018-05-20T17:05:05Z,141.59251,40.629000000000005,bird_095,K18F50,6,2018,10463.859736892717,5,2018_bird_095_5_trip
2018-05-20T17:06:05Z,141.59257,40.62908,bird_095,K18F50,6,2018,10473.81623334728,5,2018_bird_095_5_trip
2018-05-20T17:07:04Z,141.59265,40.62910000000001,bird_095,K18F50,6,2018,10477.862472851337,5,2018_bird_095_5_trip
2018-05-20T17:08:05Z,141.59278,40.62912000000001,bird_095,K18F50,6,2018,10483.113793858152,5,2018_bird_095_5_trip
2018-05-20T17:09:05Z,141.59284000000002,40.62915000000001,bird_095,K18F50,6,2018,10487.751578729503,5,2018_bird_095_5_trip
2018-05-20T17:10:03Z,141.59284000000002,40.62921000000001,bird_095,K18F50,6,2018,10494.138943088665,5,2018_bird_095_5_trip
2018-05-20T17:11:04Z,141.59299,40.629180000000005,bird_095,K18F50,6,2018,10494.56348311105,5,2018_bird_095_5_trip
2018-05-20T17:12:04Z,141.59285,40.62933000000001,bird_095,K18F50,6,2018,10507.155110100426,5,2018_bird_095_5_trip
2018-05-20T17:13:04Z,141.59286,40.62932000000001,bird_095,K18F50,6,2018,10506.330934919386,5,2018_bird_095_5_trip
2018-05-20T17:14:04Z,141.59304,40.62951000000001,bird_095,K18F50,6,2018,10530.892248692093,5,2018_bird_095_5_trip
2018-05-20T17:15:06Z,141.59311,40.62948,bird_095,K18F50,6,2018,10529.389534402271,5,2018_bird_095_5_trip
2018-05-20T17:16:03Z,141.59298,40.629360000000005,bird_095,K18F50,6,2018,10513.479294829322,5,2018_bird_095_5_trip
2018-05-20T17:17:04Z,141.59326,40.629540000000006,bird_095,K18F50,6,2018,10539.405223126463,5,2018_bird_095_5_trip
2018-05-20T17:18:05Z,141.59331,40.63007,bird_095,K18F50,6,2018,10597.010899402008,5,2018_bird_095_5_trip
2018-05-20T17:19:07Z,141.59347,40.63004,bird_095,K18F50,6,2018,10597.691486905018,5,2018_bird_095_5_trip
2018-05-20T17:20:05Z,141.59349,40.63005,bird_095,K18F50,6,2018,10599.240569179614,5,2018_bird_095_5_trip
2018-05-20T17:21:04Z,141.59362,40.630570000000006,bird_095,K18F50,6,2018,10657.714870457656,5,2018_bird_095_5_trip
2018-05-20T17:22:05Z,141.59758,40.634730000000005,bird_095,K18F50,6,2018,11197.842968518788,5,2018_bird_095_5_trip
2018-05-20T17:23:06Z,141.60159,40.63969,bird_095,K18F50,6,2018,11826.480578667495,5,2018_bird_095_5_trip
2018-05-20T17:24:05Z,141.60353999999998,40.6424,bird_095,K18F50,6,2018,12164.22087990717,5,2018_bird_095_5_trip
2018-05-20T17:25:05Z,141.60365999999996,40.642570000000006,bird_095,K18F50,6,2018,12185.354679705222,5,2018_bird_095_5_trip
2018-05-20T17:26:07Z,141.60368999999997,40.64256,bird_095,K18F50,6,2018,12185.115578296734,5,2018_bird_095_5_trip
2018-05-20T17:27:06Z,141.60370999999998,40.64271000000001,bird_095,K18F50,6,2018,12201.437011460492,5,2018_bird_095_5_trip
2018-05-20T17:28:05Z,141.60353999999998,40.642770000000006,bird_095,K18F50,6,2018,12203.155804077474,5,2018_bird_095_5_trip
2018-05-20T17:29:05Z,141.60495999999998,40.64596,bird_095,K18F50,6,2018,12577.20411551444,5,2018_bird_095_5_trip
2018-05-20T17:30:05Z,141.60755999999998,40.65096,bird_095,K18F50,6,2018,13173.619831270606,5,2018_bird_095_5_trip
2018-05-20T17:31:05Z,141.60913,40.65296,bird_095,K18F50,6,2018,13426.710911497035,5,2018_bird_095_5_trip
2018-05-20T17:32:04Z,141.60906999999995,40.65286,bird_095,K18F50,6,2018,13414.559709025523,5,2018_bird_095_5_trip
2018-05-20T17:33:05Z,141.60912,40.65286,bird_095,K18F50,6,2018,13415.93480939915,5,2018_bird_095_5_trip
2018-05-20T17:34:07Z,141.60907999999998,40.65288,bird_095,K18F50,6,2018,13416.934959194674,5,2018_bird_095_5_trip
2018-05-20T17:35:06Z,141.60897,40.65295,bird_095,K18F50,6,2018,13421.26699526694,5,2018_bird_095_5_trip
2018-05-20T17:36:04Z,141.60858,40.6527,bird_095,K18F50,6,2018,13384.328575734768,5,2018_bird_095_5_trip
2018-05-20T17:37:05Z,141.60868,40.652710000000006,bird_095,K18F50,6,2018,13388.110828741635,5,2018_bird_095_5_trip
2018-05-20T17:38:05Z,141.60843000000003,40.65267,bird_095,K18F50,6,2018,13377.086342307495,5,2018_bird_095_5_trip
2018-05-20T17:39:07Z,141.60835,40.65267,bird_095,K18F50,6,2018,13374.909931449894,5,2018_bird_095_5_trip
2018-05-20T17:40:04Z,141.60849000000002,40.65276,bird_095,K18F50,6,2018,13388.182205421754,5,2018_bird_095_5_trip
2018-05-20T17:41:05Z,141.6085,40.652910000000006,bird_095,K18F50,6,2018,13404.225195472693,5,2018_bird_095_5_trip
2018-05-20T17:42:04Z,141.60831000000002,40.65316,bird_095,K18F50,6,2018,13425.36386712558,5,2018_bird_095_5_trip
2018-05-20T17:43:06Z,141.61182,40.65794,bird_095,K18F50,6,2018,14023.691750550835,5,2018_bird_095_5_trip
2018-05-20T17:44:05Z,141.61663,40.66177,bird_095,K18F50,6,2018,14560.839259342018,5,2018_bird_095_5_trip
2018-05-20T17:45:06Z,141.6209,40.666520000000006,bird_095,K18F50,6,2018,15181.062866606982,5,2018_bird_095_5_trip
2018-05-20T17:46:04Z,141.62611,40.67072,bird_095,K18F50,6,2018,15774.953833751457,5,2018_bird_095_5_trip
2018-05-20T17:47:04Z,141.63187,40.67497,bird_095,K18F50,6,2018,16395.366823315384,5,2018_bird_095_5_trip
2018-05-20T17:48:04Z,141.63785,40.67929,bird_095,K18F50,6,2018,17034.736537883753,5,2018_bird_095_5_trip
2018-05-20T17:49:04Z,141.64449999999997,40.68369,bird_095,K18F50,6,2018,17710.023486091013,5,2018_bird_095_5_trip
2018-05-20T17:50:04Z,141.65067,40.688500000000005,bird_095,K18F50,6,2018,18414.375243022892,5,2018_bird_095_5_trip
2018-05-20T17:51:05Z,141.65664,40.69348,bird_095,K18F50,6,2018,19131.46718980432,5,2018_bird_095_5_trip
2018-05-20T17:52:04Z,141.66349,40.69774,bird_095,K18F50,6,2018,19813.0065508098,5,2018_bird_095_5_trip
2018-05-20T17:53:06Z,141.66450999999998,40.69801000000001,bird_095,K18F50,6,2018,19878.87368606388,5,2018_bird_095_5_trip
2018-05-20T17:54:07Z,141.66460999999998,40.69796,bird_095,K18F50,6,2018,19877.784357909197,5,2018_bird_095_5_trip
2018-05-20T17:55:06Z,141.66478999999998,40.69805000000001,bird_095,K18F50,6,2018,19893.619029360543,5,2018_bird_095_5_trip
2018-05-20T17:56:33Z,141.66483,40.698110000000014,bird_095,K18F50,6,2018,19901.09045250357,5,2018_bird_095_5_trip
2018-05-20T17:57:04Z,141.66485999999998,40.69827000000001,bird_095,K18F50,6,2018,19918.057335513196,5,2018_bird_095_5_trip
2018-05-20T17:58:05Z,141.665,40.69817000000001,bird_095,K18F50,6,2018,19913.57961131671,5,2018_bird_095_5_trip
2018-05-20T17:59:04Z,141.66521,40.69821000000001,bird_095,K18F50,6,2018,19925.645000157892,5,2018_bird_095_5_trip
2018-05-20T18:00:04Z,141.66713,40.70022,bird_095,K18F50,6,2018,20198.40722885521,5,2018_bird_095_5_trip
2018-05-20T18:01:04Z,141.66712,40.70094,bird_095,K18F50,6,2018,20269.071938573117,5,2018_bird_095_5_trip
2018-05-20T18:02:05Z,141.6673,40.70109,bird_095,K18F50,6,2018,20290.84597593258,5,2018_bird_095_5_trip
2018-05-20T18:03:05Z,141.66742000000002,40.701130000000006,bird_095,K18F50,6,2018,20299.44082491831,5,2018_bird_095_5_trip
2018-05-20T18:04:05Z,141.67082,40.70476,bird_095,K18F50,6,2018,20789.53017480368,5,2018_bird_095_5_trip
2018-05-20T18:05:06Z,141.67653,40.71006,bird_095,K18F50,6,2018,21534.90025940044,5,2018_bird_095_5_trip
2018-05-20T18:06:06Z,141.68255,40.71478,bird_095,K18F50,6,2018,22237.08557976657,5,2018_bird_095_5_trip
2018-05-20T18:07:04Z,141.68874000000002,40.719350000000006,bird_095,K18F50,6,2018,22933.406222180645,5,2018_bird_095_5_trip
2018-05-20T18:08:05Z,141.69513,40.72419000000001,bird_095,K18F50,6,2018,23666.09700422522,5,2018_bird_095_5_trip
2018-05-20T18:09:05Z,141.70183,40.72890000000001,bird_095,K18F50,6,2018,24401.16583000905,5,2018_bird_095_5_trip
2018-05-20T18:10:04Z,141.70843000000002,40.73275000000001,bird_095,K18F50,6,2018,25051.877443116777,5,2018_bird_095_5_trip
2018-05-20T18:11:05Z,141.71603,40.736410000000006,bird_095,K18F50,6,2018,25731.247916695676,5,2018_bird_095_5_trip
2018-05-20T18:12:05Z,141.72437,40.73975000000001,bird_095,K18F50,6,2018,26418.31410553953,5,2018_bird_095_5_trip
2018-05-20T18:13:05Z,141.73206,40.74335000000001,bird_095,K18F50,6,2018,27105.562602264356,5,2018_bird_095_5_trip
2018-05-20T18:14:04Z,141.73639,40.74737,bird_095,K18F50,6,2018,27679.25715234206,5,2018_bird_095_5_trip
2018-05-20T18:15:05Z,141.74279,40.75135,bird_095,K18F50,6,2018,28345.74765497696,5,2018_bird_095_5_trip
2018-05-20T18:16:05Z,141.74744,40.7548,bird_095,K18F50,6,2018,28882.409246093874,5,2018_bird_095_5_trip
2018-05-20T18:17:05Z,141.75242000000003,40.758210000000005,bird_095,K18F50,6,2018,29431.444448646096,5,2018_bird_095_5_trip
2018-05-20T18:18:05Z,141.75687,40.76236000000001,bird_095,K18F50,6,2018,30023.77942455923,5,2018_bird_095_5_trip
2018-05-20T18:19:05Z,141.76083,40.766760000000005,bird_095,K18F50,6,2018,30615.842845826675,5,2018_bird_095_5_trip
2018-05-20T18:20:04Z,141.76527,40.77116,bird_095,K18F50,6,2018,31230.705075532536,5,2018_bird_095_5_trip
2018-05-20T18:21:05Z,141.771,40.77496,bird_095,K18F50,6,2018,31852.291156539297,5,2018_bird_095_5_trip
2018-05-20T18:22:04Z,141.77589999999998,40.77877000000001,bird_095,K18F50,6,2018,32435.574132719335,5,2018_bird_095_5_trip
2018-05-20T18:23:05Z,141.78111,40.78258,bird_095,K18F50,6,2018,33034.14134201144,5,2018_bird_095_5_trip
2018-05-20T18:24:05Z,141.78654999999998,40.78624,bird_095,K18F50,6,2018,33630.70081193423,5,2018_bird_095_5_trip
2018-05-20T18:25:05Z,141.7923,40.79024,bird_095,K18F50,6,2018,34273.77621350382,5,2018_bird_095_5_trip
2018-05-20T18:26:04Z,141.79847,40.79352000000001,bird_095,K18F50,6,2018,34873.218090817725,5,2018_bird_095_5_trip
2018-05-20T18:27:05Z,141.80423000000002,40.79756,bird_095,K18F50,6,2018,35521.73048318107,5,2018_bird_095_5_trip
2018-05-20T18:28:05Z,141.8107,40.80073,bird_095,K18F50,6,2018,36128.35188863458,5,2018_bird_095_5_trip
2018-05-20T18:29:04Z,141.81709,40.804269999999995,bird_095,K18F50,6,2018,36765.33135189814,5,2018_bird_095_5_trip
2018-05-20T18:30:05Z,141.82414000000003,40.80797999999999,bird_095,K18F50,6,2018,37451.98920813082,5,2018_bird_095_5_trip
2018-05-20T18:31:05Z,141.83109000000002,40.81185999999999,bird_095,K18F50,6,2018,38149.88129140588,5,2018_bird_095_5_trip
2018-05-20T18:32:04Z,141.83678,40.81511,bird_095,K18F50,6,2018,38728.51872674308,5,2018_bird_095_5_trip
2018-05-20T18:33:05Z,141.8441,40.81871,bird_095,K18F50,6,2018,39423.01276904682,5,2018_bird_095_5_trip
2018-05-20T18:34:05Z,141.85077,40.82217000000001,bird_095,K18F50,6,2018,40072.773120061334,5,2018_bird_095_5_trip
2018-05-20T18:35:04Z,141.85809000000003,40.82502,bird_095,K18F50,6,2018,40704.90865260186,5,2018_bird_095_5_trip
2018-05-20T18:36:05Z,141.86422000000002,40.82845,bird_095,K18F50,6,2018,41325.85886478557,5,2018_bird_095_5_trip
2018-05-20T18:37:05Z,141.86951,40.83203,bird_095,K18F50,6,2018,41915.656784554645,5,2018_bird_095_5_trip
2018-05-20T18:38:05Z,141.87478,40.83627,bird_095,K18F50,6,2018,42561.41174108759,5,2018_bird_095_5_trip
2018-05-20T18:39:04Z,141.88032000000004,40.83964,bird_095,K18F50,6,2018,43146.82003759709,5,2018_bird_095_5_trip
2018-05-20T18:40:05Z,141.88623000000004,40.84327999999999,bird_095,K18F50,6,2018,43775.56298037213,5,2018_bird_095_5_trip
2018-05-20T18:41:05Z,141.89149000000003,40.84677,bird_095,K18F50,6,2018,44356.87120068783,5,2018_bird_095_5_trip
2018-05-20T18:42:05Z,141.8959,40.850359999999995,bird_095,K18F50,6,2018,44901.12610751717,5,2018_bird_095_5_trip
2018-05-20T18:43:05Z,141.90038,40.853919999999995,bird_095,K18F50,6,2018,45446.600940140466,5,2018_bird_095_5_trip
2018-05-20T18:44:05Z,141.90461,40.85859,bird_095,K18F50,6,2018,46073.46135434828,5,2018_bird_095_5_trip
2018-05-20T18:45:05Z,141.90952,40.86227,bird_095,K18F50,6,2018,46652.30940826451,5,2018_bird_095_5_trip
2018-05-20T18:46:05Z,141.91537,40.86603,bird_095,K18F50,6,2018,47288.79669651343,5,2018_bird_095_5_trip
2018-05-20T18:47:04Z,141.91977999999995,40.86938,bird_095,K18F50,6,2018,47812.66908384935,5,2018_bird_095_5_trip
2018-05-20T18:48:05Z,141.92438,40.87321,bird_095,K18F50,6,2018,48387.71856817409,5,2018_bird_095_5_trip
2018-05-20T18:49:05Z,141.92742000000004,40.8763,bird_095,K18F50,6,2018,48815.3281399341,5,2018_bird_095_5_trip
2018-05-20T18:50:05Z,141.93054999999998,40.87979,bird_095,K18F50,6,2018,49281.88927351774,5,2018_bird_095_5_trip
2018-05-20T18:51:05Z,141.9351,40.882459999999995,bird_095,K18F50,6,2018,49755.42470721904,5,2018_bird_095_5_trip
2018-05-20T18:52:05Z,141.94057999999998,40.88656,bird_095,K18F50,6,2018,50401.13232389482,5,2018_bird_095_5_trip
2018-05-20T18:53:04Z,141.94553,40.89003,bird_095,K18F50,6,2018,50964.621179822105,5,2018_bird_095_5_trip
2018-05-20T18:54:04Z,141.95110000000005,40.894679999999994,bird_095,K18F50,6,2018,51662.00013896703,5,2018_bird_095_5_trip
2018-05-20T18:55:04Z,141.95797000000002,40.89828,bird_095,K18F50,6,2018,52341.30943981089,5,2018_bird_095_5_trip
2018-05-20T18:56:04Z,141.96352,40.90279,bird_095,K18F50,6,2018,53025.822716079245,5,2018_bird_095_5_trip
2018-05-20T18:57:05Z,141.96739000000002,40.907799999999995,bird_095,K18F50,6,2018,53660.90672093552,5,2018_bird_095_5_trip
2018-05-20T18:58:05Z,141.97223000000002,40.91197,bird_095,K18F50,6,2018,54277.83351904662,5,2018_bird_095_5_trip
2018-05-20T18:59:05Z,141.97851,40.91514,bird_095,K18F50,6,2018,54888.88391656112,5,2018_bird_095_5_trip
2018-05-20T19:00:05Z,141.98314000000002,40.91909,bird_095,K18F50,6,2018,55475.75221347596,5,2018_bird_095_5_trip
2018-05-20T19:01:05Z,141.98973,40.92196,bird_095,K18F50,6,2018,56079.162950052305,5,2018_bird_095_5_trip
2018-05-20T19:02:05Z,141.99733000000003,40.92388,bird_095,K18F50,6,2018,56659.666615973314,5,2018_bird_095_5_trip
2018-05-20T19:03:05Z,142.00296,40.92718,bird_095,K18F50,6,2018,57247.704135295986,5,2018_bird_095_5_trip
2018-05-20T19:04:05Z,142.00978999999998,40.93037,bird_095,K18F50,6,2018,57893.62321206897,5,2018_bird_095_5_trip
2018-05-20T19:05:05Z,142.01763,40.93242,bird_095,K18F50,6,2018,58502.27214509943,5,2018_bird_095_5_trip
2018-05-20T19:06:05Z,142.02445,40.93378,bird_095,K18F50,6,2018,58998.47607935228,5,2018_bird_095_5_trip
2018-05-20T19:07:04Z,142.03240000000002,40.93424,bird_095,K18F50,6,2018,59487.0437170075,5,2018_bird_095_5_trip
2018-05-20T19:08:05Z,142.04044000000002,40.93516,bird_095,K18F50,6,2018,60021.72957258618,5,2018_bird_095_5_trip
2018-05-20T19:09:05Z,142.04908999999998,40.93612,bird_095,K18F50,6,2018,60597.9867441482,5,2018_bird_095_5_trip
2018-05-20T19:10:05Z,142.05796,40.93659,bird_095,K18F50,6,2018,61151.315136172314,5,2018_bird_095_5_trip
2018-05-20T19:11:05Z,142.06393,40.93905,bird_095,K18F50,6,2018,61696.97538539128,5,2018_bird_095_5_trip
2018-05-20T19:12:05Z,142.07221,40.94002,bird_095,K18F50,6,2018,62260.67038536427,5,2018_bird_095_5_trip
2018-05-20T19:13:04Z,142.07643000000002,40.94089,bird_095,K18F50,6,2018,62578.76935429512,5,2018_bird_095_5_trip
2018-05-20T19:14:04Z,142.0806,40.9427,bird_095,K18F50,6,2018,62968.585776821266,5,2018_bird_095_5_trip
2018-05-20T19:15:06Z,142.08428,40.94619,bird_095,K18F50,6,2018,63462.04118159288,5,2018_bird_095_5_trip
2018-05-20T19:16:04Z,142.08771000000002,40.94657,bird_095,K18F50,6,2018,63695.36090413138,5,2018_bird_095_5_trip
2018-05-20T19:17:05Z,142.09005,40.94705,bird_095,K18F50,6,2018,63872.16932392529,5,2018_bird_095_5_trip
2018-05-20T19:18:04Z,142.09427,40.94475,bird_095,K18F50,6,2018,63943.75799812429,5,2018_bird_095_5_trip
2018-05-20T19:19:07Z,142.09878,40.94814,bird_095,K18F50,6,2018,64478.4950964384,5,2018_bird_095_5_trip
2018-05-20T19:20:07Z,142.10264,40.95203,bird_095,K18F50,6,2018,65013.38998228817,5,2018_bird_095_5_trip
2018-05-20T19:21:33Z,142.11084,40.95595,bird_095,K18F50,6,2018,65810.43033767561,5,2018_bird_095_5_trip
2018-05-20T19:22:04Z,142.11365999999995,40.95707999999999,bird_095,K18F50,6,2018,66067.65571277833,5,2018_bird_095_5_trip
2018-05-20T19:23:05Z,142.11949999999996,40.9571,bird_095,K18F50,6,2018,66420.68880239347,5,2018_bird_095_5_trip
2018-05-20T19:24:05Z,142.12624000000002,40.957139999999995,bird_095,K18F50,6,2018,66831.6360884824,5,2018_bird_095_5_trip
2018-05-20T19:25:05Z,142.1314,40.958679999999994,bird_095,K18F50,6,2018,67263.5529805875,5,2018_bird_095_5_trip
2018-05-20T19:26:05Z,142.1373,40.95923,bird_095,K18F50,6,2018,67665.41088551095,5,2018_bird_095_5_trip
2018-05-20T19:27:05Z,142.14395999999996,40.95967,bird_095,K18F50,6,2018,68106.88186494197,5,2018_bird_095_5_trip
2018-05-20T19:28:05Z,142.15187,40.95825,bird_095,K18F50,6,2018,68487.11288294634,5,2018_bird_095_5_trip
2018-05-20T19:29:05Z,142.1591,40.954089999999994,bird_095,K18F50,6,2018,68625.53453321235,5,2018_bird_095_5_trip
2018-05-20T19:30:04Z,142.16191,40.94938,bird_095,K18F50,6,2018,68453.07444434887,5,2018_bird_095_5_trip
2018-05-20T19:31:04Z,142.16637,40.94474,bird_095,K18F50,6,2018,68394.85645274025,5,2018_bird_095_5_trip
2018-05-20T19:32:04Z,142.16613,40.93832,bird_095,K18F50,6,2018,67913.36952105848,5,2018_bird_095_5_trip
2018-05-20T19:33:04Z,142.16526,40.93192,bird_095,K18F50,6,2018,67396.88095869473,5,2018_bird_095_5_trip
2018-05-20T19:34:04Z,142.17235,40.928610000000006,bird_095,K18F50,6,2018,67619.06912956004,5,2018_bird_095_5_trip
2018-05-20T19:35:05Z,142.18031000000002,40.92815000000001,bird_095,K18F50,6,2018,68104.48915180269,5,2018_bird_095_5_trip
2018-05-20T19:36:05Z,142.18834000000004,40.92842,bird_095,K18F50,6,2018,68648.56709060477,5,2018_bird_095_5_trip
2018-05-20T19:37:05Z,142.19584,40.92858,bird_095,K18F50,6,2018,69152.50324470807,5,2018_bird_095_5_trip
2018-05-20T19:38:05Z,142.20375999999996,40.92931000000001,bird_095,K18F50,6,2018,69725.53087705692,5,2018_bird_095_5_trip
2018-05-20T19:39:05Z,142.2124,40.92949,bird_095,K18F50,6,2018,70310.60126320845,5,2018_bird_095_5_trip
2018-05-20T19:40:05Z,142.22157,40.92918,bird_095,K18F50,6,2018,70900.61450826767,5,2018_bird_095_5_trip
2018-05-20T19:41:05Z,142.23068999999998,40.92903,bird_095,K18F50,6,2018,71501.5325390965,5,2018_bird_095_5_trip
2018-05-20T19:42:04Z,142.23698,40.93133,bird_095,K18F50,6,2018,72078.22244433359,5,2018_bird_095_5_trip
2018-05-20T19:43:04Z,142.24257999999998,40.93171,bird_095,K18F50,6,2018,72480.68397177455,5,2018_bird_095_5_trip
2018-05-20T19:44:05Z,142.247,40.93229,bird_095,K18F50,6,2018,72817.52563822156,5,2018_bird_095_5_trip
2018-05-20T19:45:05Z,142.25240000000002,40.93317,bird_095,K18F50,6,2018,73240.92723796132,5,2018_bird_095_5_trip
2018-05-20T19:46:05Z,142.26023,40.933330000000005,bird_095,K18F50,6,2018,73782.4687144018,5,2018_bird_095_5_trip
2018-05-20T19:47:04Z,142.26809,40.933330000000005,bird_095,K18F50,6,2018,74317.57441941116,5,2018_bird_095_5_trip
2018-05-20T19:48:04Z,142.27514999999997,40.93334,bird_095,K18F50,6,2018,74800.62385488002,5,2018_bird_095_5_trip
2018-05-20T19:49:05Z,142.27955999999995,40.92984,bird_095,K18F50,6,2018,74877.89403150907,5,2018_bird_095_5_trip
2018-05-20T19:50:04Z,142.2851,40.928630000000005,bird_095,K18F50,6,2018,75182.48977850175,5,2018_bird_095_5_trip
2018-05-20T19:51:05Z,142.2925,40.92799,bird_095,K18F50,6,2018,75653.88819285674,5,2018_bird_095_5_trip
2018-05-20T19:52:05Z,142.30106,40.92718,bird_095,K18F50,6,2018,76197.68014197142,5,2018_bird_095_5_trip
2018-05-20T19:53:05Z,142.30944000000002,40.92688,bird_095,K18F50,6,2018,76763.56240066567,5,2018_bird_095_5_trip
2018-05-20T19:54:05Z,142.31786,40.92672,bird_095,K18F50,6,2018,77343.21563376512,5,2018_bird_095_5_trip
2018-05-20T19:55:04Z,142.32644000000005,40.926550000000006,bird_095,K18F50,6,2018,77935.70869350065,5,2018_bird_095_5_trip
2018-05-20T19:56:05Z,142.3352,40.92602,bird_095,K18F50,6,2018,78521.38114054991,5,2018_bird_095_5_trip
2018-05-20T19:57:05Z,142.34233000000003,40.92510000000001,bird_095,K18F50,6,2018,78970.72706211072,5,2018_bird_095_5_trip
2018-05-20T19:58:04Z,142.35162000000005,40.92354,bird_095,K18F50,6,2018,79538.03453822463,5,2018_bird_095_5_trip
2018-05-20T19:59:05Z,142.36140000000003,40.921679999999995,bird_095,K18F50,6,2018,80126.92207261568,5,2018_bird_095_5_trip
2018-05-20T20:00:05Z,142.37072,40.919619999999995,bird_095,K18F50,6,2018,80675.88982279596,5,2018_bird_095_5_trip
2018-05-20T20:01:05Z,142.36710000000002,40.91379,bird_095,K18F50,6,2018,80079.47460944233,5,2018_bird_095_5_trip
2018-05-20T20:02:05Z,142.364,40.910599999999995,bird_095,K18F50,6,2018,79673.07833299693,5,2018_bird_095_5_trip
2018-05-20T20:03:06Z,142.35929000000002,40.90572,bird_095,K18F50,6,2018,79054.38703230985,5,2018_bird_095_5_trip
2018-05-20T20:04:04Z,142.35325,40.90248,bird_095,K18F50,6,2018,78433.04352798412,5,2018_bird_095_5_trip
2018-05-20T20:05:04Z,142.34683,40.8995,bird_095,K18F50,6,2018,77798.93840986714,5,2018_bird_095_5_trip
2018-05-20T20:06:05Z,142.34037,40.89618,bird_095,K18F50,6,2018,77142.61866993128,5,2018_bird_095_5_trip
2018-05-20T20:07:05Z,142.33406,40.89225,bird_095,K18F50,6,2018,76462.6051004026,5,2018_bird_095_5_trip
2018-05-20T20:08:04Z,142.32758,40.88956,bird_095,K18F50,6,2018,75840.5158752013,5,2018_bird_095_5_trip
2018-05-20T20:09:04Z,142.32125000000002,40.88731,bird_095,K18F50,6,2018,75254.23520269505,5,2018_bird_095_5_trip
2018-05-20T20:10:05Z,142.31461,40.883019999999995,bird_095,K18F50,6,2018,74529.86865614257,5,2018_bird_095_5_trip
2018-05-20T20:11:05Z,142.30784000000003,40.87859,bird_095,K18F50,6,2018,73788.3342107564,5,2018_bird_095_5_trip
2018-05-20T20:12:04Z,142.30159,40.87504,bird_095,K18F50,6,2018,73134.31602259623,5,2018_bird_095_5_trip
2018-05-20T20:13:04Z,142.29516999999998,40.87063,bird_095,K18F50,6,2018,72419.65931580332,5,2018_bird_095_5_trip
2018-05-20T20:14:05Z,142.28834000000003,40.86675,bird_095,K18F50,6,2018,71705.09194209374,5,2018_bird_095_5_trip
2018-05-20T20:15:04Z,142.28215,40.8644,bird_095,K18F50,6,2018,71122.87360813287,5,2018_bird_095_5_trip
2018-05-20T20:16:04Z,142.2753,40.86101,bird_095,K18F50,6,2018,70434.29247903063,5,2018_bird_095_5_trip
2018-05-20T20:17:04Z,142.26959999999997,40.859399999999994,bird_095,K18F50,6,2018,69929.23828206143,5,2018_bird_095_5_trip
2018-05-20T20:18:05Z,142.26400999999998,40.85833,bird_095,K18F50,6,2018,69462.71127636025,5,2018_bird_095_5_trip
2018-05-20T20:19:05Z,142.25674,40.85701999999999,bird_095,K18F50,6,2018,68861.00375013908,5,2018_bird_095_5_trip
2018-05-20T20:20:05Z,142.25095,40.85633,bird_095,K18F50,6,2018,68402.25500832878,5,2018_bird_095_5_trip
2018-05-20T20:21:05Z,142.24448999999998,40.85518,bird_095,K18F50,6,2018,67869.2821613652,5,2018_bird_095_5_trip
2018-05-20T20:22:04Z,142.23805,40.853649999999995,bird_095,K18F50,6,2018,67316.38639235446,5,2018_bird_095_5_trip
2018-05-20T20:23:04Z,142.23262,40.85381999999999,bird_095,K18F50,6,2018,66934.52770125002,5,2018_bird_095_5_trip
2018-05-20T20:24:05Z,142.22575999999998,40.85219,bird_095,K18F50,6,2018,66346.42045584127,5,2018_bird_095_5_trip
2018-05-20T20:25:05Z,142.21903999999998,40.84896,bird_095,K18F50,6,2018,65675.8538508291,5,2018_bird_095_5_trip
2018-05-20T20:26:05Z,142.2122,40.84569,bird_095,K18F50,6,2018,64994.31352650395,5,2018_bird_095_5_trip
2018-05-20T20:27:06Z,142.20472999999998,40.843219999999995,bird_095,K18F50,6,2018,64313.82285751872,5,2018_bird_095_5_trip
2018-05-20T20:28:05Z,142.19751,40.84079,bird_095,K18F50,6,2018,63653.74688970019,5,2018_bird_095_5_trip
2018-05-20T20:29:05Z,142.19104000000002,40.837039999999995,bird_095,K18F50,6,2018,62970.79723689885,5,2018_bird_095_5_trip
2018-05-20T20:30:05Z,142.18605,40.83159,bird_095,K18F50,6,2018,62296.15089395253,5,2018_bird_095_5_trip
2018-05-20T20:31:05Z,142.18323,40.8269,bird_095,K18F50,6,2018,61823.267178128495,5,2018_bird_095_5_trip
2018-05-20T20:32:05Z,142.17972999999998,40.82137,bird_095,K18F50,6,2018,61255.14364008281,5,2018_bird_095_5_trip
2018-05-20T20:33:04Z,142.17478999999997,40.81613,bird_095,K18F50,6,2018,60600.7053449212,5,2018_bird_095_5_trip
2018-05-20T20:34:05Z,142.16996999999998,40.810649999999995,bird_095,K18F50,6,2018,59943.028533862,5,2018_bird_095_5_trip
2018-05-20T20:35:05Z,142.16349,40.80751,bird_095,K18F50,6,2018,59295.14057536873,5,2018_bird_095_5_trip
2018-05-20T20:36:04Z,142.15808,40.80304,bird_095,K18F50,6,2018,58651.79125106357,5,2018_bird_095_5_trip
2018-05-20T20:37:04Z,142.15382,40.80053,bird_095,K18F50,6,2018,58201.29589254528,5,2018_bird_095_5_trip
2018-05-20T20:38:05Z,142.14857999999998,40.79569000000001,bird_095,K18F50,6,2018,57551.01625260772,5,2018_bird_095_5_trip
2018-05-20T20:39:05Z,142.14406999999997,40.79324,bird_095,K18F50,6,2018,57085.74130384743,5,2018_bird_095_5_trip
2018-05-20T20:40:05Z,142.13754,40.78965,bird_095,K18F50,6,2018,56409.794836720444,5,2018_bird_095_5_trip
2018-05-20T20:41:04Z,142.13038,40.78676,bird_095,K18F50,6,2018,55725.75644496633,5,2018_bird_095_5_trip
2018-05-20T20:42:05Z,142.12224000000003,40.78419,bird_095,K18F50,6,2018,54987.21827289493,5,2018_bird_095_5_trip
2018-05-20T20:43:04Z,142.11849,40.78207,bird_095,K18F50,6,2018,54595.76697059583,5,2018_bird_095_5_trip
2018-05-20T20:44:05Z,142.11142,40.780170000000005,bird_095,K18F50,6,2018,53972.55808721715,5,2018_bird_095_5_trip
2018-05-20T20:45:06Z,142.10584999999998,40.778560000000006,bird_095,K18F50,6,2018,53475.50361483849,5,2018_bird_095_5_trip
2018-05-20T20:46:04Z,142.10043000000002,40.77484,bird_095,K18F50,6,2018,52873.52912939467,5,2018_bird_095_5_trip
2018-05-20T20:47:05Z,142.09453,40.77069,bird_095,K18F50,6,2018,52213.109568608576,5,2018_bird_095_5_trip
2018-05-20T20:48:06Z,142.08728000000002,40.769070000000006,bird_095,K18F50,6,2018,51591.74051762682,5,2018_bird_095_5_trip
2018-05-20T20:49:05Z,142.08152,40.76642,bird_095,K18F50,6,2018,51023.54491769919,5,2018_bird_095_5_trip
2018-05-20T20:50:04Z,142.07574999999997,40.76471000000001,bird_095,K18F50,6,2018,50506.14673688189,5,2018_bird_095_5_trip
2018-05-20T20:51:05Z,142.06989,40.76186,bird_095,K18F50,6,2018,49919.58590296848,5,2018_bird_095_5_trip
2018-05-20T20:52:06Z,142.06396999999998,40.7573,bird_095,K18F50,6,2018,49235.150990210714,5,2018_bird_095_5_trip
2018-05-20T20:53:05Z,142.05839000000003,40.753350000000005,bird_095,K18F50,6,2018,48609.55517814347,5,2018_bird_095_5_trip
2018-05-20T20:54:05Z,142.0516,40.75074,bird_095,K18F50,6,2018,47967.62523603867,5,2018_bird_095_5_trip
2018-05-20T20:55:04Z,142.04498999999998,40.75055,bird_095,K18F50,6,2018,47470.96590859104,5,2018_bird_095_5_trip
2018-05-20T20:56:04Z,142.03966999999997,40.7471,bird_095,K18F50,6,2018,46891.269559009,5,2018_bird_095_5_trip
2018-05-20T20:57:05Z,142.03324,40.743210000000005,bird_095,K18F50,6,2018,46206.14837883888,5,2018_bird_095_5_trip
2018-05-20T20:58:05Z,142.02963,40.74089,bird_095,K18F50,6,2018,45814.22744652948,5,2018_bird_095_5_trip
2018-05-20T20:59:05Z,142.02432000000002,40.73708,bird_095,K18F50,6,2018,45216.524603597536,5,2018_bird_095_5_trip
2018-05-20T21:00:05Z,142.02066,40.73268,bird_095,K18F50,6,2018,44709.99643035583,5,2018_bird_095_5_trip
2018-05-20T21:01:06Z,142.02117,40.73199,bird_095,K18F50,6,2018,44711.126996967534,5,2018_bird_095_5_trip
2018-05-20T21:02:05Z,142.01605999999998,40.72870000000001,bird_095,K18F50,6,2018,44157.46836610552,5,2018_bird_095_5_trip
2018-05-20T21:03:05Z,142.01219,40.72409,bird_095,K18F50,6,2018,43627.32843793795,5,2018_bird_095_5_trip
2018-05-20T21:04:05Z,142.00625,40.72305000000001,bird_095,K18F50,6,2018,43130.273904140464,5,2018_bird_095_5_trip
2018-05-20T21:05:04Z,142.00077,40.72245000000001,bird_095,K18F50,6,2018,42691.076659191785,5,2018_bird_095_5_trip
2018-05-20T21:06:04Z,141.99507,40.72272000000001,bird_095,K18F50,6,2018,42282.608029700845,5,2018_bird_095_5_trip
2018-05-20T21:07:04Z,141.989,40.72195000000001,bird_095,K18F50,6,2018,41792.29321388964,5,2018_bird_095_5_trip
2018-05-20T21:08:04Z,141.98339000000001,40.72045000000001,bird_095,K18F50,6,2018,41297.09225406917,5,2018_bird_095_5_trip
2018-05-20T21:09:04Z,141.98165,40.72346,bird_095,K18F50,6,2018,41333.02064545861,5,2018_bird_095_5_trip
2018-05-20T21:10:04Z,141.9764,40.725480000000005,bird_095,K18F50,6,2018,41060.54889859439,5,2018_bird_095_5_trip
2018-05-20T21:11:04Z,141.97065999999998,40.724700000000006,bird_095,K18F50,6,2018,40598.27974581844,5,2018_bird_095_5_trip
2018-05-20T21:12:05Z,141.96498,40.722080000000005,bird_095,K18F50,6,2018,40037.13924926887,5,2018_bird_095_5_trip
2018-05-20T21:13:06Z,141.95868000000002,40.71967,bird_095,K18F50,6,2018,39442.67009567305,5,2018_bird_095_5_trip
2018-05-20T21:14:04Z,141.95302,40.71858,bird_095,K18F50,6,2018,38969.48031431976,5,2018_bird_095_5_trip
2018-05-20T21:15:04Z,141.94677,40.71884,bird_095,K18F50,6,2018,38531.42058750557,5,2018_bird_095_5_trip
2018-05-20T21:16:04Z,141.93946,40.71824,bird_095,K18F50,6,2018,37969.36907242371,5,2018_bird_095_5_trip
2018-05-20T21:17:04Z,141.93328,40.71649,bird_095,K18F50,6,2018,37422.8932938136,5,2018_bird_095_5_trip
2018-05-20T21:18:05Z,141.92848000000004,40.71356,bird_095,K18F50,6,2018,36906.85608295394,5,2018_bird_095_5_trip
2018-05-20T21:19:05Z,141.92282000000003,40.71032,bird_095,K18F50,6,2018,36310.96981757224,5,2018_bird_095_5_trip
2018-05-20T21:20:04Z,141.91725,40.70713000000001,bird_095,K18F50,6,2018,35724.533080471585,5,2018_bird_095_5_trip
2018-05-20T21:21:04Z,141.91048,40.70447,bird_095,K18F50,6,2018,35082.39129738347,5,2018_bird_095_5_trip
2018-05-20T21:22:04Z,141.90693000000002,40.70053000000001,bird_095,K18F50,6,2018,34598.44001898788,5,2018_bird_095_5_trip
2018-05-20T21:23:05Z,141.90692,40.70016,bird_095,K18F50,6,2018,34576.45065056437,5,2018_bird_095_5_trip
2018-05-20T21:24:05Z,141.90698,40.69973000000001,bird_095,K18F50,6,2018,34556.12392539886,5,2018_bird_095_5_trip
2018-05-20T21:25:06Z,141.90686,40.699450000000006,bird_095,K18F50,6,2018,34531.39704828989,5,2018_bird_095_5_trip
2018-05-20T21:26:05Z,141.90704000000002,40.69897000000001,bird_095,K18F50,6,2018,34516.994023599465,5,2018_bird_095_5_trip
2018-05-20T21:27:06Z,141.90687,40.69887000000001,bird_095,K18F50,6,2018,34498.961071408026,5,2018_bird_095_5_trip
2018-05-20T21:28:07Z,141.9068,40.69867000000001,bird_095,K18F50,6,2018,34482.47119174757,5,2018_bird_095_5_trip
2018-05-20T21:29:04Z,141.90505,40.69744,bird_095,K18F50,6,2018,34285.42740533562,5,2018_bird_095_5_trip
2018-05-20T21:30:05Z,141.89860000000002,40.693560000000005,bird_095,K18F50,6,2018,33596.576995447205,5,2018_bird_095_5_trip
2018-05-20T21:31:05Z,141.89149000000003,40.69066,bird_095,K18F50,6,2018,32915.424849116585,5,2018_bird_095_5_trip
2018-05-20T21:32:04Z,141.88498,40.68785,bird_095,K18F50,6,2018,32282.9648025577,5,2018_bird_095_5_trip
2018-05-20T21:33:04Z,141.87934,40.684619999999995,bird_095,K18F50,6,2018,31689.863789606865,5,2018_bird_095_5_trip
2018-05-20T21:34:05Z,141.87322,40.68142,bird_095,K18F50,6,2018,31063.63115138837,5,2018_bird_095_5_trip
2018-05-20T21:35:08Z,141.86614000000003,40.67822,bird_095,K18F50,6,2018,30367.544525714427,5,2018_bird_095_5_trip
2018-05-20T21:36:04Z,141.86061,40.67531000000001,bird_095,K18F50,6,2018,29800.64970243572,5,2018_bird_095_5_trip
2018-05-20T21:37:06Z,141.85598000000002,40.67125,bird_095,K18F50,6,2018,29235.05433499687,5,2018_bird_095_5_trip
2018-05-20T21:38:04Z,141.85092000000003,40.66794,bird_095,K18F50,6,2018,28680.645849773697,5,2018_bird_095_5_trip
2018-05-20T21:39:04Z,141.84522,40.6645,bird_095,K18F50,6,2018,28072.44958646701,5,2018_bird_095_5_trip
2018-05-20T21:40:05Z,141.83978,40.660590000000006,bird_095,K18F50,6,2018,27457.93871936048,5,2018_bird_095_5_trip
2018-05-20T21:41:05Z,141.83388,40.65707999999999,bird_095,K18F50,6,2018,26831.95500476428,5,2018_bird_095_5_trip
2018-05-20T21:42:05Z,141.82792000000003,40.65383,bird_095,K18F50,6,2018,26215.891597846145,5,2018_bird_095_5_trip
2018-05-20T21:43:05Z,141.82255,40.649730000000005,bird_095,K18F50,6,2018,25598.145257040283,5,2018_bird_095_5_trip
2018-05-20T21:44:05Z,141.81653,40.64616,bird_095,K18F50,6,2018,24961.289176183796,5,2018_bird_095_5_trip
2018-05-20T21:45:06Z,141.81065999999998,40.6424,bird_095,K18F50,6,2018,24326.04724763816,5,2018_bird_095_5_trip
2018-05-20T21:46:04Z,141.80481,40.63873000000001,bird_095,K18F50,6,2018,23697.673901011847,5,2018_bird_095_5_trip
2018-05-20T21:47:05Z,141.79873,40.63481,bird_095,K18F50,6,2018,23039.870824736612,5,2018_bird_095_5_trip
2018-05-20T21:48:04Z,141.79323,40.63058,bird_095,K18F50,6,2018,22410.98133442275,5,2018_bird_095_5_trip
2018-05-20T21:49:05Z,141.78678,40.62743,bird_095,K18F50,6,2018,21766.002756539117,5,2018_bird_095_5_trip
2018-05-20T21:50:04Z,141.78034000000002,40.62521000000001,bird_095,K18F50,6,2018,21168.549564690515,5,2018_bird_095_5_trip
2018-05-20T21:51:05Z,141.77475999999996,40.62236000000001,bird_095,K18F50,6,2018,20604.367600132133,5,2018_bird_095_5_trip
2018-05-20T21:52:05Z,141.7694,40.61979,bird_095,K18F50,6,2018,20070.966475546666,5,2018_bird_095_5_trip
2018-05-20T21:53:06Z,141.76476999999997,40.6176,bird_095,K18F50,6,2018,19611.789543021845,5,2018_bird_095_5_trip
2018-05-20T21:54:05Z,141.75924,40.61495,bird_095,K18F50,6,2018,19061.770651170544,5,2018_bird_095_5_trip
2018-05-20T21:55:06Z,141.75296,40.61231000000001,bird_095,K18F50,6,2018,18455.44689958238,5,2018_bird_095_5_trip
2018-05-20T21:56:06Z,141.74654999999996,40.61023,bird_095,K18F50,6,2018,17866.807144887956,5,2018_bird_095_5_trip
2018-05-20T21:57:05Z,141.74031,40.60871000000001,bird_095,K18F50,6,2018,17318.90304591974,5,2018_bird_095_5_trip
2018-05-20T21:58:04Z,141.73534,40.606190000000005,bird_095,K18F50,6,2018,16817.55663951132,5,2018_bird_095_5_trip
2018-05-20T21:59:33Z,141.72818,40.602160000000005,bird_095,K18F50,6,2018,16076.198152839885,5,2018_bird_095_5_trip
2018-05-20T22:00:04Z,141.72508,40.6011,bird_095,K18F50,6,2018,15788.769854663296,5,2018_bird_095_5_trip
2018-05-20T22:01:05Z,141.71847,40.598220000000005,bird_095,K18F50,6,2018,15145.753538329353,5,2018_bird_095_5_trip
2018-05-20T22:02:05Z,141.71227,40.59441,bird_095,K18F50,6,2018,14489.735332471317,5,2018_bird_095_5_trip
2018-05-20T22:03:04Z,141.70763,40.58963,bird_095,K18F50,6,2018,13911.450188193285,5,2018_bird_095_5_trip
2018-05-20T22:04:05Z,141.70702,40.58857,bird_095,K18F50,6,2018,13816.690661685909,5,2018_bird_095_5_trip
2018-05-20T22:05:04Z,141.70524999999998,40.58799,bird_095,K18F50,6,2018,13653.596346900886,5,2018_bird_095_5_trip
2018-05-20T22:06:04Z,141.70147,40.584869999999995,bird_095,K18F50,6,2018,13222.884384997607,5,2018_bird_095_5_trip
2018-05-20T22:07:04Z,141.69718,40.58176,bird_095,K18F50,6,2018,12755.41254440066,5,2018_bird_095_5_trip
2018-05-20T22:08:05Z,141.69185,40.57903,bird_095,K18F50,6,2018,12223.902565438148,5,2018_bird_095_5_trip
2018-05-20T22:09:04Z,141.68685,40.57627,bird_095,K18F50,6,2018,11718.398587465092,5,2018_bird_095_5_trip
2018-05-20T22:10:05Z,141.68030000000002,40.57396,bird_095,K18F50,6,2018,11108.872793185805,5,2018_bird_095_5_trip
2018-05-20T22:11:05Z,141.67394999999996,40.57176,bird_095,K18F50,6,2018,10519.638059909266,5,2018_bird_095_5_trip
2018-05-20T22:12:05Z,141.66774999999998,40.570350000000005,bird_095,K18F50,6,2018,9973.081979581078,5,2018_bird_095_5_trip
2018-05-20T22:13:05Z,141.66179,40.56741,bird_095,K18F50,6,2018,9386.506648879054,5,2018_bird_095_5_trip
2018-05-20T22:14:04Z,141.65562,40.5656,bird_095,K18F50,6,2018,8826.801007554617,5,2018_bird_095_5_trip
2018-05-20T22:15:04Z,141.64961999999997,40.56352,bird_095,K18F50,6,2018,8270.58685421585,5,2018_bird_095_5_trip
2018-05-20T22:16:04Z,141.64304999999996,40.56069,bird_095,K18F50,6,2018,7641.957993063669,5,2018_bird_095_5_trip
2018-05-20T22:17:05Z,141.63609,40.55801,bird_095,K18F50,6,2018,6988.829272880421,5,2018_bird_095_5_trip
2018-05-20T22:18:04Z,141.62904,40.55557,bird_095,K18F50,6,2018,6337.732909387537,5,2018_bird_095_5_trip
2018-05-20T22:19:04Z,141.62231000000003,40.55302,bird_095,K18F50,6,2018,5710.236304995056,5,2018_bird_095_5_trip
2018-05-20T22:20:05Z,141.61532,40.54929,bird_095,K18F50,6,2018,5031.21603425733,5,2018_bird_095_5_trip
2018-05-20T22:21:04Z,141.60849000000002,40.54779,bird_095,K18F50,6,2018,4429.788444356128,5,2018_bird_095_5_trip
2018-05-20T22:22:07Z,141.60187,40.54634,bird_095,K18F50,6,2018,3847.119298821608,5,2018_bird_095_5_trip
2018-05-20T22:23:05Z,141.59616,40.54553000000001,bird_095,K18F50,6,2018,3355.6088795920546,5,2018_bird_095_5_trip
2018-05-20T22:24:06Z,141.5901,40.54521,bird_095,K18F50,6,2018,2848.9693606261926,5,2018_bird_095_5_trip
2018-05-20T22:25:05Z,141.58363,40.54447999999999,bird_095,K18F50,6,2018,2299.333993211087,5,2018_bird_095_5_trip
2018-05-20T22:26:05Z,141.57769,40.54321,bird_095,K18F50,6,2018,1776.8211649615776,5,2018_bird_095_5_trip
2018-05-20T22:27:05Z,141.57218,40.54256,bird_095,K18F50,6,2018,1310.632799557961,5,2018_bird_095_5_trip
2018-05-14T05:27:04Z,141.54485999999997,40.54262,bird_042,K18F51,17,2018,1167.943953317611,1,2018_bird_042_1_trip
2018-05-14T05:28:04Z,141.53822000000002,40.54376,bird_042,K18F51,17,2018,1738.9314379063592,1,2018_bird_042_1_trip
2018-05-14T05:29:04Z,141.53033000000002,40.54536,bird_042,K18F51,17,2018,2429.1124478798847,1,2018_bird_042_1_trip
2018-05-14T05:30:06Z,141.52211000000003,40.54691,bird_042,K18F51,17,2018,3144.9745260137306,1,2018_bird_042_1_trip
2018-05-14T05:31:06Z,141.51388999999998,40.54731,bird_042,K18F51,17,2018,3827.150021152264,1,2018_bird_042_1_trip
2018-05-14T05:32:05Z,141.51404999999997,40.54747999999999,bird_042,K18F51,17,2018,3818.8596600444184,1,2018_bird_042_1_trip
2018-05-14T05:33:04Z,141.51382999999998,40.548,bird_042,K18F51,17,2018,3852.088792129148,1,2018_bird_042_1_trip
2018-05-14T05:34:04Z,141.51414,40.5479,bird_042,K18F51,17,2018,3823.806136924214,1,2018_bird_042_1_trip
2018-05-14T05:35:05Z,141.51428,40.54803,bird_042,K18F51,17,2018,3816.317493445712,1,2018_bird_042_1_trip
2018-05-14T05:36:03Z,141.51423,40.54825,bird_042,K18F51,17,2018,3827.1490850900736,1,2018_bird_042_1_trip
2018-05-14T05:37:04Z,141.51455999999996,40.548350000000006,bird_042,K18F51,17,2018,3803.460012459877,1,2018_bird_042_1_trip
2018-05-14T05:38:05Z,141.51378999999997,40.54772,bird_042,K18F51,17,2018,3847.06204801648,1,2018_bird_042_1_trip
2018-05-14T05:39:04Z,141.51286,40.54497,bird_042,K18F51,17,2018,3855.7294371618814,1,2018_bird_042_1_trip
2018-05-14T05:40:04Z,141.51281,40.54494,bird_042,K18F51,17,2018,3859.285841986243,1,2018_bird_042_1_trip
2018-05-14T05:41:04Z,141.51268,40.545010000000005,bird_042,K18F51,17,2018,3871.5331568463585,1,2018_bird_042_1_trip
2018-05-14T05:42:04Z,141.51272,40.545100000000005,bird_042,K18F51,17,2018,3870.049478624326,1,2018_bird_042_1_trip
2018-05-14T05:43:05Z,141.51259,40.54511000000001,bird_042,K18F51,17,2018,3881.0763198658865,1,2018_bird_042_1_trip
2018-05-14T05:44:05Z,141.51282,40.54502,bird_042,K18F51,17,2018,3860.079892157173,1,2018_bird_042_1_trip
2018-05-14T05:45:04Z,141.51262,40.54496,bird_042,K18F51,17,2018,3875.516430177863,1,2018_bird_042_1_trip
2018-05-14T05:46:04Z,141.51247,40.544979999999995,bird_042,K18F51,17,2018,3888.4151120087417,1,2018_bird_042_1_trip
2018-05-14T05:47:05Z,141.51245,40.545,bird_042,K18F51,17,2018,3890.4852571914616,1,2018_bird_042_1_trip
2018-05-14T05:48:06Z,141.51241000000002,40.544979999999995,bird_042,K18F51,17,2018,3893.413216751099,1,2018_bird_042_1_trip
2018-05-14T05:49:04Z,141.51196,40.5461,bird_042,K18F51,17,2018,3955.1604518396134,1,2018_bird_042_1_trip
2018-05-14T05:50:11Z,141.5102,40.54938,bird_042,K18F51,17,2018,4190.0588355511645,1,2018_bird_042_1_trip
2018-05-14T05:51:05Z,141.50533,40.54909,bird_042,K18F51,17,2018,4578.662041231187,1,2018_bird_042_1_trip
2018-05-14T05:52:04Z,141.50261,40.55057,bird_042,K18F51,17,2018,4844.284983893633,1,2018_bird_042_1_trip
2018-05-14T05:53:04Z,141.49932,40.55432,bird_042,K18F51,17,2018,5236.406362618535,1,2018_bird_042_1_trip
2018-05-14T05:54:04Z,141.49883000000003,40.55445999999999,bird_042,K18F51,17,2018,5280.717241558526,1,2018_bird_042_1_trip
2018-05-14T05:55:05Z,141.49892000000003,40.55447999999999,bird_042,K18F51,17,2018,5274.27130460053,1,2018_bird_042_1_trip
2018-05-14T05:56:03Z,141.49885,40.5545,bird_042,K18F51,17,2018,5280.601534764069,1,2018_bird_042_1_trip
2018-05-14T05:57:04Z,141.49893000000003,40.5545,bird_042,K18F51,17,2018,5274.215006987483,1,2018_bird_042_1_trip
2018-05-14T05:58:03Z,141.49899000000002,40.55439,bird_042,K18F51,17,2018,5265.350901789129,1,2018_bird_042_1_trip
2018-05-14T05:59:10Z,141.49873000000002,40.55453,bird_042,K18F51,17,2018,5291.2944497981625,1,2018_bird_042_1_trip
2018-05-14T06:00:08Z,141.49869,40.554579999999994,bird_042,K18F51,17,2018,5296.343322851367,1,2018_bird_042_1_trip
2018-05-14T06:01:06Z,141.49858,40.554599999999994,bird_042,K18F51,17,2018,5305.866408121581,1,2018_bird_042_1_trip
2018-05-14T06:02:06Z,141.49856,40.55461,bird_042,K18F51,17,2018,5307.834232325825,1,2018_bird_042_1_trip
2018-05-14T06:03:07Z,141.49842000000004,40.55465999999999,bird_042,K18F51,17,2018,5320.8664054388555,1,2018_bird_042_1_trip
2018-05-14T06:04:06Z,141.49844000000004,40.55467999999999,bird_042,K18F51,17,2018,5320.014193606074,1,2018_bird_042_1_trip
2018-05-14T06:05:33Z,141.49967999999998,40.55447999999999,bird_042,K18F51,17,2018,5213.6386033746685,1,2018_bird_042_1_trip
2018-05-14T06:06:03Z,141.49963,40.55441999999999,bird_042,K18F51,17,2018,5215.379757160252,1,2018_bird_042_1_trip
2018-05-14T06:07:03Z,141.49964,40.55453,bird_042,K18F51,17,2018,5218.704507764414,1,2018_bird_042_1_trip
2018-05-14T06:08:02Z,141.49966999999998,40.55452,bird_042,K18F51,17,2018,5215.937648274548,1,2018_bird_042_1_trip
2018-05-14T06:09:03Z,141.49964,40.55453,bird_042,K18F51,17,2018,5218.704507764414,1,2018_bird_042_1_trip
2018-05-14T06:10:02Z,141.49963,40.554489999999994,bird_042,K18F51,17,2018,5217.999751986134,1,2018_bird_042_1_trip
2018-05-14T06:11:04Z,141.49964,40.554489999999994,bird_042,K18F51,17,2018,5217.202530940578,1,2018_bird_042_1_trip
2018-05-14T06:12:02Z,141.49966999999998,40.55443,bird_042,K18F51,17,2018,5212.563246571726,1,2018_bird_042_1_trip
2018-05-14T06:13:02Z,141.49961,40.55445,bird_042,K18F51,17,2018,5218.096302935066,1,2018_bird_042_1_trip
2018-05-14T06:14:03Z,141.49964999999997,40.554399999999994,bird_042,K18F51,17,2018,5213.037615450649,1,2018_bird_042_1_trip
2018-05-14T06:15:02Z,141.49964999999997,40.55443,bird_042,K18F51,17,2018,5214.158298754839,1,2018_bird_042_1_trip
2018-05-14T06:16:04Z,141.50058,40.55465999999999,bird_042,K18F51,17,2018,5148.834804696873,1,2018_bird_042_1_trip
2018-05-14T06:17:04Z,141.50193000000002,40.55846,bird_042,K18F51,17,2018,5205.775884173379,1,2018_bird_042_1_trip
2018-05-14T06:18:03Z,141.50195,40.55969,bird_042,K18F51,17,2018,5263.518681024786,1,2018_bird_042_1_trip
2018-05-14T06:19:03Z,141.50196,40.55958,bird_042,K18F51,17,2018,5257.340776623911,1,2018_bird_042_1_trip
2018-05-14T06:20:04Z,141.50197,40.55956,bird_042,K18F51,17,2018,5255.598371393048,1,2018_bird_042_1_trip
2018-05-14T06:21:03Z,141.50199,40.55953,bird_042,K18F51,17,2018,5252.605852738265,1,2018_bird_042_1_trip
2018-05-14T06:22:03Z,141.50196,40.55951,bird_042,K18F51,17,2018,5253.904026115124,1,2018_bird_042_1_trip
2018-05-14T06:23:03Z,141.50193000000002,40.55957,bird_042,K18F51,17,2018,5259.127791812901,1,2018_bird_042_1_trip
2018-05-14T06:24:02Z,141.50192,40.559659999999994,bird_042,K18F51,17,2018,5264.315358512327,1,2018_bird_042_1_trip
2018-05-14T06:25:03Z,141.50192,40.560370000000006,bird_042,K18F51,17,2018,5299.778444028694,1,2018_bird_042_1_trip
2018-05-14T06:26:03Z,141.50181,40.56044,bird_042,K18F51,17,2018,5311.614006259348,1,2018_bird_042_1_trip
2018-05-14T06:27:03Z,141.50185,40.56044,bird_042,K18F51,17,2018,5308.599587076961,1,2018_bird_042_1_trip
2018-05-14T06:28:02Z,141.50183,40.5604,bird_042,K18F51,17,2018,5308.0813756380285,1,2018_bird_042_1_trip
2018-05-14T06:29:03Z,141.50184000000002,40.56035000000001,bird_042,K18F51,17,2018,5304.79957342794,1,2018_bird_042_1_trip
2018-05-14T06:30:03Z,141.50163,40.56066,bird_042,K18F51,17,2018,5336.344784180276,1,2018_bird_042_1_trip
2018-05-14T06:31:03Z,141.50158,40.56061,bird_042,K18F51,17,2018,5337.565651299723,1,2018_bird_042_1_trip
2018-05-14T06:32:03Z,141.50158,40.560570000000006,bird_042,K18F51,17,2018,5335.535005471768,1,2018_bird_042_1_trip
2018-05-14T06:33:03Z,141.50162,40.56063,bird_042,K18F51,17,2018,5335.570524150865,1,2018_bird_042_1_trip
2018-05-14T06:34:02Z,141.50081,40.56109,bird_042,K18F51,17,2018,5419.96678660011,1,2018_bird_042_1_trip
2018-05-14T06:35:05Z,141.49552,40.56423,bird_042,K18F51,17,2018,5979.084119736855,1,2018_bird_042_1_trip
2018-05-14T06:36:04Z,141.49118000000001,40.567530000000005,bird_042,K18F51,17,2018,6478.346184969334,1,2018_bird_042_1_trip
2018-05-14T06:37:03Z,141.48708000000002,40.57068,bird_042,K18F51,17,2018,6954.481588423311,1,2018_bird_042_1_trip
2018-05-14T06:38:03Z,141.48314000000002,40.57197,bird_042,K18F51,17,2018,7314.577137990483,1,2018_bird_042_1_trip
2018-05-14T06:39:02Z,141.48028000000002,40.57546,bird_042,K18F51,17,2018,7722.490532674944,1,2018_bird_042_1_trip
2018-05-14T06:40:02Z,141.47899999999998,40.58003,bird_042,K18F51,17,2018,8091.770256575255,1,2018_bird_042_1_trip
2018-05-14T06:41:02Z,141.4776,40.58508,bird_042,K18F51,17,2018,8517.018781435241,1,2018_bird_042_1_trip
2018-05-14T06:42:04Z,141.47392,40.58732,bird_042,K18F51,17,2018,8915.580230568063,1,2018_bird_042_1_trip
2018-05-14T06:43:03Z,141.47044000000002,40.59071000000001,bird_042,K18F51,17,2018,9378.881254752392,1,2018_bird_042_1_trip
2018-05-14T06:44:04Z,141.46810000000002,40.59505000000001,bird_042,K18F51,17,2018,9835.327812478708,1,2018_bird_042_1_trip
2018-05-14T06:45:04Z,141.46698,40.59958,bird_042,K18F51,17,2018,10234.032696660248,1,2018_bird_042_1_trip
2018-05-14T06:46:02Z,141.46240000000003,40.60268,bird_042,K18F51,17,2018,10752.46734562582,1,2018_bird_042_1_trip
2018-05-14T06:47:03Z,141.46186,40.60291000000001,bird_042,K18F51,17,2018,10803.646906621749,1,2018_bird_042_1_trip
2018-05-14T06:48:03Z,141.46183000000002,40.60302,bird_042,K18F51,17,2018,10813.624424155989,1,2018_bird_042_1_trip
2018-05-14T06:49:04Z,141.46181,40.60295000000001,bird_042,K18F51,17,2018,10809.758214101365,1,2018_bird_042_1_trip
2018-05-14T06:50:03Z,141.4618,40.60308,bird_042,K18F51,17,2018,10819.934627568273,1,2018_bird_042_1_trip
2018-05-14T06:51:04Z,141.46174000000002,40.60311000000001,bird_042,K18F51,17,2018,10825.947040306975,1,2018_bird_042_1_trip
2018-05-14T06:52:02Z,141.46182000000002,40.60314,bird_042,K18F51,17,2018,10823.072598376226,1,2018_bird_042_1_trip
2018-05-14T06:53:02Z,141.46233000000004,40.60308,bird_042,K18F51,17,2018,10786.326119660636,1,2018_bird_042_1_trip
2018-05-14T06:54:03Z,141.46334000000002,40.60455,bird_042,K18F51,17,2018,10832.12112288114,1,2018_bird_042_1_trip
2018-05-14T06:55:02Z,141.4633,40.60449,bird_042,K18F51,17,2018,10830.117839997994,1,2018_bird_042_1_trip
2018-05-14T06:56:02Z,141.4633,40.6045,bird_042,K18F51,17,2018,10830.867587287486,1,2018_bird_042_1_trip
2018-05-14T06:57:04Z,141.4633,40.60449,bird_042,K18F51,17,2018,10830.117839997994,1,2018_bird_042_1_trip
2018-05-14T06:58:02Z,141.46335,40.60452,bird_042,K18F51,17,2018,10829.246531362664,1,2018_bird_042_1_trip
2018-05-14T06:59:02Z,141.46332,40.60449,bird_042,K18F51,17,2018,10828.869194880015,1,2018_bird_042_1_trip
2018-05-14T07:00:03Z,141.46326,40.6045,bird_042,K18F51,17,2018,10833.365066813083,1,2018_bird_042_1_trip
2018-05-14T07:01:02Z,141.46339,40.60449,bird_042,K18F51,17,2018,10824.499889289664,1,2018_bird_042_1_trip
2018-05-14T07:02:02Z,141.46329,40.60452,bird_042,K18F51,17,2018,10832.991505657828,1,2018_bird_042_1_trip
2018-05-14T07:03:03Z,141.46327,40.60449,bird_042,K18F51,17,2018,10831.991034262192,1,2018_bird_042_1_trip
2018-05-14T07:04:02Z,141.46406,40.606570000000005,bird_042,K18F51,17,2018,10940.699211456304,1,2018_bird_042_1_trip
2018-05-14T07:05:02Z,141.46255,40.61045,bird_042,K18F51,17,2018,11332.526739266885,1,2018_bird_042_1_trip
2018-05-14T07:06:04Z,141.46092000000002,40.61438,bird_042,K18F51,17,2018,11739.539038251143,1,2018_bird_042_1_trip
2018-05-14T07:07:04Z,141.46130000000002,40.61738,bird_042,K18F51,17,2018,11958.484042675216,1,2018_bird_042_1_trip
2018-05-14T07:08:04Z,141.46554,40.62185,bird_042,K18F51,17,2018,12091.575332422484,1,2018_bird_042_1_trip
2018-05-14T07:09:04Z,141.47266,40.627210000000005,bird_042,K18F51,17,2018,12187.130701569336,1,2018_bird_042_1_trip
2018-05-14T07:10:02Z,141.47878,40.632200000000005,bird_042,K18F51,17,2018,12351.114669522429,1,2018_bird_042_1_trip
2018-05-14T07:11:02Z,141.48521000000002,40.63718,bird_042,K18F51,17,2018,12545.0900896862,1,2018_bird_042_1_trip
2018-05-14T07:12:02Z,141.49381,40.64196,bird_042,K18F51,17,2018,12684.076286257152,1,2018_bird_042_1_trip
2018-05-14T07:13:02Z,141.50147,40.64664,bird_042,K18F51,17,2018,12903.500259705865,1,2018_bird_042_1_trip
2018-05-14T07:14:03Z,141.50739000000002,40.651059999999994,bird_042,K18F51,17,2018,13191.108317762568,1,2018_bird_042_1_trip
2018-05-14T07:15:02Z,141.51367999999997,40.65543,bird_042,K18F51,17,2018,13495.075073949072,1,2018_bird_042_1_trip
2018-05-14T07:16:02Z,141.51894,40.6594,bird_042,K18F51,17,2018,13807.124244652448,1,2018_bird_042_1_trip
2018-05-14T07:17:02Z,141.52538,40.66336,bird_042,K18F51,17,2018,14119.358259267428,1,2018_bird_042_1_trip
2018-05-14T07:18:03Z,141.5304,40.66724,bird_042,K18F51,17,2018,14468.667754583525,1,2018_bird_042_1_trip
2018-05-14T07:19:04Z,141.53572,40.67193,bird_042,K18F51,17,2018,14920.50793327932,1,2018_bird_042_1_trip
2018-05-14T07:20:04Z,141.54169,40.67631000000001,bird_042,K18F51,17,2018,15350.693238099971,1,2018_bird_042_1_trip
2018-05-14T07:21:02Z,141.54748,40.6805,bird_042,K18F51,17,2018,15780.06430859921,1,2018_bird_042_1_trip
2018-05-14T07:22:03Z,141.55286,40.68534,bird_042,K18F51,17,2018,16299.205705724456,1,2018_bird_042_1_trip
2018-05-14T07:23:02Z,141.55796,40.69022,bird_042,K18F51,17,2018,16836.20324529703,1,2018_bird_042_1_trip
2018-05-14T07:24:03Z,141.5644,40.695440000000005,bird_042,K18F51,17,2018,17425.341193184,1,2018_bird_042_1_trip
2018-05-14T07:25:02Z,141.56902,40.70103,bird_042,K18F51,17,2018,18062.458435161556,1,2018_bird_042_1_trip
2018-05-14T07:26:02Z,141.57479999999998,40.70609,bird_042,K18F51,17,2018,18655.34315196127,1,2018_bird_042_1_trip
2018-05-14T07:27:03Z,141.57953999999998,40.71194,bird_042,K18F51,17,2018,19337.42421791749,1,2018_bird_042_1_trip
2018-05-14T07:28:02Z,141.58247000000003,40.71782,bird_042,K18F51,17,2018,20012.006001872425,1,2018_bird_042_1_trip
2018-05-14T07:29:03Z,141.58535,40.72355000000001,bird_042,K18F51,17,2018,20671.13758626081,1,2018_bird_042_1_trip
2018-05-14T07:30:02Z,141.58801000000005,40.729690000000005,bird_042,K18F51,17,2018,21374.60704582555,1,2018_bird_042_1_trip
2018-05-14T07:31:02Z,141.59257,40.73559000000001,bird_042,K18F51,17,2018,22073.536556355662,1,2018_bird_042_1_trip
2018-05-14T07:32:02Z,141.59793000000002,40.74065,bird_042,K18F51,17,2018,22694.201480891203,1,2018_bird_042_1_trip
2018-05-14T07:33:03Z,141.60255999999998,40.74571000000001,bird_042,K18F51,17,2018,23310.54017377895,1,2018_bird_042_1_trip
2018-05-14T07:34:02Z,141.60711,40.7505,bird_042,K18F51,17,2018,23899.89622184099,1,2018_bird_042_1_trip
2018-05-14T07:35:03Z,141.61193,40.75527,bird_042,K18F51,17,2018,24494.753892365457,1,2018_bird_042_1_trip
2018-05-14T07:36:03Z,141.61634999999998,40.75986,bird_042,K18F51,17,2018,25066.99135001777,1,2018_bird_042_1_trip
2018-05-14T07:37:02Z,141.62136,40.76381000000001,bird_042,K18F51,17,2018,25583.00081950773,1,2018_bird_042_1_trip
2018-05-14T07:38:03Z,141.62772,40.76745,bird_042,K18F51,17,2018,26095.202951078183,1,2018_bird_042_1_trip
2018-05-14T07:39:02Z,141.63352999999998,40.77161,bird_042,K18F51,17,2018,26659.316465678763,1,2018_bird_042_1_trip
2018-05-14T07:40:03Z,141.63964999999996,40.775960000000005,bird_042,K18F51,17,2018,27255.502656904348,1,2018_bird_042_1_trip
2018-05-14T07:41:03Z,141.64458999999997,40.77998,bird_042,K18F51,17,2018,27795.027220814325,1,2018_bird_042_1_trip
2018-05-14T07:42:02Z,141.64931,40.78401,bird_042,K18F51,17,2018,28333.428485019456,1,2018_bird_042_1_trip
2018-05-14T07:43:03Z,141.65464999999998,40.78864,bird_042,K18F51,17,2018,28952.962048538997,1,2018_bird_042_1_trip
2018-05-14T07:44:02Z,141.66,40.79276000000001,bird_042,K18F51,17,2018,29521.441789463785,1,2018_bird_042_1_trip
2018-05-14T07:45:04Z,141.66245,40.79769,bird_042,K18F51,17,2018,30105.529667607127,1,2018_bird_042_1_trip
2018-05-14T07:46:03Z,141.66364999999996,40.801939999999995,bird_042,K18F51,17,2018,30586.389597989193,1,2018_bird_042_1_trip
2018-05-14T07:47:03Z,141.66385999999997,40.8064,bird_042,K18F51,17,2018,31065.295865767144,1,2018_bird_042_1_trip
2018-05-14T07:48:03Z,141.66465999999997,40.81113,bird_042,K18F51,17,2018,31587.708002383333,1,2018_bird_042_1_trip
2018-05-14T07:49:02Z,141.66501,40.8139,bird_042,K18F51,17,2018,31890.899834326676,1,2018_bird_042_1_trip
2018-05-14T07:50:03Z,141.66498,40.81377,bird_042,K18F51,17,2018,31876.34126511366,1,2018_bird_042_1_trip
2018-05-14T07:51:02Z,141.66474999999997,40.81475999999999,bird_042,K18F51,17,2018,31976.210331176804,1,2018_bird_042_1_trip
2018-05-14T07:52:03Z,141.66637,40.81538,bird_042,K18F51,17,2018,32081.224391143143,1,2018_bird_042_1_trip
2018-05-14T07:53:03Z,141.666,40.81529,bird_042,K18F51,17,2018,32062.6960957374,1,2018_bird_042_1_trip
2018-05-14T07:54:02Z,141.66552,40.81453,bird_042,K18F51,17,2018,31970.23786219686,1,2018_bird_042_1_trip
2018-05-14T07:55:02Z,141.66454999999996,40.81256,bird_042,K18F51,17,2018,31737.204874265015,1,2018_bird_042_1_trip
2018-05-14T07:56:02Z,141.66383,40.812639999999995,bird_042,K18F51,17,2018,31728.43481005183,1,2018_bird_042_1_trip
2018-05-14T07:57:04Z,141.66102,40.81316,bird_042,K18F51,17,2018,31717.50209164151,1,2018_bird_042_1_trip
2018-05-14T07:58:02Z,141.65786,40.812279999999994,bird_042,K18F51,17,2018,31550.768455120215,1,2018_bird_042_1_trip
2018-05-14T07:59:03Z,141.65613000000002,40.80725999999999,bird_042,K18F51,17,2018,30974.581659570744,1,2018_bird_042_1_trip
2018-05-14T08:00:02Z,141.65386999999998,40.80243,bird_042,K18F51,17,2018,30406.686314620205,1,2018_bird_042_1_trip
2018-05-14T08:01:04Z,141.65015,40.79900000000001,bird_042,K18F51,17,2018,29956.214817370073,1,2018_bird_042_1_trip
2018-05-14T08:02:02Z,141.64794999999998,40.79406,bird_042,K18F51,17,2018,29378.17876868814,1,2018_bird_042_1_trip
2018-05-14T08:03:02Z,141.64615999999998,40.7888,bird_042,K18F51,17,2018,28774.869559495404,1,2018_bird_042_1_trip
2018-05-14T08:04:03Z,141.64306999999997,40.78451,bird_042,K18F51,17,2018,28247.232176735964,1,2018_bird_042_1_trip
2018-05-14T08:05:02Z,141.6418,40.78324,bird_042,K18F51,17,2018,28083.513770714555,1,2018_bird_042_1_trip
2018-05-14T08:06:03Z,141.63821000000002,40.78012,bird_042,K18F51,17,2018,27672.194658331508,1,2018_bird_042_1_trip
2018-05-14T08:07:04Z,141.63424999999998,40.77656,bird_042,K18F51,17,2018,27207.536184685778,1,2018_bird_042_1_trip
2018-05-14T08:08:03Z,141.63047,40.773010000000006,bird_042,K18F51,17,2018,26749.417270664377,1,2018_bird_042_1_trip
2018-05-14T08:09:04Z,141.62669,40.76881000000001,bird_042,K18F51,17,2018,26222.740151061746,1,2018_bird_042_1_trip
2018-05-14T08:10:03Z,141.62296,40.764610000000005,bird_042,K18F51,17,2018,25698.611492121196,1,2018_bird_042_1_trip
2018-05-14T08:11:03Z,141.61962999999997,40.75958,bird_042,K18F51,17,2018,25093.048051706795,1,2018_bird_042_1_trip
2018-05-14T08:12:03Z,141.61642,40.75423,bird_042,K18F51,17,2018,24455.750219350317,1,2018_bird_042_1_trip
2018-05-14T08:13:03Z,141.61299999999997,40.7492,bird_042,K18F51,17,2018,23850.64480636733,1,2018_bird_042_1_trip
2018-05-14T08:14:03Z,141.60882,40.74475,bird_042,K18F51,17,2018,23298.007224793848,1,2018_bird_042_1_trip
2018-05-14T08:15:03Z,141.60494999999997,40.73986,bird_042,K18F51,17,2018,22704.673353614868,1,2018_bird_042_1_trip
2018-05-14T08:16:03Z,141.60143000000002,40.73484,bird_042,K18F51,17,2018,22104.30516417648,1,2018_bird_042_1_trip
2018-05-14T08:17:03Z,141.59774000000002,40.73012000000001,bird_042,K18F51,17,2018,21536.36353146463,1,2018_bird_042_1_trip
2018-05-14T08:18:03Z,141.59399,40.72522000000001,bird_042,K18F51,17,2018,20950.26452556229,1,2018_bird_042_1_trip
2018-05-14T08:19:03Z,141.59008,40.72053000000001,bird_042,K18F51,17,2018,20388.04824852766,1,2018_bird_042_1_trip
2018-05-14T08:20:03Z,141.58593000000002,40.71602,bird_042,K18F51,17,2018,19846.460869166185,1,2018_bird_042_1_trip
2018-05-14T08:21:03Z,141.58244000000005,40.71098,bird_042,K18F51,17,2018,19256.544440042097,1,2018_bird_042_1_trip
2018-05-14T08:22:03Z,141.57931,40.70566,bird_042,K18F51,17,2018,18641.462189461818,1,2018_bird_042_1_trip
2018-05-14T08:23:04Z,141.57564999999997,40.700190000000006,bird_042,K18F51,17,2018,18008.189172860588,1,2018_bird_042_1_trip
2018-05-14T08:24:03Z,141.57302,40.69435000000001,bird_042,K18F51,17,2018,17343.938825887206,1,2018_bird_042_1_trip
2018-05-14T08:25:04Z,141.56989,40.6884,bird_042,K18F51,17,2018,16666.534782625877,1,2018_bird_042_1_trip
2018-05-14T08:26:03Z,141.56638,40.68268,bird_042,K18F51,17,2018,16016.10831195363,1,2018_bird_042_1_trip
2018-05-14T08:27:03Z,141.56245,40.67712,bird_042,K18F51,17,2018,15386.918776707069,1,2018_bird_042_1_trip
2018-05-14T08:28:03Z,141.55854000000002,40.67166,bird_042,K18F51,17,2018,14775.34276930717,1,2018_bird_042_1_trip
2018-05-14T08:29:03Z,141.55439,40.666410000000006,bird_042,K18F51,17,2018,14194.735890658509,1,2018_bird_042_1_trip
2018-05-14T08:30:03Z,141.54950999999997,40.66139,bird_042,K18F51,17,2018,13651.86940136726,1,2018_bird_042_1_trip
2018-05-14T08:31:03Z,141.54469999999998,40.65656,bird_042,K18F51,17,2018,13143.769808244706,1,2018_bird_042_1_trip
2018-05-14T08:32:03Z,141.53974999999997,40.65116,bird_042,K18F51,17,2018,12589.690152446425,1,2018_bird_042_1_trip
2018-05-14T08:33:03Z,141.53443,40.64629,bird_042,K18F51,17,2018,12117.68962149405,1,2018_bird_042_1_trip
2018-05-14T08:34:04Z,141.52841000000004,40.64121,bird_042,K18F51,17,2018,11658.67811529144,1,2018_bird_042_1_trip
2018-05-14T08:35:33Z,141.52037,40.63396,bird_042,K18F51,17,2018,11047.86708431,1,2018_bird_042_1_trip
2018-05-14T08:36:02Z,141.51823000000002,40.63128,bird_042,K18F51,17,2018,10817.43328803686,1,2018_bird_042_1_trip
2018-05-14T08:37:02Z,141.51277,40.626990000000006,bird_042,K18F51,17,2018,10523.068110348284,1,2018_bird_042_1_trip
2018-05-14T08:38:02Z,141.50696,40.62323000000001,bird_042,K18F51,17,2018,10329.111663846186,1,2018_bird_042_1_trip
2018-05-14T08:39:03Z,141.50391,40.61827,bird_042,K18F51,17,2018,9946.098864080235,1,2018_bird_042_1_trip
2018-05-14T08:40:02Z,141.50247000000002,40.614059999999995,bird_042,K18F51,17,2018,9591.497178875648,1,2018_bird_042_1_trip
2018-05-14T08:41:02Z,141.50004,40.60985,bird_042,K18F51,17,2018,9292.249439544828,1,2018_bird_042_1_trip
2018-05-14T08:42:02Z,141.49908,40.605160000000005,bird_042,K18F51,17,2018,8898.164254824222,1,2018_bird_042_1_trip
2018-05-14T08:43:03Z,141.50035,40.599810000000005,bird_042,K18F51,17,2018,8348.44343700137,1,2018_bird_042_1_trip
2018-05-14T08:44:03Z,141.50204000000002,40.59428,bird_042,K18F51,17,2018,7769.24069240345,1,2018_bird_042_1_trip
2018-05-14T08:45:03Z,141.50394999999995,40.5892,bird_042,K18F51,17,2018,7225.637818918857,1,2018_bird_042_1_trip
2018-05-14T08:46:02Z,141.50636,40.58378,bird_042,K18F51,17,2018,6633.075358788644,1,2018_bird_042_1_trip
2018-05-14T08:47:03Z,141.50903,40.57827,bird_042,K18F51,17,2018,6026.880308845153,1,2018_bird_042_1_trip
2018-05-14T08:48:02Z,141.51371999999998,40.57345,bird_042,K18F51,17,2018,5365.207355901011,1,2018_bird_042_1_trip
2018-05-14T08:49:03Z,141.51926999999998,40.56852000000001,bird_042,K18F51,17,2018,4645.012361371437,1,2018_bird_042_1_trip
2018-05-14T08:50:02Z,141.52497,40.56403,bird_042,K18F51,17,2018,3951.051156922359,1,2018_bird_042_1_trip
2018-05-14T08:51:03Z,141.53261,40.55974,bird_042,K18F51,17,2018,3160.6095800458384,1,2018_bird_042_1_trip
2018-05-14T08:52:03Z,141.53333,40.55625,bird_042,K18F51,17,2018,2840.1323327640057,1,2018_bird_042_1_trip
2018-05-14T08:53:02Z,141.53921,40.55261,bird_042,K18F51,17,2018,2201.323043708967,1,2018_bird_042_1_trip
2018-05-14T08:54:03Z,141.54442,40.5493,bird_042,K18F51,17,2018,1630.1296055031946,1,2018_bird_042_1_trip
2018-05-14T08:55:02Z,141.54948,40.54705,bird_042,K18F51,17,2018,1163.0600050559035,1,2018_bird_042_1_trip
2018-05-15T17:24:08Z,141.5485,40.5452,bird_042,K18F51,17,2018,1063.4057127551594,2,2018_bird_042_2_trip
2018-05-15T17:25:08Z,141.5425,40.54661,bird_042,K18F51,17,2018,1557.8561251898925,2,2018_bird_042_2_trip
2018-05-15T17:26:07Z,141.53624000000002,40.54797,bird_042,K18F51,17,2018,2087.185398992053,2,2018_bird_042_2_trip
2018-05-15T17:27:06Z,141.53014000000002,40.548210000000005,bird_042,K18F51,17,2018,2559.2685477281916,2,2018_bird_042_2_trip
2018-05-15T17:28:06Z,141.52433000000002,40.54769,bird_042,K18F51,17,2018,2993.7345321528965,2,2018_bird_042_2_trip
2018-05-15T17:29:06Z,141.52110000000002,40.54747,bird_042,K18F51,17,2018,3245.177582081851,2,2018_bird_042_2_trip
2018-05-15T17:30:07Z,141.51785999999998,40.54826,bird_042,K18F51,17,2018,3533.3089409677536,2,2018_bird_042_2_trip
2018-05-15T17:31:06Z,141.51702,40.54825,bird_042,K18F51,17,2018,3600.848265521041,2,2018_bird_042_2_trip
2018-05-15T17:32:07Z,141.51474999999996,40.54741,bird_042,K18F51,17,2018,3759.572446511619,2,2018_bird_042_2_trip
2018-05-15T17:33:07Z,141.51524999999998,40.54767999999999,bird_042,K18F51,17,2018,3726.676518432213,2,2018_bird_042_2_trip
2018-05-15T17:34:07Z,141.51512,40.5476,bird_042,K18F51,17,2018,3734.897047622054,2,2018_bird_042_2_trip
2018-05-15T17:35:08Z,141.5125,40.54533000000001,bird_042,K18F51,17,2018,3893.17294884286,2,2018_bird_042_2_trip
2018-05-15T17:36:08Z,141.51245,40.54546,bird_042,K18F51,17,2018,3900.117864061314,2,2018_bird_042_2_trip
2018-05-15T17:37:08Z,141.52047000000002,40.54543,bird_042,K18F51,17,2018,3235.7024430746474,2,2018_bird_042_2_trip
2018-05-15T17:38:06Z,141.52387,40.545550000000006,bird_042,K18F51,17,2018,2959.8918922160565,2,2018_bird_042_2_trip
2018-05-15T17:39:06Z,141.52383,40.5457,bird_042,K18F51,17,2018,2967.538544356962,2,2018_bird_042_2_trip
2018-05-15T17:40:06Z,141.52364,40.54566,bird_042,K18F51,17,2018,2981.890916906826,2,2018_bird_042_2_trip
2018-05-15T17:41:06Z,141.52365999999998,40.54567,bird_042,K18F51,17,2018,2980.5479976604092,2,2018_bird_042_2_trip
2018-05-15T17:42:07Z,141.52387,40.54561,bird_042,K18F51,17,2018,2961.6333348469384,2,2018_bird_042_2_trip
2018-05-15T17:43:06Z,141.5239,40.54565,bird_042,K18F51,17,2018,2960.3508499298405,2,2018_bird_042_2_trip
2018-05-15T17:44:07Z,141.52391,40.54572,bird_042,K18F51,17,2018,2961.596251959611,2,2018_bird_042_2_trip
2018-05-15T17:45:06Z,141.52524000000005,40.54964,bird_042,K18F51,17,2018,3002.886857924421,2,2018_bird_042_2_trip
2018-05-15T17:46:08Z,141.53074,40.5587,bird_042,K18F51,17,2018,3186.94102980882,2,2018_bird_042_2_trip
2018-05-15T17:47:06Z,141.5378,40.56699,bird_042,K18F51,17,2018,3570.418178974957,2,2018_bird_042_2_trip
2018-05-15T17:48:07Z,141.54632,40.57621,bird_042,K18F51,17,2018,4283.6812121309085,2,2018_bird_042_2_trip
2018-05-15T17:49:07Z,141.55271000000002,40.585170000000005,bird_042,K18F51,17,2018,5187.276993488901,2,2018_bird_042_2_trip
2018-05-15T17:50:06Z,141.55899000000002,40.59411000000001,bird_042,K18F51,17,2018,6164.568125479708,2,2018_bird_042_2_trip
2018-05-15T17:51:08Z,141.56582,40.60352,bird_042,K18F51,17,2018,7241.896529477324,2,2018_bird_042_2_trip
2018-05-15T17:52:06Z,141.57154999999997,40.61242,bird_042,K18F51,17,2018,8281.338209884894,2,2018_bird_042_2_trip
2018-05-15T17:53:07Z,141.57738,40.62172,bird_042,K18F51,17,2018,9380.101572988657,2,2018_bird_042_2_trip
2018-05-15T17:54:07Z,141.58103000000003,40.6302,bird_042,K18F51,17,2018,10362.686109410275,2,2018_bird_042_2_trip
2018-05-15T17:55:07Z,141.58243000000004,40.635850000000005,bird_042,K18F51,17,2018,11001.170703679632,2,2018_bird_042_2_trip
2018-05-15T17:56:06Z,141.58241000000004,40.63575000000001,bird_042,K18F51,17,2018,10989.947393093811,2,2018_bird_042_2_trip
2018-05-15T17:57:07Z,141.58254000000002,40.63568,bird_042,K18F51,17,2018,10984.427520557309,2,2018_bird_042_2_trip
2018-05-15T17:58:06Z,141.5826,40.63549,bird_042,K18F51,17,2018,10964.702484134368,2,2018_bird_042_2_trip
2018-05-15T17:59:07Z,141.58249000000004,40.63543000000001,bird_042,K18F51,17,2018,10956.37064364536,2,2018_bird_042_2_trip
2018-05-15T18:00:07Z,141.58269,40.63528,bird_042,K18F51,17,2018,10943.298795679626,2,2018_bird_042_2_trip
2018-05-15T18:01:07Z,141.58276,40.63534000000001,bird_042,K18F51,17,2018,10950.98577222334,2,2018_bird_042_2_trip
2018-05-15T18:02:07Z,141.58323,40.635270000000006,bird_042,K18F51,17,2018,10951.174366841466,2,2018_bird_042_2_trip
2018-05-15T18:03:08Z,141.58307,40.63521000000001,bird_042,K18F51,17,2018,10941.966885294698,2,2018_bird_042_2_trip
2018-05-15T18:04:06Z,141.58295,40.635090000000005,bird_042,K18F51,17,2018,10926.903630937846,2,2018_bird_042_2_trip
2018-05-15T18:05:08Z,141.58336,40.635180000000005,bird_042,K18F51,17,2018,10943.56627678924,2,2018_bird_042_2_trip
2018-05-15T18:06:06Z,141.58331,40.63502,bird_042,K18F51,17,2018,10925.312164992403,2,2018_bird_042_2_trip
2018-05-15T18:07:06Z,141.58355999999998,40.63835000000001,bird_042,K18F51,17,2018,11292.01684448254,2,2018_bird_042_2_trip
2018-05-15T18:08:08Z,141.58371,40.63833000000001,bird_042,K18F51,17,2018,11292.31688517752,2,2018_bird_042_2_trip
2018-05-15T18:09:06Z,141.58363,40.63841000000001,bird_042,K18F51,17,2018,11299.706177614202,2,2018_bird_042_2_trip
2018-05-15T18:10:07Z,141.58415,40.63835000000001,bird_042,K18F51,17,2018,11301.842702596286,2,2018_bird_042_2_trip
2018-05-15T18:11:07Z,141.58378,40.638200000000005,bird_042,K18F51,17,2018,11279.323520348798,2,2018_bird_042_2_trip
2018-05-15T18:12:07Z,141.58397,40.63812000000001,bird_042,K18F51,17,2018,11273.78693454429,2,2018_bird_042_2_trip
2018-05-15T18:13:07Z,141.58418,40.63811000000001,bird_042,K18F51,17,2018,11276.23217160258,2,2018_bird_042_2_trip
2018-05-15T18:14:07Z,141.58435,40.63803000000001,bird_042,K18F51,17,2018,11270.410000732212,2,2018_bird_042_2_trip
2018-05-15T18:15:07Z,141.58442000000002,40.63797,bird_042,K18F51,17,2018,11265.076069349469,2,2018_bird_042_2_trip
2018-05-15T18:16:07Z,141.58436,40.63785,bird_042,K18F51,17,2018,11251.000847072875,2,2018_bird_042_2_trip
2018-05-15T18:17:07Z,141.58453,40.63862,bird_042,K18F51,17,2018,11337.6513748673,2,2018_bird_042_2_trip
2018-05-15T18:18:08Z,141.58384,40.64508,bird_042,K18F51,17,2018,12030.28860477913,2,2018_bird_042_2_trip
2018-05-15T18:19:08Z,141.58354999999997,40.649530000000006,bird_042,K18F51,17,2018,12511.94057306286,2,2018_bird_042_2_trip
2018-05-15T18:20:07Z,141.5834,40.64942,bird_042,K18F51,17,2018,12497.69073472408,2,2018_bird_042_2_trip
2018-05-15T18:21:08Z,141.58356999999998,40.64938,bird_042,K18F51,17,2018,12495.840624865165,2,2018_bird_042_2_trip
2018-05-15T18:22:08Z,141.58366999999998,40.64936,bird_042,K18F51,17,2018,12495.146439107828,2,2018_bird_042_2_trip
2018-05-15T18:23:08Z,141.58375999999998,40.64934,bird_042,K18F51,17,2018,12494.30830735059,2,2018_bird_042_2_trip
2018-05-15T18:24:08Z,141.58384999999998,40.64928,bird_042,K18F51,17,2018,12489.10422073386,2,2018_bird_042_2_trip
2018-05-15T18:25:08Z,141.58379,40.64929,bird_042,K18F51,17,2018,12489.294494481266,2,2018_bird_042_2_trip
2018-05-15T18:26:08Z,141.58393,40.64914,bird_042,K18F51,17,2018,12475.014299999057,2,2018_bird_042_2_trip
2018-05-15T18:27:08Z,141.58406,40.64908,bird_042,K18F51,17,2018,12470.430469347551,2,2018_bird_042_2_trip
2018-05-15T18:28:08Z,141.58426,40.64903,bird_042,K18F51,17,2018,12468.021471247985,2,2018_bird_042_2_trip
2018-05-15T18:29:08Z,141.58405,40.64898,bird_042,K18F51,17,2018,12459.354633767824,2,2018_bird_042_2_trip
2018-05-15T18:30:08Z,141.58131000000003,40.65398,bird_042,K18F51,17,2018,12968.01398705102,2,2018_bird_042_2_trip
2018-05-15T18:31:07Z,141.57912,40.65647,bird_042,K18F51,17,2018,13214.432431084708,2,2018_bird_042_2_trip
2018-05-15T18:32:08Z,141.57786,40.662090000000006,bird_042,K18F51,17,2018,13819.18299552672,2,2018_bird_042_2_trip
2018-05-15T18:33:09Z,141.57574999999997,40.66813000000001,bird_042,K18F51,17,2018,14464.905937920988,2,2018_bird_042_2_trip
2018-05-15T18:34:08Z,141.57518,40.67482,bird_042,K18F51,17,2018,15199.013843922896,2,2018_bird_042_2_trip
2018-05-15T18:35:09Z,141.57496999999998,40.67701,bird_042,K18F51,17,2018,15439.354517824906,2,2018_bird_042_2_trip
2018-05-15T18:36:08Z,141.57553,40.67756,bird_042,K18F51,17,2018,15504.719711191006,2,2018_bird_042_2_trip
2018-05-15T18:37:08Z,141.57484,40.6775,bird_042,K18F51,17,2018,15492.481270363822,2,2018_bird_042_2_trip
2018-05-15T18:38:08Z,141.57389999999998,40.67603,bird_042,K18F51,17,2018,15322.609948268047,2,2018_bird_042_2_trip
2018-05-15T18:39:08Z,141.57492,40.67832000000001,bird_042,K18F51,17,2018,15583.772580666742,2,2018_bird_042_2_trip
2018-05-15T18:40:08Z,141.57314999999997,40.679570000000005,bird_042,K18F51,17,2018,15708.715912761918,2,2018_bird_042_2_trip
2018-05-15T18:41:08Z,141.58035,40.68265,bird_042,K18F51,17,2018,16110.964286386295,2,2018_bird_042_2_trip
2018-05-15T18:42:08Z,141.58126,40.68856,bird_042,K18F51,17,2018,16771.746635640375,2,2018_bird_042_2_trip
2018-05-15T18:43:08Z,141.58011000000002,40.69453000000001,bird_042,K18F51,17,2018,17419.224123965065,2,2018_bird_042_2_trip
2018-05-15T18:44:08Z,141.57647,40.698440000000005,bird_042,K18F51,17,2018,17820.646386082928,2,2018_bird_042_2_trip
2018-05-15T18:45:08Z,141.57136,40.69991000000001,bird_042,K18F51,17,2018,17950.01674827544,2,2018_bird_042_2_trip
2018-05-15T18:46:07Z,141.56893000000002,40.705180000000006,bird_042,K18F51,17,2018,18522.267966853884,2,2018_bird_042_2_trip
2018-05-15T18:47:07Z,141.57066999999998,40.71246,bird_042,K18F51,17,2018,19337.517382714588,2,2018_bird_042_2_trip
2018-05-15T18:48:08Z,141.57875,40.71839000000001,bird_042,K18F51,17,2018,20044.412510482365,2,2018_bird_042_2_trip
2018-05-15T18:49:08Z,141.58074000000002,40.72539000000001,bird_042,K18F51,17,2018,20833.899937150258,2,2018_bird_042_2_trip
2018-05-15T18:50:08Z,141.58276,40.73123,bird_042,K18F51,17,2018,21495.87974209108,2,2018_bird_042_2_trip
2018-05-15T18:51:08Z,141.5866,40.7374,bird_042,K18F51,17,2018,22211.302990915447,2,2018_bird_042_2_trip
2018-05-15T18:52:08Z,141.58889000000002,40.74342,bird_042,K18F51,17,2018,22897.415871209076,2,2018_bird_042_2_trip
2018-05-15T18:53:08Z,141.58840000000004,40.74862,bird_042,K18F51,17,2018,23466.446550930563,2,2018_bird_042_2_trip
2018-05-15T18:54:08Z,141.58788,40.753910000000005,bird_042,K18F51,17,2018,24045.618623078564,2,2018_bird_042_2_trip
2018-05-15T18:55:08Z,141.58720000000002,40.75717,bird_042,K18F51,17,2018,24399.635886468797,2,2018_bird_042_2_trip
2018-05-15T18:56:07Z,141.58645,40.76209000000001,bird_042,K18F51,17,2018,24936.88263037529,2,2018_bird_042_2_trip
2018-05-15T18:57:08Z,141.58423000000002,40.76713000000001,bird_042,K18F51,17,2018,25476.65374401707,2,2018_bird_042_2_trip
2018-05-15T18:58:08Z,141.58049000000003,40.77214000000001,bird_042,K18F51,17,2018,26005.41974418555,2,2018_bird_042_2_trip
2018-05-15T18:59:07Z,141.57984,40.77723,bird_042,K18F51,17,2018,26565.174216431536,2,2018_bird_042_2_trip
2018-05-15T19:00:08Z,141.57990999999998,40.78283,bird_042,K18F51,17,2018,27185.93247012909,2,2018_bird_042_2_trip
2018-05-15T19:01:08Z,141.57814000000002,40.78702,bird_042,K18F51,17,2018,27640.31661634723,2,2018_bird_042_2_trip
2018-05-15T19:02:07Z,141.57757999999998,40.79201000000001,bird_042,K18F51,17,2018,28190.500863241985,2,2018_bird_042_2_trip
2018-05-15T19:03:09Z,141.57856999999998,40.79733000000001,bird_042,K18F51,17,2018,28785.27716363861,2,2018_bird_042_2_trip
2018-05-15T19:04:08Z,141.57954999999995,40.80236,bird_042,K18F51,17,2018,29347.93736380388,2,2018_bird_042_2_trip
2018-05-15T19:05:08Z,141.58052,40.80631,bird_042,K18F51,17,2018,29790.938912509424,2,2018_bird_042_2_trip
2018-05-15T19:06:07Z,141.58198000000002,40.81088999999999,bird_042,K18F51,17,2018,30306.62990591868,2,2018_bird_042_2_trip
2018-05-15T19:07:08Z,141.58332,40.81555,bird_042,K18F51,17,2018,30830.72368851673,2,2018_bird_042_2_trip
2018-05-15T19:08:08Z,141.58517,40.8206,bird_042,K18F51,17,2018,31401.371351521975,2,2018_bird_042_2_trip
2018-05-15T19:09:07Z,141.58611000000002,40.82485,bird_042,K18F51,17,2018,31877.9570904689,2,2018_bird_042_2_trip
2018-05-15T19:10:08Z,141.58384,40.828590000000005,bird_042,K18F51,17,2018,32278.354488494937,2,2018_bird_042_2_trip
2018-05-15T19:11:08Z,141.58201000000005,40.83077,bird_042,K18F51,17,2018,32509.690025971497,2,2018_bird_042_2_trip
2018-05-15T19:12:07Z,141.58195,40.83524,bird_042,K18F51,17,2018,33004.77992446859,2,2018_bird_042_2_trip
2018-05-15T19:13:08Z,141.58094000000003,40.84007,bird_042,K18F51,17,2018,33534.99315708738,2,2018_bird_042_2_trip
2018-05-15T19:14:07Z,141.58463,40.8435,bird_042,K18F51,17,2018,33934.8119849764,2,2018_bird_042_2_trip
2018-05-15T19:15:08Z,141.58593000000002,40.84527,bird_042,K18F51,17,2018,34138.45746983805,2,2018_bird_042_2_trip
2018-05-15T19:16:08Z,141.58853000000002,40.84857,bird_042,K18F51,17,2018,34519.974255021436,2,2018_bird_042_2_trip
2018-05-15T19:17:08Z,141.58984999999998,40.85099,bird_042,K18F51,17,2018,34796.509650498956,2,2018_bird_042_2_trip
2018-05-15T19:18:10Z,141.59378999999998,40.85428999999999,bird_042,K18F51,17,2018,35189.23730615604,2,2018_bird_042_2_trip
2018-05-15T19:19:08Z,141.59674,40.85775,bird_042,K18F51,17,2018,35594.33243024734,2,2018_bird_042_2_trip
2018-05-15T19:20:08Z,141.59616,40.86117,bird_042,K18F51,17,2018,35968.01938039785,2,2018_bird_042_2_trip
2018-05-15T19:21:07Z,141.59219000000002,40.86554,bird_042,K18F51,17,2018,36422.87452418203,2,2018_bird_042_2_trip
2018-05-15T19:22:07Z,141.58655,40.86818,bird_042,K18F51,17,2018,36680.238296597985,2,2018_bird_042_2_trip
2018-05-15T19:23:09Z,141.58261000000002,40.87095,bird_042,K18F51,17,2018,36966.639228127155,2,2018_bird_042_2_trip
2018-05-15T19:24:09Z,141.57909999999998,40.8726,bird_042,K18F51,17,2018,37133.88164183841,2,2018_bird_042_2_trip
2018-05-15T19:25:08Z,141.57761,40.872510000000005,bird_042,K18F51,17,2018,37117.950343640514,2,2018_bird_042_2_trip
2018-05-15T19:26:35Z,141.58312,40.87191,bird_042,K18F51,17,2018,37075.555657383455,2,2018_bird_042_2_trip
2018-05-15T19:27:07Z,141.58486,40.874199999999995,bird_042,K18F51,17,2018,37338.21632540211,2,2018_bird_042_2_trip
2018-05-15T19:28:07Z,141.5885,40.871339999999996,bird_042,K18F51,17,2018,37041.63426518358,2,2018_bird_042_2_trip
2018-05-15T19:29:07Z,141.59256,40.86838,bird_042,K18F51,17,2018,36739.74793566384,2,2018_bird_042_2_trip
2018-05-15T19:30:07Z,141.59496,40.86461,bird_042,K18F51,17,2018,36339.522278254786,2,2018_bird_042_2_trip
2018-05-15T19:31:08Z,141.59829000000002,40.86002,bird_042,K18F51,17,2018,35857.655731209736,2,2018_bird_042_2_trip
2018-05-15T19:32:07Z,141.60147,40.85621,bird_042,K18F51,17,2018,35463.624027508646,2,2018_bird_042_2_trip
2018-05-15T19:33:08Z,141.59991,40.85111,bird_042,K18F51,17,2018,34886.67106851095,2,2018_bird_042_2_trip
2018-05-15T19:34:07Z,141.59954,40.8454,bird_042,K18F51,17,2018,34252.736759073036,2,2018_bird_042_2_trip
2018-05-15T19:35:08Z,141.5961,40.84103,bird_042,K18F51,17,2018,33740.81598710134,2,2018_bird_042_2_trip
2018-05-15T19:36:09Z,141.5971,40.83556,bird_042,K18F51,17,2018,33144.67302640544,2,2018_bird_042_2_trip
2018-05-15T19:37:07Z,141.60088,40.83411,bird_042,K18F51,17,2018,33018.35037889799,2,2018_bird_042_2_trip
2018-05-15T19:38:08Z,141.60199,40.82987,bird_042,K18F51,17,2018,32561.129134712864,2,2018_bird_042_2_trip
2018-05-15T19:39:10Z,141.60231000000002,40.8296,bird_042,K18F51,17,2018,32534.477549943032,2,2018_bird_042_2_trip
2018-05-15T19:40:28Z,141.60236,40.83009,bird_042,K18F51,17,2018,32589.01342324024,2,2018_bird_042_2_trip
2018-05-15T19:41:07Z,141.60264,40.82969,bird_042,K18F51,17,2018,32547.655535289752,2,2018_bird_042_2_trip
2018-05-15T19:42:07Z,141.60254,40.83016,bird_042,K18F51,17,2018,32598.50384966593,2,2018_bird_042_2_trip
2018-05-15T19:43:08Z,141.60281,40.82985,bird_042,K18F51,17,2018,32566.984424144717,2,2018_bird_042_2_trip
2018-05-15T19:44:08Z,141.60317999999998,40.82934,bird_042,K18F51,17,2018,32514.433822203056,2,2018_bird_042_2_trip
2018-05-15T19:45:07Z,141.60323,40.8294,bird_042,K18F51,17,2018,32521.55074671804,2,2018_bird_042_2_trip
2018-05-15T19:46:08Z,141.60360999999995,40.82926,bird_042,K18F51,17,2018,32509.94126591756,2,2018_bird_042_2_trip
2018-05-15T19:47:08Z,141.60384,40.82886,bird_042,K18F51,17,2018,32468.176796015185,2,2018_bird_042_2_trip
2018-05-15T19:48:08Z,141.60404999999997,40.82868,bird_042,K18F51,17,2018,32450.477016198325,2,2018_bird_042_2_trip
2018-05-15T19:49:07Z,141.60608,40.83132,bird_042,K18F51,17,2018,32762.528267190315,2,2018_bird_042_2_trip
2018-05-15T19:50:07Z,141.60681,40.83674,bird_042,K18F51,17,2018,33367.396747761086,2,2018_bird_042_2_trip
2018-05-15T19:51:09Z,141.60129,40.84043,bird_042,K18F51,17,2018,33719.718746764454,2,2018_bird_042_2_trip
2018-05-15T19:52:08Z,141.59623000000002,40.842879999999994,bird_042,K18F51,17,2018,33946.358972619644,2,2018_bird_042_2_trip
2018-05-15T19:53:07Z,141.59559,40.84307999999999,bird_042,K18F51,17,2018,33963.30871029038,2,2018_bird_042_2_trip
2018-05-15T19:54:08Z,141.59555999999998,40.84303,bird_042,K18F51,17,2018,33957.54147267312,2,2018_bird_042_2_trip
2018-05-15T19:55:07Z,141.59374,40.83978,bird_042,K18F51,17,2018,33583.92355340097,2,2018_bird_042_2_trip
2018-05-15T19:56:07Z,141.59395999999998,40.83319,bird_042,K18F51,17,2018,32856.948285485014,2,2018_bird_042_2_trip
2018-05-15T19:57:07Z,141.59345,40.82713,bird_042,K18F51,17,2018,32182.91855924543,2,2018_bird_042_2_trip
2018-05-15T19:58:07Z,141.59188,40.82057,bird_042,K18F51,17,2018,31445.24393330722,2,2018_bird_042_2_trip
2018-05-15T19:59:08Z,141.5901,40.81355,bird_042,K18F51,17,2018,30655.23216008199,2,2018_bird_042_2_trip
2018-05-15T20:00:07Z,141.58811000000003,40.806619999999995,bird_042,K18F51,17,2018,29873.846402952666,2,2018_bird_042_2_trip
2018-05-15T20:01:10Z,141.58491,40.79951000000001,bird_042,K18F51,17,2018,29064.57560423788,2,2018_bird_042_2_trip
2018-05-15T20:02:09Z,141.58273000000003,40.79270000000001,bird_042,K18F51,17,2018,28296.35054093665,2,2018_bird_042_2_trip
2018-05-15T20:03:09Z,141.58104000000003,40.78606,bird_042,K18F51,17,2018,27550.475820896936,2,2018_bird_042_2_trip
2018-05-15T20:04:35Z,141.5779,40.7771,bird_042,K18F51,17,2018,26539.658417570863,2,2018_bird_042_2_trip
2018-05-15T20:05:06Z,141.57688,40.77406,bird_042,K18F51,17,2018,26197.27666200919,2,2018_bird_042_2_trip
2018-05-15T20:06:07Z,141.57553,40.76794,bird_042,K18F51,17,2018,25511.97098915184,2,2018_bird_042_2_trip
2018-05-15T20:07:06Z,141.57446,40.76234000000001,bird_042,K18F51,17,2018,24885.876310837157,2,2018_bird_042_2_trip
2018-05-15T20:08:07Z,141.57269,40.75642,bird_042,K18F51,17,2018,24221.228891500712,2,2018_bird_042_2_trip
2018-05-15T20:09:07Z,141.57062,40.75054,bird_042,K18F51,17,2018,23560.36342521757,2,2018_bird_042_2_trip
2018-05-15T20:10:07Z,141.56954999999996,40.74441,bird_042,K18F51,17,2018,22876.224101048723,2,2018_bird_042_2_trip
2018-05-15T20:11:07Z,141.56885,40.73872000000001,bird_042,K18F51,17,2018,22242.38052529236,2,2018_bird_042_2_trip
2018-05-15T20:12:06Z,141.56785,40.73288,bird_042,K18F51,17,2018,21590.90681655881,2,2018_bird_042_2_trip
2018-05-15T20:13:06Z,141.56681,40.727120000000006,bird_042,K18F51,17,2018,20948.34343895883,2,2018_bird_042_2_trip
2018-05-15T20:14:07Z,141.56615,40.721250000000005,bird_042,K18F51,17,2018,20294.888587723897,2,2018_bird_042_2_trip
2018-05-15T20:15:06Z,141.56438,40.715320000000006,bird_042,K18F51,17,2018,19631.860106417666,2,2018_bird_042_2_trip
2018-05-15T20:16:06Z,141.56216,40.70922,bird_042,K18F51,17,2018,18950.01307636097,2,2018_bird_042_2_trip
2018-05-15T20:17:06Z,141.56178,40.70393000000001,bird_042,K18F51,17,2018,18362.04667623027,2,2018_bird_042_2_trip
2018-05-15T20:18:07Z,141.56162,40.69850000000001,bird_042,K18F51,17,2018,17758.906784375024,2,2018_bird_042_2_trip
2018-05-15T20:19:06Z,141.56327,40.69342,bird_042,K18F51,17,2018,17198.216492149593,2,2018_bird_042_2_trip
2018-05-15T20:20:07Z,141.56441,40.68831000000001,bird_042,K18F51,17,2018,16634.051548422314,2,2018_bird_042_2_trip
2018-05-15T20:21:07Z,141.56604000000002,40.683150000000005,bird_042,K18F51,17,2018,16066.940298610454,2,2018_bird_042_2_trip
2018-05-15T20:22:07Z,141.56684,40.678340000000006,bird_042,K18F51,17,2018,15536.607053930871,2,2018_bird_042_2_trip
2018-05-15T20:23:06Z,141.56727,40.67353000000001,bird_042,K18F51,17,2018,15005.11023267276,2,2018_bird_042_2_trip
2018-05-15T20:24:07Z,141.56836,40.668220000000005,bird_042,K18F51,17,2018,14421.892511631211,2,2018_bird_042_2_trip
2018-05-15T20:25:07Z,141.56901,40.66286,bird_042,K18F51,17,2018,13831.650253890635,2,2018_bird_042_2_trip
2018-05-15T20:26:07Z,141.5693,40.657619999999994,bird_042,K18F51,17,2018,13253.057663997874,2,2018_bird_042_2_trip
2018-05-15T20:27:07Z,141.56941,40.652330000000006,bird_042,K18F51,17,2018,12668.069510018742,2,2018_bird_042_2_trip
2018-05-15T20:28:07Z,141.56861,40.64772,bird_042,K18F51,17,2018,12152.428022868082,2,2018_bird_042_2_trip
2018-05-15T20:29:06Z,141.56792000000002,40.642790000000005,bird_042,K18F51,17,2018,11602.113072711309,2,2018_bird_042_2_trip
2018-05-15T20:30:06Z,141.56765,40.63759,bird_042,K18F51,17,2018,11024.608636500649,2,2018_bird_042_2_trip
2018-05-15T20:31:06Z,141.56705,40.63241000000001,bird_042,K18F51,17,2018,10447.185845507222,2,2018_bird_042_2_trip
2018-05-15T20:32:07Z,141.56674,40.62702,bird_042,K18F51,17,2018,9848.413204674102,2,2018_bird_042_2_trip
2018-05-15T20:33:06Z,141.56644000000003,40.62208,bird_042,K18F51,17,2018,9299.561740418834,2,2018_bird_042_2_trip
2018-05-15T20:34:07Z,141.5661,40.61712,bird_042,K18F51,17,2018,8748.256414826774,2,2018_bird_042_2_trip
2018-05-15T20:35:07Z,141.56527,40.6122,bird_042,K18F51,17,2018,8198.019450283324,2,2018_bird_042_2_trip
2018-05-15T20:36:06Z,141.56489,40.60734,bird_042,K18F51,17,2018,7657.4901398628,2,2018_bird_042_2_trip
2018-05-15T20:37:07Z,141.56464,40.602340000000005,bird_042,K18F51,17,2018,7102.399640191041,2,2018_bird_042_2_trip
2018-05-15T20:38:07Z,141.56408,40.59756,bird_042,K18F51,17,2018,6569.494032886551,2,2018_bird_042_2_trip
2018-05-15T20:39:07Z,141.56399,40.59243000000001,bird_042,K18F51,17,2018,6001.315095310306,2,2018_bird_042_2_trip
2018-05-15T20:40:07Z,141.56315999999998,40.58737,bird_042,K18F51,17,2018,5435.410253102282,2,2018_bird_042_2_trip
2018-05-15T20:41:07Z,141.56318,40.58177,bird_042,K18F51,17,2018,4816.357183369795,2,2018_bird_042_2_trip
2018-05-15T20:42:06Z,141.56257,40.57636,bird_042,K18F51,17,2018,4213.437283227136,2,2018_bird_042_2_trip
2018-05-15T20:43:06Z,141.56185,40.57077,bird_042,K18F51,17,2018,3589.706940192884,2,2018_bird_042_2_trip
2018-05-15T20:44:06Z,141.56053,40.56549,bird_042,K18F51,17,2018,2995.5948751484307,2,2018_bird_042_2_trip
2018-05-15T20:45:06Z,141.55963,40.55999,bird_042,K18F51,17,2018,2380.76730223751,2,2018_bird_042_2_trip
2018-05-15T20:46:07Z,141.55834000000004,40.5551,bird_042,K18F51,17,2018,1832.6200532112607,2,2018_bird_042_2_trip
2018-05-15T20:47:07Z,141.55817000000002,40.55001,bird_042,K18F51,17,2018,1267.2464941032267,2,2018_bird_042_2_trip
2018-05-20T23:05:12Z,141.56031000000002,40.55355,bird_042,K18F51,17,2018,1675.2039039396182,8,2018_bird_042_8_trip
2018-05-20T23:06:13Z,141.56384999999997,40.56166,bird_042,K18F51,17,2018,2614.1277808367327,8,2018_bird_042_8_trip
2018-05-20T23:07:14Z,141.56799,40.56916,bird_042,K18F51,17,2018,3505.062657857125,8,2018_bird_042_8_trip
2018-05-20T23:08:13Z,141.57274999999998,40.57721,bird_042,K18F51,17,2018,4474.613506491531,8,2018_bird_042_8_trip
2018-05-20T23:09:12Z,141.57555999999997,40.58407999999999,bird_042,K18F51,17,2018,5273.690809852077,8,2018_bird_042_8_trip
2018-05-20T23:10:12Z,141.57884,40.59195,bird_042,K18F51,17,2018,6190.5869855396595,8,2018_bird_042_8_trip
2018-05-20T23:11:11Z,141.58199000000002,40.599070000000005,bird_042,K18F51,17,2018,7024.646813146149,8,2018_bird_042_8_trip
2018-05-20T23:12:11Z,141.58333000000002,40.60472,bird_042,K18F51,17,2018,7658.043225572572,8,2018_bird_042_8_trip
2018-05-20T23:13:11Z,141.58359,40.60999,bird_042,K18F51,17,2018,8226.603415196809,8,2018_bird_042_8_trip
2018-05-20T23:14:11Z,141.58249000000004,40.61499,bird_042,K18F51,17,2018,8739.921528309094,8,2018_bird_042_8_trip
2018-05-20T23:15:11Z,141.58195,40.62012000000001,bird_042,K18F51,17,2018,9283.522612061026,8,2018_bird_042_8_trip
2018-05-20T23:16:12Z,141.58191000000002,40.62533000000001,bird_042,K18F51,17,2018,9847.745130453512,8,2018_bird_042_8_trip
2018-05-20T23:17:12Z,141.58208000000002,40.63061,bird_042,K18F51,17,2018,10424.6820421641,8,2018_bird_042_8_trip
2018-05-20T23:18:12Z,141.58298000000002,40.63552000000001,bird_042,K18F51,17,2018,10974.223554017137,8,2018_bird_042_8_trip
2018-05-20T23:19:12Z,141.58413000000002,40.64046,bird_042,K18F51,17,2018,11531.23002740958,8,2018_bird_042_8_trip
2018-05-20T23:20:12Z,141.58530000000002,40.64536,bird_042,K18F51,17,2018,12084.21778783334,8,2018_bird_042_8_trip
2018-05-20T23:21:12Z,141.5875,40.65022,bird_042,K18F51,17,2018,12650.006568459172,8,2018_bird_042_8_trip
2018-05-20T23:22:12Z,141.59146,40.65455,bird_042,K18F51,17,2018,13190.206212024905,8,2018_bird_042_8_trip
2018-05-20T23:23:12Z,141.5954,40.65879,bird_042,K18F51,17,2018,13724.052157771992,8,2018_bird_042_8_trip
2018-05-20T23:24:12Z,141.59905999999998,40.66378,bird_042,K18F51,17,2018,14336.13021695182,8,2018_bird_042_8_trip
2018-05-20T23:25:12Z,141.60169,40.66866,bird_042,K18F51,17,2018,14916.241444035995,8,2018_bird_042_8_trip
2018-05-20T23:26:12Z,141.60427,40.67366,bird_042,K18F51,17,2018,15508.58280596714,8,2018_bird_042_8_trip
2018-05-20T23:27:12Z,141.60702,40.678790000000006,bird_042,K18F51,17,2018,16118.903843815837,8,2018_bird_042_8_trip
2018-05-20T23:28:12Z,141.60867,40.68407,bird_042,K18F51,17,2018,16721.35246783156,8,2018_bird_042_8_trip
2018-05-20T23:29:12Z,141.61011,40.68955,bird_042,K18F51,17,2018,17340.71336487071,8,2018_bird_042_8_trip
2018-05-20T23:30:12Z,141.61173,40.69444,bird_042,K18F51,17,2018,17900.694614959724,8,2018_bird_042_8_trip
2018-05-20T23:31:12Z,141.61091,40.69998,bird_042,K18F51,17,2018,18478.98475292245,8,2018_bird_042_8_trip
2018-05-20T23:32:12Z,141.61257999999998,40.705920000000006,bird_042,K18F51,17,2018,19153.116161587288,8,2018_bird_042_8_trip
2018-05-20T23:33:12Z,141.61660999999998,40.71114,bird_042,K18F51,17,2018,19799.11232823719,8,2018_bird_042_8_trip
2018-05-20T23:34:12Z,141.62120000000002,40.71654,bird_042,K18F51,17,2018,20478.500199963317,8,2018_bird_042_8_trip
2018-05-20T23:35:12Z,141.62422,40.722460000000005,bird_042,K18F51,17,2018,21180.00679814273,8,2018_bird_042_8_trip
2018-05-20T23:36:12Z,141.62892000000002,40.72800000000001,bird_042,K18F51,17,2018,21879.87856271598,8,2018_bird_042_8_trip
2018-05-20T23:37:12Z,141.63209,40.73441,bird_042,K18F51,17,2018,22638.053396090076,8,2018_bird_042_8_trip
2018-05-20T23:38:11Z,141.635,40.74052,bird_042,K18F51,17,2018,23358.233755139536,8,2018_bird_042_8_trip
2018-05-20T23:39:11Z,141.6373,40.74644,bird_042,K18F51,17,2018,24043.74145349644,8,2018_bird_042_8_trip
2018-05-20T23:40:11Z,141.63840000000002,40.75337,bird_042,K18F51,17,2018,24808.75647812688,8,2018_bird_042_8_trip
2018-05-20T23:41:11Z,141.64069999999998,40.75882,bird_042,K18F51,17,2018,25444.078004183375,8,2018_bird_042_8_trip
2018-05-20T23:42:12Z,141.64325999999997,40.76229000000001,bird_042,K18F51,17,2018,25874.383467998887,8,2018_bird_042_8_trip
2018-05-20T23:43:12Z,141.64627,40.76802000000001,bird_042,K18F51,17,2018,26556.517530937963,8,2018_bird_042_8_trip
2018-05-20T23:44:11Z,141.6502,40.77318,bird_042,K18F51,17,2018,27200.434964956305,8,2018_bird_042_8_trip
2018-05-20T23:45:12Z,141.65093000000002,40.77881000000001,bird_042,K18F51,17,2018,27817.115288300916,8,2018_bird_042_8_trip
2018-05-20T23:46:12Z,141.65008,40.78533000000001,bird_042,K18F51,17,2018,28492.226499482465,8,2018_bird_042_8_trip
2018-05-20T23:47:12Z,141.64624,40.79207000000001,bird_042,K18F51,17,2018,29127.336268853865,8,2018_bird_042_8_trip
2018-05-20T23:48:12Z,141.64164,40.796200000000006,bird_042,K18F51,17,2018,29474.523366208236,8,2018_bird_042_8_trip
2018-05-20T23:49:12Z,141.63758,40.79913000000001,bird_042,K18F51,17,2018,29710.355997738072,8,2018_bird_042_8_trip
2018-05-20T23:50:11Z,141.63369999999998,40.80542,bird_042,K18F51,17,2018,30319.56473463813,8,2018_bird_042_8_trip
2018-05-20T23:51:11Z,141.63031,40.81213,bird_042,K18F51,17,2018,30989.953620701068,8,2018_bird_042_8_trip
2018-05-20T23:52:11Z,141.6249,40.818079999999995,bird_042,K18F51,17,2018,31552.119697658047,8,2018_bird_042_8_trip
2018-05-20T23:53:11Z,141.61729,40.82289,bird_042,K18F51,17,2018,31969.79189327718,8,2018_bird_042_8_trip
2018-05-20T23:54:12Z,141.61560999999998,40.8248,bird_042,K18F51,17,2018,32157.281781904716,8,2018_bird_042_8_trip
2018-05-20T23:55:12Z,141.61535999999998,40.82919,bird_042,K18F51,17,2018,32635.98397536209,8,2018_bird_042_8_trip
2018-05-20T23:56:12Z,141.61207,40.8341,bird_042,K18F51,17,2018,33135.392742357595,8,2018_bird_042_8_trip
2018-05-20T23:57:11Z,141.61194,40.840399999999995,bird_042,K18F51,17,2018,33826.84192833964,8,2018_bird_042_8_trip
2018-05-20T23:58:11Z,141.61474999999996,40.84641,bird_042,K18F51,17,2018,34520.60078321171,8,2018_bird_042_8_trip
2018-05-20T23:59:12Z,141.62179,40.85007999999999,bird_042,K18F51,17,2018,35011.433207765804,8,2018_bird_042_8_trip
2018-05-21T00:00:12Z,141.62936,40.853199999999994,bird_042,K18F51,17,2018,35457.567332598526,8,2018_bird_042_8_trip
2018-05-21T00:01:12Z,141.63725,40.85675,bird_042,K18F51,17,2018,35964.85411329578,8,2018_bird_042_8_trip
2018-05-21T00:02:12Z,141.64406999999997,40.86122,bird_042,K18F51,17,2018,36563.38310291941,8,2018_bird_042_8_trip
2018-05-21T00:03:12Z,141.65076,40.866130000000005,bird_042,K18F51,17,2018,37213.24844709545,8,2018_bird_042_8_trip
2018-05-21T00:04:11Z,141.65714000000003,40.87009,bird_042,K18F51,17,2018,37759.56683147896,8,2018_bird_042_8_trip
2018-05-21T00:05:12Z,141.66554,40.87095,bird_042,K18F51,17,2018,38016.71740441278,8,2018_bird_042_8_trip
2018-05-21T00:06:11Z,141.67150999999998,40.86908,bird_042,K18F51,17,2018,37940.04261410504,8,2018_bird_042_8_trip
2018-05-21T00:07:11Z,141.67395999999997,40.86876,bird_042,K18F51,17,2018,37958.78574948298,8,2018_bird_042_8_trip
2018-05-21T00:08:11Z,141.68073,40.86904,bird_042,K18F51,17,2018,38140.914321303266,8,2018_bird_042_8_trip
2018-05-21T00:09:11Z,141.68803000000003,40.87039,bird_042,K18F51,17,2018,38457.39298923113,8,2018_bird_042_8_trip
2018-05-21T00:10:12Z,141.69594999999998,40.87023,bird_042,K18F51,17,2018,38637.613458482345,8,2018_bird_042_8_trip
2018-05-21T00:11:12Z,141.70403,40.871669999999995,bird_042,K18F51,17,2018,39001.26560241031,8,2018_bird_042_8_trip
2018-05-21T00:12:11Z,141.71186999999998,40.87125999999999,bird_042,K18F51,17,2018,39173.58722914484,8,2018_bird_042_8_trip
2018-05-21T00:13:11Z,141.71920999999998,40.868170000000006,bird_042,K18F51,17,2018,39062.79982547205,8,2018_bird_042_8_trip
2018-05-21T00:14:11Z,141.72784,40.86635,bird_042,K18F51,17,2018,39135.7730207949,8,2018_bird_042_8_trip
2018-05-21T00:15:11Z,141.73273,40.86568,bird_042,K18F51,17,2018,39220.690991465104,8,2018_bird_042_8_trip
2018-05-21T00:16:12Z,141.74149,40.86569,bird_042,K18F51,17,2018,39507.03272147392,8,2018_bird_042_8_trip
2018-05-21T00:17:12Z,141.75059,40.865190000000005,bird_042,K18F51,17,2018,39765.21268552825,8,2018_bird_042_8_trip
2018-05-21T00:18:12Z,141.7579,40.86523,bird_042,K18F51,17,2018,40026.58983386799,8,2018_bird_042_8_trip
2018-05-21T00:19:11Z,141.76048,40.863710000000005,bird_042,K18F51,17,2018,39966.831196475694,8,2018_bird_042_8_trip
2018-05-21T00:20:12Z,141.75473,40.85999,bird_042,K18F51,17,2018,39386.25823922739,8,2018_bird_042_8_trip
2018-05-21T00:21:11Z,141.74894999999998,40.85721999999999,bird_042,K18F51,17,2018,38902.280749023106,8,2018_bird_042_8_trip
2018-05-21T00:22:11Z,141.74633,40.85216,bird_042,K18F51,17,2018,38299.429872777575,8,2018_bird_042_8_trip
2018-05-21T00:23:11Z,141.74485999999996,40.84891,bird_042,K18F51,17,2018,37919.739145528525,8,2018_bird_042_8_trip
2018-05-21T00:24:13Z,141.73656999999997,40.847629999999995,bird_042,K18F51,17,2018,37502.6049045469,8,2018_bird_042_8_trip
2018-05-21T00:25:11Z,141.73064999999997,40.84433,bird_042,K18F51,17,2018,36966.88196073978,8,2018_bird_042_8_trip
2018-05-21T00:26:12Z,141.72875,40.83887,bird_042,K18F51,17,2018,36346.835572373195,8,2018_bird_042_8_trip
2018-05-21T00:27:13Z,141.7253,40.83344,bird_042,K18F51,17,2018,35677.81897639613,8,2018_bird_042_8_trip
2018-05-21T00:28:13Z,141.72081,40.828210000000006,bird_042,K18F51,17,2018,34994.44060363226,8,2018_bird_042_8_trip
2018-05-21T00:29:12Z,141.71602,40.82343,bird_042,K18F51,17,2018,34347.54240086459,8,2018_bird_042_8_trip
2018-05-21T00:30:12Z,141.71128,40.81837,bird_042,K18F51,17,2018,33674.38180672244,8,2018_bird_042_8_trip
2018-05-21T00:31:12Z,141.70733,40.813039999999994,bird_042,K18F51,17,2018,32999.76039675054,8,2018_bird_042_8_trip
2018-05-21T00:32:12Z,141.70034,40.8158,bird_042,K18F51,17,2018,33062.676258583546,8,2018_bird_042_8_trip
2018-05-21T00:33:12Z,141.695,40.811719999999994,bird_042,K18F51,17,2018,32477.196114489223,8,2018_bird_042_8_trip
2018-05-21T00:34:12Z,141.68714000000003,40.8098,bird_042,K18F51,17,2018,32045.07071907715,8,2018_bird_042_8_trip
2018-05-21T00:35:12Z,141.67983999999998,40.80671,bird_042,K18F51,17,2018,31515.124195935976,8,2018_bird_042_8_trip
2018-05-21T00:36:12Z,141.67087999999998,40.80812,bird_042,K18F51,17,2018,31423.94025023295,8,2018_bird_042_8_trip
2018-05-21T00:37:12Z,141.66974,40.80663,bird_042,K18F51,17,2018,31237.030830322234,8,2018_bird_042_8_trip
2018-05-21T00:38:12Z,141.67055999999997,40.80683,bird_042,K18F51,17,2018,31279.288479625837,8,2018_bird_042_8_trip
2018-05-21T00:39:12Z,141.67075999999997,40.80616,bird_042,K18F51,17,2018,31213.639824629827,8,2018_bird_042_8_trip
2018-05-21T00:40:13Z,141.672,40.80581,bird_042,K18F51,17,2018,31208.98654980304,8,2018_bird_042_8_trip
2018-05-21T00:41:13Z,141.67279,40.80632,bird_042,K18F51,17,2018,31283.556768666906,8,2018_bird_042_8_trip
2018-05-21T00:42:12Z,141.67122,40.80461999999999,bird_042,K18F51,17,2018,31062.938666728784,8,2018_bird_042_8_trip
2018-05-21T00:43:12Z,141.66565999999997,40.80221,bird_042,K18F51,17,2018,30665.25753931171,8,2018_bird_042_8_trip
2018-05-21T00:44:13Z,141.65771,40.80232,bird_042,K18F51,17,2018,30483.472000470196,8,2018_bird_042_8_trip
2018-05-21T00:45:12Z,141.64983999999998,40.80441,bird_042,K18F51,17,2018,30529.75159214444,8,2018_bird_042_8_trip
2018-05-21T00:46:14Z,141.64228,40.80299,bird_042,K18F51,17,2018,30219.549047616376,8,2018_bird_042_8_trip
2018-05-21T00:47:12Z,141.63639,40.799580000000006,bird_042,K18F51,17,2018,29736.310624826485,8,2018_bird_042_8_trip
2018-05-21T00:48:12Z,141.6303,40.79623000000001,bird_042,K18F51,17,2018,29261.414010046097,8,2018_bird_042_8_trip
2018-05-21T00:49:12Z,141.62661,40.79146,bird_042,K18F51,17,2018,28678.67771646637,8,2018_bird_042_8_trip
2018-05-21T00:50:12Z,141.62341,40.786150000000006,bird_042,K18F51,17,2018,28046.700223132106,8,2018_bird_042_8_trip
2018-05-21T00:51:13Z,141.62404,40.782610000000005,bird_042,K18F51,17,2018,27672.30678189821,8,2018_bird_042_8_trip
2018-05-21T00:52:12Z,141.62222000000003,40.77756,bird_042,K18F51,17,2018,27092.00485879664,8,2018_bird_042_8_trip
2018-05-21T00:53:12Z,141.62111000000002,40.77615000000001,bird_042,K18F51,17,2018,26919.788116380092,8,2018_bird_042_8_trip
2018-05-21T00:54:12Z,141.62314999999998,40.77366,bird_042,K18F51,17,2018,26684.216622681088,8,2018_bird_042_8_trip
2018-05-21T00:55:12Z,141.6218,40.7776,bird_042,K18F51,17,2018,27089.21450124152,8,2018_bird_042_8_trip
2018-05-21T00:56:12Z,141.62126,40.7775,bird_042,K18F51,17,2018,27069.21682086848,8,2018_bird_042_8_trip
2018-05-21T00:57:13Z,141.62177,40.77783,bird_042,K18F51,17,2018,27113.72845834209,8,2018_bird_042_8_trip
2018-05-21T00:58:12Z,141.62087,40.77861000000001,bird_042,K18F51,17,2018,27183.511183086583,8,2018_bird_042_8_trip
2018-05-21T00:59:13Z,141.62481,40.78124,bird_042,K18F51,17,2018,27536.732123774334,8,2018_bird_042_8_trip
2018-05-21T01:00:12Z,141.6181,40.7809,bird_042,K18F51,17,2018,27388.14644116816,8,2018_bird_042_8_trip
2018-05-21T01:01:13Z,141.61594999999997,40.77774,bird_042,K18F51,17,2018,27009.701430615285,8,2018_bird_042_8_trip
2018-05-21T01:02:12Z,141.61516999999998,40.773590000000006,bird_042,K18F51,17,2018,26544.585528310177,8,2018_bird_042_8_trip
2018-05-21T01:03:13Z,141.61315999999997,40.76914000000001,bird_042,K18F51,17,2018,26027.761556598572,8,2018_bird_042_8_trip
2018-05-21T01:04:13Z,141.61307999999997,40.764570000000006,bird_042,K18F51,17,2018,25527.55314865586,8,2018_bird_042_8_trip
2018-05-21T01:05:13Z,141.61281,40.75993,bird_042,K18F51,17,2018,25017.000269440836,8,2018_bird_042_8_trip
2018-05-21T01:06:13Z,141.60858,40.756,bird_042,K18F51,17,2018,24522.977932946585,8,2018_bird_042_8_trip
2018-05-21T01:07:13Z,141.60504999999998,40.75181,bird_042,K18F51,17,2018,24013.3919251116,8,2018_bird_042_8_trip
2018-05-21T01:08:12Z,141.5988,40.74869,bird_042,K18F51,17,2018,23588.00237487566,8,2018_bird_042_8_trip
2018-05-21T01:09:13Z,141.59259,40.74609,bird_042,K18F51,17,2018,23229.744390976783,8,2018_bird_042_8_trip
2018-05-21T01:10:13Z,141.58378,40.745630000000006,bird_042,K18F51,17,2018,23095.760601946105,8,2018_bird_042_8_trip
2018-05-21T01:11:12Z,141.58122000000003,40.74153,bird_042,K18F51,17,2018,22622.454710341768,8,2018_bird_042_8_trip
2018-05-21T01:12:12Z,141.58349,40.73857000000001,bird_042,K18F51,17,2018,22313.08388116061,8,2018_bird_042_8_trip
2018-05-21T01:13:12Z,141.58071,40.73763,bird_042,K18F51,17,2018,22187.25186227088,8,2018_bird_042_8_trip
2018-05-21T01:14:12Z,141.58133000000004,40.7374,bird_042,K18F51,17,2018,22166.497901755454,8,2018_bird_042_8_trip
2018-05-21T01:15:12Z,141.5769,40.73764,bird_042,K18F51,17,2018,22162.29024114429,8,2018_bird_042_8_trip
2018-05-21T01:16:13Z,141.56950999999998,40.74013000000001,bird_042,K18F51,17,2018,22401.257580181868,8,2018_bird_042_8_trip
2018-05-21T01:17:13Z,141.56296,40.74506,bird_042,K18F51,17,2018,22930.551039279533,8,2018_bird_042_8_trip
2018-05-21T01:18:13Z,141.55741000000003,40.75061,bird_042,K18F51,17,2018,23542.40120079768,8,2018_bird_042_8_trip
2018-05-21T01:19:12Z,141.5547,40.75747,bird_042,K18F51,17,2018,24305.433108089743,8,2018_bird_042_8_trip
2018-05-21T01:20:13Z,141.55467,40.7646,bird_042,K18F51,17,2018,25097.200249898437,8,2018_bird_042_8_trip
2018-05-21T01:21:12Z,141.55753,40.770970000000005,bird_042,K18F51,17,2018,25803.359758987604,8,2018_bird_042_8_trip
2018-05-21T01:22:12Z,141.56126,40.777150000000006,bird_042,K18F51,17,2018,26491.450384586253,8,2018_bird_042_8_trip
2018-05-21T01:23:12Z,141.56748000000002,40.78063,bird_042,K18F51,17,2018,26889.073760460215,8,2018_bird_042_8_trip
2018-05-21T01:24:12Z,141.57433,40.781839999999995,bird_042,K18F51,17,2018,27047.48139261709,8,2018_bird_042_8_trip
2018-05-21T01:25:12Z,141.58107,40.78437,bird_042,K18F51,17,2018,27363.476968128984,8,2018_bird_042_8_trip
2018-05-21T01:26:12Z,141.58829000000003,40.78455,bird_042,K18F51,17,2018,27434.418239492246,8,2018_bird_042_8_trip
2018-05-21T01:27:12Z,141.59077,40.78324,bird_042,K18F51,17,2018,27310.341968446224,8,2018_bird_042_8_trip
2018-05-21T01:28:12Z,141.59217,40.78005,bird_042,K18F51,17,2018,26970.573228127905,8,2018_bird_042_8_trip
2018-05-21T01:29:12Z,141.59553,40.77891000000001,bird_042,K18F51,17,2018,26877.154754118677,8,2018_bird_042_8_trip
2018-05-21T01:30:12Z,141.60144000000005,40.77651000000001,bird_042,K18F51,17,2018,26677.418342155903,8,2018_bird_042_8_trip
2018-05-21T01:31:12Z,141.60355999999996,40.77162,bird_042,K18F51,17,2018,26165.813963111308,8,2018_bird_042_8_trip
2018-05-21T01:32:12Z,141.60755999999998,40.768040000000006,bird_042,K18F51,17,2018,25825.93436001899,8,2018_bird_042_8_trip
2018-05-21T01:33:12Z,141.61334,40.772380000000005,bird_042,K18F51,17,2018,26384.425615765824,8,2018_bird_042_8_trip
2018-05-21T01:34:12Z,141.61979999999997,40.77544,bird_042,K18F51,17,2018,26820.591477407794,8,2018_bird_042_8_trip
2018-05-21T01:35:12Z,141.62035,40.78098,bird_042,K18F51,17,2018,27433.041366520963,8,2018_bird_042_8_trip
2018-05-21T01:36:12Z,141.62518,40.78575000000001,bird_042,K18F51,17,2018,28033.295926148585,8,2018_bird_042_8_trip
2018-05-21T01:37:12Z,141.63206,40.78848,bird_042,K18F51,17,2018,28453.196110292098,8,2018_bird_042_8_trip
2018-05-21T01:38:12Z,141.63334999999998,40.79017000000001,bird_042,K18F51,17,2018,28660.411467083104,8,2018_bird_042_8_trip
2018-05-21T01:39:12Z,141.63966999999997,40.79402,bird_042,K18F51,17,2018,29199.625757638016,8,2018_bird_042_8_trip
2018-05-21T01:40:12Z,141.64386999999996,40.79990000000001,bird_042,K18F51,17,2018,29918.816590133138,8,2018_bird_042_8_trip
2018-05-21T01:41:12Z,141.64593,40.80631,bird_042,K18F51,17,2018,30651.547041264745,8,2018_bird_042_8_trip
2018-05-21T01:42:12Z,141.65182,40.80385999999999,bird_042,K18F51,17,2018,30513.989822270178,8,2018_bird_042_8_trip
2018-05-21T01:43:12Z,141.65203000000002,40.80312,bird_042,K18F51,17,2018,30439.33411570624,8,2018_bird_042_8_trip
2018-05-21T01:44:14Z,141.64883,40.79936000000001,bird_042,K18F51,17,2018,29965.87666118922,8,2018_bird_042_8_trip
2018-05-21T01:45:13Z,141.64670999999998,40.794990000000006,bird_042,K18F51,17,2018,29450.90166148195,8,2018_bird_042_8_trip
2018-05-21T01:46:15Z,141.64469999999997,40.79046,bird_042,K18F51,17,2018,28921.190815092,8,2018_bird_042_8_trip
2018-05-21T01:47:12Z,141.64242000000002,40.7864,bird_042,K18F51,17,2018,28436.24107783071,8,2018_bird_042_8_trip
2018-05-21T01:48:13Z,141.64007999999998,40.78185,bird_042,K18F51,17,2018,27897.52448915204,8,2018_bird_042_8_trip
2018-05-21T01:49:12Z,141.63807,40.77719,bird_042,K18F51,17,2018,27354.052729757128,8,2018_bird_042_8_trip
2018-05-21T01:50:11Z,141.63398999999998,40.77319000000001,bird_042,K18F51,17,2018,26838.961355483138,8,2018_bird_042_8_trip
2018-05-21T01:51:40Z,141.62837000000002,40.76698,bird_042,K18F51,17,2018,26056.95486482918,8,2018_bird_042_8_trip
2018-05-21T01:52:11Z,141.62528,40.765640000000005,bird_042,K18F51,17,2018,25853.050259491058,8,2018_bird_042_8_trip
2018-05-21T01:53:13Z,141.61884,40.762800000000006,bird_042,K18F51,17,2018,25429.115382255153,8,2018_bird_042_8_trip
2018-05-21T01:54:11Z,141.61341,40.75932,bird_042,K18F51,17,2018,24960.004880514567,8,2018_bird_042_8_trip
2018-05-21T01:55:11Z,141.61165999999997,40.75431,bird_042,K18F51,17,2018,24385.761468452572,8,2018_bird_042_8_trip
2018-05-21T01:56:11Z,141.60976999999997,40.74966,bird_042,K18F51,17,2018,23848.67164340984,8,2018_bird_042_8_trip
2018-05-21T01:57:11Z,141.60851,40.74481,bird_042,K18F51,17,2018,23299.693010855455,8,2018_bird_042_8_trip
2018-05-21T01:58:11Z,141.60816,40.73998,bird_042,K18F51,17,2018,22767.23163825834,8,2018_bird_042_8_trip
2018-05-21T01:59:12Z,141.60806,40.73492,bird_042,K18F51,17,2018,22213.982069351587,8,2018_bird_042_8_trip
2018-05-21T02:00:13Z,141.60777,40.729850000000006,bird_042,K18F51,17,2018,21656.937361341646,8,2018_bird_042_8_trip
2018-05-21T02:01:12Z,141.60613,40.72501000000001,bird_042,K18F51,17,2018,21102.745831350556,8,2018_bird_042_8_trip
2018-05-21T02:02:12Z,141.60366999999997,40.72026,bird_042,K18F51,17,2018,20545.13183999708,8,2018_bird_042_8_trip
2018-05-21T02:03:12Z,141.60136,40.71474,bird_042,K18F51,17,2018,19906.372417336617,8,2018_bird_042_8_trip
2018-05-21T02:04:14Z,141.59839000000002,40.70938,bird_042,K18F51,17,2018,19275.309614616624,8,2018_bird_042_8_trip
2018-05-21T02:05:13Z,141.59569,40.70405,bird_042,K18F51,17,2018,18652.485007266067,8,2018_bird_042_8_trip
2018-05-21T02:06:12Z,141.59071,40.69998,bird_042,K18F51,17,2018,18137.654585351745,8,2018_bird_042_8_trip
2018-05-21T02:07:13Z,141.58647000000002,40.69494,bird_042,K18F51,17,2018,17531.335950047516,8,2018_bird_042_8_trip
2018-05-21T02:08:13Z,141.58271000000002,40.689710000000005,bird_042,K18F51,17,2018,16913.51895967452,8,2018_bird_042_8_trip
2018-05-21T02:09:12Z,141.57954999999995,40.68472,bird_042,K18F51,17,2018,16331.368136730918,8,2018_bird_042_8_trip
2018-05-21T02:10:13Z,141.57706,40.67905,bird_042,K18F51,17,2018,15682.4601484081,8,2018_bird_042_8_trip
2018-05-21T02:11:12Z,141.57448,40.67387,bird_042,K18F51,17,2018,15088.306066507255,8,2018_bird_042_8_trip
2018-05-21T02:12:13Z,141.57125,40.66875000000001,bird_042,K18F51,17,2018,14498.064572701072,8,2018_bird_042_8_trip
2018-05-21T02:13:13Z,141.56777,40.66413000000001,bird_042,K18F51,17,2018,13965.479569605506,8,2018_bird_042_8_trip
2018-05-21T02:14:13Z,141.56376999999998,40.65933,bird_042,K18F51,17,2018,13416.073355689658,8,2018_bird_042_8_trip
2018-05-21T02:15:13Z,141.55949,40.65457,bird_042,K18F51,17,2018,12878.32035666215,8,2018_bird_042_8_trip
2018-05-21T02:16:13Z,141.55562,40.64992,bird_042,K18F51,17,2018,12362.100253795008,8,2018_bird_042_8_trip
2018-05-21T02:17:12Z,141.55138000000002,40.64553000000001,bird_042,K18F51,17,2018,11885.144234117366,8,2018_bird_042_8_trip
2018-05-21T02:18:13Z,141.54918999999998,40.64061,bird_042,K18F51,17,2018,11349.480893614376,8,2018_bird_042_8_trip
2018-05-21T02:19:13Z,141.54803,40.63503000000001,bird_042,K18F51,17,2018,10738.097764730648,8,2018_bird_042_8_trip
2018-05-21T02:20:13Z,141.5452,40.62951000000001,bird_042,K18F51,17,2018,10148.96142779932,8,2018_bird_042_8_trip
2018-05-21T02:21:13Z,141.54104,40.62462,bird_042,K18F51,17,2018,9653.866335078576,8,2018_bird_042_8_trip
2018-05-21T02:22:12Z,141.53542000000002,40.62001000000001,bird_042,K18F51,17,2018,9232.608568416246,8,2018_bird_042_8_trip
2018-05-21T02:23:12Z,141.52806,40.6155,bird_042,K18F51,17,2018,8897.587759892105,8,2018_bird_042_8_trip
2018-05-21T02:24:13Z,141.52023000000003,40.61129,bird_042,K18F51,17,2018,8669.414144211249,8,2018_bird_042_8_trip
2018-05-21T02:25:13Z,141.51164,40.60806,bird_042,K18F51,17,2018,8638.897424098248,8,2018_bird_042_8_trip
2018-05-21T02:26:13Z,141.50360999999998,40.60433,bird_042,K18F51,17,2018,8612.147458203985,8,2018_bird_042_8_trip
2018-05-21T02:27:13Z,141.49242000000004,40.60208,bird_042,K18F51,17,2018,8952.524500902824,8,2018_bird_042_8_trip
2018-05-21T02:28:13Z,141.47987999999998,40.60184,bird_042,K18F51,17,2018,9624.07460268371,8,2018_bird_042_8_trip
2018-05-21T02:29:14Z,141.46707,40.60238,bird_042,K18F51,17,2018,10436.630832118812,8,2018_bird_042_8_trip
2018-05-21T02:30:13Z,141.46221000000003,40.60210000000001,bird_042,K18F51,17,2018,10722.09910875589,8,2018_bird_042_8_trip
2018-05-21T02:31:13Z,141.46231000000003,40.60206,bird_042,K18F51,17,2018,10712.80070261744,8,2018_bird_042_8_trip
2018-05-21T02:32:13Z,141.46227000000002,40.602,bird_042,K18F51,17,2018,10710.974840591298,8,2018_bird_042_8_trip
2018-05-21T02:33:12Z,141.46235,40.6018,bird_042,K18F51,17,2018,10691.288590174718,8,2018_bird_042_8_trip
2018-05-21T02:34:13Z,141.46241000000003,40.60184,bird_042,K18F51,17,2018,10690.371204262863,8,2018_bird_042_8_trip
2018-05-21T02:35:14Z,141.46228000000002,40.6018,bird_042,K18F51,17,2018,10695.761297502302,8,2018_bird_042_8_trip
2018-05-21T02:36:13Z,141.46238000000002,40.60172,bird_042,K18F51,17,2018,10683.545878027056,8,2018_bird_042_8_trip
2018-05-21T02:37:18Z,141.46238000000002,40.60171,bird_042,K18F51,17,2018,10682.817890187704,8,2018_bird_042_8_trip
2018-05-21T02:38:13Z,141.46246000000002,40.60174,bird_042,K18F51,17,2018,10679.890718331822,8,2018_bird_042_8_trip
2018-05-21T02:39:12Z,141.46222000000003,40.601659999999995,bird_042,K18F51,17,2018,10689.412732691146,8,2018_bird_042_8_trip
2018-05-21T02:40:12Z,141.46235,40.60173,bird_042,K18F51,17,2018,10686.191289244309,8,2018_bird_042_8_trip
2018-05-21T02:41:40Z,141.46229000000002,40.60176,bird_042,K18F51,17,2018,10692.210161518971,8,2018_bird_042_8_trip
2018-05-21T02:42:11Z,141.46224000000004,40.60169,bird_042,K18F51,17,2018,10690.314445778646,8,2018_bird_042_8_trip
2018-05-21T02:43:11Z,141.46226,40.60167,bird_042,K18F51,17,2018,10687.580727496656,8,2018_bird_042_8_trip
2018-05-21T02:44:11Z,141.46227000000002,40.60172,bird_042,K18F51,17,2018,10690.57793897532,8,2018_bird_042_8_trip
2018-05-21T02:45:12Z,141.46231000000003,40.60174,bird_042,K18F51,17,2018,10689.475984190516,8,2018_bird_042_8_trip
2018-05-21T02:46:12Z,141.46224000000004,40.60169,bird_042,K18F51,17,2018,10690.314445778646,8,2018_bird_042_8_trip
2018-05-21T02:47:11Z,141.46224000000004,40.601679999999995,bird_042,K18F51,17,2018,10689.587266303652,8,2018_bird_042_8_trip
2018-05-21T02:48:11Z,141.46230000000003,40.60184,bird_042,K18F51,17,2018,10697.396553920333,8,2018_bird_042_8_trip
2018-05-21T02:49:13Z,141.46225,40.60185,bird_042,K18F51,17,2018,10701.319325908566,8,2018_bird_042_8_trip
2018-05-21T02:50:13Z,141.46225,40.60181,bird_042,K18F51,17,2018,10698.40661781165,8,2018_bird_042_8_trip
2018-05-21T02:51:11Z,141.46240000000003,40.60175,bird_042,K18F51,17,2018,10684.452317019037,8,2018_bird_042_8_trip
2018-05-21T02:52:13Z,141.46226,40.60184,bird_042,K18F51,17,2018,10699.952093336611,8,2018_bird_042_8_trip
2018-05-21T02:53:12Z,141.46219000000002,40.6018,bird_042,K18F51,17,2018,10701.513998764043,8,2018_bird_042_8_trip
2018-05-21T02:54:13Z,141.46223000000003,40.60182,bird_042,K18F51,17,2018,10700.412871207696,8,2018_bird_042_8_trip
2018-05-21T02:55:13Z,141.46237000000002,40.6019,bird_042,K18F51,17,2018,10697.299248941625,8,2018_bird_042_8_trip
2018-05-21T02:56:14Z,141.46234000000004,40.601879999999994,bird_042,K18F51,17,2018,10697.756542074649,8,2018_bird_042_8_trip
2018-05-21T02:57:12Z,141.46224000000004,40.601859999999995,bird_042,K18F51,17,2018,10702.68656584642,8,2018_bird_042_8_trip
2018-05-21T02:58:12Z,141.46226,40.60184,bird_042,K18F51,17,2018,10699.952093336611,8,2018_bird_042_8_trip
2018-05-21T02:59:12Z,141.46225,40.60176,bird_042,K18F51,17,2018,10694.767211471228,8,2018_bird_042_8_trip
2018-05-21T03:00:12Z,141.46226,40.60178,bird_042,K18F51,17,2018,10695.583558192391,8,2018_bird_042_8_trip
2018-05-21T03:01:13Z,141.46213000000003,40.6017,bird_042,K18F51,17,2018,10698.079149176876,8,2018_bird_042_8_trip
2018-05-21T03:02:13Z,141.46229000000002,40.60167,bird_042,K18F51,17,2018,10685.6618057018,8,2018_bird_042_8_trip
2018-05-21T03:03:13Z,141.46227000000002,40.60182,bird_042,K18F51,17,2018,10697.856636768542,8,2018_bird_042_8_trip
2018-05-21T03:04:12Z,141.46225,40.60187,bird_042,K18F51,17,2018,10702.776074002468,8,2018_bird_042_8_trip
2018-05-21T03:05:12Z,141.46220000000002,40.60197,bird_042,K18F51,17,2018,10713.256137061006,8,2018_bird_042_8_trip
2018-05-21T03:06:12Z,141.46235,40.60161,bird_042,K18F51,17,2018,10677.46056356077,8,2018_bird_042_8_trip
2018-05-21T03:07:12Z,141.46225,40.60182,bird_042,K18F51,17,2018,10699.134696290235,8,2018_bird_042_8_trip
2018-05-21T03:08:13Z,141.46222000000003,40.60185,bird_042,K18F51,17,2018,10703.236239350335,8,2018_bird_042_8_trip
2018-05-21T03:09:12Z,141.46227000000002,40.60178,bird_042,K18F51,17,2018,10694.94436848067,8,2018_bird_042_8_trip
2018-05-21T03:10:12Z,141.46221000000003,40.60183,bird_042,K18F51,17,2018,10702.419131357488,8,2018_bird_042_8_trip
2018-05-21T03:11:12Z,141.46221000000003,40.601859999999995,bird_042,K18F51,17,2018,10704.60343512468,8,2018_bird_042_8_trip
2018-05-21T03:12:12Z,141.46223000000003,40.60182,bird_042,K18F51,17,2018,10700.412871207696,8,2018_bird_042_8_trip
2018-05-21T03:13:13Z,141.46222000000003,40.60183,bird_042,K18F51,17,2018,10701.780015375774,8,2018_bird_042_8_trip
2018-05-21T03:14:14Z,141.46222000000003,40.60177,bird_042,K18F51,17,2018,10697.412920639586,8,2018_bird_042_8_trip
2018-05-21T03:15:13Z,141.46218000000002,40.60175,bird_042,K18F51,17,2018,10698.515779779267,8,2018_bird_042_8_trip
2018-05-21T03:16:13Z,141.46226,40.60167,bird_042,K18F51,17,2018,10687.580727496656,8,2018_bird_042_8_trip
2018-05-21T03:17:13Z,141.46221000000003,40.60181,bird_042,K18F51,17,2018,10700.963257323718,8,2018_bird_042_8_trip
2018-05-21T03:18:12Z,141.46213000000003,40.60182,bird_042,K18F51,17,2018,10706.8054753123,8,2018_bird_042_8_trip
2018-05-21T03:19:11Z,141.46211000000002,40.60179,bird_042,K18F51,17,2018,10705.902133234382,8,2018_bird_042_8_trip
2018-05-21T03:20:14Z,141.46225,40.60176,bird_042,K18F51,17,2018,10694.767211471228,8,2018_bird_042_8_trip
2018-05-21T03:21:12Z,141.46224000000004,40.60176,bird_042,K18F51,17,2018,10695.406546045202,8,2018_bird_042_8_trip
2018-05-21T03:22:12Z,141.46223000000003,40.60171,bird_042,K18F51,17,2018,10692.408583746708,8,2018_bird_042_8_trip
2018-05-21T03:23:11Z,141.46217,40.60182,bird_042,K18F51,17,2018,10704.248087936046,8,2018_bird_042_8_trip
2018-05-21T03:24:11Z,141.46215,40.60179,bird_042,K18F51,17,2018,10703.343992924929,8,2018_bird_042_8_trip
2018-05-21T03:25:13Z,141.46234000000004,40.60171,bird_042,K18F51,17,2018,10685.374773810528,8,2018_bird_042_8_trip
2018-05-21T03:26:12Z,141.46236000000002,40.60161,bird_042,K18F51,17,2018,10676.820891700974,8,2018_bird_042_8_trip
2018-05-21T03:27:13Z,141.46072,40.599630000000005,bird_042,K18F51,17,2018,10640.847057753586,8,2018_bird_042_8_trip
2018-05-21T03:28:13Z,141.46396,40.599410000000006,bird_042,K18F51,17,2018,10414.929178448392,8,2018_bird_042_8_trip
2018-05-21T03:29:13Z,141.46762,40.59562,bird_042,K18F51,17,2018,9906.991465265011,8,2018_bird_042_8_trip
2018-05-21T03:30:14Z,141.47023000000002,40.59010000000001,bird_042,K18F51,17,2018,9351.337505348904,8,2018_bird_042_8_trip
2018-05-21T03:31:12Z,141.47373,40.58682,bird_042,K18F51,17,2018,8894.867166259222,8,2018_bird_042_8_trip
2018-05-21T03:32:12Z,141.47719,40.58629,bird_042,K18F51,17,2018,8626.436150720876,8,2018_bird_042_8_trip
2018-05-21T03:33:12Z,141.47847000000002,40.58116,bird_042,K18F51,17,2018,8200.353985065536,8,2018_bird_042_8_trip
2018-05-21T03:34:11Z,141.48135000000002,40.5764,bird_042,K18F51,17,2018,7702.126665972925,8,2018_bird_042_8_trip
2018-05-21T03:35:12Z,141.48145000000002,40.57122,bird_042,K18F51,17,2018,7397.25238067801,8,2018_bird_042_8_trip
2018-05-21T03:36:12Z,141.48822000000004,40.57092,bird_042,K18F51,17,2018,6885.568573962546,8,2018_bird_042_8_trip
2018-05-21T03:37:12Z,141.49117,40.56736,bird_042,K18F51,17,2018,6469.7505493289245,8,2018_bird_042_8_trip
2018-05-21T03:38:12Z,141.49574,40.56419,bird_042,K18F51,17,2018,5960.584478445068,8,2018_bird_042_8_trip
2018-05-21T03:39:11Z,141.50073,40.56123,bird_042,K18F51,17,2018,5433.148892562616,8,2018_bird_042_8_trip
2018-05-21T03:40:12Z,141.50642000000002,40.55865,bird_042,K18F51,17,2018,4873.496664852119,8,2018_bird_042_8_trip
2018-05-21T03:41:13Z,141.51181,40.55643,bird_042,K18F51,17,2018,4354.8084731032595,8,2018_bird_042_8_trip
2018-05-21T03:42:11Z,141.5144,40.551759999999994,bird_042,K18F51,17,2018,3940.491597350262,8,2018_bird_042_8_trip
2018-05-21T03:43:11Z,141.51370999999995,40.54571000000001,bird_042,K18F51,17,2018,3801.1437474905383,8,2018_bird_042_8_trip
2018-05-21T03:44:11Z,141.51574999999997,40.541639999999994,bird_042,K18F51,17,2018,3561.6476550760863,8,2018_bird_042_8_trip
2018-05-21T03:45:12Z,141.51570999999998,40.54172,bird_042,K18F51,17,2018,3565.8695172824087,8,2018_bird_042_8_trip
2018-05-21T03:46:13Z,141.51563,40.54177,bird_042,K18F51,17,2018,3573.155342110156,8,2018_bird_042_8_trip
2018-05-21T03:47:13Z,141.51572,40.54167999999999,bird_042,K18F51,17,2018,3564.5993198427996,8,2018_bird_042_8_trip
2018-05-21T03:48:11Z,141.51579999999998,40.541459999999994,bird_042,K18F51,17,2018,3555.598334557821,8,2018_bird_042_8_trip
2018-05-21T03:49:12Z,141.51574999999997,40.54155,bird_042,K18F51,17,2018,3560.718601979514,8,2018_bird_042_8_trip
2018-05-21T03:50:11Z,141.51573,40.54158,bird_042,K18F51,17,2018,3562.712244793428,8,2018_bird_042_8_trip
2018-05-21T03:51:11Z,141.51549,40.541799999999995,bird_042,K18F51,17,2018,3585.2856762560164,8,2018_bird_042_8_trip
2018-05-21T03:52:12Z,141.51577999999998,40.54136,bird_042,K18F51,17,2018,3556.3165223046503,8,2018_bird_042_8_trip
2018-05-21T03:53:12Z,141.51612,40.54143,bird_042,K18F51,17,2018,3528.30065343129,8,2018_bird_042_8_trip
2018-05-21T03:54:11Z,141.51625,40.54147,bird_042,K18F51,17,2018,3517.7288404998576,8,2018_bird_042_8_trip
2018-05-21T03:55:11Z,141.51612,40.54139,bird_042,K18F51,17,2018,3527.9097145971746,8,2018_bird_042_8_trip
2018-05-21T03:56:12Z,141.51618,40.54149,bird_042,K18F51,17,2018,3523.8354256777516,8,2018_bird_042_8_trip
2018-05-21T03:57:12Z,141.51637,40.54167999999999,bird_042,K18F51,17,2018,3509.7901283022907,8,2018_bird_042_8_trip
2018-05-21T03:58:13Z,141.51616,40.54159,bird_042,K18F51,17,2018,3526.546153653048,8,2018_bird_042_8_trip
2018-05-21T03:59:13Z,141.51614,40.541459999999994,bird_042,K18F51,17,2018,3526.9100015807167,8,2018_bird_042_8_trip
2018-05-21T04:00:13Z,141.51622,40.54147,bird_042,K18F51,17,2018,3520.2599616581274,8,2018_bird_042_8_trip
2018-05-21T04:01:13Z,141.51624,40.54145,bird_042,K18F51,17,2018,3518.3730336765216,8,2018_bird_042_8_trip
2018-05-21T04:02:14Z,141.51625,40.5415,bird_042,K18F51,17,2018,3518.030788566015,8,2018_bird_042_8_trip
2018-05-21T04:03:13Z,141.51608,40.54147999999999,bird_042,K18F51,17,2018,3532.171950143814,8,2018_bird_042_8_trip
2018-05-21T04:04:13Z,141.51619,40.54154,bird_042,K18F51,17,2018,3523.4994850426783,8,2018_bird_042_8_trip
2018-05-21T04:05:12Z,141.51619,40.541439999999994,bird_042,K18F51,17,2018,3522.492710620328,8,2018_bird_042_8_trip
2018-05-21T04:06:11Z,141.51612,40.54154,bird_042,K18F51,17,2018,3529.4043358568633,8,2018_bird_042_8_trip
2018-05-21T04:07:14Z,141.51617,40.54154,bird_042,K18F51,17,2018,3525.1865765880675,8,2018_bird_042_8_trip
2018-05-21T04:08:12Z,141.51616,40.5415,bird_042,K18F51,17,2018,3525.623543215607,8,2018_bird_042_8_trip
2018-05-21T04:09:12Z,141.51611,40.541599999999995,bird_042,K18F51,17,2018,3530.867422529279,8,2018_bird_042_8_trip
2018-05-21T04:10:13Z,141.51613,40.54154,bird_042,K18F51,17,2018,3528.5607805325253,8,2018_bird_042_8_trip
2018-05-21T04:11:13Z,141.51622,40.54153,bird_042,K18F51,17,2018,3520.866547542237,8,2018_bird_042_8_trip
2018-05-21T04:12:13Z,141.51621,40.5414,bird_042,K18F51,17,2018,3520.411964294532,8,2018_bird_042_8_trip
2018-05-21T04:13:14Z,141.51609,40.541639999999994,bird_042,K18F51,17,2018,3532.973986171499,8,2018_bird_042_8_trip
2018-05-21T04:14:13Z,141.51612,40.54171,bird_042,K18F51,17,2018,3531.1924595049104,8,2018_bird_042_8_trip
2018-05-21T04:15:12Z,141.51617,40.54145,bird_042,K18F51,17,2018,3524.2793540685702,8,2018_bird_042_8_trip
2018-05-21T04:16:11Z,141.51629,40.541439999999994,bird_042,K18F51,17,2018,3514.0549282903708,8,2018_bird_042_8_trip
2018-05-21T04:17:11Z,141.51616,40.54155,bird_042,K18F51,17,2018,3526.1326373388292,8,2018_bird_042_8_trip
2018-05-21T04:18:13Z,141.51612,40.541619999999995,bird_042,K18F51,17,2018,3530.2333439501213,8,2018_bird_042_8_trip
2018-05-21T04:19:11Z,141.51605999999998,40.54157,bird_042,K18F51,17,2018,3534.7735412045304,8,2018_bird_042_8_trip
2018-05-21T04:20:13Z,141.51623,40.5415,bird_042,K18F51,17,2018,3519.7180554945007,8,2018_bird_042_8_trip
2018-05-21T04:21:12Z,141.51614,40.54156,bird_042,K18F51,17,2018,3527.9224996851017,8,2018_bird_042_8_trip
2018-05-21T04:22:12Z,141.51612,40.54167999999999,bird_042,K18F51,17,2018,3530.8696401601733,8,2018_bird_042_8_trip
2018-05-21T04:23:13Z,141.51614,40.541419999999995,bird_042,K18F51,17,2018,3526.514711593991,8,2018_bird_042_8_trip
2018-05-21T04:24:11Z,141.51613,40.54145,bird_042,K18F51,17,2018,3527.654430287209,8,2018_bird_042_8_trip
2018-05-21T04:25:13Z,141.51617,40.54161,bird_042,K18F51,17,2018,3525.911617397414,8,2018_bird_042_8_trip
2018-05-21T04:26:12Z,141.51617,40.54149,bird_042,K18F51,17,2018,3524.6790944303234,8,2018_bird_042_8_trip
2018-05-21T04:27:12Z,141.51618,40.54138,bird_042,K18F51,17,2018,3522.749242424554,8,2018_bird_042_8_trip
2018-05-21T04:28:12Z,141.51621,40.5415,bird_042,K18F51,17,2018,3521.405329221293,8,2018_bird_042_8_trip
2018-05-21T04:29:14Z,141.51625,40.54155,bird_042,K18F51,17,2018,3518.5409869278437,8,2018_bird_042_8_trip
2018-05-21T04:30:12Z,141.51599,40.54156,bird_042,K18F51,17,2018,3540.5752476602725,8,2018_bird_042_8_trip
2018-05-21T04:31:13Z,141.51636,40.541459999999994,bird_042,K18F51,17,2018,3508.3479717537252,8,2018_bird_042_8_trip
2018-05-21T04:32:12Z,141.51628,40.54165,bird_042,K18F51,17,2018,3517.057676606142,8,2018_bird_042_8_trip
2018-05-21T04:33:12Z,141.51625,40.541439999999994,bird_042,K18F51,17,2018,3517.430021633617,8,2018_bird_042_8_trip
2018-05-21T04:34:13Z,141.5163,40.54127,bird_042,K18F51,17,2018,3511.575023297341,8,2018_bird_042_8_trip
2018-05-21T04:35:12Z,141.51613,40.54157,bird_042,K18F51,17,2018,3528.8691353381546,8,2018_bird_042_8_trip
2018-05-21T04:36:13Z,141.51619,40.54153,bird_042,K18F51,17,2018,3523.397245658437,8,2018_bird_042_8_trip
2018-05-21T04:37:13Z,141.51675999999998,40.54151,bird_042,K18F51,17,2018,3475.110415332778,8,2018_bird_042_8_trip
2018-05-21T04:38:13Z,141.52186,40.53998,bird_042,K18F51,17,2018,3031.9344859622233,8,2018_bird_042_8_trip
2018-05-21T04:39:14Z,141.52769,40.53972,bird_042,K18F51,17,2018,2537.2078110287584,8,2018_bird_042_8_trip
2018-05-21T04:40:12Z,141.53403,40.53787,bird_042,K18F51,17,2018,1998.7764865158197,8,2018_bird_042_8_trip
2018-05-21T04:41:12Z,141.54098,40.53662,bird_042,K18F51,17,2018,1425.4819451851563,8,2018_bird_042_8_trip
2018-05-21T19:04:13Z,141.56339,40.547839999999994,bird_042,K18F51,17,2018,1136.5310965920178,9,2018_bird_042_9_trip
2018-05-21T19:05:14Z,141.56745,40.556,bird_042,K18F51,17,2018,2103.9075708208243,9,2018_bird_042_9_trip
2018-05-21T19:06:13Z,141.57316999999998,40.56289,bird_042,K18F51,17,2018,3001.7156276173796,9,2018_bird_042_9_trip
2018-05-21T19:07:12Z,141.57796,40.57101,bird_042,K18F51,17,2018,3990.058896894356,9,2018_bird_042_9_trip
2018-05-21T19:08:12Z,141.58110000000002,40.577459999999995,bird_042,K18F51,17,2018,4751.374317573288,9,2018_bird_042_9_trip
2018-05-21T19:09:12Z,141.58351,40.58435,bird_042,K18F51,17,2018,5533.232615553388,9,2018_bird_042_9_trip
2018-05-21T19:10:12Z,141.58717,40.59154,bird_042,K18F51,17,2018,6389.138937558147,9,2018_bird_042_9_trip
2018-05-21T19:11:12Z,141.59014000000002,40.59946,bird_042,K18F51,17,2018,7297.659445979049,9,2018_bird_042_9_trip
2018-05-21T19:12:12Z,141.59259,40.60734,bird_042,K18F51,17,2018,8187.374877535219,9,2018_bird_042_9_trip
2018-05-21T19:13:12Z,141.59497,40.61531000000001,bird_042,K18F51,17,2018,9086.264084560731,9,2018_bird_042_9_trip
2018-05-21T19:14:12Z,141.59943,40.622220000000006,bird_042,K18F51,17,2018,9937.38237471085,9,2018_bird_042_9_trip
2018-05-21T19:15:13Z,141.60251,40.62576000000001,bird_042,K18F51,17,2018,10398.0882061885,9,2018_bird_042_9_trip
2018-05-21T19:16:13Z,141.60472,40.63269,bird_042,K18F51,17,2018,11183.209638065277,9,2018_bird_042_9_trip
2018-05-21T19:17:14Z,141.60797,40.63875000000001,bird_042,K18F51,17,2018,11909.973728652489,9,2018_bird_042_9_trip
2018-05-21T19:18:12Z,141.61034,40.645610000000005,bird_042,K18F51,17,2018,12693.299831177765,9,2018_bird_042_9_trip
2018-05-21T19:19:13Z,141.61471999999998,40.6535,bird_042,K18F51,17,2018,13643.84239008066,9,2018_bird_042_9_trip
2018-05-21T19:20:12Z,141.61989999999997,40.66088,bird_042,K18F51,17,2018,14565.952903786305,9,2018_bird_042_9_trip
2018-05-21T19:21:13Z,141.62452,40.66873000000001,bird_042,K18F51,17,2018,15520.068485860294,9,2018_bird_042_9_trip
2018-05-21T19:22:12Z,141.62762,40.67614,bird_042,K18F51,17,2018,16381.908316584131,9,2018_bird_042_9_trip
2018-05-21T19:23:13Z,141.63186,40.68341,bird_042,K18F51,17,2018,17264.287637812944,9,2018_bird_042_9_trip
2018-05-21T19:24:12Z,141.63634000000002,40.69035000000001,bird_042,K18F51,17,2018,18120.11358214581,9,2018_bird_042_9_trip
2018-05-21T19:25:12Z,141.63892,40.69742,bird_042,K18F51,17,2018,18930.56165159638,9,2018_bird_042_9_trip
2018-05-21T19:26:12Z,141.64124,40.70446,bird_042,K18F51,17,2018,19730.351354091887,9,2018_bird_042_9_trip
2018-05-21T19:27:12Z,141.64245,40.71129,bird_042,K18F51,17,2018,20475.698417814736,9,2018_bird_042_9_trip
2018-05-21T19:28:12Z,141.64172,40.71712,bird_042,K18F51,17,2018,21062.18057019437,9,2018_bird_042_9_trip
2018-05-21T19:29:13Z,141.64066999999997,40.72303000000001,bird_042,K18F51,17,2018,21651.911137936146,9,2018_bird_042_9_trip
2018-05-21T19:30:12Z,141.63995999999997,40.728480000000005,bird_042,K18F51,17,2018,22206.218025271653,9,2018_bird_042_9_trip
2018-05-21T19:31:12Z,141.6381,40.73308,bird_042,K18F51,17,2018,22643.92360662658,9,2018_bird_042_9_trip
2018-05-21T19:32:12Z,141.63495999999998,40.73706,bird_042,K18F51,17,2018,22988.74369672131,9,2018_bird_042_9_trip
2018-05-21T19:33:12Z,141.63126,40.740590000000005,bird_042,K18F51,17,2018,23279.027315200685,9,2018_bird_042_9_trip
2018-05-21T19:34:12Z,141.62641000000002,40.74345,bird_042,K18F51,17,2018,23480.110851189267,9,2018_bird_042_9_trip
2018-05-21T19:35:13Z,141.62194000000002,40.74594,bird_042,K18F51,17,2018,23658.236876909497,9,2018_bird_042_9_trip
2018-05-21T19:36:12Z,141.61738,40.74808,bird_042,K18F51,17,2018,23804.648056197413,9,2018_bird_042_9_trip
2018-05-21T19:37:13Z,141.61428999999998,40.746930000000006,bird_042,K18F51,17,2018,23625.44880299357,9,2018_bird_042_9_trip
2018-05-21T19:38:14Z,141.61370999999997,40.74703,bird_042,K18F51,17,2018,23626.41803002208,9,2018_bird_042_9_trip
2018-05-21T19:39:14Z,141.61251,40.747,bird_042,K18F51,17,2018,23602.97152107835,9,2018_bird_042_9_trip
2018-05-21T19:40:12Z,141.61167999999998,40.74665,bird_042,K18F51,17,2018,23551.131040549182,9,2018_bird_042_9_trip
2018-05-21T19:41:12Z,141.60959999999997,40.74683,bird_042,K18F51,17,2018,23537.227007410005,9,2018_bird_042_9_trip
2018-05-21T19:42:12Z,141.60939,40.746500000000005,bird_042,K18F51,17,2018,23497.91137244081,9,2018_bird_042_9_trip
2018-05-21T19:43:13Z,141.60761,40.747110000000006,bird_042,K18F51,17,2018,23536.93888613661,9,2018_bird_042_9_trip
2018-05-21T19:44:12Z,141.60567999999998,40.746970000000005,bird_042,K18F51,17,2018,23492.83655518267,9,2018_bird_042_9_trip
2018-05-21T19:45:12Z,141.6058,40.7471,bird_042,K18F51,17,2018,23508.812595250925,9,2018_bird_042_9_trip
2018-05-21T19:46:13Z,141.60313,40.75011000000001,bird_042,K18F51,17,2018,23800.47704889556,9,2018_bird_042_9_trip
2018-05-21T19:47:12Z,141.60143000000002,40.754079999999995,bird_042,K18F51,17,2018,24213.18893756232,9,2018_bird_042_9_trip
2018-05-21T19:48:12Z,141.6023,40.75045,bird_042,K18F51,17,2018,23826.494627616554,9,2018_bird_042_9_trip
2018-05-21T19:49:13Z,141.60228,40.74654,bird_042,K18F51,17,2018,23397.639907959703,9,2018_bird_042_9_trip
2018-05-21T19:50:14Z,141.60293,40.746590000000005,bird_042,K18F51,17,2018,23412.060603696176,9,2018_bird_042_9_trip
2018-05-21T19:51:14Z,141.60293,40.74626,bird_042,K18F51,17,2018,23375.911506721575,9,2018_bird_042_9_trip
2018-05-21T19:52:12Z,141.60267,40.74666,bird_042,K18F51,17,2018,23416.138341301885,9,2018_bird_042_9_trip
2018-05-21T19:53:13Z,141.60379999999998,40.74673000000001,bird_042,K18F51,17,2018,23439.55336215411,9,2018_bird_042_9_trip
2018-05-21T19:54:12Z,141.60404,40.746500000000005,bird_042,K18F51,17,2018,23417.767709514123,9,2018_bird_042_9_trip
2018-05-21T19:55:13Z,141.60526,40.7468,bird_042,K18F51,17,2018,23468.115697889923,9,2018_bird_042_9_trip
2018-05-21T19:56:13Z,141.60523,40.74694,bird_042,K18F51,17,2018,23482.995429376795,9,2018_bird_042_9_trip
2018-05-21T19:57:12Z,141.60504,40.74708,bird_042,K18F51,17,2018,23495.561179501532,9,2018_bird_042_9_trip
2018-05-21T19:58:12Z,141.60749,40.748430000000006,bird_042,K18F51,17,2018,23679.333241713193,9,2018_bird_042_9_trip
2018-05-21T19:59:12Z,141.61085999999997,40.75245,bird_042,K18F51,17,2018,24170.213525545747,9,2018_bird_042_9_trip
2018-05-21T20:00:12Z,141.61164,40.75649,bird_042,K18F51,17,2018,24623.269180974665,9,2018_bird_042_9_trip
2018-05-21T20:01:12Z,141.6127,40.75944,bird_042,K18F51,17,2018,24961.809042989837,9,2018_bird_042_9_trip
2018-05-21T20:02:13Z,141.61388999999997,40.76339000000001,bird_042,K18F51,17,2018,25411.511525848782,9,2018_bird_042_9_trip
2018-05-21T20:03:13Z,141.61473999999998,40.76773000000001,bird_042,K18F51,17,2018,25898.379076075464,9,2018_bird_042_9_trip
2018-05-21T20:04:14Z,141.61596999999998,40.77108,bird_042,K18F51,17,2018,26283.268819266366,9,2018_bird_042_9_trip
2018-05-21T20:05:12Z,141.61692,40.77426,bird_042,K18F51,17,2018,26645.19217177655,9,2018_bird_042_9_trip
2018-05-21T20:06:12Z,141.61793,40.7776,bird_042,K18F51,17,2018,27025.525813747532,9,2018_bird_042_9_trip
2018-05-21T20:07:12Z,141.61914999999996,40.78103,bird_042,K18F51,17,2018,27419.04458012552,9,2018_bird_042_9_trip
2018-05-21T20:08:12Z,141.62008,40.78454,bird_042,K18F51,17,2018,27816.644855622468,9,2018_bird_042_9_trip
2018-05-21T20:09:13Z,141.62099,40.78792,bird_042,K18F51,17,2018,28199.751129422923,9,2018_bird_042_9_trip
2018-05-21T20:10:12Z,141.6219,40.79128,bird_042,K18F51,17,2018,28580.677176054374,9,2018_bird_042_9_trip
2018-05-21T20:11:12Z,141.62290000000002,40.79451000000001,bird_042,K18F51,17,2018,28948.882589383647,9,2018_bird_042_9_trip
2018-05-21T20:12:12Z,141.62386999999998,40.797900000000006,bird_042,K18F51,17,2018,29334.04907331356,9,2018_bird_042_9_trip
2018-05-21T20:13:12Z,141.6251,40.80134,bird_042,K18F51,17,2018,29728.879419833473,9,2018_bird_042_9_trip
2018-05-21T20:14:12Z,141.62593,40.80465999999999,bird_042,K18F51,17,2018,30104.15326320017,9,2018_bird_042_9_trip
2018-05-21T20:15:13Z,141.62705,40.80802,bird_042,K18F51,17,2018,30488.49852354144,9,2018_bird_042_9_trip
2018-05-21T20:16:13Z,141.62815,40.811319999999995,bird_042,K18F51,17,2018,30865.9937627307,9,2018_bird_042_9_trip
2018-05-21T20:17:12Z,141.62923,40.81464999999999,bird_042,K18F51,17,2018,31246.44194950748,9,2018_bird_042_9_trip
2018-05-21T20:18:13Z,141.63113,40.81781999999999,bird_042,K18F51,17,2018,31623.026139145724,9,2018_bird_042_9_trip
2018-05-21T20:19:12Z,141.63309999999998,40.8208,bird_042,K18F51,17,2018,31980.36100783375,9,2018_bird_042_9_trip
2018-05-21T20:20:13Z,141.63523,40.82401,bird_042,K18F51,17,2018,32365.739222886907,9,2018_bird_042_9_trip
2018-05-21T20:21:12Z,141.63652,40.8272,bird_042,K18F51,17,2018,32734.73028015379,9,2018_bird_042_9_trip
2018-05-21T20:22:13Z,141.63819,40.83037,bird_042,K18F51,17,2018,33108.17773217026,9,2018_bird_042_9_trip
2018-05-21T20:23:12Z,141.63961999999998,40.83356,bird_042,K18F51,17,2018,33479.719024708786,9,2018_bird_042_9_trip
2018-05-21T20:24:14Z,141.64072,40.83701,bird_042,K18F51,17,2018,33873.759315951604,9,2018_bird_042_9_trip
2018-05-21T20:25:14Z,141.64212,40.8402,bird_042,K18F51,17,2018,34244.843968415385,9,2018_bird_042_9_trip
2018-05-21T20:26:12Z,141.64367999999996,40.84355,bird_042,K18F51,17,2018,34636.18783588976,9,2018_bird_042_9_trip
2018-05-21T20:27:12Z,141.64504,40.846689999999995,bird_042,K18F51,17,2018,35001.24059105521,9,2018_bird_042_9_trip
2018-05-21T20:28:12Z,141.64526999999998,40.84941,bird_042,K18F51,17,2018,35300.590415565945,9,2018_bird_042_9_trip
2018-05-21T20:29:12Z,141.64558999999997,40.85254,bird_042,K18F51,17,2018,35646.10763414618,9,2018_bird_042_9_trip
2018-05-21T20:30:14Z,141.64417999999998,40.85517,bird_042,K18F51,17,2018,35907.29154951426,9,2018_bird_042_9_trip
2018-05-21T20:31:12Z,141.64444999999998,40.85516,bird_042,K18F51,17,2018,35910.86197171113,9,2018_bird_042_9_trip
2018-05-21T20:32:12Z,141.64463999999998,40.85483999999999,bird_042,K18F51,17,2018,35879.36927330728,9,2018_bird_042_9_trip
2018-05-21T20:33:13Z,141.64478999999997,40.85488999999999,bird_042,K18F51,17,2018,35887.4044031285,9,2018_bird_042_9_trip
2018-05-21T20:34:13Z,141.64317999999997,40.85551,bird_042,K18F51,17,2018,35927.142925543754,9,2018_bird_042_9_trip
2018-05-21T20:35:12Z,141.63916999999998,40.85724999999999,bird_042,K18F51,17,2018,36050.074666032815,9,2018_bird_042_9_trip
2018-05-21T20:36:14Z,141.63458999999995,40.85837,bird_042,K18F51,17,2018,36100.38097335766,9,2018_bird_042_9_trip
2018-05-21T20:37:12Z,141.63024,40.85885999999999,bird_042,K18F51,17,2018,36089.547687961225,9,2018_bird_042_9_trip
2018-05-21T20:38:12Z,141.62668,40.85811,bird_042,K18F51,17,2018,35957.40557591225,9,2018_bird_042_9_trip
2018-05-21T20:39:13Z,141.62679,40.855059999999995,bird_042,K18F51,17,2018,35624.783154879704,9,2018_bird_042_9_trip
2018-05-21T20:40:12Z,141.62754,40.85193,bird_042,K18F51,17,2018,35292.538772114036,9,2018_bird_042_9_trip
2018-05-21T20:41:14Z,141.62763,40.85171999999999,bird_042,K18F51,17,2018,35270.824975177406,9,2018_bird_042_9_trip
2018-05-21T20:42:13Z,141.62797,40.851499999999994,bird_042,K18F51,17,2018,35251.579132940686,9,2018_bird_042_9_trip
2018-05-21T20:43:15Z,141.62805,40.85137,bird_042,K18F51,17,2018,35238.49241821593,9,2018_bird_042_9_trip
2018-05-21T20:44:13Z,141.62822000000003,40.851229999999994,bird_042,K18F51,17,2018,35225.601771690686,9,2018_bird_042_9_trip
2018-05-21T20:45:12Z,141.62810000000002,40.85115,bird_042,K18F51,17,2018,35215.129210018415,9,2018_bird_042_9_trip
2018-05-21T20:46:12Z,141.62869,40.850829999999995,bird_042,K18F51,17,2018,35188.588758053564,9,2018_bird_042_9_trip
2018-05-21T20:47:12Z,141.6247,40.85188999999999,bird_042,K18F51,17,2018,35248.74486542786,9,2018_bird_042_9_trip
2018-05-21T20:48:12Z,141.61914999999996,40.85299,bird_042,K18F51,17,2018,35297.13166812888,9,2018_bird_042_9_trip
2018-05-21T20:49:12Z,141.61364999999995,40.85406999999999,bird_042,K18F51,17,2018,35350.46673089348,9,2018_bird_042_9_trip
2018-05-21T20:50:13Z,141.60795,40.85491999999999,bird_042,K18F51,17,2018,35382.84182240009,9,2018_bird_042_9_trip
2018-05-21T20:51:12Z,141.60221,40.856069999999995,bird_042,K18F51,17,2018,35454.758593058716,9,2018_bird_042_9_trip
2018-05-21T20:52:12Z,141.59891000000002,40.856959999999994,bird_042,K18F51,17,2018,35524.53934922578,9,2018_bird_042_9_trip
2018-05-21T20:53:13Z,141.59820000000002,40.85813,bird_042,K18F51,17,2018,35648.013783035385,9,2018_bird_042_9_trip
2018-05-21T20:54:12Z,141.59654999999998,40.85903,bird_042,K18F51,17,2018,35734.379558072666,9,2018_bird_042_9_trip
2018-05-21T20:55:13Z,141.59533000000002,40.85916,bird_042,K18F51,17,2018,35739.407904790874,9,2018_bird_042_9_trip
2018-05-21T20:56:13Z,141.59574,40.85894,bird_042,K18F51,17,2018,35718.18491203686,9,2018_bird_042_9_trip
2018-05-21T20:57:12Z,141.59483,40.86021,bird_042,K18F51,17,2018,35851.812788617426,9,2018_bird_042_9_trip
2018-05-21T20:58:13Z,141.59513,40.860130000000005,bird_042,K18F51,17,2018,35845.19766329557,9,2018_bird_042_9_trip
2018-05-21T20:59:12Z,141.59491,40.85987999999999,bird_042,K18F51,17,2018,35815.902701873354,9,2018_bird_042_9_trip
2018-05-21T21:00:14Z,141.59541000000002,40.8595,bird_042,K18F51,17,2018,35777.617394838366,9,2018_bird_042_9_trip
2018-05-21T21:01:13Z,141.59684,40.85897,bird_042,K18F51,17,2018,35730.01142917319,9,2018_bird_042_9_trip
2018-05-21T21:02:13Z,141.59691,40.858819999999994,bird_042,K18F51,17,2018,35713.975865486194,9,2018_bird_042_9_trip
2018-05-21T21:03:14Z,141.5968,40.85885,bird_042,K18F51,17,2018,35716.42938135181,9,2018_bird_042_9_trip
2018-05-21T21:04:13Z,141.59702,40.85867999999999,bird_042,K18F51,17,2018,35699.36282626679,9,2018_bird_042_9_trip
2018-05-21T21:05:14Z,141.59705,40.85859,bird_042,K18F51,17,2018,35689.64881937749,9,2018_bird_042_9_trip
2018-05-21T21:06:13Z,141.59936,40.85653,bird_042,K18F51,17,2018,35480.78285076034,9,2018_bird_042_9_trip
2018-05-21T21:07:13Z,141.60172,40.85723999999999,bird_042,K18F51,17,2018,35579.58703409934,9,2018_bird_042_9_trip
2018-05-21T21:08:13Z,141.60189,40.86082,bird_042,K18F51,17,2018,35976.46680253003,9,2018_bird_042_9_trip
2018-05-21T21:09:13Z,141.60172,40.86433,bird_042,K18F51,17,2018,36362.67792666431,9,2018_bird_042_9_trip
2018-05-21T21:10:14Z,141.60036,40.867459999999994,bird_042,K18F51,17,2018,36696.94938740763,9,2018_bird_042_9_trip
2018-05-21T21:11:13Z,141.60001,40.86856,bird_042,K18F51,17,2018,36815.62015390392,9,2018_bird_042_9_trip
2018-05-21T21:12:13Z,141.59941,40.87002,bird_042,K18F51,17,2018,36972.10475830141,9,2018_bird_042_9_trip
2018-05-21T21:13:14Z,141.59976999999998,40.86944,bird_042,K18F51,17,2018,36910.9164975248,9,2018_bird_042_9_trip
2018-05-21T21:14:13Z,141.59991,40.8697,bird_042,K18F51,17,2018,36940.797651984474,9,2018_bird_042_9_trip
2018-05-21T21:15:14Z,141.60018,40.869510000000005,bird_042,K18F51,17,2018,36922.014174268035,9,2018_bird_042_9_trip
2018-05-21T21:16:14Z,141.60084999999998,40.86822,bird_042,K18F51,17,2018,36785.02847794754,9,2018_bird_042_9_trip
2018-05-21T21:17:15Z,141.60074,40.86763,bird_042,K18F51,17,2018,36718.91044703808,9,2018_bird_042_9_trip
2018-05-21T21:18:14Z,141.60088,40.86735,bird_042,K18F51,17,2018,36689.14814349904,9,2018_bird_042_9_trip
2018-05-21T21:19:13Z,141.60116,40.8671,bird_042,K18F51,17,2018,36663.892616537974,9,2018_bird_042_9_trip
2018-05-21T21:20:13Z,141.60237,40.86279,bird_042,K18F51,17,2018,36198.26952870126,9,2018_bird_042_9_trip
2018-05-21T21:21:13Z,141.60374,40.85757999999999,bird_042,K18F51,17,2018,35635.41297204465,9,2018_bird_042_9_trip
2018-05-21T21:22:14Z,141.60393,40.85655,bird_042,K18F51,17,2018,35523.48906554819,9,2018_bird_042_9_trip
2018-05-21T21:23:14Z,141.60394,40.85641999999999,bird_042,K18F51,17,2018,35509.23404258397,9,2018_bird_042_9_trip
2018-05-21T21:24:14Z,141.60419,40.85633,bird_042,K18F51,17,2018,35501.637971058495,9,2018_bird_042_9_trip
2018-05-21T21:25:13Z,141.60403,40.85632,bird_042,K18F51,17,2018,35499.03702679567,9,2018_bird_042_9_trip
2018-05-21T21:26:14Z,141.60437,40.85587999999999,bird_042,K18F51,17,2018,35453.6680680037,9,2018_bird_042_9_trip
2018-05-21T21:27:13Z,141.60468999999998,40.85561,bird_042,K18F51,17,2018,35426.90030064104,9,2018_bird_042_9_trip
2018-05-21T21:28:13Z,141.60463,40.85563,bird_042,K18F51,17,2018,35428.53792014298,9,2018_bird_042_9_trip
2018-05-21T21:29:14Z,141.60475999999997,40.85537,bird_042,K18F51,17,2018,35401.08327278532,9,2018_bird_042_9_trip
2018-05-21T21:30:13Z,141.60467999999997,40.85536,bird_042,K18F51,17,2018,35399.219220348205,9,2018_bird_042_9_trip
2018-05-21T21:31:13Z,141.6049,40.85527,bird_042,K18F51,17,2018,35391.3836833289,9,2018_bird_042_9_trip
2018-05-21T21:32:14Z,141.60504999999998,40.85493999999999,bird_042,K18F51,17,2018,35356.40839850623,9,2018_bird_042_9_trip
2018-05-21T21:33:14Z,141.60533,40.85459999999999,bird_042,K18F51,17,2018,35321.590947892095,9,2018_bird_042_9_trip
2018-05-21T21:34:14Z,141.60553,40.85444999999999,bird_042,K18F51,17,2018,35306.97822562989,9,2018_bird_042_9_trip
2018-05-21T21:35:13Z,141.60643000000002,40.84974,bird_042,K18F51,17,2018,34796.390240544635,9,2018_bird_042_9_trip
2018-05-21T21:36:14Z,141.60638,40.84443999999999,bird_042,K18F51,17,2018,34211.55592445719,9,2018_bird_042_9_trip
2018-05-21T21:37:14Z,141.60494,40.839479999999995,bird_042,K18F51,17,2018,33650.151423325166,9,2018_bird_042_9_trip
2018-05-21T21:38:13Z,141.60273,40.8349,bird_042,K18F51,17,2018,33123.18499569699,9,2018_bird_042_9_trip
2018-05-21T21:39:13Z,141.60096,40.82978,bird_042,K18F51,17,2018,32541.279505487695,9,2018_bird_042_9_trip
2018-05-21T21:40:14Z,141.59895,40.824839999999995,bird_042,K18F51,17,2018,31977.235876829855,9,2018_bird_042_9_trip
2018-05-21T21:41:14Z,141.5976,40.81939,bird_042,K18F51,17,2018,31363.212891266725,9,2018_bird_042_9_trip
2018-05-21T21:42:14Z,141.59628,40.81408999999999,bird_042,K18F51,17,2018,30766.09556478413,9,2018_bird_042_9_trip
2018-05-21T21:43:13Z,141.59543000000002,40.8082,bird_042,K18F51,17,2018,30108.091532305,9,2018_bird_042_9_trip
2018-05-21T21:44:15Z,141.59327,40.80243,bird_042,K18F51,17,2018,29451.790325380505,9,2018_bird_042_9_trip
2018-05-21T21:45:15Z,141.59244000000004,40.79606,bird_042,K18F51,17,2018,28740.94838962103,9,2018_bird_042_9_trip
2018-05-21T21:46:14Z,141.59061,40.78998,bird_042,K18F51,17,2018,28053.60178079595,9,2018_bird_042_9_trip
2018-05-21T21:47:13Z,141.58918,40.78351000000001,bird_042,K18F51,17,2018,27326.70017849709,9,2018_bird_042_9_trip
2018-05-21T21:48:13Z,141.58712000000003,40.77721,bird_042,K18F51,17,2018,26613.631074031266,9,2018_bird_042_9_trip
2018-05-21T21:49:14Z,141.58485,40.7711,bird_042,K18F51,17,2018,25920.426681314173,9,2018_bird_042_9_trip
2018-05-21T21:50:13Z,141.58349,40.76471000000001,bird_042,K18F51,17,2018,25203.467019159703,9,2018_bird_042_9_trip
2018-05-21T21:51:14Z,141.58167,40.75939,bird_042,K18F51,17,2018,24601.76450613188,9,2018_bird_042_9_trip
2018-05-21T21:52:13Z,141.58037000000002,40.75314,bird_042,K18F51,17,2018,23901.05334491574,9,2018_bird_042_9_trip
2018-05-21T21:53:14Z,141.5788,40.74708,bird_042,K18F51,17,2018,23219.722089093048,9,2018_bird_042_9_trip
2018-05-21T21:54:14Z,141.57687,40.74056,bird_042,K18F51,17,2018,22485.498147310682,9,2018_bird_042_9_trip
2018-05-21T21:55:41Z,141.57455999999996,40.73087,bird_042,K18F51,17,2018,21398.42824817123,9,2018_bird_042_9_trip
2018-05-21T21:56:13Z,141.57402,40.727160000000005,bird_042,K18F51,17,2018,20984.312217273546,9,2018_bird_042_9_trip
2018-05-21T21:57:13Z,141.57344,40.720180000000006,bird_042,K18F51,17,2018,20207.649946732417,9,2018_bird_042_9_trip
2018-05-21T21:58:14Z,141.57236,40.71284,bird_042,K18F51,17,2018,19388.329614849885,9,2018_bird_042_9_trip
2018-05-21T21:59:13Z,141.57215,40.70553000000001,bird_042,K18F51,17,2018,18577.143941977338,9,2018_bird_042_9_trip
2018-05-21T22:00:13Z,141.57173,40.6979,bird_042,K18F51,17,2018,17729.370469961956,9,2018_bird_042_9_trip
2018-05-21T22:01:13Z,141.57225,40.69069,bird_042,K18F51,17,2018,16933.790976114862,9,2018_bird_042_9_trip
2018-05-21T22:02:12Z,141.57187,40.68396,bird_042,K18F51,17,2018,16186.110105895814,9,2018_bird_042_9_trip
2018-05-21T22:03:14Z,141.56963,40.67725,bird_042,K18F51,17,2018,15429.495923947474,9,2018_bird_042_9_trip
2018-05-21T22:04:12Z,141.56823000000003,40.67087,bird_042,K18F51,17,2018,14714.915493107555,9,2018_bird_042_9_trip
2018-05-21T22:05:14Z,141.56841000000003,40.66383,bird_042,K18F51,17,2018,13935.679606930062,9,2018_bird_042_9_trip
2018-05-21T22:06:12Z,141.5694,40.657619999999994,bird_042,K18F51,17,2018,13253.692687972882,9,2018_bird_042_9_trip
2018-05-21T22:07:12Z,141.57074,40.65152,bird_042,K18F51,17,2018,12587.849710589884,9,2018_bird_042_9_trip
2018-05-21T22:08:12Z,141.56924999999998,40.64603,bird_042,K18F51,17,2018,11969.661089469226,9,2018_bird_042_9_trip
2018-05-21T22:09:12Z,141.56902,40.64009,bird_042,K18F51,17,2018,11310.7371438086,9,2018_bird_042_9_trip
2018-05-21T22:10:13Z,141.5685,40.63373000000001,bird_042,K18F51,17,2018,10603.317106861688,9,2018_bird_042_9_trip
2018-05-21T22:11:12Z,141.56802000000002,40.62764,bird_042,K18F51,17,2018,9926.091683942752,9,2018_bird_042_9_trip
2018-05-21T22:12:13Z,141.56797,40.6212,bird_042,K18F51,17,2018,9213.59842998085,9,2018_bird_042_9_trip
2018-05-21T22:13:13Z,141.56789,40.6146,bird_042,K18F51,17,2018,8483.618283231865,9,2018_bird_042_9_trip
2018-05-21T22:14:12Z,141.56681,40.608160000000005,bird_042,K18F51,17,2018,7762.893547513416,9,2018_bird_042_9_trip
2018-05-21T22:15:14Z,141.56519,40.60106,bird_042,K18F51,17,2018,6964.913895665779,9,2018_bird_042_9_trip
2018-05-21T22:16:13Z,141.5634,40.59456,bird_042,K18F51,17,2018,6232.7822060549615,9,2018_bird_042_9_trip
2018-05-21T22:17:12Z,141.5615,40.58846,bird_042,K18F51,17,2018,5545.867205181769,9,2018_bird_042_9_trip
2018-05-21T22:18:14Z,141.56014000000002,40.58163999999999,bird_042,K18F51,17,2018,4783.533805842078,9,2018_bird_042_9_trip
2018-05-21T22:19:12Z,141.55838000000003,40.57581,bird_042,K18F51,17,2018,4131.833304585647,9,2018_bird_042_9_trip
2018-05-21T22:20:13Z,141.55758,40.569370000000006,bird_042,K18F51,17,2018,3416.175870078798,9,2018_bird_042_9_trip
2018-05-21T22:21:12Z,141.55628000000002,40.563570000000006,bird_042,K18F51,17,2018,2774.375674965464,9,2018_bird_042_9_trip
2018-05-21T22:22:13Z,141.55597,40.55733,bird_042,K18F51,17,2018,2083.784651397554,9,2018_bird_042_9_trip
2018-05-21T22:23:13Z,141.55535,40.55172,bird_042,K18F51,17,2018,1468.6781382039703,9,2018_bird_042_9_trip
2018-06-01T10:34:21Z,141.56526,40.55137,bird_042,K18F51,17,2018,1558.7227885678326,22,2018_bird_042_22_trip
2018-06-01T10:35:21Z,141.56954,40.55788999999999,bird_042,K18F51,17,2018,2368.096524949309,22,2018_bird_042_22_trip
2018-06-01T10:36:20Z,141.57325999999998,40.5644,bird_042,K18F51,17,2018,3156.3998673230685,22,2018_bird_042_22_trip
2018-06-01T10:37:20Z,141.57723,40.57119,bird_042,K18F51,17,2018,3981.8860574334,22,2018_bird_042_22_trip
2018-06-01T10:38:20Z,141.58108,40.5784,bird_042,K18F51,17,2018,4845.656575335965,22,2018_bird_042_22_trip
2018-06-01T10:39:19Z,141.58482,40.58509,bird_042,K18F51,17,2018,5653.081639721809,22,2018_bird_042_22_trip
2018-06-01T10:40:20Z,141.59002,40.591350000000006,bird_042,K18F51,17,2018,6468.4177942684855,22,2018_bird_042_22_trip
2018-06-01T10:41:19Z,141.59575999999998,40.59696,bird_042,K18F51,17,2018,7240.874447814396,22,2018_bird_042_22_trip
2018-06-01T10:42:19Z,141.60117,40.60218,bird_042,K18F51,17,2018,7965.429551155249,22,2018_bird_042_22_trip
2018-06-01T10:43:21Z,141.60646,40.60798,bird_042,K18F51,17,2018,8744.19640968152,22,2018_bird_042_22_trip
2018-06-01T10:44:20Z,141.61141,40.61391,bird_042,K18F51,17,2018,9522.721263554216,22,2018_bird_042_22_trip
2018-06-01T10:45:20Z,141.61738,40.61935,bird_042,K18F51,17,2018,10296.095701938735,22,2018_bird_042_22_trip
2018-06-01T10:46:19Z,141.62350999999998,40.62471000000001,bird_042,K18F51,17,2018,11070.594319837995,22,2018_bird_042_22_trip
2018-06-01T10:47:19Z,141.62995999999998,40.629920000000006,bird_042,K18F51,17,2018,11846.77443625844,22,2018_bird_042_22_trip
2018-06-01T10:48:20Z,141.63676999999998,40.63513000000001,bird_042,K18F51,17,2018,12641.458050204068,22,2018_bird_042_22_trip
2018-06-01T10:49:19Z,141.64324,40.64027,bird_042,K18F51,17,2018,13416.63913352064,22,2018_bird_042_22_trip
2018-06-01T10:50:19Z,141.64951999999997,40.64418,bird_042,K18F51,17,2018,14070.736584658796,22,2018_bird_042_22_trip
2018-06-01T10:51:20Z,141.65597,40.647679999999994,bird_042,K18F51,17,2018,14698.341807159552,22,2018_bird_042_22_trip
2018-06-01T10:52:19Z,141.66278,40.65125,bird_042,K18F51,17,2018,15353.510297600798,22,2018_bird_042_22_trip
2018-06-01T10:53:20Z,141.66921,40.65425,bird_042,K18F51,17,2018,15942.378426678555,22,2018_bird_042_22_trip
2018-06-01T10:54:20Z,141.67603,40.65753,bird_042,K18F51,17,2018,16579.586356877397,22,2018_bird_042_22_trip
2018-06-01T10:55:19Z,141.68240000000003,40.66162,bird_042,K18F51,17,2018,17267.845793393553,22,2018_bird_042_22_trip
2018-06-01T10:56:20Z,141.68887,40.66582,bird_042,K18F51,17,2018,17972.191480165893,22,2018_bird_042_22_trip
2018-06-01T10:57:20Z,141.69453,40.67015000000001,bird_042,K18F51,17,2018,18646.22604551576,22,2018_bird_042_22_trip
2018-06-01T10:58:19Z,141.69871,40.67379,bird_042,K18F51,17,2018,19182.582240666725,22,2018_bird_042_22_trip
2018-06-01T10:59:20Z,141.70492,40.678360000000005,bird_042,K18F51,17,2018,19906.89349701971,22,2018_bird_042_22_trip
2018-06-01T11:00:20Z,141.70988999999997,40.67989,bird_042,K18F51,17,2018,20303.89173951796,22,2018_bird_042_22_trip
2018-06-01T11:01:20Z,141.7163,40.68362,bird_042,K18F51,17,2018,20968.639914684245,22,2018_bird_042_22_trip
2018-06-01T11:02:20Z,141.72247000000002,40.686279999999996,bird_042,K18F51,17,2018,21530.782397489387,22,2018_bird_042_22_trip
2018-06-01T11:03:20Z,141.72802,40.690470000000005,bird_042,K18F51,17,2018,22189.29354754944,22,2018_bird_042_22_trip
2018-06-01T11:04:20Z,141.73351999999997,40.69515000000001,bird_042,K18F51,17,2018,22886.4285903749,22,2018_bird_042_22_trip
2018-06-01T11:05:20Z,141.73863,40.70114,bird_042,K18F51,17,2018,23672.712867130227,22,2018_bird_042_22_trip
2018-06-01T11:06:19Z,141.74397999999997,40.70728,bird_042,K18F51,17,2018,24485.21573760627,22,2018_bird_042_22_trip
2018-06-01T11:07:19Z,141.74895999999998,40.71158,bird_042,K18F51,17,2018,25121.554492255345,22,2018_bird_042_22_trip
2018-06-01T11:08:21Z,141.74922999999998,40.7112,bird_042,K18F51,17,2018,25104.08198426629,22,2018_bird_042_22_trip
2018-06-01T11:09:20Z,141.75149000000002,40.71438,bird_042,K18F51,17,2018,25497.066670054155,22,2018_bird_042_22_trip
2018-06-01T11:10:20Z,141.7551,40.720470000000006,bird_042,K18F51,17,2018,26211.59262679508,22,2018_bird_042_22_trip
2018-06-01T11:11:20Z,141.75884000000002,40.72486,bird_042,K18F51,17,2018,26788.638798440003,22,2018_bird_042_22_trip
2018-06-01T11:12:19Z,141.76375999999996,40.72670000000001,bird_042,K18F51,17,2018,27211.449447367773,22,2018_bird_042_22_trip
2018-06-01T11:13:20Z,141.76812,40.73093000000001,bird_042,K18F51,17,2018,27808.07519492198,22,2018_bird_042_22_trip
2018-06-01T11:14:20Z,141.76963999999998,40.73107,bird_042,K18F51,17,2018,27902.497133155175,22,2018_bird_042_22_trip
2018-06-01T11:15:20Z,141.77579999999998,40.73447,bird_042,K18F51,17,2018,28526.84284440647,22,2018_bird_042_22_trip
2018-06-01T11:16:19Z,141.78024000000002,40.73668,bird_042,K18F51,17,2018,28957.0752742774,22,2018_bird_042_22_trip
2018-06-01T11:17:20Z,141.78664999999998,40.739610000000006,bird_042,K18F51,17,2018,29557.305100130012,22,2018_bird_042_22_trip
2018-06-01T11:18:21Z,141.79075999999998,40.741710000000005,bird_042,K18F51,17,2018,29961.31965019788,22,2018_bird_042_22_trip
2018-06-01T11:19:20Z,141.79117,40.74158,bird_042,K18F51,17,2018,29973.316832122135,22,2018_bird_042_22_trip
2018-06-01T11:20:20Z,141.79175999999998,40.7409,bird_042,K18F51,17,2018,29949.62405768928,22,2018_bird_042_22_trip
2018-06-01T11:21:20Z,141.79494999999997,40.74296,bird_042,K18F51,17,2018,30299.51462683469,22,2018_bird_042_22_trip
2018-06-01T11:22:19Z,141.79662,40.74273000000001,bird_042,K18F51,17,2018,30374.262509139,22,2018_bird_042_22_trip
2018-06-01T11:23:19Z,141.79718,40.74286,bird_042,K18F51,17,2018,30416.565667350482,22,2018_bird_042_22_trip
2018-06-01T11:24:19Z,141.79754,40.74322,bird_042,K18F51,17,2018,30466.630773250803,22,2018_bird_042_22_trip
2018-06-01T11:25:19Z,141.79794,40.74391000000001,bird_042,K18F51,17,2018,30546.25803334851,22,2018_bird_042_22_trip
2018-06-01T11:26:18Z,141.79888,40.74338,bird_042,K18F51,17,2018,30555.463848356885,22,2018_bird_042_22_trip
2018-06-01T11:27:20Z,141.79891,40.742830000000005,bird_042,K18F51,17,2018,30511.791215987516,22,2018_bird_042_22_trip
2018-06-01T11:28:20Z,141.79901999999998,40.742740000000005,bird_042,K18F51,17,2018,30510.59986124928,22,2018_bird_042_22_trip
2018-06-01T11:29:20Z,141.79961999999998,40.74238,bird_042,K18F51,17,2018,30514.9738244163,22,2018_bird_042_22_trip
2018-06-01T11:30:20Z,141.79984,40.74222,bird_042,K18F51,17,2018,30514.31062628584,22,2018_bird_042_22_trip
2018-06-01T11:31:19Z,141.80178,40.743570000000005,bird_042,K18F51,17,2018,30735.46362415074,22,2018_bird_042_22_trip
2018-06-01T11:32:19Z,141.80247000000003,40.745430000000006,bird_042,K18F51,17,2018,30927.599912321053,22,2018_bird_042_22_trip
2018-06-01T11:33:18Z,141.80268,40.74533000000001,bird_042,K18F51,17,2018,30931.26726013384,22,2018_bird_042_22_trip
2018-06-01T11:34:20Z,141.80468,40.746120000000005,bird_042,K18F51,17,2018,31109.750706468276,22,2018_bird_042_22_trip
2018-06-01T11:35:19Z,141.80424000000002,40.746300000000005,bird_042,K18F51,17,2018,31099.56126778989,22,2018_bird_042_22_trip
2018-06-01T11:36:19Z,141.80592,40.74615000000001,bird_042,K18F51,17,2018,31182.7719270708,22,2018_bird_042_22_trip
2018-06-01T11:37:19Z,141.80462,40.75185,bird_042,K18F51,17,2018,31580.024930851567,22,2018_bird_042_22_trip
2018-06-01T11:38:19Z,141.80922,40.75163,bird_042,K18F51,17,2018,31820.64550829332,22,2018_bird_042_22_trip
2018-06-01T11:39:20Z,141.80777,40.74786,bird_042,K18F51,17,2018,31428.35216607384,22,2018_bird_042_22_trip
2018-06-01T11:40:20Z,141.80761,40.7466,bird_042,K18F51,17,2018,31316.034288037255,22,2018_bird_042_22_trip
2018-06-01T11:41:19Z,141.80984,40.74643,bird_042,K18F51,17,2018,31429.877223365977,22,2018_bird_042_22_trip
2018-06-01T11:42:19Z,141.81045,40.74873000000001,bird_042,K18F51,17,2018,31652.489926992635,22,2018_bird_042_22_trip
2018-06-01T11:43:19Z,141.80880000000002,40.74789,bird_042,K18F51,17,2018,31489.5349426478,22,2018_bird_042_22_trip
2018-06-01T11:44:20Z,141.80968,40.7482,bird_042,K18F51,17,2018,31565.151499908818,22,2018_bird_042_22_trip
2018-06-01T11:45:19Z,141.81015,40.74776,bird_042,K18F51,17,2018,31556.087412512803,22,2018_bird_042_22_trip
2018-06-01T11:46:19Z,141.80557,40.74594,bird_042,K18F51,17,2018,31145.61632296224,22,2018_bird_042_22_trip
2018-06-01T11:47:20Z,141.80516,40.74463,bird_042,K18F51,17,2018,31014.94410304843,22,2018_bird_042_22_trip
2018-06-01T11:48:21Z,141.80531000000002,40.744330000000005,bird_042,K18F51,17,2018,30998.98439937526,22,2018_bird_042_22_trip
2018-06-01T11:49:20Z,141.80493,40.742540000000005,bird_042,K18F51,17,2018,30831.154710027917,22,2018_bird_042_22_trip
2018-06-01T11:50:21Z,141.80198,40.73834000000001,bird_042,K18F51,17,2018,30319.96942670217,22,2018_bird_042_22_trip
2018-06-01T11:51:21Z,141.7987,40.734100000000005,bird_042,K18F51,17,2018,29787.02999228639,22,2018_bird_042_22_trip
2018-06-01T11:52:21Z,141.79494999999997,40.73017000000001,bird_042,K18F51,17,2018,29252.22999951353,22,2018_bird_042_22_trip
2018-06-01T11:53:21Z,141.79182,40.72634000000001,bird_042,K18F51,17,2018,28761.74059102756,22,2018_bird_042_22_trip
2018-06-01T11:54:21Z,141.78976999999998,40.72248,bird_042,K18F51,17,2018,28332.464040568742,22,2018_bird_042_22_trip
2018-06-01T11:55:21Z,141.78706,40.719730000000006,bird_042,K18F51,17,2018,27953.74767985512,22,2018_bird_042_22_trip
2018-06-01T11:56:21Z,141.78456999999997,40.71656,bird_042,K18F51,17,2018,27554.63206919845,22,2018_bird_042_22_trip
2018-06-01T11:57:21Z,141.78073,40.71319,bird_042,K18F51,17,2018,27060.1741672112,22,2018_bird_042_22_trip
2018-06-01T11:58:21Z,141.77758999999998,40.70958,bird_042,K18F51,17,2018,26588.1204874502,22,2018_bird_042_22_trip
2018-06-01T11:59:21Z,141.77461999999997,40.70599000000001,bird_042,K18F51,17,2018,26128.056210285104,22,2018_bird_042_22_trip
2018-06-01T12:00:21Z,141.77194999999998,40.70243000000001,bird_042,K18F51,17,2018,25688.653151291994,22,2018_bird_042_22_trip
2018-06-01T12:01:21Z,141.76883,40.698780000000006,bird_042,K18F51,17,2018,25215.757668725662,22,2018_bird_042_22_trip
2018-06-01T12:02:21Z,141.76567999999995,40.69499,bird_042,K18F51,17,2018,24730.547183579623,22,2018_bird_042_22_trip
2018-06-01T12:03:21Z,141.76279,40.69138,bird_042,K18F51,17,2018,24275.5306650152,22,2018_bird_042_22_trip
2018-06-01T12:04:21Z,141.76094999999998,40.68743,bird_042,K18F51,17,2018,23858.86195063746,22,2018_bird_042_22_trip
2018-06-01T12:05:20Z,141.75924999999998,40.68312,bird_042,K18F51,17,2018,23425.26372349572,22,2018_bird_042_22_trip
2018-06-01T12:06:20Z,141.75744000000003,40.67856,bird_042,K18F51,17,2018,22968.717761469008,22,2018_bird_042_22_trip
2018-06-01T12:07:20Z,141.755,40.67422,bird_042,K18F51,17,2018,22491.998450210915,22,2018_bird_042_22_trip
2018-06-01T12:08:20Z,141.7527,40.66953000000001,bird_042,K18F51,17,2018,22000.63395857263,22,2018_bird_042_22_trip
2018-06-01T12:09:20Z,141.74997999999997,40.6649,bird_042,K18F51,17,2018,21489.785321237658,22,2018_bird_042_22_trip
2018-06-01T12:10:20Z,141.74785999999995,40.66047,bird_042,K18F51,17,2018,21034.744062068843,22,2018_bird_042_22_trip
2018-06-01T12:11:21Z,141.74489999999997,40.65607,bird_042,K18F51,17,2018,20530.098945511458,22,2018_bird_042_22_trip
2018-06-01T12:12:20Z,141.74193,40.65183999999999,bird_042,K18F51,17,2018,20038.93260975288,22,2018_bird_042_22_trip
2018-06-01T12:13:20Z,141.73816,40.64774,bird_042,K18F51,17,2018,19505.741290896996,22,2018_bird_042_22_trip
2018-06-01T12:14:20Z,141.73475999999997,40.643150000000006,bird_042,K18F51,17,2018,18965.22934972976,22,2018_bird_042_22_trip
2018-06-01T12:15:20Z,141.73021,40.63893000000001,bird_042,K18F51,17,2018,18374.656692232977,22,2018_bird_042_22_trip
2018-06-01T12:16:20Z,141.72722000000002,40.63414,bird_042,K18F51,17,2018,17853.31309214458,22,2018_bird_042_22_trip
2018-06-01T12:17:21Z,141.72247000000002,40.62961000000001,bird_042,K18F51,17,2018,17232.141358996036,22,2018_bird_042_22_trip
2018-06-01T12:18:20Z,141.71849,40.62503000000001,bird_042,K18F51,17,2018,16662.710757219942,22,2018_bird_042_22_trip
2018-06-01T12:19:21Z,141.71424,40.620610000000006,bird_042,K18F51,17,2018,16087.39647268591,22,2018_bird_042_22_trip
2018-06-01T12:20:20Z,141.70981999999998,40.61625,bird_042,K18F51,17,2018,15506.3123351671,22,2018_bird_042_22_trip
2018-06-01T12:21:20Z,141.70529,40.61205,bird_042,K18F51,17,2018,14929.531165635017,22,2018_bird_042_22_trip
2018-06-01T12:22:20Z,141.70075999999997,40.60830000000001,bird_042,K18F51,17,2018,14381.730312757483,22,2018_bird_042_22_trip
2018-06-01T12:23:20Z,141.69674999999998,40.60474,bird_042,K18F51,17,2018,13883.88379418187,22,2018_bird_042_22_trip
2018-06-01T12:24:21Z,141.69129,40.60154,bird_042,K18F51,17,2018,13303.909050224984,22,2018_bird_042_22_trip
2018-06-01T12:25:20Z,141.68688,40.598090000000006,bird_042,K18F51,17,2018,12785.798540755924,22,2018_bird_042_22_trip
2018-06-01T12:26:21Z,141.68240000000003,40.59459,bird_042,K18F51,17,2018,12261.183141021784,22,2018_bird_042_22_trip
2018-06-01T12:27:20Z,141.67788,40.59086,bird_042,K18F51,17,2018,11722.628050715584,22,2018_bird_042_22_trip
2018-06-01T12:28:21Z,141.67452999999998,40.58683,bird_042,K18F51,17,2018,11257.610454247164,22,2018_bird_042_22_trip
2018-06-01T12:29:20Z,141.66866,40.58383,bird_042,K18F51,17,2018,10662.20027787996,22,2018_bird_042_22_trip
2018-06-01T12:30:21Z,141.66549,40.57962,bird_042,K18F51,17,2018,10209.442353024358,22,2018_bird_042_22_trip
2018-06-01T12:31:21Z,141.66181,40.57611000000001,bird_042,K18F51,17,2018,9759.090035423482,22,2018_bird_042_22_trip
2018-06-01T12:32:48Z,141.65602,40.5712,bird_042,K18F51,17,2018,9087.635264035383,22,2018_bird_042_22_trip
2018-06-01T12:33:21Z,141.65354,40.56938,bird_042,K18F51,17,2018,8815.156885146958,22,2018_bird_042_22_trip
2018-06-01T12:34:21Z,141.64914,40.56607,bird_042,K18F51,17,2018,8331.576643526796,22,2018_bird_042_22_trip
2018-06-01T12:35:21Z,141.64478999999997,40.56255000000001,bird_042,K18F51,17,2018,7849.135696392111,22,2018_bird_042_22_trip
2018-06-01T12:36:19Z,141.64028,40.55957,bird_042,K18F51,17,2018,7380.00070811275,22,2018_bird_042_22_trip
2018-06-01T12:37:19Z,141.63606,40.55594,bird_042,K18F51,17,2018,6919.073203104212,22,2018_bird_042_22_trip
2018-06-01T12:38:19Z,141.63142000000002,40.55247,bird_042,K18F51,17,2018,6439.786172686549,22,2018_bird_042_22_trip
2018-06-01T12:39:19Z,141.62634000000003,40.54953,bird_042,K18F51,17,2018,5947.868188437207,22,2018_bird_042_22_trip
2018-06-01T12:40:21Z,141.62107,40.54644,bird_042,K18F51,17,2018,5446.467603907675,22,2018_bird_042_22_trip
2018-06-01T12:41:19Z,141.616,40.543330000000005,bird_042,K18F51,17,2018,4974.893852663079,22,2018_bird_042_22_trip
2018-06-01T12:42:19Z,141.61067999999997,40.541259999999994,bird_042,K18F51,17,2018,4506.187413852538,22,2018_bird_042_22_trip
2018-06-01T12:43:21Z,141.60423,40.53941,bird_042,K18F51,17,2018,3951.176039909781,22,2018_bird_042_22_trip
2018-06-01T12:44:19Z,141.59810000000002,40.53924,bird_042,K18F51,17,2018,3431.568606105201,22,2018_bird_042_22_trip
2018-06-01T12:45:20Z,141.59206,40.54002,bird_042,K18F51,17,2018,2923.347299320642,22,2018_bird_042_22_trip
2018-06-01T12:46:20Z,141.58611000000002,40.54236,bird_042,K18F51,17,2018,2450.723132659347,22,2018_bird_042_22_trip
2018-06-01T12:47:19Z,141.57993,40.54445,bird_042,K18F51,17,2018,1999.65639655476,22,2018_bird_042_22_trip
2018-06-01T12:48:20Z,141.57376999999997,40.54578,bird_042,K18F51,17,2018,1584.4007757828615,22,2018_bird_042_22_trip
2018-06-01T12:49:20Z,141.56744000000003,40.54554,bird_042,K18F51,17,2018,1134.5859667212028,22,2018_bird_042_22_trip
2018-06-01T22:32:22Z,141.56323,40.54858,bird_042,K18F51,17,2018,1205.7626014269397,23,2018_bird_042_23_trip
2018-06-01T22:33:20Z,141.56853,40.555150000000005,bird_042,K18F51,17,2018,2057.11244037023,23,2018_bird_042_23_trip
2018-06-01T22:34:20Z,141.57522,40.5622,bird_042,K18F51,17,2018,3015.1336122132375,23,2018_bird_042_23_trip
2018-06-01T22:35:20Z,141.57984999999996,40.56899000000001,bird_042,K18F51,17,2018,3864.500151081845,23,2018_bird_042_23_trip
2018-06-01T22:36:19Z,141.58097,40.57507,bird_042,K18F51,17,2018,4506.915125535877,23,2018_bird_042_23_trip
2018-06-01T22:37:19Z,141.58130000000003,40.5813,bird_042,K18F51,17,2018,5148.245903990365,23,2018_bird_042_23_trip
2018-06-01T22:38:19Z,141.58241000000004,40.58713,bird_042,K18F51,17,2018,5783.4169768117245,23,2018_bird_042_23_trip
2018-06-01T22:39:20Z,141.58281000000002,40.593140000000005,bird_042,K18F51,17,2018,6420.951032780373,23,2018_bird_042_23_trip
2018-06-01T22:40:20Z,141.5833,40.59910000000001,bird_042,K18F51,17,2018,7061.224188480659,23,2018_bird_042_23_trip
2018-06-01T22:41:20Z,141.58439,40.60506,bird_042,K18F51,17,2018,7720.138270519522,23,2018_bird_042_23_trip
2018-06-01T22:42:20Z,141.58622000000005,40.61111,bird_042,K18F51,17,2018,8407.95820330024,23,2018_bird_042_23_trip
2018-06-01T22:43:19Z,141.58499,40.61698,bird_042,K18F51,17,2018,9006.697078794981,23,2018_bird_042_23_trip
2018-06-01T22:44:19Z,141.58694000000003,40.62339000000001,bird_042,K18F51,17,2018,9737.016686609844,23,2018_bird_042_23_trip
2018-06-01T22:45:19Z,141.59019,40.62902,bird_042,K18F51,17,2018,10412.23291529397,23,2018_bird_042_23_trip
2018-06-01T22:46:19Z,141.59151,40.633210000000005,bird_042,K18F51,17,2018,10890.487045033751,23,2018_bird_042_23_trip
2018-06-01T22:47:19Z,141.59547,40.63808,bird_042,K18F51,17,2018,11501.916898647603,23,2018_bird_042_23_trip
2018-06-01T22:48:19Z,141.59905999999998,40.64388,bird_042,K18F51,17,2018,12205.646135278164,23,2018_bird_042_23_trip
2018-06-01T22:49:20Z,141.60237,40.65007,bird_042,K18F51,17,2018,12944.708448117975,23,2018_bird_042_23_trip
2018-06-01T22:50:20Z,141.60551999999998,40.65663,bird_042,K18F51,17,2018,13719.327600098006,23,2018_bird_042_23_trip
2018-06-01T22:51:20Z,141.60898,40.66251000000001,bird_042,K18F51,17,2018,14429.885379298865,23,2018_bird_042_23_trip
2018-06-01T22:52:19Z,141.61254,40.66826,bird_042,K18F51,17,2018,15129.766194385724,23,2018_bird_042_23_trip
2018-06-01T22:53:19Z,141.61445999999998,40.674310000000006,bird_042,K18F51,17,2018,15819.050517042404,23,2018_bird_042_23_trip
2018-06-01T22:54:20Z,141.61705999999998,40.68064,bird_042,K18F51,17,2018,16555.535796517594,23,2018_bird_042_23_trip
2018-06-01T22:55:20Z,141.62083,40.68699,bird_042,K18F51,17,2018,17324.45555609521,23,2018_bird_042_23_trip
2018-06-01T22:56:19Z,141.62349999999998,40.69342,bird_042,K18F51,17,2018,18073.287928135705,23,2018_bird_042_23_trip
2018-06-01T22:57:19Z,141.62421,40.699850000000005,bird_042,K18F51,17,2018,18771.65554440399,23,2018_bird_042_23_trip
2018-06-01T22:58:19Z,141.62198,40.70569,bird_042,K18F51,17,2018,19337.163821423685,23,2018_bird_042_23_trip
2018-06-01T22:59:19Z,141.61976999999996,40.712,bird_042,K18F51,17,2018,19960.31837134041,23,2018_bird_042_23_trip
2018-06-01T23:00:20Z,141.61648,40.71751,bird_042,K18F51,17,2018,20481.67252876491,23,2018_bird_042_23_trip
2018-06-01T23:01:20Z,141.61360999999997,40.72071000000001,bird_042,K18F51,17,2018,20769.77094447385,23,2018_bird_042_23_trip
2018-06-01T23:02:19Z,141.61159999999998,40.72321000000001,bird_042,K18F51,17,2018,21002.503557224085,23,2018_bird_042_23_trip
2018-06-01T23:03:20Z,141.60764,40.72736,bird_042,K18F51,17,2018,21383.692032272585,23,2018_bird_042_23_trip
2018-06-01T23:04:19Z,141.60414,40.73231000000001,bird_042,K18F51,17,2018,21867.503845747768,23,2018_bird_042_23_trip
2018-06-01T23:05:20Z,141.60126,40.73833000000001,bird_042,K18F51,17,2018,22484.08642917096,23,2018_bird_042_23_trip
2018-06-01T23:06:20Z,141.59939,40.74472,bird_042,K18F51,17,2018,23159.646927531005,23,2018_bird_042_23_trip
2018-06-01T23:07:20Z,141.59876,40.74925,bird_042,K18F51,17,2018,23649.00882044347,23,2018_bird_042_23_trip
2018-06-01T23:08:19Z,141.59551,40.75487999999999,bird_042,K18F51,17,2018,24229.651768681644,23,2018_bird_042_23_trip
2018-06-01T23:09:20Z,141.59259,40.761410000000005,bird_042,K18F51,17,2018,24918.056723193713,23,2018_bird_042_23_trip
2018-06-01T23:10:20Z,141.59041000000002,40.764970000000005,bird_042,K18F51,17,2018,25289.73667094088,23,2018_bird_042_23_trip
2018-06-01T23:11:20Z,141.59013000000002,40.765080000000005,bird_042,K18F51,17,2018,25299.29212509185,23,2018_bird_042_23_trip
2018-06-01T23:12:19Z,141.59102,40.76399000000001,bird_042,K18F51,17,2018,25187.307367930625,23,2018_bird_042_23_trip
2018-06-01T23:13:20Z,141.5911,40.76393000000001,bird_042,K18F51,17,2018,25181.446976264517,23,2018_bird_042_23_trip
2018-06-01T23:14:20Z,141.59123000000002,40.76366,bird_042,K18F51,17,2018,25152.895732539193,23,2018_bird_042_23_trip
2018-06-01T23:15:21Z,141.59127,40.76352000000001,bird_042,K18F51,17,2018,25137.831916448,23,2018_bird_042_23_trip
2018-06-01T23:16:21Z,141.59159,40.76323000000001,bird_042,K18F51,17,2018,25108.919878012144,23,2018_bird_042_23_trip
2018-06-01T23:17:21Z,141.59189,40.76273000000001,bird_042,K18F51,17,2018,25056.686182386456,23,2018_bird_042_23_trip
2018-06-01T23:18:21Z,141.5919,40.76279000000001,bird_042,K18F51,17,2018,25063.402102877695,23,2018_bird_042_23_trip
2018-06-01T23:19:20Z,141.59251,40.76214000000001,bird_042,K18F51,17,2018,24997.74897321988,23,2018_bird_042_23_trip
2018-06-01T23:20:20Z,141.59658,40.761590000000005,bird_042,K18F51,17,2018,24980.19525198382,23,2018_bird_042_23_trip
2018-06-01T23:21:21Z,141.6013,40.762310000000014,bird_042,K18F51,17,2018,25115.085366126805,23,2018_bird_042_23_trip
2018-06-01T23:22:20Z,141.6029,40.76322,bird_042,K18F51,17,2018,25235.23025956395,23,2018_bird_042_23_trip
2018-06-01T23:23:20Z,141.60379999999998,40.76333000000001,bird_042,K18F51,17,2018,25258.966307940565,23,2018_bird_042_23_trip
2018-06-01T23:24:19Z,141.6122,40.7649,bird_042,K18F51,17,2018,25550.017991588174,23,2018_bird_042_23_trip
2018-06-01T23:25:19Z,141.62027,40.76679000000001,bird_042,K18F51,17,2018,25887.53119183389,23,2018_bird_042_23_trip
2018-06-01T23:26:19Z,141.6251,40.76786,bird_042,K18F51,17,2018,26090.163035852027,23,2018_bird_042_23_trip
2018-06-01T23:27:19Z,141.62699,40.76962,bird_042,K18F51,17,2018,26316.07472936279,23,2018_bird_042_23_trip
2018-06-01T23:28:19Z,141.6248,40.772580000000005,bird_042,K18F51,17,2018,26596.387426195543,23,2018_bird_042_23_trip
2018-06-01T23:29:19Z,141.62226,40.776140000000005,bird_042,K18F51,17,2018,26938.272482586755,23,2018_bird_042_23_trip
2018-06-01T23:30:19Z,141.62005,40.77906,bird_042,K18F51,17,2018,27218.96507433054,23,2018_bird_042_23_trip
2018-06-01T23:31:19Z,141.61637,40.78058,bird_042,K18F51,17,2018,27326.25393178512,23,2018_bird_042_23_trip
2018-06-01T23:32:20Z,141.61211,40.77897000000001,bird_042,K18F51,17,2018,27086.8482949207,23,2018_bird_042_23_trip
2018-06-01T23:33:19Z,141.61031,40.77823000000001,bird_042,K18F51,17,2018,26980.312884835548,23,2018_bird_042_23_trip
2018-06-01T23:34:19Z,141.60934,40.77799,bird_042,K18F51,17,2018,26940.585111687087,23,2018_bird_042_23_trip
2018-06-01T23:35:19Z,141.6089,40.77718,bird_042,K18F51,17,2018,26845.799365591836,23,2018_bird_042_23_trip
2018-06-01T23:36:19Z,141.60331,40.77794,bird_042,K18F51,17,2018,26856.986049959374,23,2018_bird_042_23_trip
2018-06-01T23:37:19Z,141.59658,40.78057,bird_042,K18F51,17,2018,27070.85217156687,23,2018_bird_042_23_trip
2018-06-01T23:38:20Z,141.58872000000002,40.78219000000001,bird_042,K18F51,17,2018,27177.028382381584,23,2018_bird_042_23_trip
2018-06-01T23:39:20Z,141.58106,40.78376,bird_042,K18F51,17,2018,27295.854636100772,23,2018_bird_042_23_trip
2018-06-01T23:40:19Z,141.57317999999998,40.785900000000005,bird_042,K18F51,17,2018,27492.90337160002,23,2018_bird_042_23_trip
2018-06-01T23:41:20Z,141.56548,40.7894,bird_042,K18F51,17,2018,27857.968277133135,23,2018_bird_042_23_trip
2018-06-01T23:42:20Z,141.55996,40.79399000000001,bird_042,K18F51,17,2018,28360.42349463611,23,2018_bird_042_23_trip
2018-06-01T23:43:20Z,141.55403,40.798660000000005,bird_042,K18F51,17,2018,28879.90697192721,23,2018_bird_042_23_trip
2018-06-01T23:44:19Z,141.54979999999998,40.80201,bird_042,K18F51,17,2018,29257.784305734196,23,2018_bird_042_23_trip
2018-06-01T23:45:21Z,141.54344,40.80633,bird_042,K18F51,17,2018,29754.187773854497,23,2018_bird_042_23_trip
2018-06-01T23:46:20Z,141.53774,40.81077,bird_042,K18F51,17,2018,30269.765486141507,23,2018_bird_042_23_trip
2018-06-01T23:47:19Z,141.53716,40.81587999999999,bird_042,K18F51,17,2018,30839.08035336019,23,2018_bird_042_23_trip
2018-06-01T23:48:20Z,141.54434,40.81935,bird_042,K18F51,17,2018,31196.113417027605,23,2018_bird_042_23_trip
2018-06-01T23:49:19Z,141.55134000000004,40.82422,bird_042,K18F51,17,2018,31721.190561010473,23,2018_bird_042_23_trip
2018-06-01T23:50:20Z,141.5606,40.82696,bird_042,K18F51,17,2018,32022.052091164147,23,2018_bird_042_23_trip
2018-06-01T23:51:20Z,141.56969999999998,40.82905,bird_042,K18F51,17,2018,32269.353116941747,23,2018_bird_042_23_trip
2018-06-01T23:52:20Z,141.57812,40.83037,bird_042,K18F51,17,2018,32446.12113353467,23,2018_bird_042_23_trip
2018-06-01T23:53:19Z,141.58745000000002,40.8322,bird_042,K18F51,17,2018,32700.436547862817,23,2018_bird_042_23_trip
2018-06-01T23:54:19Z,141.59709,40.83421,bird_042,K18F51,17,2018,32995.43845450758,23,2018_bird_042_23_trip
2018-06-01T23:55:21Z,141.60374,40.83594,bird_042,K18F51,17,2018,33247.81518292441,23,2018_bird_042_23_trip
2018-06-01T23:56:21Z,141.61225,40.839110000000005,bird_042,K18F51,17,2018,33688.507766741954,23,2018_bird_042_23_trip
2018-06-01T23:57:20Z,141.62127,40.841539999999995,bird_042,K18F51,17,2018,34067.91453824642,23,2018_bird_042_23_trip
2018-06-01T23:58:20Z,141.6247,40.84234,bird_042,K18F51,17,2018,34202.517232504,23,2018_bird_042_23_trip
2018-06-01T23:59:20Z,141.62678,40.841809999999995,bird_042,K18F51,17,2018,34174.12401324155,23,2018_bird_042_23_trip
2018-06-02T00:00:21Z,141.62771,40.84107999999999,bird_042,K18F51,17,2018,34107.83095033376,23,2018_bird_042_23_trip
2018-06-02T00:01:20Z,141.63557999999998,40.84115,bird_042,K18F51,17,2018,34237.30811644364,23,2018_bird_042_23_trip
2018-06-02T00:02:21Z,141.63902,40.83954,bird_042,K18F51,17,2018,34119.35501146989,23,2018_bird_042_23_trip
2018-06-02T00:03:20Z,141.63976999999997,40.838750000000005,bird_042,K18F51,17,2018,34046.317493208335,23,2018_bird_042_23_trip
2018-06-02T00:04:21Z,141.63998999999998,40.83824,bird_042,K18F51,17,2018,33994.68482981754,23,2018_bird_042_23_trip
2018-06-02T00:05:20Z,141.64063,40.83753,bird_042,K18F51,17,2018,33928.67184177419,23,2018_bird_042_23_trip
2018-06-02T00:06:22Z,141.64143,40.836659999999995,bird_042,K18F51,17,2018,33848.2549236692,23,2018_bird_042_23_trip
2018-06-02T00:07:21Z,141.64164,40.83621,bird_042,K18F51,17,2018,33803.12205503751,23,2018_bird_042_23_trip
2018-06-02T00:08:20Z,141.64254999999997,40.83531000000001,bird_042,K18F51,17,2018,33721.721278792735,23,2018_bird_042_23_trip
2018-06-02T00:09:20Z,141.64329999999998,40.83454,bird_042,K18F51,17,2018,33651.77794440088,23,2018_bird_042_23_trip
2018-06-02T00:10:20Z,141.64358999999996,40.83319,bird_042,K18F51,17,2018,33510.71458308577,23,2018_bird_042_23_trip
2018-06-02T00:11:21Z,141.64300999999998,40.8274,bird_042,K18F51,17,2018,32872.601181580794,23,2018_bird_042_23_trip
2018-06-02T00:12:20Z,141.64193,40.82302,bird_042,K18F51,17,2018,32378.080582619503,23,2018_bird_042_23_trip
2018-06-02T00:13:20Z,141.64171,40.81835,bird_042,K18F51,17,2018,31868.307008838623,23,2018_bird_042_23_trip
2018-06-02T00:14:20Z,141.64324999999997,40.81221,bird_042,K18F51,17,2018,31234.020963573264,23,2018_bird_042_23_trip
2018-06-02T00:15:20Z,141.64396999999997,40.8064,bird_042,K18F51,17,2018,30621.297774395855,23,2018_bird_042_23_trip
2018-06-02T00:16:20Z,141.64548,40.79981000000001,bird_042,K18F51,17,2018,29942.61589164687,23,2018_bird_042_23_trip
2018-06-02T00:17:21Z,141.64531,40.79391000000001,bird_042,K18F51,17,2018,29304.807997129643,23,2018_bird_042_23_trip
2018-06-02T00:18:20Z,141.6452,40.78797,bird_042,K18F51,17,2018,28664.81143431217,23,2018_bird_042_23_trip
2018-06-02T00:19:21Z,141.64576999999997,40.78144,bird_042,K18F51,17,2018,27977.81749573599,23,2018_bird_042_23_trip
2018-06-02T00:20:20Z,141.64542,40.775470000000006,bird_042,K18F51,17,2018,27331.430264088725,23,2018_bird_042_23_trip
2018-06-02T00:21:20Z,141.64359999999996,40.769450000000006,bird_042,K18F51,17,2018,26646.352777506458,23,2018_bird_042_23_trip
2018-06-02T00:22:20Z,141.64165999999997,40.76370000000001,bird_042,K18F51,17,2018,25987.37029190918,23,2018_bird_042_23_trip
2018-06-02T00:23:21Z,141.64352999999997,40.757259999999995,bird_042,K18F51,17,2018,25345.2475636623,23,2018_bird_042_23_trip
2018-06-02T00:24:20Z,141.6462,40.75111,bird_042,K18F51,17,2018,24759.2690065394,23,2018_bird_042_23_trip
2018-06-02T00:25:21Z,141.64512,40.74469,bird_042,K18F51,17,2018,24052.57891938631,23,2018_bird_042_23_trip
2018-06-02T00:26:20Z,141.64291,40.73958,bird_042,K18F51,17,2018,23455.21289683556,23,2018_bird_042_23_trip
2018-06-02T00:27:20Z,141.64404999999996,40.733340000000005,bird_042,K18F51,17,2018,22827.69519870167,23,2018_bird_042_23_trip
2018-06-02T00:28:20Z,141.64575999999997,40.72699000000001,bird_042,K18F51,17,2018,22209.12862960407,23,2018_bird_042_23_trip
2018-06-02T00:29:20Z,141.64543,40.720470000000006,bird_042,K18F51,17,2018,21518.979884560908,23,2018_bird_042_23_trip
2018-06-02T00:30:21Z,141.64373999999998,40.7139,bird_042,K18F51,17,2018,20785.354526205163,23,2018_bird_042_23_trip
2018-06-02T00:31:20Z,141.64303999999998,40.70716,bird_042,K18F51,17,2018,20064.837555999082,23,2018_bird_042_23_trip
2018-06-02T00:32:20Z,141.64334999999997,40.700590000000005,bird_042,K18F51,17,2018,19395.96004473147,23,2018_bird_042_23_trip
2018-06-02T00:33:20Z,141.64137,40.69364,bird_042,K18F51,17,2018,18618.15387215517,23,2018_bird_042_23_trip
2018-06-02T00:34:20Z,141.6392,40.68658,bird_042,K18F51,17,2018,17823.894039226107,23,2018_bird_042_23_trip
2018-06-02T00:35:20Z,141.63731,40.67945,bird_042,K18F51,17,2018,17032.878747933362,23,2018_bird_042_23_trip
2018-06-02T00:36:20Z,141.63575999999998,40.67228,bird_042,K18F51,17,2018,16251.13096660257,23,2018_bird_042_23_trip
2018-06-02T00:37:20Z,141.63282,40.66551000000001,bird_042,K18F51,17,2018,15463.486858433758,23,2018_bird_042_23_trip
2018-06-02T00:38:20Z,141.6293,40.65885,bird_042,K18F51,17,2018,14667.001390382722,23,2018_bird_042_23_trip
2018-06-02T00:39:20Z,141.62478,40.65274,bird_042,K18F51,17,2018,13891.276270223923,23,2018_bird_042_23_trip
2018-06-02T00:40:20Z,141.62131000000002,40.64593000000001,bird_042,K18F51,17,2018,13081.250341348792,23,2018_bird_042_23_trip
2018-06-02T00:41:20Z,141.6184,40.63887,bird_042,K18F51,17,2018,12265.938962918068,23,2018_bird_042_23_trip
2018-06-02T00:42:20Z,141.61674999999997,40.631100000000004,bird_042,K18F51,17,2018,11426.675702887258,23,2018_bird_042_23_trip
2018-06-02T00:43:20Z,141.61279,40.62402,bird_042,K18F51,17,2018,10573.257199932186,23,2018_bird_042_23_trip
2018-06-02T00:44:20Z,141.60855999999998,40.61734,bird_042,K18F51,17,2018,9749.660585161824,23,2018_bird_042_23_trip
2018-06-02T00:45:20Z,141.6052,40.61044,bird_042,K18F51,17,2018,8937.141912477353,23,2018_bird_042_23_trip
2018-06-02T00:46:20Z,141.60122,40.603570000000005,bird_042,K18F51,17,2018,8104.457092432101,23,2018_bird_042_23_trip
2018-06-02T00:47:20Z,141.59727,40.59694,bird_042,K18F51,17,2018,7296.861854461854,23,2018_bird_042_23_trip
2018-06-02T00:48:20Z,141.59363,40.59016,bird_042,K18F51,17,2018,6487.073460855624,23,2018_bird_042_23_trip
2018-06-02T00:49:20Z,141.58886999999999,40.58415,bird_042,K18F51,17,2018,5708.7263849329565,23,2018_bird_042_23_trip
2018-06-02T00:50:20Z,141.58452,40.57778,bird_042,K18F51,17,2018,4911.231329426805,23,2018_bird_042_23_trip
2018-06-02T00:51:20Z,141.57960999999997,40.571659999999994,bird_042,K18F51,17,2018,4116.630764525511,23,2018_bird_042_23_trip
2018-06-02T00:52:20Z,141.57447,40.5658,bird_042,K18F51,17,2018,3340.6461185335143,23,2018_bird_042_23_trip
2018-06-02T00:53:20Z,141.56998,40.55975,bird_042,K18F51,17,2018,2571.351850582155,23,2018_bird_042_23_trip
2018-06-02T00:54:20Z,141.56467999999998,40.55392,bird_042,K18F51,17,2018,1803.096285340896,23,2018_bird_042_23_trip
2018-06-02T00:55:20Z,141.56095,40.54775,bird_042,K18F51,17,2018,1054.216403895891,23,2018_bird_042_23_trip
2018-05-14T04:34:12Z,141.54457999999997,40.54115,bird_068,K18F58,13,2018,1138.8726492060498,5,2018_bird_068_5_trip
2018-05-14T04:35:12Z,141.53599,40.54299,bird_068,K18F58,13,2018,1894.5910360495216,5,2018_bird_068_5_trip
2018-05-14T04:36:12Z,141.52819000000002,40.54603,bird_068,K18F58,13,2018,2624.5459868257963,5,2018_bird_068_5_trip
2018-05-14T04:37:13Z,141.51826,40.547259999999994,bird_068,K18F58,13,2018,3468.6693741276204,5,2018_bird_068_5_trip
2018-05-14T04:38:10Z,141.51478999999998,40.54765,bird_068,K18F58,13,2018,3763.318487659555,5,2018_bird_068_5_trip
2018-05-14T04:39:13Z,141.5129,40.54672,bird_068,K18F58,13,2018,3892.6874267636263,5,2018_bird_068_5_trip
2018-05-14T04:40:15Z,141.51304,40.54661,bird_068,K18F58,13,2018,3878.3360303355657,5,2018_bird_068_5_trip
2018-05-14T04:41:10Z,141.51306999999997,40.54658,bird_068,K18F58,13,2018,3875.100540525049,5,2018_bird_068_5_trip
2018-05-14T04:42:12Z,141.51342,40.54713,bird_068,K18F58,13,2018,3860.743802355498,5,2018_bird_068_5_trip
2018-05-14T04:43:10Z,141.51351999999997,40.5472,bird_068,K18F58,13,2018,3854.4467875799655,5,2018_bird_068_5_trip
2018-05-14T04:44:09Z,141.51305999999997,40.54567,bird_068,K18F58,13,2018,3854.1210608501056,5,2018_bird_068_5_trip
2018-05-14T04:45:10Z,141.51367999999997,40.544819999999994,bird_068,K18F58,13,2018,3784.392722090509,5,2018_bird_068_5_trip
2018-05-14T04:46:09Z,141.51319999999998,40.54487999999999,bird_068,K18F58,13,2018,3825.5876692820407,5,2018_bird_068_5_trip
2018-05-14T04:47:11Z,141.51337999999998,40.54493,bird_068,K18F58,13,2018,3811.612564712909,5,2018_bird_068_5_trip
2018-05-14T04:48:08Z,141.51326999999998,40.54487,bird_068,K18F58,13,2018,3819.554817430753,5,2018_bird_068_5_trip
2018-05-14T04:49:08Z,141.51326999999998,40.54483,bird_068,K18F58,13,2018,3818.7495340950527,5,2018_bird_068_5_trip
2018-05-14T04:50:09Z,141.51334,40.54483,bird_068,K18F58,13,2018,3812.9175450898433,5,2018_bird_068_5_trip
2018-05-14T04:51:10Z,141.51334,40.54476,bird_068,K18F58,13,2018,3811.5181830403553,5,2018_bird_068_5_trip
2018-05-14T04:52:10Z,141.51321,40.54499,bird_068,K18F58,13,2018,3826.9954514518513,5,2018_bird_068_5_trip
2018-05-14T04:53:09Z,141.51317999999998,40.54516,bird_068,K18F58,13,2018,3833.027680873291,5,2018_bird_068_5_trip
2018-05-14T04:54:08Z,141.51314999999997,40.54503,bird_068,K18F58,13,2018,3832.8135979895656,5,2018_bird_068_5_trip
2018-05-14T04:55:10Z,141.51332,40.54526,bird_068,K18F58,13,2018,3823.5115929818176,5,2018_bird_068_5_trip
2018-05-14T04:56:10Z,141.51324,40.54531000000001,bird_068,K18F58,13,2018,3831.234849627039,5,2018_bird_068_5_trip
2018-05-14T04:57:10Z,141.51314,40.54521,bird_068,K18F58,13,2018,3837.410472069555,5,2018_bird_068_5_trip
2018-05-14T04:58:10Z,141.51316999999997,40.545190000000005,bird_068,K18F58,13,2018,3834.492373628899,5,2018_bird_068_5_trip
2018-05-14T04:59:09Z,141.51324999999997,40.54514,bird_068,K18F58,13,2018,3826.784515556832,5,2018_bird_068_5_trip
2018-05-14T05:00:08Z,141.51319999999998,40.545100000000005,bird_068,K18F58,13,2018,3830.105867555366,5,2018_bird_068_5_trip
2018-05-14T05:01:10Z,141.51319999999998,40.54518,bird_068,K18F58,13,2018,3831.786145119293,5,2018_bird_068_5_trip
2018-05-14T05:02:10Z,141.51332,40.54504,bird_068,K18F58,13,2018,3818.871902250362,5,2018_bird_068_5_trip
2018-05-14T05:03:09Z,141.51328999999998,40.54506,bird_068,K18F58,13,2018,3821.7838071573583,5,2018_bird_068_5_trip
2018-05-14T05:04:10Z,141.51316999999997,40.54515000000001,bird_068,K18F58,13,2018,3833.649061624453,5,2018_bird_068_5_trip
2018-05-14T05:05:10Z,141.51332,40.54516,bird_068,K18F58,13,2018,3821.3839799295984,5,2018_bird_068_5_trip
2018-05-14T05:06:09Z,141.51527,40.54939,bird_068,K18F58,13,2018,3780.7875337652576,5,2018_bird_068_5_trip
2018-05-14T05:07:13Z,141.51914999999997,40.55416,bird_068,K18F58,13,2018,3686.919559017029,5,2018_bird_068_5_trip
2018-05-14T05:08:11Z,141.51944,40.55589,bird_068,K18F58,13,2018,3759.546204618063,5,2018_bird_068_5_trip
2018-05-14T05:09:09Z,141.5194,40.55577,bird_068,K18F58,13,2018,3755.682621816172,5,2018_bird_068_5_trip
2018-05-14T05:10:11Z,141.51934,40.5559,bird_068,K18F58,13,2018,3767.3982298663873,5,2018_bird_068_5_trip
2018-05-14T05:11:13Z,141.51943,40.55566,bird_068,K18F58,13,2018,3747.3076556097512,5,2018_bird_068_5_trip
2018-05-14T05:12:11Z,141.51946999999998,40.55585,bird_068,K18F58,13,2018,3755.095143499987,5,2018_bird_068_5_trip
2018-05-14T05:13:10Z,141.51939,40.55584,bird_068,K18F58,13,2018,3760.361070613058,5,2018_bird_068_5_trip
2018-05-14T05:14:09Z,141.5215,40.55787999999999,bird_068,K18F58,13,2018,3732.723352400804,5,2018_bird_068_5_trip
2018-05-14T05:15:11Z,141.52688,40.562650000000005,bird_068,K18F58,13,2018,3728.398697312876,5,2018_bird_068_5_trip
2018-05-14T05:16:11Z,141.53391,40.56626,bird_068,K18F58,13,2018,3668.431620506918,5,2018_bird_068_5_trip
2018-05-14T05:17:11Z,141.54154,40.56965,bird_068,K18F58,13,2018,3706.038434113189,5,2018_bird_068_5_trip
2018-05-14T05:18:10Z,141.54802,40.57437,bird_068,K18F58,13,2018,4053.496221297673,5,2018_bird_068_5_trip
2018-05-14T05:19:09Z,141.55486,40.57896,bird_068,K18F58,13,2018,4487.121814594329,5,2018_bird_068_5_trip
2018-05-14T05:20:09Z,141.55964999999998,40.58396,bird_068,K18F58,13,2018,5039.315142301311,5,2018_bird_068_5_trip
2018-05-14T05:21:10Z,141.56362,40.58904,bird_068,K18F58,13,2018,5623.578989798718,5,2018_bird_068_5_trip
2018-05-14T05:22:09Z,141.56796,40.59389,bird_068,K18F58,13,2018,6201.354809565571,5,2018_bird_068_5_trip
2018-05-14T05:23:09Z,141.57296,40.598850000000006,bird_068,K18F58,13,2018,6815.032916306421,5,2018_bird_068_5_trip
2018-05-14T05:24:08Z,141.57773,40.6033,bird_068,K18F58,13,2018,7383.360595650055,5,2018_bird_068_5_trip
2018-05-14T05:25:08Z,141.58291000000003,40.60745,bird_068,K18F58,13,2018,7939.45778191643,5,2018_bird_068_5_trip
2018-05-14T05:26:08Z,141.58711000000002,40.61154,bird_068,K18F58,13,2018,8475.598962256143,5,2018_bird_068_5_trip
2018-05-14T05:27:09Z,141.59252,40.61579,bird_068,K18F58,13,2018,9066.497151049569,5,2018_bird_068_5_trip
2018-05-14T05:28:10Z,141.59821000000002,40.61994,bird_068,K18F58,13,2018,9664.031423719936,5,2018_bird_068_5_trip
2018-05-14T05:29:11Z,141.60424,40.624390000000005,bird_068,K18F58,13,2018,10311.84671628789,5,2018_bird_068_5_trip
2018-05-14T05:30:11Z,141.60621,40.626220000000004,bird_068,K18F58,13,2018,10563.693320450977,5,2018_bird_068_5_trip
2018-05-14T05:31:11Z,141.60626,40.6262,bird_068,K18F58,13,2018,10563.298263890993,5,2018_bird_068_5_trip
2018-05-14T05:32:11Z,141.60992,40.628660000000004,bird_068,K18F58,13,2018,10937.11611208002,5,2018_bird_068_5_trip
2018-05-14T05:33:11Z,141.61462999999998,40.63231000000001,bird_068,K18F58,13,2018,11470.896391329088,5,2018_bird_068_5_trip
2018-05-14T05:34:11Z,141.61946999999998,40.63589,bird_068,K18F58,13,2018,12005.65524340804,5,2018_bird_068_5_trip
2018-05-14T05:35:11Z,141.62326,40.63927,bird_068,K18F58,13,2018,12483.930314056,5,2018_bird_068_5_trip
2018-05-14T05:36:11Z,141.62639,40.64306,bird_068,K18F58,13,2018,12978.778046925228,5,2018_bird_068_5_trip
2018-05-14T05:37:11Z,141.63064999999995,40.64593000000001,bird_068,K18F58,13,2018,13426.538598738927,5,2018_bird_068_5_trip
2018-05-14T05:38:11Z,141.63376999999997,40.64952,bird_068,K18F58,13,2018,13902.051541529412,5,2018_bird_068_5_trip
2018-05-14T05:39:11Z,141.63643000000002,40.65429,bird_068,K18F58,13,2018,14475.727313254723,5,2018_bird_068_5_trip
2018-05-14T05:40:11Z,141.63987999999998,40.6591,bird_068,K18F58,13,2018,15084.235724731876,5,2018_bird_068_5_trip
2018-05-14T05:41:10Z,141.64349999999996,40.663590000000006,bird_068,K18F58,13,2018,15667.924533824593,5,2018_bird_068_5_trip
2018-05-14T05:42:11Z,141.64764999999997,40.66814000000001,bird_068,K18F58,13,2018,16278.552128645084,5,2018_bird_068_5_trip
2018-05-14T05:43:11Z,141.65102000000002,40.67276,bird_068,K18F58,13,2018,16865.30548713817,5,2018_bird_068_5_trip
2018-05-14T05:44:11Z,141.65508,40.67748,bird_068,K18F58,13,2018,17489.329966769295,5,2018_bird_068_5_trip
2018-05-14T05:45:11Z,141.65898,40.68196,bird_068,K18F58,13,2018,18083.641759052913,5,2018_bird_068_5_trip
2018-05-14T05:46:11Z,141.66331,40.686510000000006,bird_068,K18F58,13,2018,18702.314664977304,5,2018_bird_068_5_trip
2018-05-14T05:47:11Z,141.66883,40.690160000000006,bird_068,K18F58,13,2018,19282.79149011593,5,2018_bird_068_5_trip
2018-05-14T05:48:11Z,141.67414999999997,40.6932,bird_068,K18F58,13,2018,19798.38290004363,5,2018_bird_068_5_trip
2018-05-14T05:49:11Z,141.67844000000002,40.69678,bird_068,K18F58,13,2018,20324.13480108744,5,2018_bird_068_5_trip
2018-05-14T05:50:11Z,141.68239000000003,40.70073000000001,bird_068,K18F58,13,2018,20871.33321356515,5,2018_bird_068_5_trip
2018-05-14T05:51:11Z,141.68588,40.70465,bird_068,K18F58,13,2018,21396.093005519113,5,2018_bird_068_5_trip
2018-05-14T05:52:11Z,141.69037,40.708290000000005,bird_068,K18F58,13,2018,21937.34996481821,5,2018_bird_068_5_trip
2018-05-14T05:53:11Z,141.69392,40.71222,bird_068,K18F58,13,2018,22465.87503978137,5,2018_bird_068_5_trip
2018-05-14T05:54:11Z,141.69649,40.71625,bird_068,K18F58,13,2018,22961.41549971874,5,2018_bird_068_5_trip
2018-05-14T05:55:11Z,141.7002,40.72007000000001,bird_068,K18F58,13,2018,23486.38175121051,5,2018_bird_068_5_trip
2018-05-14T05:56:09Z,141.70358999999996,40.72377000000001,bird_068,K18F58,13,2018,23986.08682508263,5,2018_bird_068_5_trip
2018-05-14T05:57:09Z,141.70713,40.7278,bird_068,K18F58,13,2018,24523.75500415514,5,2018_bird_068_5_trip
2018-05-14T05:58:08Z,141.70974999999996,40.73192,bird_068,K18F58,13,2018,25029.882095989924,5,2018_bird_068_5_trip
2018-05-14T05:59:08Z,141.71076999999997,40.73617000000001,bird_068,K18F58,13,2018,25479.378231461193,5,2018_bird_068_5_trip
2018-05-14T06:00:11Z,141.71134999999998,40.74121,bird_068,K18F58,13,2018,25987.128297713603,5,2018_bird_068_5_trip
2018-05-14T06:01:11Z,141.71167999999997,40.74528,bird_068,K18F58,13,2018,26392.97161422634,5,2018_bird_068_5_trip
2018-05-14T06:02:11Z,141.7123,40.749410000000005,bird_068,K18F58,13,2018,26818.094783288263,5,2018_bird_068_5_trip
2018-05-14T06:03:11Z,141.71203,40.75379,bird_068,K18F58,13,2018,27232.52875878811,5,2018_bird_068_5_trip
2018-05-14T06:04:11Z,141.71273,40.758190000000006,bird_068,K18F58,13,2018,27690.066640404435,5,2018_bird_068_5_trip
2018-05-14T06:05:11Z,141.71393999999998,40.76193000000001,bird_068,K18F58,13,2018,28104.32781117774,5,2018_bird_068_5_trip
2018-05-14T06:06:11Z,141.71623,40.766070000000006,bird_068,K18F58,13,2018,28600.976264471192,5,2018_bird_068_5_trip
2018-05-14T06:07:11Z,141.71738,40.76868,bird_068,K18F58,13,2018,28902.49310706282,5,2018_bird_068_5_trip
2018-05-14T06:08:12Z,141.71650999999997,40.76914000000001,bird_068,K18F58,13,2018,28913.363236870755,5,2018_bird_068_5_trip
2018-05-14T06:09:11Z,141.71663999999998,40.76871000000001,bird_068,K18F58,13,2018,28876.23210057687,5,2018_bird_068_5_trip
2018-05-14T06:10:11Z,141.71697999999998,40.76851000000001,bird_068,K18F58,13,2018,28870.00426457056,5,2018_bird_068_5_trip
2018-05-14T06:11:12Z,141.71729,40.76834000000001,bird_068,K18F58,13,2018,28865.576493193937,5,2018_bird_068_5_trip
2018-05-14T06:12:12Z,141.71743,40.76830000000001,bird_068,K18F58,13,2018,28867.195077022785,5,2018_bird_068_5_trip
2018-05-14T06:13:14Z,141.71759999999998,40.768420000000006,bird_068,K18F58,13,2018,28885.697196533856,5,2018_bird_068_5_trip
2018-05-14T06:14:37Z,141.71787999999998,40.768060000000006,bird_068,K18F58,13,2018,28861.51495902261,5,2018_bird_068_5_trip
2018-05-14T06:15:08Z,141.71794999999997,40.768040000000006,bird_068,K18F58,13,2018,28862.33632928533,5,2018_bird_068_5_trip
2018-05-14T06:16:08Z,141.71823,40.76789,bird_068,K18F58,13,2018,28858.780246751452,5,2018_bird_068_5_trip
2018-05-14T06:17:08Z,141.71864,40.76768,bird_068,K18F58,13,2018,28854.56841369575,5,2018_bird_068_5_trip
2018-05-14T06:18:08Z,141.71869999999998,40.76772,bird_068,K18F58,13,2018,28860.877800231527,5,2018_bird_068_5_trip
2018-05-14T06:19:08Z,141.71887999999998,40.76742,bird_068,K18F58,13,2018,28838.724852845047,5,2018_bird_068_5_trip
2018-05-14T06:20:08Z,141.71920999999998,40.76734,bird_068,K18F58,13,2018,28844.116160778827,5,2018_bird_068_5_trip
2018-05-14T06:21:08Z,141.71931999999998,40.76716,bird_068,K18F58,13,2018,28830.93636131928,5,2018_bird_068_5_trip
2018-05-14T06:22:08Z,141.71859999999998,40.76766,bird_068,K18F58,13,2018,28851.014634149837,5,2018_bird_068_5_trip
2018-05-14T06:23:08Z,141.71594,40.77074,bird_068,K18F58,13,2018,29048.470819707843,5,2018_bird_068_5_trip
2018-05-14T06:24:10Z,141.71441,40.77239000000001,bird_068,K18F58,13,2018,29152.028789586693,5,2018_bird_068_5_trip
2018-05-14T06:25:08Z,141.71405999999996,40.77362,bird_068,K18F58,13,2018,29260.282013940632,5,2018_bird_068_5_trip
2018-05-14T06:26:09Z,141.71554999999995,40.77711000000001,bird_068,K18F58,13,2018,29662.846824882257,5,2018_bird_068_5_trip
2018-05-14T06:27:08Z,141.71539,40.77747,bird_068,K18F58,13,2018,29692.448055158653,5,2018_bird_068_5_trip
2018-05-14T06:28:09Z,141.71574999999996,40.77738,bird_068,K18F58,13,2018,29697.222436626544,5,2018_bird_068_5_trip
2018-05-14T06:29:08Z,141.71611,40.77719,bird_068,K18F58,13,2018,29692.12587923395,5,2018_bird_068_5_trip
2018-05-14T06:30:09Z,141.71629,40.77718,bird_068,K18F58,13,2018,29698.01099420058,5,2018_bird_068_5_trip
2018-05-14T06:31:08Z,141.71660999999995,40.77682,bird_068,K18F58,13,2018,29674.62273151209,5,2018_bird_068_5_trip
2018-05-14T06:32:08Z,141.71680999999998,40.77691000000001,bird_068,K18F58,13,2018,29691.194343046893,5,2018_bird_068_5_trip
2018-05-14T06:33:08Z,141.7171,40.77676,bird_068,K18F58,13,2018,29687.49063343466,5,2018_bird_068_5_trip
2018-05-14T06:34:08Z,141.71751999999998,40.77671000000001,bird_068,K18F58,13,2018,29698.704236026413,5,2018_bird_068_5_trip
2018-05-14T06:35:09Z,141.71773,40.77647,bird_068,K18F58,13,2018,29683.087443614004,5,2018_bird_068_5_trip
2018-05-14T06:36:09Z,141.71804999999998,40.776410000000006,bird_068,K18F58,13,2018,29689.519442774203,5,2018_bird_068_5_trip
2018-05-14T06:37:09Z,141.71843,40.776210000000006,bird_068,K18F58,13,2018,29684.486363890133,5,2018_bird_068_5_trip
2018-05-14T06:38:08Z,141.71835,40.77635000000001,bird_068,K18F58,13,2018,29695.20189059036,5,2018_bird_068_5_trip
2018-05-14T06:39:08Z,141.71896999999998,40.77611000000001,bird_068,K18F58,13,2018,29695.57955011024,5,2018_bird_068_5_trip
2018-05-14T06:40:08Z,141.71924999999996,40.775940000000006,bird_068,K18F58,13,2018,29689.717428592485,5,2018_bird_068_5_trip
2018-05-14T06:41:08Z,141.71956999999995,40.77601000000001,bird_068,K18F58,13,2018,29709.082115671037,5,2018_bird_068_5_trip
2018-05-14T06:42:08Z,141.71990999999997,40.77568,bird_068,K18F58,13,2018,29689.865935977738,5,2018_bird_068_5_trip
2018-05-14T06:43:09Z,141.72013,40.77568,bird_068,K18F58,13,2018,29698.472098473707,5,2018_bird_068_5_trip
2018-05-14T06:44:08Z,141.72054999999995,40.77550000000001,bird_068,K18F58,13,2018,29697.228036714107,5,2018_bird_068_5_trip
2018-05-14T06:45:08Z,141.72075999999998,40.77535000000001,bird_068,K18F58,13,2018,29690.729961713976,5,2018_bird_068_5_trip
2018-05-14T06:46:08Z,141.72107,40.77548,bird_068,K18F58,13,2018,29715.69467315132,5,2018_bird_068_5_trip
2018-05-14T06:47:08Z,141.72129,40.77506,bird_068,K18F58,13,2018,29683.108826984633,5,2018_bird_068_5_trip
2018-05-14T06:48:08Z,141.72154,40.77519000000001,bird_068,K18F58,13,2018,29705.735324061257,5,2018_bird_068_5_trip
2018-05-14T06:49:09Z,141.7219,40.77506,bird_068,K18F58,13,2018,29707.202192816345,5,2018_bird_068_5_trip
2018-05-14T06:50:09Z,141.72208,40.7749,bird_068,K18F58,13,2018,29698.6331349978,5,2018_bird_068_5_trip
2018-05-14T06:51:08Z,141.72243000000003,40.77475,bird_068,K18F58,13,2018,29697.805820411813,5,2018_bird_068_5_trip
2018-05-14T06:52:09Z,141.7227,40.77467,bird_068,K18F58,13,2018,29700.6928572794,5,2018_bird_068_5_trip
2018-05-14T06:53:09Z,141.72274000000002,40.77465,bird_068,K18F58,13,2018,29700.32408738635,5,2018_bird_068_5_trip
2018-05-14T06:54:08Z,141.72329,40.774530000000006,bird_068,K18F58,13,2018,29710.478415614747,5,2018_bird_068_5_trip
2018-05-14T06:55:09Z,141.72339,40.774370000000005,bird_068,K18F58,13,2018,29698.81133847941,5,2018_bird_068_5_trip
2018-05-14T06:56:08Z,141.72357999999997,40.7743,bird_068,K18F58,13,2018,29699.55326092189,5,2018_bird_068_5_trip
2018-05-14T06:57:08Z,141.72376999999997,40.77434,bird_068,K18F58,13,2018,29711.062567662917,5,2018_bird_068_5_trip
2018-05-14T06:58:09Z,141.72427,40.77403,bird_068,K18F58,13,2018,29700.795196741496,5,2018_bird_068_5_trip
2018-05-14T06:59:09Z,141.72319,40.775920000000006,bird_068,K18F58,13,2018,29842.643086754942,5,2018_bird_068_5_trip
2018-05-14T07:00:10Z,141.72225,40.779900000000005,bird_068,K18F58,13,2018,30196.720690484268,5,2018_bird_068_5_trip
2018-05-14T07:01:09Z,141.72140000000002,40.78322,bird_068,K18F58,13,2018,30491.468243978463,5,2018_bird_068_5_trip
2018-05-14T07:02:10Z,141.71955999999994,40.78643,bird_068,K18F58,13,2018,30739.67223328069,5,2018_bird_068_5_trip
2018-05-14T07:03:08Z,141.71916999999996,40.790090000000006,bird_068,K18F58,13,2018,31089.401713027015,5,2018_bird_068_5_trip
2018-05-14T07:04:08Z,141.71913999999998,40.79337000000001,bird_068,K18F58,13,2018,31415.749060023005,5,2018_bird_068_5_trip
2018-05-14T07:05:08Z,141.72026,40.79537000000001,bird_068,K18F58,13,2018,31656.84644476772,5,2018_bird_068_5_trip
2018-05-14T07:06:09Z,141.72055999999998,40.795150000000014,bird_068,K18F58,13,2018,31645.89039706711,5,2018_bird_068_5_trip
2018-05-14T07:07:09Z,141.72096,40.79518000000001,bird_068,K18F58,13,2018,31663.628477439703,5,2018_bird_068_5_trip
2018-05-14T07:08:09Z,141.72131000000002,40.795110000000015,bird_068,K18F58,13,2018,31669.56160931547,5,2018_bird_068_5_trip
2018-05-14T07:09:08Z,141.72222000000002,40.79870000000001,bird_068,K18F58,13,2018,32061.77384339191,5,2018_bird_068_5_trip
2018-05-14T07:10:08Z,141.72154999999998,40.80304,bird_068,K18F58,13,2018,32472.199970185524,5,2018_bird_068_5_trip
2018-05-14T07:11:08Z,141.7211,40.803059999999995,bird_068,K18F58,13,2018,32457.98430402653,5,2018_bird_068_5_trip
2018-05-14T07:12:09Z,141.7211,40.80312,bird_068,K18F58,13,2018,32464.01025731283,5,2018_bird_068_5_trip
2018-05-14T07:13:09Z,141.72143000000003,40.80299,bird_068,K18F58,13,2018,32462.85041385838,5,2018_bird_068_5_trip
2018-05-14T07:14:08Z,141.72181,40.80276,bird_068,K18F58,13,2018,32453.49547864594,5,2018_bird_068_5_trip
2018-05-14T07:15:08Z,141.72175,40.80294,bird_068,K18F58,13,2018,32469.38718280785,5,2018_bird_068_5_trip
2018-05-14T07:16:08Z,141.72206,40.80282,bird_068,K18F58,13,2018,32468.56250823226,5,2018_bird_068_5_trip
2018-05-14T07:17:08Z,141.71981999999997,40.802859999999995,bird_068,K18F58,13,2018,32391.92463733716,5,2018_bird_068_5_trip
2018-05-14T07:18:09Z,141.71443,40.804289999999995,bird_068,K18F58,13,2018,32346.31871251562,5,2018_bird_068_5_trip
2018-05-14T07:19:09Z,141.71307999999996,40.80343,bird_068,K18F58,13,2018,32212.517188322872,5,2018_bird_068_5_trip
2018-05-14T07:20:08Z,141.71334,40.8034,bird_068,K18F58,13,2018,32218.45548204481,5,2018_bird_068_5_trip
2018-05-14T07:21:08Z,141.71369999999996,40.803239999999995,bird_068,K18F58,13,2018,32214.70519180998,5,2018_bird_068_5_trip
2018-05-14T07:22:08Z,141.71374999999995,40.80337,bird_068,K18F58,13,2018,32229.601323467043,5,2018_bird_068_5_trip
2018-05-14T07:23:09Z,141.71383999999998,40.80322,bird_068,K18F58,13,2018,32217.53179524884,5,2018_bird_068_5_trip
2018-05-14T07:24:08Z,141.71331999999998,40.80323,bird_068,K18F58,13,2018,32200.54200296103,5,2018_bird_068_5_trip
2018-05-14T07:25:08Z,141.71182,40.804829999999995,bird_068,K18F58,13,2018,32311.3194556133,5,2018_bird_068_5_trip
2018-05-14T07:26:09Z,141.71224999999998,40.804689999999994,bird_068,K18F58,13,2018,32311.796110210307,5,2018_bird_068_5_trip
2018-05-14T07:27:09Z,141.71253,40.804869999999994,bird_068,K18F58,13,2018,32339.65127016476,5,2018_bird_068_5_trip
2018-05-14T07:28:08Z,141.71266999999995,40.804739999999995,bird_068,K18F58,13,2018,32331.256170524044,5,2018_bird_068_5_trip
2018-05-14T07:29:08Z,141.71282,40.80452,bird_068,K18F58,13,2018,32314.083181733236,5,2018_bird_068_5_trip
2018-05-14T07:30:09Z,141.71322999999998,40.80423999999999,bird_068,K18F58,13,2018,32299.789581589805,5,2018_bird_068_5_trip
2018-05-14T07:31:09Z,141.71348999999998,40.80401,bird_068,K18F58,13,2018,32285.44297791351,5,2018_bird_068_5_trip
2018-05-14T07:32:08Z,141.71340999999998,40.804289999999995,bird_068,K18F58,13,2018,32311.060624708534,5,2018_bird_068_5_trip
2018-05-14T07:33:08Z,141.71387999999996,40.804019999999994,bird_068,K18F58,13,2018,32299.931939268296,5,2018_bird_068_5_trip
2018-05-14T07:34:09Z,141.71418999999997,40.80378,bird_068,K18F58,13,2018,32286.36314339799,5,2018_bird_068_5_trip
2018-05-14T07:35:08Z,141.71450999999996,40.803659999999994,bird_068,K18F58,13,2018,32285.323149129537,5,2018_bird_068_5_trip
2018-05-14T07:36:08Z,141.71447999999998,40.80374,bird_068,K18F58,13,2018,32292.377399096516,5,2018_bird_068_5_trip
2018-05-14T07:37:09Z,141.71473999999998,40.80333,bird_068,K18F58,13,2018,32259.934927432183,5,2018_bird_068_5_trip
2018-05-14T07:38:09Z,141.71515999999997,40.80313,bird_068,K18F58,13,2018,32254.356460641073,5,2018_bird_068_5_trip
2018-05-14T07:39:09Z,141.7154,40.80305,bird_068,K18F58,13,2018,32254.657766399043,5,2018_bird_068_5_trip
2018-05-14T07:40:10Z,141.71570999999997,40.80294,bird_068,K18F58,13,2018,32254.39601785039,5,2018_bird_068_5_trip
2018-05-14T07:41:09Z,141.71597999999997,40.80278,bird_068,K18F58,13,2018,32247.706729548376,5,2018_bird_068_5_trip
2018-05-14T07:42:09Z,141.71633,40.80269,bird_068,K18F58,13,2018,32250.92228300447,5,2018_bird_068_5_trip
2018-05-14T07:43:09Z,141.71657999999996,40.8026,bird_068,K18F58,13,2018,32250.642789202186,5,2018_bird_068_5_trip
2018-05-14T07:44:09Z,141.71675999999997,40.80245,bird_068,K18F58,13,2018,32241.85746744036,5,2018_bird_068_5_trip
2018-05-14T07:45:08Z,141.71698999999998,40.80235,bird_068,K18F58,13,2018,32239.894749040763,5,2018_bird_068_5_trip
2018-05-14T07:46:09Z,141.71715999999998,40.80226,bird_068,K18F58,13,2018,32236.832157893663,5,2018_bird_068_5_trip
2018-05-14T07:47:09Z,141.71734999999998,40.80222,bird_068,K18F58,13,2018,32239.52685633237,5,2018_bird_068_5_trip
2018-05-14T07:48:09Z,141.71743,40.80202,bird_068,K18F58,13,2018,32222.206156959593,5,2018_bird_068_5_trip
2018-05-14T07:49:09Z,141.71763,40.80173,bird_068,K18F58,13,2018,32200.08822330581,5,2018_bird_068_5_trip
2018-05-14T07:50:08Z,141.71514,40.802,bird_068,K18F58,13,2018,32139.460807536147,5,2018_bird_068_5_trip
2018-05-14T07:51:08Z,141.71353999999997,40.80197,bird_068,K18F58,13,2018,32080.592548190984,5,2018_bird_068_5_trip
2018-05-14T07:52:09Z,141.71319999999997,40.80163,bird_068,K18F58,13,2018,32034.37212920811,5,2018_bird_068_5_trip
2018-05-14T07:53:09Z,141.71349999999995,40.80155,bird_068,K18F58,13,2018,32036.70386602871,5,2018_bird_068_5_trip
2018-05-14T07:54:09Z,141.71365999999995,40.80137,bird_068,K18F58,13,2018,32024.065497736538,5,2018_bird_068_5_trip
2018-05-14T07:55:09Z,141.71395999999996,40.80125999999999,bird_068,K18F58,13,2018,32023.403710194307,5,2018_bird_068_5_trip
2018-05-14T07:56:09Z,141.71423,40.801199999999994,bird_068,K18F58,13,2018,32026.770967739805,5,2018_bird_068_5_trip
2018-05-14T07:57:10Z,141.71450999999996,40.80107,bird_068,K18F58,13,2018,32023.433461257024,5,2018_bird_068_5_trip
2018-05-14T07:58:09Z,141.71474999999995,40.8009,bird_068,K18F58,13,2018,32014.676219873916,5,2018_bird_068_5_trip
2018-05-14T07:59:08Z,141.71490999999995,40.80081,bird_068,K18F58,13,2018,32011.206002423885,5,2018_bird_068_5_trip
2018-05-14T08:00:10Z,141.71387999999996,40.80078,bird_068,K18F58,13,2018,31972.085182943552,5,2018_bird_068_5_trip
2018-05-14T08:01:10Z,141.71434,40.80057,bird_068,K18F58,13,2018,31966.96472710478,5,2018_bird_068_5_trip
2018-05-14T08:02:09Z,141.71468999999996,40.80031,bird_068,K18F58,13,2018,31952.993092258992,5,2018_bird_068_5_trip
2018-05-14T08:03:08Z,141.71383999999998,40.80125,bird_068,K18F58,13,2018,32018.205058289983,5,2018_bird_068_5_trip
2018-05-14T08:04:08Z,141.71026999999998,40.80256,bird_068,K18F58,13,2018,32027.880317699342,5,2018_bird_068_5_trip
2018-05-14T08:05:08Z,141.70744000000002,40.80339,bird_068,K18F58,13,2018,32016.7881879845,5,2018_bird_068_5_trip
2018-05-14T08:06:08Z,141.70403,40.80461,bird_068,K18F58,13,2018,32028.661799439436,5,2018_bird_068_5_trip
2018-05-14T08:07:10Z,141.70174999999998,40.80452,bird_068,K18F58,13,2018,31945.403737446784,5,2018_bird_068_5_trip
2018-05-14T08:08:10Z,141.70187,40.804489999999994,bird_068,K18F58,13,2018,31946.197996658146,5,2018_bird_068_5_trip
2018-05-14T08:09:10Z,141.70197,40.80443999999999,bird_068,K18F58,13,2018,31944.297873181604,5,2018_bird_068_5_trip
2018-05-14T08:10:10Z,141.70216,40.80423999999999,bird_068,K18F58,13,2018,31929.9273731864,5,2018_bird_068_5_trip
2018-05-14T08:11:09Z,141.70224000000002,40.80379,bird_068,K18F58,13,2018,31886.3761240243,5,2018_bird_068_5_trip
2018-05-14T08:12:10Z,141.70231,40.80399,bird_068,K18F58,13,2018,31909.15080489821,5,2018_bird_068_5_trip
2018-05-14T08:13:10Z,141.70242000000002,40.80359,bird_068,K18F58,13,2018,31871.716562022422,5,2018_bird_068_5_trip
2018-05-14T08:14:10Z,141.69931,40.80396,bird_068,K18F58,13,2018,31809.667395164477,5,2018_bird_068_5_trip
2018-05-14T08:15:10Z,141.69885,40.803819999999995,bird_068,K18F58,13,2018,31780.6346114424,5,2018_bird_068_5_trip
2018-05-14T08:16:10Z,141.69907999999998,40.803659999999994,bird_068,K18F58,13,2018,31771.49168128231,5,2018_bird_068_5_trip
2018-05-14T08:17:10Z,141.6993,40.80372,bird_068,K18F58,13,2018,31784.66927536489,5,2018_bird_068_5_trip
2018-05-14T08:18:10Z,141.69957999999997,40.80354,bird_068,K18F58,13,2018,31775.09811929088,5,2018_bird_068_5_trip
2018-05-14T08:19:10Z,141.69982,40.80341,bird_068,K18F58,13,2018,31769.411507755,5,2018_bird_068_5_trip
2018-05-14T08:20:09Z,141.70003,40.80327,bird_068,K18F58,13,2018,31761.754394991287,5,2018_bird_068_5_trip
2018-05-14T08:21:10Z,141.70050999999998,40.80299,bird_068,K18F58,13,2018,31748.417776910883,5,2018_bird_068_5_trip
2018-05-14T08:22:09Z,141.70071,40.80273,bird_068,K18F58,13,2018,31728.17368236312,5,2018_bird_068_5_trip
2018-05-14T08:23:09Z,141.70075999999997,40.80258,bird_068,K18F58,13,2018,31714.39418434759,5,2018_bird_068_5_trip
2018-05-14T08:24:10Z,141.70124,40.80263,bird_068,K18F58,13,2018,31735.03428006873,5,2018_bird_068_5_trip
2018-05-14T08:25:09Z,141.70141,40.80269,bird_068,K18F58,13,2018,31746.69060417668,5,2018_bird_068_5_trip
2018-05-14T08:26:10Z,141.70169,40.802679999999995,bird_068,K18F58,13,2018,31754.740521793723,5,2018_bird_068_5_trip
2018-05-14T08:27:10Z,141.70176999999998,40.80237,bird_068,K18F58,13,2018,31725.561323693364,5,2018_bird_068_5_trip
2018-05-14T08:28:10Z,141.702,40.80239,bird_068,K18F58,13,2018,31735.08775485156,5,2018_bird_068_5_trip
2018-05-14T08:29:10Z,141.70171,40.802150000000005,bird_068,K18F58,13,2018,31701.064465158302,5,2018_bird_068_5_trip
2018-05-14T08:30:10Z,141.7022,40.80235,bird_068,K18F58,13,2018,31737.49958261743,5,2018_bird_068_5_trip
2018-05-14T08:31:11Z,141.70247,40.80226,bird_068,K18F58,13,2018,31737.08373134306,5,2018_bird_068_5_trip
2018-05-14T08:32:11Z,141.70256999999998,40.80223,bird_068,K18F58,13,2018,31737.27601022967,5,2018_bird_068_5_trip
2018-05-14T08:33:12Z,141.70268,40.80191,bird_068,K18F58,13,2018,31708.10852998109,5,2018_bird_068_5_trip
2018-05-14T08:34:11Z,141.70283,40.80205,bird_068,K18F58,13,2018,31727.347079868545,5,2018_bird_068_5_trip
2018-05-14T08:35:09Z,141.70306999999997,40.80197999999999,bird_068,K18F58,13,2018,31728.043110973307,5,2018_bird_068_5_trip
2018-05-14T08:36:10Z,141.70305999999997,40.80173,bird_068,K18F58,13,2018,31702.13426166665,5,2018_bird_068_5_trip
2018-05-14T08:37:10Z,141.70310999999998,40.80159,bird_068,K18F58,13,2018,31689.45155503077,5,2018_bird_068_5_trip
2018-05-14T08:38:10Z,141.70324,40.801179999999995,bird_068,K18F58,13,2018,31651.786878906223,5,2018_bird_068_5_trip
2018-05-14T08:39:09Z,141.70004,40.79814000000001,bird_068,K18F58,13,2018,31235.854448984523,5,2018_bird_068_5_trip
2018-05-14T08:40:10Z,141.69876,40.79613000000001,bird_068,K18F58,13,2018,30988.24462028828,5,2018_bird_068_5_trip
2018-05-14T08:41:10Z,141.69852,40.796400000000006,bird_068,K18F58,13,2018,31008.10381839395,5,2018_bird_068_5_trip
2018-05-14T08:42:12Z,141.69864,40.79628,bird_068,K18F58,13,2018,30999.70755023861,5,2018_bird_068_5_trip
2018-05-14T08:43:11Z,141.69732000000002,40.79656000000001,bird_068,K18F58,13,2018,30985.674498915283,5,2018_bird_068_5_trip
2018-05-14T08:44:12Z,141.69621,40.79636000000001,bird_068,K18F58,13,2018,30929.462848937874,5,2018_bird_068_5_trip
2018-05-14T08:45:12Z,141.69639,40.79625000000001,bird_068,K18F58,13,2018,30923.93501291562,5,2018_bird_068_5_trip
2018-05-14T08:46:12Z,141.69672,40.79615000000001,bird_068,K18F58,13,2018,30924.267790438644,5,2018_bird_068_5_trip
2018-05-14T08:47:12Z,141.69691,40.79591000000001,bird_068,K18F58,13,2018,30905.74871112669,5,2018_bird_068_5_trip
2018-05-14T08:48:12Z,141.69708,40.79580000000001,bird_068,K18F58,13,2018,30899.942878397604,5,2018_bird_068_5_trip
2018-05-14T08:49:09Z,141.6975,40.79572000000001,bird_068,K18F58,13,2018,30905.31006027515,5,2018_bird_068_5_trip
2018-05-14T08:50:12Z,141.69732000000002,40.79541000000001,bird_068,K18F58,13,2018,30867.690973847915,5,2018_bird_068_5_trip
2018-05-14T08:51:09Z,141.6978,40.79539000000001,bird_068,K18F58,13,2018,30881.19761965856,5,2018_bird_068_5_trip
2018-05-14T08:52:12Z,141.69782,40.79506000000001,bird_068,K18F58,13,2018,30848.023268778583,5,2018_bird_068_5_trip
2018-05-14T08:53:11Z,141.69797,40.79494,bird_068,K18F58,13,2018,30840.60445331454,5,2018_bird_068_5_trip
2018-05-14T08:54:12Z,141.69815,40.794720000000005,bird_068,K18F58,13,2018,30823.929191552208,5,2018_bird_068_5_trip
2018-05-14T08:55:13Z,141.69828,40.79451000000001,bird_068,K18F58,13,2018,30806.663066649744,5,2018_bird_068_5_trip
2018-05-14T08:56:12Z,141.69871,40.794320000000006,bird_068,K18F58,13,2018,30801.27420445321,5,2018_bird_068_5_trip
2018-05-14T08:57:12Z,141.69892000000002,40.79412000000001,bird_068,K18F58,13,2018,30787.694077949494,5,2018_bird_068_5_trip
2018-05-14T08:58:12Z,141.69923,40.794,bird_068,K18F58,13,2018,30785.60476308897,5,2018_bird_068_5_trip
2018-05-14T08:59:12Z,141.69961999999998,40.793890000000005,bird_068,K18F58,13,2018,30787.203643681823,5,2018_bird_068_5_trip
2018-05-14T09:00:13Z,141.6999,40.79363000000001,bird_068,K18F58,13,2018,30769.879539297144,5,2018_bird_068_5_trip
2018-05-14T09:01:09Z,141.69974,40.79335000000001,bird_068,K18F58,13,2018,30735.98082292297,5,2018_bird_068_5_trip
2018-05-14T09:02:23Z,141.70055999999997,40.79319000000001,bird_068,K18F58,13,2018,30746.828227381484,5,2018_bird_068_5_trip
2018-05-14T09:03:10Z,141.70004999999998,40.79273000000001,bird_068,K18F58,13,2018,30682.92673131724,5,2018_bird_068_5_trip
2018-05-14T09:04:12Z,141.69933,40.79438,bird_068,K18F58,13,2018,30827.757279297806,5,2018_bird_068_5_trip
2018-05-14T09:05:17Z,141.69948,40.79429,bird_068,K18F58,13,2018,30823.486652605217,5,2018_bird_068_5_trip
2018-05-14T09:06:19Z,141.69968999999998,40.79415000000001,bird_068,K18F58,13,2018,30816.089834611812,5,2018_bird_068_5_trip
2018-05-14T09:07:37Z,141.6999,40.79402,bird_068,K18F58,13,2018,30809.73130702258,5,2018_bird_068_5_trip
2018-05-14T09:08:08Z,141.70002,40.79393000000001,bird_068,K18F58,13,2018,30804.499268526328,5,2018_bird_068_5_trip
2018-05-14T09:09:08Z,141.70006999999998,40.79383000000001,bird_068,K18F58,13,2018,30795.935467033352,5,2018_bird_068_5_trip
2018-05-14T09:10:08Z,141.70035,40.79363000000001,bird_068,K18F58,13,2018,30784.779095380414,5,2018_bird_068_5_trip
2018-05-14T09:11:09Z,141.70028,40.79355000000001,bird_068,K18F58,13,2018,30774.288561242614,5,2018_bird_068_5_trip
2018-05-14T09:12:08Z,141.70041,40.79333000000001,bird_068,K18F58,13,2018,30756.136778850578,5,2018_bird_068_5_trip
2018-05-14T09:13:08Z,141.70047,40.79314000000001,bird_068,K18F58,13,2018,30738.733020316224,5,2018_bird_068_5_trip
2018-05-14T09:14:10Z,141.70064999999997,40.79296000000001,bird_068,K18F58,13,2018,30726.348440119553,5,2018_bird_068_5_trip
2018-05-14T09:15:10Z,141.70069999999998,40.79280000000001,bird_068,K18F58,13,2018,30711.68715345336,5,2018_bird_068_5_trip
2018-05-14T09:16:10Z,141.70024999999998,40.792310000000015,bird_068,K18F58,13,2018,30646.702593646452,5,2018_bird_068_5_trip
2018-05-14T09:17:10Z,141.69665999999998,40.791430000000005,bird_068,K18F58,13,2018,30438.367971522912,5,2018_bird_068_5_trip
2018-05-14T09:18:09Z,141.69331,40.78818,bird_068,K18F58,13,2018,29996.39694008015,5,2018_bird_068_5_trip
2018-05-14T09:19:10Z,141.69053,40.78402,bird_068,K18F58,13,2018,29479.79985244511,5,2018_bird_068_5_trip
2018-05-14T09:20:09Z,141.68882000000002,40.778940000000006,bird_068,K18F58,13,2018,28903.426443377153,5,2018_bird_068_5_trip
2018-05-14T09:21:10Z,141.68686,40.773900000000005,bird_068,K18F58,13,2018,28323.218865567233,5,2018_bird_068_5_trip
2018-05-14T09:22:10Z,141.68459,40.76959000000001,bird_068,K18F58,13,2018,27807.721424602252,5,2018_bird_068_5_trip
2018-05-14T09:23:10Z,141.68205,40.76476,bird_068,K18F58,13,2018,27230.15355804365,5,2018_bird_068_5_trip
2018-05-14T09:24:10Z,141.6787,40.76079000000001,bird_068,K18F58,13,2018,26714.308708015647,5,2018_bird_068_5_trip
2018-05-14T09:25:10Z,141.67528,40.7567,bird_068,K18F58,13,2018,26184.204432467268,5,2018_bird_068_5_trip
2018-05-14T09:26:09Z,141.6721,40.752570000000006,bird_068,K18F58,13,2018,25657.97763621065,5,2018_bird_068_5_trip
2018-05-14T09:27:10Z,141.66907999999998,40.74824,bird_068,K18F58,13,2018,25116.460707686296,5,2018_bird_068_5_trip
2018-05-14T09:28:10Z,141.66684999999998,40.74323,bird_068,K18F58,13,2018,24530.139461140316,5,2018_bird_068_5_trip
2018-05-14T09:29:10Z,141.66362999999998,40.73884,bird_068,K18F58,13,2018,23976.14755866022,5,2018_bird_068_5_trip
2018-05-14T09:30:09Z,141.65965999999997,40.73512000000001,bird_068,K18F58,13,2018,23468.022234255142,5,2018_bird_068_5_trip
2018-05-14T09:31:10Z,141.65545,40.73141,bird_068,K18F58,13,2018,22954.6887815285,5,2018_bird_068_5_trip
2018-05-14T09:32:09Z,141.65131000000002,40.72708,bird_068,K18F58,13,2018,22380.519284760627,5,2018_bird_068_5_trip
2018-05-14T09:33:10Z,141.64734,40.72327000000001,bird_068,K18F58,13,2018,21866.57915154936,5,2018_bird_068_5_trip
2018-05-14T09:34:10Z,141.64390999999998,40.71883,bird_068,K18F58,13,2018,21303.76597166989,5,2018_bird_068_5_trip
2018-05-14T09:35:10Z,141.64046,40.71392,bird_068,K18F58,13,2018,20691.77148744292,5,2018_bird_068_5_trip
2018-05-14T09:36:10Z,141.63825,40.70919000000001,bird_068,K18F58,13,2018,20134.30885450578,5,2018_bird_068_5_trip
2018-05-14T09:37:09Z,141.63488999999998,40.70478,bird_068,K18F58,13,2018,19577.55357006923,5,2018_bird_068_5_trip
2018-05-14T09:38:10Z,141.63094,40.70066,bird_068,K18F58,13,2018,19035.424774237483,5,2018_bird_068_5_trip
2018-05-14T09:39:10Z,141.62703000000002,40.69642,bird_068,K18F58,13,2018,18483.190958002306,5,2018_bird_068_5_trip
2018-05-14T09:40:10Z,141.6234,40.69201000000001,bird_068,K18F58,13,2018,17921.801928088527,5,2018_bird_068_5_trip
2018-05-14T09:41:10Z,141.61985999999996,40.687079999999995,bird_068,K18F58,13,2018,17308.798185547184,5,2018_bird_068_5_trip
2018-05-14T09:42:09Z,141.61639,40.68222,bird_068,K18F58,13,2018,16705.78466486216,5,2018_bird_068_5_trip
2018-05-14T09:43:09Z,141.6124,40.67764,bird_068,K18F58,13,2018,16120.655183251578,5,2018_bird_068_5_trip
2018-05-14T09:44:10Z,141.60878,40.67341,bird_068,K18F58,13,2018,15583.487878179769,5,2018_bird_068_5_trip
2018-05-14T09:45:09Z,141.60546,40.66947,bird_068,K18F58,13,2018,15085.863307399964,5,2018_bird_068_5_trip
2018-05-14T09:46:09Z,141.60298,40.66434,bird_068,K18F58,13,2018,14480.873598147484,5,2018_bird_068_5_trip
2018-05-14T09:47:10Z,141.59957999999995,40.65918,bird_068,K18F58,13,2018,13852.668645191474,5,2018_bird_068_5_trip
2018-05-14T09:48:10Z,141.59636,40.654819999999994,bird_068,K18F58,13,2018,13315.54738446626,5,2018_bird_068_5_trip
2018-05-14T09:49:09Z,141.59205,40.65111,bird_068,K18F58,13,2018,12828.873668671033,5,2018_bird_068_5_trip
2018-05-14T09:50:09Z,141.58818000000002,40.646930000000005,bird_068,K18F58,13,2018,12304.257644066049,5,2018_bird_068_5_trip
2018-05-14T09:51:09Z,141.58426,40.64272,bird_068,K18F58,13,2018,11779.588711518429,5,2018_bird_068_5_trip
2018-05-14T09:52:09Z,141.58032000000003,40.639050000000005,bird_068,K18F58,13,2018,11318.453999451303,5,2018_bird_068_5_trip
2018-05-14T09:53:10Z,141.57584,40.63552000000001,bird_068,K18F58,13,2018,10872.063527723614,5,2018_bird_068_5_trip
2018-05-14T09:54:09Z,141.57234000000005,40.63166,bird_068,K18F58,13,2018,10408.289684006122,5,2018_bird_068_5_trip
2018-05-14T09:55:09Z,141.56865,40.62788,bird_068,K18F58,13,2018,9957.505726782989,5,2018_bird_068_5_trip
2018-05-14T09:56:10Z,141.56447,40.62397000000001,bird_068,K18F58,13,2018,9497.105726932592,5,2018_bird_068_5_trip
2018-05-14T09:57:09Z,141.56064,40.62046,bird_068,K18F58,13,2018,9093.155971682983,5,2018_bird_068_5_trip
2018-05-14T09:58:09Z,141.55657,40.61695,bird_068,K18F58,13,2018,8700.186224540836,5,2018_bird_068_5_trip
2018-05-14T09:59:10Z,141.55332,40.61367,bird_068,K18F58,13,2018,8343.399485669588,5,2018_bird_068_5_trip
2018-05-14T10:00:09Z,141.55071,40.60986,bird_068,K18F58,13,2018,7933.925423004504,5,2018_bird_068_5_trip
2018-05-14T10:01:09Z,141.54867,40.606190000000005,bird_068,K18F58,13,2018,7542.9111389901645,5,2018_bird_068_5_trip
2018-05-14T10:02:09Z,141.54584999999997,40.60238,bird_068,K18F58,13,2018,7151.391935395538,5,2018_bird_068_5_trip
2018-05-14T10:03:10Z,141.54352999999998,40.598400000000005,bird_068,K18F58,13,2018,6745.936393014036,5,2018_bird_068_5_trip
2018-05-14T10:04:09Z,141.54084999999998,40.59439,bird_068,K18F58,13,2018,6354.928533372019,5,2018_bird_068_5_trip
2018-05-14T10:05:09Z,141.53947,40.590210000000006,bird_068,K18F58,13,2018,5932.562647005673,5,2018_bird_068_5_trip
2018-05-14T10:06:10Z,141.53984,40.58556,bird_068,K18F58,13,2018,5426.68637176662,5,2018_bird_068_5_trip
2018-05-14T10:07:09Z,141.539,40.58127999999999,bird_068,K18F58,13,2018,4993.784239081617,5,2018_bird_068_5_trip
2018-05-14T10:08:09Z,141.53747,40.57745,bird_068,K18F58,13,2018,4638.23477622834,5,2018_bird_068_5_trip
2018-05-14T10:09:10Z,141.53612,40.57321,bird_068,K18F58,13,2018,4251.623970384387,5,2018_bird_068_5_trip
2018-05-14T10:10:09Z,141.53407,40.56964,bird_068,K18F58,13,2018,3981.083322267552,5,2018_bird_068_5_trip
2018-05-14T10:11:09Z,141.53119,40.56648,bird_068,K18F58,13,2018,3819.1360295167983,5,2018_bird_068_5_trip
2018-05-14T10:12:10Z,141.52827000000002,40.56289,bird_068,K18F58,13,2018,3666.7454382492065,5,2018_bird_068_5_trip
2018-05-14T10:13:09Z,141.52890000000002,40.559,bird_068,K18F58,13,2018,3322.6416579507622,5,2018_bird_068_5_trip
2018-05-14T10:14:09Z,141.52771,40.55562,bird_068,K18F58,13,2018,3159.348073787623,5,2018_bird_068_5_trip
2018-05-14T10:15:09Z,141.52529,40.5531,bird_068,K18F58,13,2018,3175.3554411074683,5,2018_bird_068_5_trip
2018-05-14T10:16:10Z,141.52306,40.550419999999995,bird_068,K18F58,13,2018,3206.815403428259,5,2018_bird_068_5_trip
2018-05-14T10:17:09Z,141.51996999999997,40.54836,bird_068,K18F58,13,2018,3366.980543505286,5,2018_bird_068_5_trip
2018-05-14T10:18:09Z,141.51784,40.54813000000001,bird_068,K18F58,13,2018,3530.575434500108,5,2018_bird_068_5_trip
2018-05-14T10:19:09Z,141.51505999999998,40.54699,bird_068,K18F58,13,2018,3722.293866582799,5,2018_bird_068_5_trip
2018-05-14T10:20:09Z,141.51378999999997,40.54581,bird_068,K18F58,13,2018,3796.835736095737,5,2018_bird_068_5_trip
2018-05-14T10:21:10Z,141.51364999999996,40.54587,bird_068,K18F58,13,2018,3809.833806109813,5,2018_bird_068_5_trip
2018-05-14T10:22:09Z,141.51370999999995,40.54601,bird_068,K18F58,13,2018,3808.1885631810583,5,2018_bird_068_5_trip
2018-05-14T10:23:09Z,141.51370999999995,40.54598,bird_068,K18F58,13,2018,3807.4715516957367,5,2018_bird_068_5_trip
2018-05-14T10:24:09Z,141.51355999999996,40.5457,bird_068,K18F58,13,2018,3813.3459423443246,5,2018_bird_068_5_trip
2018-05-14T10:25:09Z,141.51349999999996,40.54546,bird_068,K18F58,13,2018,3812.9168947285134,5,2018_bird_068_5_trip
2018-05-14T10:26:09Z,141.5134,40.5456,bird_068,K18F58,13,2018,3824.341197650638,5,2018_bird_068_5_trip
2018-05-14T10:27:09Z,141.51359999999997,40.54538,bird_068,K18F58,13,2018,3802.851310343001,5,2018_bird_068_5_trip
2018-05-14T10:28:08Z,141.51376999999997,40.54534,bird_068,K18F58,13,2018,3787.8571157767456,5,2018_bird_068_5_trip
2018-05-14T10:29:10Z,141.51356999999996,40.545570000000005,bird_068,K18F58,13,2018,3809.5640879751704,5,2018_bird_068_5_trip
2018-05-14T10:30:08Z,141.51400999999998,40.54549,bird_068,K18F58,13,2018,3771.264656968936,5,2018_bird_068_5_trip
2018-05-14T10:31:08Z,141.51357999999996,40.5455,bird_068,K18F58,13,2018,3807.16588917674,5,2018_bird_068_5_trip
2018-05-14T10:32:09Z,141.51356999999996,40.54553000000001,bird_068,K18F58,13,2018,3808.666025021694,5,2018_bird_068_5_trip
2018-05-14T10:33:08Z,141.51332,40.54556,bird_068,K18F58,13,2018,3830.0805167193553,5,2018_bird_068_5_trip
2018-05-14T10:34:08Z,141.51355999999996,40.54556,bird_068,K18F58,13,2018,3810.16867056365,5,2018_bird_068_5_trip
2018-05-14T10:35:09Z,141.51351999999997,40.54548,bird_068,K18F58,13,2018,3811.700284115989,5,2018_bird_068_5_trip
2018-05-14T10:36:08Z,141.51327999999998,40.54579,bird_068,K18F58,13,2018,3838.6195801597137,5,2018_bird_068_5_trip
2018-05-14T10:37:09Z,141.51362999999998,40.545390000000005,bird_068,K18F58,13,2018,3800.579782685067,5,2018_bird_068_5_trip
2018-05-14T10:38:09Z,141.51359999999997,40.5456,bird_068,K18F58,13,2018,3807.752839609035,5,2018_bird_068_5_trip
2018-05-14T10:39:09Z,141.51343,40.545570000000005,bird_068,K18F58,13,2018,3821.17800107032,5,2018_bird_068_5_trip
2018-05-14T10:40:11Z,141.52404,40.54601,bird_068,K18F58,13,2018,2959.761030514647,5,2018_bird_068_5_trip
2018-05-14T10:41:09Z,141.52831000000003,40.54692,bird_068,K18F58,13,2018,2647.700356220123,5,2018_bird_068_5_trip
2018-05-14T10:42:09Z,141.53425,40.54344,bird_068,K18F58,13,2018,2049.9081937264737,5,2018_bird_068_5_trip
2018-05-14T10:43:10Z,141.53645,40.53982,bird_068,K18F58,13,2018,1797.1182139783366,5,2018_bird_068_5_trip
2018-05-14T10:44:09Z,141.54474999999996,40.53687,bird_068,K18F58,13,2018,1105.8536671434908,5,2018_bird_068_5_trip
2018-05-15T18:31:04Z,141.56731000000002,40.54518,bird_033,K18F60,18,2018,1099.5876230222607,1,2018_bird_033_1_trip
2018-05-15T18:32:05Z,141.57732,40.54487,bird_033,K18F60,18,2018,1809.3596582322623,1,2018_bird_033_1_trip
2018-05-15T18:33:03Z,141.5835,40.54111,bird_033,K18F60,18,2018,2211.4699383024945,1,2018_bird_033_1_trip
2018-05-15T18:34:04Z,141.59004000000002,40.53741,bird_033,K18F60,18,2018,2751.2595182940267,1,2018_bird_033_1_trip
2018-05-15T18:35:03Z,141.59669,40.533930000000005,bird_033,K18F60,18,2018,3351.989168535902,1,2018_bird_033_1_trip
2018-05-15T18:36:03Z,141.60249000000002,40.52985,bird_033,K18F60,18,2018,3925.3594845768303,1,2018_bird_033_1_trip
2018-05-15T18:37:03Z,141.60835,40.52602,bird_033,K18F60,18,2018,4521.089676888594,1,2018_bird_033_1_trip
2018-05-15T18:38:03Z,141.61414,40.5216,bird_033,K18F60,18,2018,5149.158095228301,1,2018_bird_033_1_trip
2018-05-15T18:39:03Z,141.61950999999996,40.51751,bird_033,K18F60,18,2018,5744.857514007016,1,2018_bird_033_1_trip
2018-05-15T18:40:04Z,141.6263,40.51407,bird_033,K18F60,18,2018,6427.100896225001,1,2018_bird_033_1_trip
2018-05-15T18:41:03Z,141.63114000000002,40.51038,bird_033,K18F60,18,2018,6975.188974700686,1,2018_bird_033_1_trip
2018-05-15T18:42:02Z,141.63649999999998,40.5072,bird_033,K18F60,18,2018,7540.580873949121,1,2018_bird_033_1_trip
2018-05-15T18:43:03Z,141.64238,40.50442,bird_033,K18F60,18,2018,8125.37350192098,1,2018_bird_033_1_trip
2018-05-15T18:44:04Z,141.64824000000002,40.501659999999994,bird_033,K18F60,18,2018,8707.840529847745,1,2018_bird_033_1_trip
2018-05-15T18:45:03Z,141.65358999999998,40.49917000000001,bird_033,K18F60,18,2018,9238.193641197133,1,2018_bird_033_1_trip
2018-05-15T18:46:03Z,141.66,40.49611000000001,bird_033,K18F60,18,2018,9877.828101050312,1,2018_bird_033_1_trip
2018-05-15T18:47:02Z,141.66582,40.493120000000005,bird_033,K18F60,18,2018,10470.071658390603,1,2018_bird_033_1_trip
2018-05-15T18:48:03Z,141.67357999999996,40.49134,bird_033,K18F60,18,2018,11142.52800480624,1,2018_bird_033_1_trip
2018-05-15T18:49:03Z,141.68068,40.49025,bird_033,K18F60,18,2018,11731.727519871996,1,2018_bird_033_1_trip
2018-05-15T18:50:04Z,141.68737000000002,40.48703,bird_033,K18F60,18,2018,12399.855649548392,1,2018_bird_033_1_trip
2018-05-15T18:51:03Z,141.69362999999998,40.48345,bird_033,K18F60,18,2018,13054.74671173585,1,2018_bird_033_1_trip
2018-05-15T18:52:03Z,141.69949,40.48137,bird_033,K18F60,18,2018,13601.909118196862,1,2018_bird_033_1_trip
2018-05-15T18:53:03Z,141.70817,40.47921,bird_033,K18F60,18,2018,14365.192348449043,1,2018_bird_033_1_trip
2018-05-15T18:54:02Z,141.71708999999998,40.47767,bird_033,K18F60,18,2018,15116.735602273297,1,2018_bird_033_1_trip
2018-05-15T18:55:04Z,141.72545,40.47601,bird_033,K18F60,18,2018,15833.758557411986,1,2018_bird_033_1_trip
2018-05-15T18:56:03Z,141.73161,40.47578,bird_033,K18F60,18,2018,16315.409375030917,1,2018_bird_033_1_trip
2018-05-15T18:57:03Z,141.73812,40.476510000000005,bird_033,K18F60,18,2018,16782.310499561387,1,2018_bird_033_1_trip
2018-05-15T18:58:03Z,141.74494999999996,40.47635,bird_033,K18F60,18,2018,17318.823161156888,1,2018_bird_033_1_trip
2018-05-15T18:59:03Z,141.75008,40.47249,bird_033,K18F60,18,2018,17890.358881957112,1,2018_bird_033_1_trip
2018-05-15T19:00:03Z,141.75333,40.46668,bird_033,K18F60,18,2018,18413.10777119572,1,2018_bird_033_1_trip
2018-05-15T19:01:04Z,141.75656999999998,40.461079999999995,bird_033,K18F60,18,2018,18936.06154506196,1,2018_bird_033_1_trip
2018-05-15T19:02:03Z,141.75983,40.45591,bird_033,K18F60,18,2018,19447.599121510433,1,2018_bird_033_1_trip
2018-05-15T19:03:03Z,141.76358999999997,40.45081,bird_033,K18F60,18,2018,19999.59449204274,1,2018_bird_033_1_trip
2018-05-15T19:04:03Z,141.76798,40.44576,bird_033,K18F60,18,2018,20600.784324956297,1,2018_bird_033_1_trip
2018-05-15T19:05:03Z,141.77238,40.44033,bird_033,K18F60,18,2018,21228.770884660527,1,2018_bird_033_1_trip
2018-05-15T19:06:03Z,141.77778999999998,40.43533000000001,bird_033,K18F60,18,2018,21909.51727700516,1,2018_bird_033_1_trip
2018-05-15T19:07:03Z,141.78028,40.42996,bird_033,K18F60,18,2018,22405.684467229483,1,2018_bird_033_1_trip
2018-05-15T19:08:04Z,141.78224000000003,40.42445,bird_033,K18F60,18,2018,22879.787819952737,1,2018_bird_033_1_trip
2018-05-15T19:09:03Z,141.78374,40.42285,bird_033,K18F60,18,2018,23084.423471881124,1,2018_bird_033_1_trip
2018-05-15T19:10:03Z,141.78258,40.41846,bird_033,K18F60,18,2018,23279.21196851082,1,2018_bird_033_1_trip
2018-05-15T19:11:03Z,141.78245,40.413599999999995,bird_033,K18F60,18,2018,23584.287249678782,1,2018_bird_033_1_trip
2018-05-15T19:12:04Z,141.78401,40.40889,bird_033,K18F60,18,2018,24002.078146120868,1,2018_bird_033_1_trip
2018-05-15T19:13:03Z,141.78716,40.40447999999999,bird_033,K18F60,18,2018,24511.226830932617,1,2018_bird_033_1_trip
2018-05-15T19:14:03Z,141.79044000000002,40.40002,bird_033,K18F60,18,2018,25034.59225044215,1,2018_bird_033_1_trip
2018-05-15T19:15:03Z,141.79352999999998,40.39583,bird_033,K18F60,18,2018,25528.60837224249,1,2018_bird_033_1_trip
2018-05-15T19:16:03Z,141.7977,40.39187999999999,bird_033,K18F60,18,2018,26078.953711662212,1,2018_bird_033_1_trip
2018-05-15T19:17:03Z,141.80124000000004,40.38829,bird_033,K18F60,18,2018,26563.149853580577,1,2018_bird_033_1_trip
2018-05-15T19:18:04Z,141.80529,40.384339999999995,bird_033,K18F60,18,2018,27106.7397806838,1,2018_bird_033_1_trip
2018-05-15T19:19:03Z,141.80861000000002,40.38145999999999,bird_033,K18F60,18,2018,27527.512565360015,1,2018_bird_033_1_trip
2018-05-15T19:20:03Z,141.81154999999998,40.37931,bird_033,K18F60,18,2018,27871.990261114923,1,2018_bird_033_1_trip
2018-05-15T19:21:03Z,141.81735,40.3766,bird_033,K18F60,18,2018,28443.605744941644,1,2018_bird_033_1_trip
2018-05-15T19:22:03Z,141.82228000000003,40.37387999999999,bird_033,K18F60,18,2018,28958.905428213304,1,2018_bird_033_1_trip
2018-05-15T19:23:03Z,141.8255,40.371469999999995,bird_033,K18F60,18,2018,29340.020356065303,1,2018_bird_033_1_trip
2018-05-15T19:24:04Z,141.82991,40.36869,bird_033,K18F60,18,2018,29825.382097036076,1,2018_bird_033_1_trip
2018-05-15T19:25:03Z,141.83066,40.36409,bird_033,K18F60,18,2018,30200.48415244544,1,2018_bird_033_1_trip
2018-05-15T19:26:03Z,141.82591000000002,40.36109,bird_033,K18F60,18,2018,30109.968461499728,1,2018_bird_033_1_trip
2018-05-15T19:27:03Z,141.82491000000002,40.35583999999999,bird_033,K18F60,18,2018,30432.19496130284,1,2018_bird_033_1_trip
2018-05-15T19:28:03Z,141.82582000000002,40.350939999999994,bird_033,K18F60,18,2018,30855.215830202094,1,2018_bird_033_1_trip
2018-05-15T19:29:03Z,141.82813000000004,40.34627,bird_033,K18F60,18,2018,31351.54565494204,1,2018_bird_033_1_trip
2018-05-15T19:30:03Z,141.83176,40.34193,bird_033,K18F60,18,2018,31906.16262939822,1,2018_bird_033_1_trip
2018-05-15T19:31:04Z,141.83883000000003,40.33725999999999,bird_033,K18F60,18,2018,32699.02541721314,1,2018_bird_033_1_trip
2018-05-15T19:32:04Z,141.84329,40.33427,bird_033,K18F60,18,2018,33202.567221376536,1,2018_bird_033_1_trip
2018-05-15T19:33:04Z,141.84269,40.33391,bird_033,K18F60,18,2018,33192.82772387395,1,2018_bird_033_1_trip
2018-05-15T19:34:03Z,141.84327,40.33394,bird_033,K18F60,18,2018,33226.424822385365,1,2018_bird_033_1_trip
2018-05-15T19:35:02Z,141.8431,40.33363,bird_033,K18F60,18,2018,33239.50652087646,1,2018_bird_033_1_trip
2018-05-15T19:36:04Z,141.84322,40.33357,bird_033,K18F60,18,2018,33251.49673619297,1,2018_bird_033_1_trip
2018-05-15T19:37:03Z,141.84306999999998,40.332530000000006,bird_033,K18F60,18,2018,33321.558684921554,1,2018_bird_033_1_trip
2018-05-15T19:38:04Z,141.84322,40.33203,bird_033,K18F60,18,2018,33369.01845974809,1,2018_bird_033_1_trip
2018-05-15T19:39:04Z,141.84314,40.33175,bird_033,K18F60,18,2018,33385.509433007755,1,2018_bird_033_1_trip
2018-05-15T19:40:04Z,141.84212000000002,40.33027,bird_033,K18F60,18,2018,33436.44239092699,1,2018_bird_033_1_trip
2018-05-15T19:41:04Z,141.83870000000002,40.32827,bird_033,K18F60,18,2018,33382.787066855984,1,2018_bird_033_1_trip
2018-05-15T19:42:04Z,141.83870000000002,40.32772,bird_033,K18F60,18,2018,33425.61427585899,1,2018_bird_033_1_trip
2018-05-15T19:43:03Z,141.83868,40.32761,bird_033,K18F60,18,2018,33432.975898967044,1,2018_bird_033_1_trip
2018-05-15T19:44:04Z,141.83876,40.32723,bird_033,K18F60,18,2018,33467.446062344796,1,2018_bird_033_1_trip
2018-05-15T19:45:03Z,141.83676,40.33111,bird_033,K18F60,18,2018,33044.36230157286,1,2018_bird_033_1_trip
2018-05-15T19:46:03Z,141.83529,40.33736,bird_033,K18F60,18,2018,32472.84789543964,1,2018_bird_033_1_trip
2018-05-15T19:47:03Z,141.83628000000002,40.34023,bird_033,K18F60,18,2018,32315.40395818822,1,2018_bird_033_1_trip
2018-05-15T19:48:04Z,141.83685,40.33987,bird_033,K18F60,18,2018,32378.08371117844,1,2018_bird_033_1_trip
2018-05-15T19:49:04Z,141.8358,40.33942,bird_033,K18F60,18,2018,32347.15672806006,1,2018_bird_033_1_trip
2018-05-15T19:50:04Z,141.83588,40.3392,bird_033,K18F60,18,2018,32368.8442572008,1,2018_bird_033_1_trip
2018-05-15T19:51:03Z,141.8365,40.33908,bird_033,K18F60,18,2018,32416.355137197057,1,2018_bird_033_1_trip
2018-05-15T19:52:04Z,141.83676,40.33872,bird_033,K18F60,18,2018,32459.829019714765,1,2018_bird_033_1_trip
2018-05-15T19:53:05Z,141.8368,40.33856,bird_033,K18F60,18,2018,32474.476309620575,1,2018_bird_033_1_trip
2018-05-15T19:54:05Z,141.83679,40.33831000000001,bird_033,K18F60,18,2018,32492.885064496397,1,2018_bird_033_1_trip
2018-05-15T19:55:04Z,141.8368,40.33792,bird_033,K18F60,18,2018,32523.21124989475,1,2018_bird_033_1_trip
2018-05-15T19:56:03Z,141.83671,40.33781,bird_033,K18F60,18,2018,32526.03590746372,1,2018_bird_033_1_trip
2018-05-15T19:57:03Z,141.83603000000002,40.33741,bird_033,K18F60,18,2018,32514.608921370535,1,2018_bird_033_1_trip
2018-05-15T19:58:03Z,141.83549000000002,40.33717,bird_033,K18F60,18,2018,32499.702952434272,1,2018_bird_033_1_trip
2018-05-15T19:59:04Z,141.83439,40.33725,bird_033,K18F60,18,2018,32425.922282645104,1,2018_bird_033_1_trip
2018-05-15T20:00:04Z,141.83265,40.33697,bird_033,K18F60,18,2018,32340.71452567102,1,2018_bird_033_1_trip
2018-05-15T20:01:05Z,141.82533000000004,40.33923,bird_033,K18F60,18,2018,31719.52236336464,1,2018_bird_033_1_trip
2018-05-15T20:02:05Z,141.82403000000002,40.3398,bird_033,K18F60,18,2018,31596.30610095198,1,2018_bird_033_1_trip
2018-05-15T20:03:05Z,141.81529,40.34083999999999,bird_033,K18F60,18,2018,30988.04803277813,1,2018_bird_033_1_trip
2018-05-15T20:04:04Z,141.80662,40.34269,bird_033,K18F60,18,2018,30325.61790187454,1,2018_bird_033_1_trip
2018-05-15T20:05:04Z,141.80338,40.34433,bird_033,K18F60,18,2018,30003.374681665,1,2018_bird_033_1_trip
2018-05-15T20:06:05Z,141.79699,40.34703,bird_033,K18F60,18,2018,29411.30584875731,1,2018_bird_033_1_trip
2018-05-15T20:07:05Z,141.7929,40.34935,bird_033,K18F60,18,2018,28985.21788357351,1,2018_bird_033_1_trip
2018-05-15T20:08:05Z,141.78603,40.35184999999999,bird_033,K18F60,18,2018,28383.24086328167,1,2018_bird_033_1_trip
2018-05-15T20:09:05Z,141.77871,40.350719999999995,bird_033,K18F60,18,2018,28056.21397708326,1,2018_bird_033_1_trip
2018-05-15T20:10:05Z,141.77268999999998,40.34878,bird_033,K18F60,18,2018,27880.037712016154,1,2018_bird_033_1_trip
2018-05-15T20:11:05Z,141.77229,40.34859,bird_033,K18F60,18,2018,27873.822672847917,1,2018_bird_033_1_trip
2018-05-15T20:12:05Z,141.77223,40.34859,bird_033,K18F60,18,2018,27870.496751718107,1,2018_bird_033_1_trip
2018-05-15T20:13:04Z,141.77226,40.34862,bird_033,K18F60,18,2018,27869.635249385057,1,2018_bird_033_1_trip
2018-05-15T20:14:04Z,141.77233,40.34854,bird_033,K18F60,18,2018,27880.24737051898,1,2018_bird_033_1_trip
2018-05-15T20:15:03Z,141.7723,40.34854,bird_033,K18F60,18,2018,27878.58441556573,1,2018_bird_033_1_trip
2018-05-15T20:16:03Z,141.77232,40.348479999999995,bird_033,K18F60,18,2018,27884.742303728537,1,2018_bird_033_1_trip
2018-05-15T20:17:04Z,141.77224,40.34875,bird_033,K18F60,18,2018,27857.58901443627,1,2018_bird_033_1_trip
2018-05-15T20:18:04Z,141.77222,40.34854,bird_033,K18F60,18,2018,27874.150520148123,1,2018_bird_033_1_trip
2018-05-15T20:19:04Z,141.77225,40.34852,bird_033,K18F60,18,2018,27877.49636650132,1,2018_bird_033_1_trip
2018-05-15T20:20:03Z,141.77233,40.34865,bird_033,K18F60,18,2018,27870.99232596667,1,2018_bird_033_1_trip
2018-05-15T20:21:05Z,141.77228,40.34854,bird_033,K18F60,18,2018,27877.475852912685,1,2018_bird_033_1_trip
2018-05-15T20:22:05Z,141.77231,40.34855,bird_033,K18F60,18,2018,27878.29722393385,1,2018_bird_033_1_trip
2018-05-15T20:23:04Z,141.77225,40.34855,bird_033,K18F60,18,2018,27874.97152486976,1,2018_bird_033_1_trip
2018-05-15T20:24:04Z,141.77226,40.34867,bird_033,K18F60,18,2018,27865.428298961615,1,2018_bird_033_1_trip
2018-05-15T20:25:04Z,141.77226,40.34852,bird_033,K18F60,18,2018,27878.050562731005,1,2018_bird_033_1_trip
2018-05-15T20:26:05Z,141.77224,40.34859,bird_033,K18F60,18,2018,27871.05103490688,1,2018_bird_033_1_trip
2018-05-15T20:27:05Z,141.77228,40.34854,bird_033,K18F60,18,2018,27877.475852912685,1,2018_bird_033_1_trip
2018-05-15T20:28:05Z,141.77229,40.348510000000005,bird_033,K18F60,18,2018,27880.55482514155,1,2018_bird_033_1_trip
2018-05-15T20:29:05Z,141.7723,40.34855,bird_033,K18F60,18,2018,27877.742903762217,1,2018_bird_033_1_trip
2018-05-15T20:30:05Z,141.77237,40.34865,bird_033,K18F60,18,2018,27873.21053903565,1,2018_bird_033_1_trip
2018-05-15T20:31:04Z,141.77238,40.34862,bird_033,K18F60,18,2018,27876.288756468268,1,2018_bird_033_1_trip
2018-05-15T20:32:04Z,141.77243000000001,40.34859,bird_033,K18F60,18,2018,27881.585226675685,1,2018_bird_033_1_trip
2018-05-15T20:33:05Z,141.77243000000001,40.34854,bird_033,K18F60,18,2018,27885.791515178666,1,2018_bird_033_1_trip
2018-05-15T20:34:05Z,141.77236,40.34863,bird_033,K18F60,18,2018,27874.338429482803,1,2018_bird_033_1_trip
2018-05-15T20:35:04Z,141.77241,40.34859,bird_033,K18F60,18,2018,27880.476112946948,1,2018_bird_033_1_trip
2018-05-15T20:36:04Z,141.77149,40.35033,bird_033,K18F60,18,2018,27683.163622755987,1,2018_bird_033_1_trip
2018-05-15T20:37:04Z,141.76583,40.35501,bird_033,K18F60,18,2018,26975.559869661723,1,2018_bird_033_1_trip
2018-05-15T20:38:05Z,141.76124000000002,40.361,bird_033,K18F60,18,2018,26217.75868203602,1,2018_bird_033_1_trip
2018-05-15T20:39:05Z,141.75679,40.36737,bird_033,K18F60,18,2018,25437.067827008945,1,2018_bird_033_1_trip
2018-05-15T20:40:04Z,141.75299,40.373639999999995,bird_033,K18F60,18,2018,24702.98689208519,1,2018_bird_033_1_trip
2018-05-15T20:41:04Z,141.74837,40.38033,bird_033,K18F60,18,2018,23889.56142653636,1,2018_bird_033_1_trip
2018-05-15T20:42:04Z,141.74674,40.38563,bird_033,K18F60,18,2018,23364.39917744772,1,2018_bird_033_1_trip
2018-05-15T20:43:05Z,141.7487,40.38619,bird_033,K18F60,18,2018,23433.850075997692,1,2018_bird_033_1_trip
2018-05-15T20:44:05Z,141.74712,40.38787999999999,bird_033,K18F60,18,2018,23205.512605908683,1,2018_bird_033_1_trip
2018-05-15T20:45:05Z,141.74107999999998,40.390710000000006,bird_033,K18F60,18,2018,22624.30672765825,1,2018_bird_033_1_trip
2018-05-15T20:46:05Z,141.73469999999998,40.395410000000005,bird_033,K18F60,18,2018,21872.958273115717,1,2018_bird_033_1_trip
2018-05-15T20:47:05Z,141.72776,40.39956,bird_033,K18F60,18,2018,21133.7865805093,1,2018_bird_033_1_trip
2018-05-15T20:48:04Z,141.72216,40.40457,bird_033,K18F60,18,2018,20402.734372464867,1,2018_bird_033_1_trip
2018-05-15T20:49:05Z,141.71968999999996,40.41143,bird_033,K18F60,18,2018,19706.717978524008,1,2018_bird_033_1_trip
2018-05-15T20:50:34Z,141.71309999999997,40.42078,bird_033,K18F60,18,2018,18575.10160736864,1,2018_bird_033_1_trip
2018-05-15T20:51:04Z,141.70901999999998,40.42172,bird_033,K18F60,18,2018,18256.73458470189,1,2018_bird_033_1_trip
2018-05-15T20:52:04Z,141.70721,40.42182,bird_033,K18F60,18,2018,18141.18531810235,1,2018_bird_033_1_trip
2018-05-15T20:53:03Z,141.70714999999998,40.42169,bird_033,K18F60,18,2018,18147.960870551346,1,2018_bird_033_1_trip
2018-05-15T20:54:04Z,141.70703,40.4218,bird_033,K18F60,18,2018,18132.10581130279,1,2018_bird_033_1_trip
2018-05-15T20:55:04Z,141.70699,40.42184,bird_033,K18F60,18,2018,18126.555824781193,1,2018_bird_033_1_trip
2018-05-15T20:56:03Z,141.70696999999998,40.42183,bird_033,K18F60,18,2018,18126.16582633244,1,2018_bird_033_1_trip
2018-05-15T20:57:02Z,141.70695999999998,40.42185,bird_033,K18F60,18,2018,18123.98329452657,1,2018_bird_033_1_trip
2018-05-15T20:58:03Z,141.7069,40.42189,bird_033,K18F60,18,2018,18117.248294942307,1,2018_bird_033_1_trip
2018-05-15T20:59:04Z,141.70614999999998,40.42342,bird_033,K18F60,18,2018,17951.322517759036,1,2018_bird_033_1_trip
2018-05-15T21:00:04Z,141.70664,40.42687,bird_033,K18F60,18,2018,17709.79237641809,1,2018_bird_033_1_trip
2018-05-15T21:01:02Z,141.70541,40.4301,bird_033,K18F60,18,2018,17384.835296516365,1,2018_bird_033_1_trip
2018-05-15T21:02:02Z,141.70126,40.436130000000006,bird_033,K18F60,18,2018,16668.42435796223,1,2018_bird_033_1_trip
2018-05-15T21:03:03Z,141.69265,40.43923,bird_033,K18F60,18,2018,15901.738542406574,1,2018_bird_033_1_trip
2018-05-15T21:04:05Z,141.68776,40.44483999999999,bird_033,K18F60,18,2018,15171.44908883972,1,2018_bird_033_1_trip
2018-05-15T21:05:03Z,141.68368999999998,40.45079,bird_033,K18F60,18,2018,14468.750842910462,1,2018_bird_033_1_trip
2018-05-15T21:06:02Z,141.67738,40.4558,bird_033,K18F60,18,2018,13698.434908382647,1,2018_bird_033_1_trip
2018-05-15T21:07:04Z,141.67127,40.46078,bird_033,K18F60,18,2018,12943.1978917635,1,2018_bird_033_1_trip
2018-05-15T21:08:02Z,141.66604,40.464459999999995,bird_033,K18F60,18,2018,12340.130909353184,1,2018_bird_033_1_trip
2018-05-15T21:09:02Z,141.65955999999997,40.4693,bird_033,K18F60,18,2018,11572.211889264136,1,2018_bird_033_1_trip
2018-05-15T21:10:02Z,141.65368999999998,40.47429,bird_033,K18F60,18,2018,10832.217935026449,1,2018_bird_033_1_trip
2018-05-15T21:11:03Z,141.64784,40.47851000000001,bird_033,K18F60,18,2018,10150.3022022585,1,2018_bird_033_1_trip
2018-05-15T21:12:03Z,141.64248,40.48249,bird_033,K18F60,18,2018,9517.328055742517,1,2018_bird_033_1_trip
2018-05-15T21:13:03Z,141.63719,40.48605,bird_033,K18F60,18,2018,8919.477215175608,1,2018_bird_033_1_trip
2018-05-15T21:14:04Z,141.63374999999996,40.49149,bird_033,K18F60,18,2018,8307.805792033925,1,2018_bird_033_1_trip
2018-05-15T21:15:03Z,141.63143000000002,40.49623,bird_033,K18F60,18,2018,7828.613242466059,1,2018_bird_033_1_trip
2018-05-15T21:16:03Z,141.62759,40.4988,bird_033,K18F60,18,2018,7396.980026270698,1,2018_bird_033_1_trip
2018-05-15T21:17:03Z,141.62278,40.50367,bird_033,K18F60,18,2018,6749.496824701395,1,2018_bird_033_1_trip
2018-05-15T21:18:03Z,141.61923,40.50576,bird_033,K18F60,18,2018,6369.884110930447,1,2018_bird_033_1_trip
2018-05-15T21:19:03Z,141.61449,40.50743,bird_033,K18F60,18,2018,5934.86187263096,1,2018_bird_033_1_trip
2018-05-15T21:20:03Z,141.61134,40.51236,bird_033,K18F60,18,2018,5406.299450174754,1,2018_bird_033_1_trip
2018-05-15T21:21:03Z,141.60571,40.51565,bird_033,K18F60,18,2018,4807.726490343974,1,2018_bird_033_1_trip
2018-05-15T21:22:03Z,141.60071,40.51836,bird_033,K18F60,18,2018,4289.001514365879,1,2018_bird_033_1_trip
2018-05-15T21:23:03Z,141.59588,40.52002,bird_033,K18F60,18,2018,3844.2499998830017,1,2018_bird_033_1_trip
2018-05-15T21:24:03Z,141.59003,40.52246,bird_033,K18F60,18,2018,3280.7749549606697,1,2018_bird_033_1_trip
2018-05-15T21:25:03Z,141.58543000000003,40.52728,bird_033,K18F60,18,2018,2672.1635708145027,1,2018_bird_033_1_trip
2018-05-15T21:26:03Z,141.58374999999998,40.53395,bird_033,K18F60,18,2018,2274.7608833047175,1,2018_bird_033_1_trip
2018-05-15T21:27:03Z,141.58173000000002,40.53945,bird_033,K18F60,18,2018,2046.144195300732,1,2018_bird_033_1_trip
2018-05-15T21:28:04Z,141.5753,40.542910000000006,bird_033,K18F60,18,2018,1573.5498356616436,1,2018_bird_033_1_trip
2018-05-15T21:29:03Z,141.56896,40.54314,bird_033,K18F60,18,2018,1085.8785679805856,1,2018_bird_033_1_trip
2018-05-23T17:15:09Z,141.56745,40.54495,bird_033,K18F60,18,2018,1091.83586317022,9,2018_bird_033_9_trip
2018-05-23T17:16:08Z,141.57334999999998,40.54844,bird_033,K18F60,18,2018,1723.9257950451463,9,2018_bird_033_9_trip
2018-05-23T17:17:08Z,141.57965999999996,40.55179,bird_033,K18F60,18,2018,2373.694219424888,9,2018_bird_033_9_trip
2018-05-23T17:18:08Z,141.58545,40.55521,bird_033,K18F60,18,2018,2993.9576671950804,9,2018_bird_033_9_trip
2018-05-23T17:19:07Z,141.59196,40.5583,bird_033,K18F60,18,2018,3640.3515201094942,9,2018_bird_033_9_trip
2018-05-23T17:20:07Z,141.59773,40.56156,bird_033,K18F60,18,2018,4248.495176642428,9,2018_bird_033_9_trip
2018-05-23T17:21:07Z,141.60383,40.56458,bird_033,K18F60,18,2018,4863.178691058245,9,2018_bird_033_9_trip
2018-05-23T17:22:08Z,141.60949,40.56763,bird_033,K18F60,18,2018,5449.980362031091,9,2018_bird_033_9_trip
2018-05-23T17:23:08Z,141.61551999999998,40.57052,bird_033,K18F60,18,2018,6051.6987800304,9,2018_bird_033_9_trip
2018-05-23T17:24:08Z,141.62088,40.57397,bird_033,K18F60,18,2018,6644.087689156264,9,2018_bird_033_9_trip
2018-05-23T17:25:08Z,141.62666,40.57701,bird_033,K18F60,18,2018,7238.41329277138,9,2018_bird_033_9_trip
2018-05-23T17:26:09Z,141.63231000000002,40.58042,bird_033,K18F60,18,2018,7848.072693608138,9,2018_bird_033_9_trip
2018-05-23T17:27:09Z,141.63791,40.58338,bird_033,K18F60,18,2018,8424.801022604055,9,2018_bird_033_9_trip
2018-05-23T17:28:09Z,141.64352999999997,40.58616,bird_033,K18F60,18,2018,8991.160460722833,9,2018_bird_033_9_trip
2018-05-23T17:29:09Z,141.64905999999996,40.58864,bird_033,K18F60,18,2018,9531.977813322574,9,2018_bird_033_9_trip
2018-05-23T17:30:08Z,141.65297,40.59162,bird_033,K18F60,18,2018,9994.067511193954,9,2018_bird_033_9_trip
2018-05-23T17:31:07Z,141.65781,40.59438,bird_033,K18F60,18,2018,10505.686432521625,9,2018_bird_033_9_trip
2018-05-23T17:32:08Z,141.66292,40.597,bird_033,K18F60,18,2018,11026.622625368836,9,2018_bird_033_9_trip
2018-05-23T17:33:08Z,141.66784,40.59935000000001,bird_033,K18F60,18,2018,11516.98251614252,9,2018_bird_033_9_trip
2018-05-23T17:34:08Z,141.67275999999998,40.60167,bird_033,K18F60,18,2018,12005.480182366677,9,2018_bird_033_9_trip
2018-05-23T17:35:08Z,141.67791,40.6036,bird_033,K18F60,18,2018,12484.854260576813,9,2018_bird_033_9_trip
2018-05-23T17:36:09Z,141.68316,40.605500000000006,bird_033,K18F60,18,2018,12969.728383340813,9,2018_bird_033_9_trip
2018-05-23T17:37:09Z,141.68825,40.60777,bird_033,K18F60,18,2018,13467.31975300281,9,2018_bird_033_9_trip
2018-05-23T17:38:08Z,141.69311,40.609930000000006,bird_033,K18F60,18,2018,13942.051226124018,9,2018_bird_033_9_trip
2018-05-23T17:39:09Z,141.69823000000002,40.611889999999995,bird_033,K18F60,18,2018,14422.492251588095,9,2018_bird_033_9_trip
2018-05-23T17:40:08Z,141.70318999999998,40.61422,bird_033,K18F60,18,2018,14915.062070165954,9,2018_bird_033_9_trip
2018-05-23T17:41:08Z,141.70794,40.61666,bird_033,K18F60,18,2018,15399.810103067955,9,2018_bird_033_9_trip
2018-05-23T17:42:08Z,141.71272,40.6189,bird_033,K18F60,18,2018,15874.177146130216,9,2018_bird_033_9_trip
2018-05-23T17:43:08Z,141.71749,40.621390000000005,bird_033,K18F60,18,2018,16363.419995480786,9,2018_bird_033_9_trip
2018-05-23T17:44:08Z,141.72244000000003,40.623630000000006,bird_033,K18F60,18,2018,16849.70937083308,9,2018_bird_033_9_trip
2018-05-23T17:45:07Z,141.72707,40.62610000000001,bird_033,K18F60,18,2018,17327.865364237874,9,2018_bird_033_9_trip
2018-05-23T17:46:08Z,141.73233000000002,40.62859000000001,bird_033,K18F60,18,2018,17851.430569813274,9,2018_bird_033_9_trip
2018-05-23T17:47:08Z,141.73734000000002,40.63067,bird_033,K18F60,18,2018,18332.065892874867,9,2018_bird_033_9_trip
2018-05-23T17:48:08Z,141.74234,40.63307,bird_033,K18F60,18,2018,18831.83520327648,9,2018_bird_033_9_trip
2018-05-23T17:49:07Z,141.74736,40.63544,bird_033,K18F60,18,2018,19331.159399342156,9,2018_bird_033_9_trip
2018-05-23T17:50:08Z,141.75264,40.637710000000006,bird_033,K18F60,18,2018,19842.642073025447,9,2018_bird_033_9_trip
2018-05-23T17:51:07Z,141.75801,40.64005,bird_033,K18F60,18,2018,20364.82452879361,9,2018_bird_033_9_trip
2018-05-23T17:52:07Z,141.76336999999998,40.64247,bird_033,K18F60,18,2018,20891.241965623027,9,2018_bird_033_9_trip
2018-05-23T17:53:07Z,141.7686,40.6448,bird_033,K18F60,18,2018,21402.998423027304,9,2018_bird_033_9_trip
2018-05-23T17:54:07Z,141.77381999999997,40.64744,bird_033,K18F60,18,2018,21932.985827364668,9,2018_bird_033_9_trip
2018-05-23T17:55:07Z,141.77920999999998,40.65012,bird_033,K18F60,18,2018,22477.410452425847,9,2018_bird_033_9_trip
2018-05-23T17:56:07Z,141.78431,40.65285,bird_033,K18F60,18,2018,23004.391632511088,9,2018_bird_033_9_trip
2018-05-23T17:57:07Z,141.78915999999998,40.65579,bird_033,K18F60,18,2018,23526.590661591024,9,2018_bird_033_9_trip
2018-05-23T17:58:07Z,141.79439,40.658550000000005,bird_033,K18F60,18,2018,24064.584474602543,9,2018_bird_033_9_trip
2018-05-23T17:59:07Z,141.79974999999996,40.66136,bird_033,K18F60,18,2018,24614.79822244985,9,2018_bird_033_9_trip
2018-05-23T18:00:07Z,141.80479,40.66467,bird_033,K18F60,18,2018,25173.22632771188,9,2018_bird_033_9_trip
2018-05-23T18:01:08Z,141.81063,40.66741,bird_033,K18F60,18,2018,25752.89229909432,9,2018_bird_033_9_trip
2018-05-23T18:02:07Z,141.81594,40.66985,bird_033,K18F60,18,2018,26276.79702733812,9,2018_bird_033_9_trip
2018-05-23T18:03:08Z,141.82190000000003,40.67266,bird_033,K18F60,18,2018,26869.21918476566,9,2018_bird_033_9_trip
2018-05-23T18:04:08Z,141.82704000000004,40.675700000000006,bird_033,K18F60,18,2018,27418.0036900468,9,2018_bird_033_9_trip
2018-05-23T18:05:07Z,141.83229000000003,40.67830000000001,bird_033,K18F60,18,2018,27947.477650795983,9,2018_bird_033_9_trip
2018-05-23T18:06:08Z,141.83790000000002,40.68099,bird_033,K18F60,18,2018,28507.81841749676,9,2018_bird_033_9_trip
2018-05-23T18:07:08Z,141.84357999999995,40.68356,bird_033,K18F60,18,2018,29065.717977322962,9,2018_bird_033_9_trip
2018-05-23T18:08:09Z,141.84966999999995,40.6859,bird_033,K18F60,18,2018,29638.47704041523,9,2018_bird_033_9_trip
2018-05-23T18:09:07Z,141.85548000000003,40.68815000000001,bird_033,K18F60,18,2018,30186.103298367045,9,2018_bird_033_9_trip
2018-05-23T18:10:08Z,141.86182000000002,40.69024,bird_033,K18F60,18,2018,30761.65069053161,9,2018_bird_033_9_trip
2018-05-23T18:11:08Z,141.86766,40.69288,bird_033,K18F60,18,2018,31335.289684315056,9,2018_bird_033_9_trip
2018-05-23T18:12:07Z,141.87323,40.69521000000001,bird_033,K18F60,18,2018,31871.048744234347,9,2018_bird_033_9_trip
2018-05-23T18:13:09Z,141.87873000000002,40.69816000000001,bird_033,K18F60,18,2018,32439.324808333884,9,2018_bird_033_9_trip
2018-05-23T18:14:07Z,141.88229000000004,40.70036,bird_033,K18F60,18,2018,32824.7468449848,9,2018_bird_033_9_trip
2018-05-23T18:15:08Z,141.88820000000004,40.70334,bird_033,K18F60,18,2018,33423.88034519066,9,2018_bird_033_9_trip
2018-05-23T18:16:07Z,141.89335,40.70684,bird_033,K18F60,18,2018,34000.79943798723,9,2018_bird_033_9_trip
2018-05-23T18:17:08Z,141.89884000000004,40.7106,bird_033,K18F60,18,2018,34617.79059668828,9,2018_bird_033_9_trip
2018-05-23T18:18:08Z,141.90374999999997,40.71415,bird_033,K18F60,18,2018,35181.27185125483,9,2018_bird_033_9_trip
2018-05-23T18:19:09Z,141.90801000000002,40.718300000000006,bird_033,K18F60,18,2018,35736.37839211245,9,2018_bird_033_9_trip
2018-05-23T18:20:07Z,141.91234000000003,40.721520000000005,bird_033,K18F60,18,2018,36239.47252631357,9,2018_bird_033_9_trip
2018-05-23T18:21:07Z,141.9168,40.72518000000001,bird_033,K18F60,18,2018,36779.294818479735,9,2018_bird_033_9_trip
2018-05-23T18:22:07Z,141.92125,40.72936000000001,bird_033,K18F60,18,2018,37351.438484959035,9,2018_bird_033_9_trip
2018-05-23T18:23:07Z,141.92607,40.7332,bird_033,K18F60,18,2018,37928.57731696797,9,2018_bird_033_9_trip
2018-05-23T18:24:08Z,141.93074,40.73703,bird_033,K18F60,18,2018,38495.02927961114,9,2018_bird_033_9_trip
2018-05-23T18:25:09Z,141.93515,40.74087,bird_033,K18F60,18,2018,39044.501075157095,9,2018_bird_033_9_trip
2018-05-23T18:26:07Z,141.94004,40.74443,bird_033,K18F60,18,2018,39609.66451557507,9,2018_bird_033_9_trip
2018-05-23T18:27:08Z,141.94564,40.74762,bird_033,K18F60,18,2018,40200.319620469025,9,2018_bird_033_9_trip
2018-05-23T18:28:07Z,141.94994,40.75055,bird_033,K18F60,18,2018,40684.59975826387,9,2018_bird_033_9_trip
2018-05-23T18:29:08Z,141.95492000000002,40.753660000000004,bird_033,K18F60,18,2018,41227.365185618895,9,2018_bird_033_9_trip
2018-05-23T18:30:07Z,141.95822000000004,40.75487999999999,bird_033,K18F60,18,2018,41533.14935404401,9,2018_bird_033_9_trip
2018-05-23T18:31:07Z,141.96341,40.75584,bird_033,K18F60,18,2018,41953.073206766174,9,2018_bird_033_9_trip
2018-05-23T18:32:07Z,141.96893000000003,40.75816,bird_033,K18F60,18,2018,42482.746064610335,9,2018_bird_033_9_trip
2018-05-23T18:33:07Z,141.97306999999998,40.760850000000005,bird_033,K18F60,18,2018,42940.38328408503,9,2018_bird_033_9_trip
2018-05-23T18:34:07Z,141.97767,40.76263000000001,bird_033,K18F60,18,2018,43372.030496848456,9,2018_bird_033_9_trip
2018-05-23T18:35:07Z,141.98397,40.76397000000001,bird_033,K18F60,18,2018,43893.9448713219,9,2018_bird_033_9_trip
2018-05-23T18:36:07Z,141.98713000000004,40.767300000000006,bird_033,K18F60,18,2018,44323.866076239894,9,2018_bird_033_9_trip
2018-05-23T18:37:07Z,141.99183000000002,40.76932000000001,bird_033,K18F60,18,2018,44777.74309985558,9,2018_bird_033_9_trip
2018-05-23T18:38:07Z,141.99637,40.77164,bird_033,K18F60,18,2018,45239.527400337494,9,2018_bird_033_9_trip
2018-05-23T18:39:08Z,142.00254,40.77391000000001,bird_033,K18F60,18,2018,45811.2979890329,9,2018_bird_033_9_trip
2018-05-23T18:40:07Z,142.00727,40.77496,bird_033,K18F60,18,2018,46206.315919560235,9,2018_bird_033_9_trip
2018-05-23T18:41:08Z,142.00993,40.77702,bird_033,K18F60,18,2018,46520.9537041028,9,2018_bird_033_9_trip
2018-05-23T18:42:07Z,142.01494999999997,40.77899000000001,bird_033,K18F60,18,2018,46994.10535220097,9,2018_bird_033_9_trip
2018-05-23T18:43:09Z,142.02051,40.78022,bird_033,K18F60,18,2018,47458.620679045925,9,2018_bird_033_9_trip
2018-05-23T18:44:07Z,142.02378,40.78308,bird_033,K18F60,18,2018,47865.69549629079,9,2018_bird_033_9_trip
2018-05-23T18:45:08Z,142.02954999999997,40.78441,bird_033,K18F60,18,2018,48351.249611390514,9,2018_bird_033_9_trip
2018-05-23T18:46:07Z,142.03551,40.78584,bird_033,K18F60,18,2018,48856.78740570355,9,2018_bird_033_9_trip
2018-05-23T18:47:08Z,142.04171,40.78632,bird_033,K18F60,18,2018,49320.934786344464,9,2018_bird_033_9_trip
2018-05-23T18:48:07Z,142.04650999999998,40.78708,bird_033,K18F60,18,2018,49704.96105857033,9,2018_bird_033_9_trip
2018-05-23T18:49:08Z,142.05212000000003,40.788790000000006,bird_033,K18F60,18,2018,50204.6253484278,9,2018_bird_033_9_trip
2018-05-23T18:50:08Z,142.05652,40.79209000000001,bird_033,K18F60,18,2018,50716.55548328525,9,2018_bird_033_9_trip
2018-05-23T18:51:07Z,142.0616,40.795480000000005,bird_033,K18F60,18,2018,51281.97575597577,9,2018_bird_033_9_trip
2018-05-23T18:52:08Z,142.06758,40.79849000000001,bird_033,K18F60,18,2018,51887.30168052143,9,2018_bird_033_9_trip
2018-05-23T18:53:08Z,142.07306999999997,40.80151,bird_033,K18F60,18,2018,52458.79673416656,9,2018_bird_033_9_trip
2018-05-23T18:54:09Z,142.07716,40.804759999999995,bird_033,K18F60,18,2018,52946.19425787388,9,2018_bird_033_9_trip
2018-05-23T18:55:08Z,142.08109000000002,40.80596,bird_033,K18F60,18,2018,53295.998593053104,9,2018_bird_033_9_trip
2018-05-23T18:56:09Z,142.08125,40.80581,bird_033,K18F60,18,2018,53297.99962048826,9,2018_bird_033_9_trip
2018-05-23T18:57:09Z,142.07962999999998,40.80739,bird_033,K18F60,18,2018,53281.93055717191,9,2018_bird_033_9_trip
2018-05-23T18:58:08Z,142.0775,40.80779999999999,bird_033,K18F60,18,2018,53158.32511733656,9,2018_bird_033_9_trip
2018-05-23T18:59:08Z,142.07914999999997,40.80638,bird_033,K18F60,18,2018,53185.80461450453,9,2018_bird_033_9_trip
2018-05-23T19:00:09Z,142.07449999999997,40.8087,bird_033,K18F60,18,2018,53005.0238269591,9,2018_bird_033_9_trip
2018-05-23T19:01:08Z,142.07037,40.81283,bird_033,K18F60,18,2018,52978.674355996816,9,2018_bird_033_9_trip
2018-05-23T19:02:08Z,142.06716,40.814069999999994,bird_033,K18F60,18,2018,52836.103118406485,9,2018_bird_033_9_trip
2018-05-23T19:03:09Z,142.06841000000003,40.813379999999995,bird_033,K18F60,18,2018,52878.2361502674,9,2018_bird_033_9_trip
2018-05-23T19:04:09Z,142.07246,40.809999999999995,bird_033,K18F60,18,2018,52944.59960715864,9,2018_bird_033_9_trip
2018-05-23T19:05:09Z,142.07638,40.80699,bird_033,K18F60,18,2018,53029.66297111611,9,2018_bird_033_9_trip
2018-05-23T19:06:08Z,142.07733000000002,40.807379999999995,bird_033,K18F60,18,2018,53120.33455525322,9,2018_bird_033_9_trip
2018-05-23T19:07:36Z,142.07779,40.80613,bird_033,K18F60,18,2018,53075.03019501579,9,2018_bird_033_9_trip
2018-05-23T19:08:07Z,142.07784999999998,40.80598,bird_033,K18F60,18,2018,53069.95384859316,9,2018_bird_033_9_trip
2018-05-23T19:09:08Z,142.0786,40.80707999999999,bird_033,K18F60,18,2018,53190.59571063482,9,2018_bird_033_9_trip
2018-05-23T19:10:07Z,142.07514999999998,40.809439999999995,bird_033,K18F60,18,2018,53096.64874145115,9,2018_bird_033_9_trip
2018-05-23T19:11:08Z,142.07754999999997,40.807379999999995,bird_033,K18F60,18,2018,53135.72263493285,9,2018_bird_033_9_trip
2018-05-23T19:12:07Z,142.08084000000002,40.80352,bird_033,K18F60,18,2018,53128.60397963971,9,2018_bird_033_9_trip
2018-05-23T19:13:08Z,142.08179,40.80505,bird_033,K18F60,18,2018,53289.23569115267,9,2018_bird_033_9_trip
2018-05-23T19:14:07Z,142.08661,40.80634,bird_033,K18F60,18,2018,53707.465652515166,9,2018_bird_033_9_trip
2018-05-23T19:15:08Z,142.09116,40.80658,bird_033,K18F60,18,2018,54042.86686713987,9,2018_bird_033_9_trip
2018-05-23T19:16:07Z,142.09615,40.80825,bird_033,K18F60,18,2018,54496.7444707252,9,2018_bird_033_9_trip
2018-05-23T19:17:07Z,142.09452,40.81155,bird_033,K18F60,18,2018,54583.35501016861,9,2018_bird_033_9_trip
2018-05-23T19:18:07Z,142.0955,40.814139999999995,bird_033,K18F60,18,2018,54811.583849855335,9,2018_bird_033_9_trip
2018-05-23T19:19:07Z,142.09298,40.81683999999999,bird_033,K18F60,18,2018,54802.6708583992,9,2018_bird_033_9_trip
2018-05-23T19:20:08Z,142.08966999999998,40.81897,bird_033,K18F60,18,2018,54705.45499574136,9,2018_bird_033_9_trip
2018-05-23T19:21:08Z,142.08516,40.82202,bird_033,K18F60,18,2018,54586.12013354881,9,2018_bird_033_9_trip
2018-05-23T19:22:08Z,142.08055,40.824819999999995,bird_033,K18F60,18,2018,54448.32180975919,9,2018_bird_033_9_trip
2018-05-23T19:23:08Z,142.0762,40.82804,bird_033,K18F60,18,2018,54359.96332663068,9,2018_bird_033_9_trip
2018-05-23T19:24:07Z,142.0768,40.8317,bird_033,K18F60,18,2018,54641.02907139902,9,2018_bird_033_9_trip
2018-05-23T19:25:08Z,142.07523,40.83577,bird_033,K18F60,18,2018,54804.36615592368,9,2018_bird_033_9_trip
2018-05-23T19:26:07Z,142.07243000000005,40.839310000000005,bird_033,K18F60,18,2018,54853.087635950775,9,2018_bird_033_9_trip
2018-05-23T19:27:08Z,142.07235,40.84321,bird_033,K18F60,18,2018,55111.469156544874,9,2018_bird_033_9_trip
2018-05-23T19:28:07Z,142.07101,40.84645,bird_033,K18F60,18,2018,55243.18741318941,9,2018_bird_033_9_trip
2018-05-23T19:29:08Z,142.06823000000003,40.84933,bird_033,K18F60,18,2018,55257.21400599002,9,2018_bird_033_9_trip
2018-05-23T19:30:08Z,142.06403,40.85214,bird_033,K18F60,18,2018,55176.06394684989,9,2018_bird_033_9_trip
2018-05-23T19:31:08Z,142.06145,40.85585,bird_033,K18F60,18,2018,55267.856796242355,9,2018_bird_033_9_trip
2018-05-23T19:32:08Z,142.06515,40.85871,bird_033,K18F60,18,2018,55710.56983588088,9,2018_bird_033_9_trip
2018-05-23T19:33:07Z,142.06437,40.862750000000005,bird_033,K18F60,18,2018,55946.42393734656,9,2018_bird_033_9_trip
2018-05-23T19:34:08Z,142.06244000000004,40.86639,bird_033,K18F60,18,2018,56082.27713717461,9,2018_bird_033_9_trip
2018-05-23T19:35:07Z,142.05962,40.86987,bird_033,K18F60,18,2018,56152.756144558065,9,2018_bird_033_9_trip
2018-05-23T19:36:08Z,142.05673000000002,40.87385999999999,bird_033,K18F60,18,2018,56259.73529887299,9,2018_bird_033_9_trip
2018-05-23T19:37:08Z,142.05603000000002,40.87777,bird_033,K18F60,18,2018,56502.97553254881,9,2018_bird_033_9_trip
2018-05-23T19:38:07Z,142.0537,40.881519999999995,bird_033,K18F60,18,2018,56634.64257700751,9,2018_bird_033_9_trip
2018-05-23T19:39:07Z,142.04944999999998,40.88439,bird_033,K18F60,18,2018,56584.46533500989,9,2018_bird_033_9_trip
2018-05-23T19:40:08Z,142.04623,40.88768999999999,bird_033,K18F60,18,2018,56634.377245989155,9,2018_bird_033_9_trip
2018-05-23T19:41:08Z,142.04309999999998,40.89163,bird_033,K18F60,18,2018,56742.38025623115,9,2018_bird_033_9_trip
2018-05-23T19:42:08Z,142.04229,40.89436,bird_033,K18F60,18,2018,56902.37747551939,9,2018_bird_033_9_trip
2018-05-23T19:43:08Z,142.04233000000002,40.89421,bird_033,K18F60,18,2018,56893.279861346,9,2018_bird_033_9_trip
2018-05-23T19:44:09Z,142.04233000000002,40.894079999999995,bird_033,K18F60,18,2018,56883.289158119966,9,2018_bird_033_9_trip
2018-05-23T19:45:07Z,142.04245,40.89389,bird_033,K18F60,18,2018,56875.99353964476,9,2018_bird_033_9_trip
2018-05-23T19:46:08Z,142.0424,40.89374,bird_033,K18F60,18,2018,56861.42935868109,9,2018_bird_033_9_trip
2018-05-23T19:47:08Z,142.0425,40.89403,bird_033,K18F60,18,2018,56889.790919764906,9,2018_bird_033_9_trip
2018-05-23T19:48:08Z,142.04385999999997,40.89636,bird_033,K18F60,18,2018,57151.64847207925,9,2018_bird_033_9_trip
2018-05-23T19:49:08Z,142.04331,40.89986,bird_033,K18F60,18,2018,57388.50204155837,9,2018_bird_033_9_trip
2018-05-23T19:50:08Z,142.04394999999997,40.903659999999995,bird_033,K18F60,18,2018,57721.92994959316,9,2018_bird_033_9_trip
2018-05-23T19:51:07Z,142.04379999999998,40.9075,bird_033,K18F60,18,2018,58012.40368646361,9,2018_bird_033_9_trip
2018-05-23T19:52:07Z,142.04425999999998,40.91143999999999,bird_033,K18F60,18,2018,58348.71735967695,9,2018_bird_033_9_trip
2018-05-23T19:53:07Z,142.04454999999996,40.91457,bird_033,K18F60,18,2018,58612.38634269692,9,2018_bird_033_9_trip
2018-05-23T19:54:07Z,142.0424,40.91841,bird_033,K18F60,18,2018,58789.40193288845,9,2018_bird_033_9_trip
2018-05-23T19:55:07Z,142.04296,40.92265,bird_033,K18F60,18,2018,59159.98988939756,9,2018_bird_033_9_trip
2018-05-23T19:56:07Z,142.04325999999998,40.92354,bird_033,K18F60,18,2018,59248.63494639097,9,2018_bird_033_9_trip
2018-05-23T19:57:07Z,142.04394999999997,40.92562,bird_033,K18F60,18,2018,59455.32175795599,9,2018_bird_033_9_trip
2018-05-23T19:58:08Z,142.04548,40.928830000000005,bird_033,K18F60,18,2018,59801.82191403084,9,2018_bird_033_9_trip
2018-05-23T19:59:08Z,142.04649999999998,40.93266,bird_033,K18F60,18,2018,60169.03106754236,9,2018_bird_033_9_trip
2018-05-23T20:00:08Z,142.04664999999997,40.936879999999995,bird_033,K18F60,18,2018,60518.46912466634,9,2018_bird_033_9_trip
2018-05-23T20:01:08Z,142.04547,40.94165999999999,bird_033,K18F60,18,2018,60838.92963901983,9,2018_bird_033_9_trip
2018-05-23T20:02:08Z,142.04575999999997,40.945730000000005,bird_033,K18F60,18,2018,61187.86946750612,9,2018_bird_033_9_trip
2018-05-23T20:03:07Z,142.04466999999997,40.94977,bird_033,K18F60,18,2018,61457.615906382605,9,2018_bird_033_9_trip
2018-05-23T20:04:07Z,142.04502,40.953979999999994,bird_033,K18F60,18,2018,61824.56806562392,9,2018_bird_033_9_trip
2018-05-23T20:05:07Z,142.04616,40.95807,bird_033,K18F60,18,2018,62227.14107202842,9,2018_bird_033_9_trip
2018-05-23T20:06:07Z,142.04468999999995,40.96216,bird_033,K18F60,18,2018,62485.237279017114,9,2018_bird_033_9_trip
2018-05-23T20:07:07Z,142.04174999999998,40.96605,bird_033,K18F60,18,2018,62647.96084775416,9,2018_bird_033_9_trip
2018-05-23T20:08:07Z,142.03853,40.96998,bird_033,K18F60,18,2018,62802.3209224079,9,2018_bird_033_9_trip
2018-05-23T20:09:07Z,142.03612,40.97389,bird_033,K18F60,18,2018,63002.66888922918,9,2018_bird_033_9_trip
2018-05-23T20:10:07Z,142.03261,40.97756,bird_033,K18F60,18,2018,63126.45840507814,9,2018_bird_033_9_trip
2018-05-23T20:11:07Z,142.03046,40.98147999999999,bird_033,K18F60,18,2018,63347.888361737205,9,2018_bird_033_9_trip
2018-05-23T20:12:07Z,142.02895,40.98506,bird_033,K18F60,18,2018,63576.473688148304,9,2018_bird_033_9_trip
2018-05-23T20:13:07Z,142.02432000000002,40.98844,bird_033,K18F60,18,2018,63626.12930195899,9,2018_bird_033_9_trip
2018-05-23T20:14:08Z,142.02077,40.99061,bird_033,K18F60,18,2018,63630.45530037757,9,2018_bird_033_9_trip
2018-05-23T20:15:08Z,142.01573,40.99346,bird_033,K18F60,18,2018,63620.299712252105,9,2018_bird_033_9_trip
2018-05-23T20:16:07Z,142.01353999999998,40.99727,bird_033,K18F60,18,2018,63844.42488073654,9,2018_bird_033_9_trip
2018-05-23T20:17:08Z,142.00978999999998,40.99924,bird_033,K18F60,18,2018,63828.88690198628,9,2018_bird_033_9_trip
2018-05-23T20:18:07Z,142.00794000000002,40.99961,bird_033,K18F60,18,2018,63768.50954302488,9,2018_bird_033_9_trip
2018-05-23T20:19:08Z,142.00265,41.00193,bird_033,K18F60,18,2018,63710.7338987803,9,2018_bird_033_9_trip
2018-05-23T20:20:07Z,141.99778,40.998610000000006,bird_033,K18F60,18,2018,63171.151146438395,9,2018_bird_033_9_trip
2018-05-23T20:21:08Z,141.99783000000002,40.99795,bird_033,K18F60,18,2018,63114.49030685453,9,2018_bird_033_9_trip
2018-05-23T20:22:08Z,141.99757,40.99798,bird_033,K18F60,18,2018,63104.25413362529,9,2018_bird_033_9_trip
2018-05-23T20:23:08Z,141.99727,40.99794,bird_033,K18F60,18,2018,63085.76290153652,9,2018_bird_033_9_trip
2018-05-23T20:24:08Z,141.99704000000003,40.99777,bird_033,K18F60,18,2018,63059.10000924828,9,2018_bird_033_9_trip
2018-05-23T20:25:08Z,141.99677,40.99796,bird_033,K18F60,18,2018,63062.72623116153,9,2018_bird_033_9_trip
2018-05-23T20:26:07Z,141.99644000000004,40.99778,bird_033,K18F60,18,2018,63030.20594531405,9,2018_bird_033_9_trip
2018-05-23T20:27:08Z,141.99601,40.9975,bird_033,K18F60,18,2018,62983.75685295715,9,2018_bird_033_9_trip
2018-05-23T20:28:08Z,141.99584000000002,40.99764,bird_033,K18F60,18,2018,62987.881971477094,9,2018_bird_033_9_trip
2018-05-23T20:29:08Z,141.99562,40.99749,bird_033,K18F60,18,2018,62963.51483331397,9,2018_bird_033_9_trip
2018-05-23T20:30:08Z,141.9953,40.99743,bird_033,K18F60,18,2018,62942.26609050629,9,2018_bird_033_9_trip
2018-05-23T20:31:09Z,141.99494,40.997510000000005,bird_033,K18F60,18,2018,62931.60716295211,9,2018_bird_033_9_trip
2018-05-23T20:32:09Z,141.99476,40.99732,bird_033,K18F60,18,2018,62905.634949951826,9,2018_bird_033_9_trip
2018-05-23T20:33:07Z,141.99452,40.99757,bird_033,K18F60,18,2018,62916.19627457732,9,2018_bird_033_9_trip
2018-05-23T20:34:08Z,141.99292000000003,40.99942,bird_033,K18F60,18,2018,63003.54756120157,9,2018_bird_033_9_trip
2018-05-23T20:35:09Z,141.98540000000003,41.00187999999999,bird_033,K18F60,18,2018,62858.32164896007,9,2018_bird_033_9_trip
2018-05-23T20:36:09Z,141.97951999999998,41.00578,bird_033,K18F60,18,2018,62930.38379863744,9,2018_bird_033_9_trip
2018-05-23T20:37:08Z,141.97562,41.01022,bird_033,K18F60,18,2018,63152.254520816496,9,2018_bird_033_9_trip
2018-05-23T20:38:08Z,141.97342,41.014799999999994,bird_033,K18F60,18,2018,63471.1230371555,9,2018_bird_033_9_trip
2018-05-23T20:39:08Z,141.96869,41.01401,bird_033,K18F60,18,2018,63177.95355061131,9,2018_bird_033_9_trip
2018-05-23T20:40:08Z,141.9606,41.01568,bird_033,K18F60,18,2018,62961.15608941489,9,2018_bird_033_9_trip
2018-05-23T20:41:08Z,141.95405,41.01363,bird_033,K18F60,18,2018,62472.0392453634,9,2018_bird_033_9_trip
2018-05-23T20:42:08Z,141.94568999999998,41.012150000000005,bird_033,K18F60,18,2018,61957.453042745845,9,2018_bird_033_9_trip
2018-05-23T20:43:08Z,141.93874000000002,41.00898,bird_033,K18F60,18,2018,61349.6069528407,9,2018_bird_033_9_trip
2018-05-23T20:44:08Z,141.93473,41.00352,bird_033,K18F60,18,2018,60656.485324344845,9,2018_bird_033_9_trip
2018-05-23T20:45:07Z,141.9297,40.99797,bird_033,K18F60,18,2018,59909.6696334569,9,2018_bird_033_9_trip
2018-05-23T20:46:08Z,141.92422000000002,40.992090000000005,bird_033,K18F60,18,2018,59111.78053728841,9,2018_bird_033_9_trip
2018-05-23T20:47:07Z,141.92052,40.987199999999994,bird_033,K18F60,18,2018,58486.142682814854,9,2018_bird_033_9_trip
2018-05-23T20:48:08Z,141.91302,40.98327,bird_033,K18F60,18,2018,57783.90851933293,9,2018_bird_033_9_trip
2018-05-23T20:49:08Z,141.90889,40.97711,bird_033,K18F60,18,2018,57018.94529101548,9,2018_bird_033_9_trip
2018-05-23T20:50:08Z,141.90424000000002,40.97158,bird_033,K18F60,18,2018,56290.83206543894,9,2018_bird_033_9_trip
2018-05-23T20:51:08Z,141.90069,40.965250000000005,bird_033,K18F60,18,2018,55535.324914085664,9,2018_bird_033_9_trip
2018-05-23T20:52:08Z,141.89656,40.95914,bird_033,K18F60,18,2018,54775.209069116114,9,2018_bird_033_9_trip
2018-05-23T20:53:08Z,141.89255,40.95275,bird_033,K18F60,18,2018,53993.98894245976,9,2018_bird_033_9_trip
2018-05-23T20:54:08Z,141.89113000000003,40.946,bird_033,K18F60,18,2018,53294.21367272457,9,2018_bird_033_9_trip
2018-05-23T20:55:07Z,141.89034000000004,40.94159,bird_033,K18F60,18,2018,52844.09200942183,9,2018_bird_033_9_trip
2018-05-23T20:56:08Z,141.88986,40.93596,bird_033,K18F60,18,2018,52294.545788817944,9,2018_bird_033_9_trip
2018-05-23T20:57:07Z,141.88781000000003,40.92948,bird_033,K18F60,18,2018,51595.699955349075,9,2018_bird_033_9_trip
2018-05-23T20:58:08Z,141.88203000000004,40.9238,bird_033,K18F60,18,2018,50801.77103351006,9,2018_bird_033_9_trip
2018-05-23T20:59:08Z,141.87781,40.91765999999999,bird_033,K18F60,18,2018,50036.047510853336,9,2018_bird_033_9_trip
2018-05-23T21:00:07Z,141.87455999999997,40.91113,bird_033,K18F60,18,2018,49278.532357517295,9,2018_bird_033_9_trip
2018-05-23T21:01:07Z,141.86815000000001,40.90577,bird_033,K18F60,18,2018,48485.322282910915,9,2018_bird_033_9_trip
2018-05-23T21:02:07Z,141.86220000000003,40.90016,bird_033,K18F60,18,2018,47690.052889242026,9,2018_bird_033_9_trip
2018-05-23T21:03:08Z,141.85680000000002,40.89374,bird_033,K18F60,18,2018,46844.26849274874,9,2018_bird_033_9_trip
2018-05-23T21:04:07Z,141.84922,40.88917,bird_033,K18F60,18,2018,46072.584536253686,9,2018_bird_033_9_trip
2018-05-23T21:05:08Z,141.84349999999998,40.88512,bird_033,K18F60,18,2018,45434.76021191627,9,2018_bird_033_9_trip
2018-05-23T21:06:07Z,141.84147000000002,40.88553,bird_033,K18F60,18,2018,45382.3915496963,9,2018_bird_033_9_trip
2018-05-23T21:07:08Z,141.83388,40.887139999999995,bird_033,K18F60,18,2018,45199.55577060096,9,2018_bird_033_9_trip
2018-05-23T21:08:08Z,141.82725000000002,40.881789999999995,bird_033,K18F60,18,2018,44402.264372804086,9,2018_bird_033_9_trip
2018-05-23T21:09:09Z,141.82052000000002,40.87612,bird_033,K18F60,18,2018,43570.78927633617,9,2018_bird_033_9_trip
2018-05-23T21:10:07Z,141.81606,40.86984,bird_033,K18F60,18,2018,42779.218864630944,9,2018_bird_033_9_trip
2018-05-23T21:11:08Z,141.81232000000003,40.86352,bird_033,K18F60,18,2018,42014.98682427534,9,2018_bird_033_9_trip
2018-05-23T21:12:07Z,141.8098,40.85939,bird_033,K18F60,18,2018,41512.37145684812,9,2018_bird_033_9_trip
2018-05-23T21:13:08Z,141.806,40.85355,bird_033,K18F60,18,2018,40791.46135316281,9,2018_bird_033_9_trip
2018-05-23T21:14:08Z,141.79904,40.84939,bird_033,K18F60,18,2018,40093.81968515664,9,2018_bird_033_9_trip
2018-05-23T21:15:08Z,141.79334999999998,40.844719999999995,bird_033,K18F60,18,2018,39403.266124429254,9,2018_bird_033_9_trip
2018-05-23T21:16:08Z,141.78784000000002,40.83956,bird_033,K18F60,18,2018,38673.931172650635,9,2018_bird_033_9_trip
2018-05-23T21:17:08Z,141.78528,40.83723,bird_033,K18F60,18,2018,38341.64835562183,9,2018_bird_033_9_trip
2018-05-23T21:18:08Z,141.78518,40.83697,bird_033,K18F60,18,2018,38312.45253388467,9,2018_bird_033_9_trip
2018-05-23T21:19:08Z,141.7851,40.83667,bird_033,K18F60,18,2018,38280.26923592193,9,2018_bird_033_9_trip
2018-05-23T21:20:08Z,141.78498,40.83623,bird_033,K18F60,18,2018,38232.95936278097,9,2018_bird_033_9_trip
2018-05-23T21:21:08Z,141.78484999999998,40.83584,bird_033,K18F60,18,2018,38190.02604464872,9,2018_bird_033_9_trip
2018-05-23T21:22:09Z,141.78466999999998,40.835510000000006,bird_033,K18F60,18,2018,38150.72354626414,9,2018_bird_033_9_trip
2018-05-23T21:23:08Z,141.78444000000002,40.83456,bird_033,K18F60,18,2018,38049.85452371135,9,2018_bird_033_9_trip
2018-05-23T21:24:08Z,141.78414,40.8343,bird_033,K18F60,18,2018,38012.15538894421,9,2018_bird_033_9_trip
2018-05-23T21:25:08Z,141.7839,40.83395,bird_033,K18F60,18,2018,37968.38497096029,9,2018_bird_033_9_trip
2018-05-23T21:26:08Z,141.78386999999998,40.83342,bird_033,K18F60,18,2018,37916.31469218341,9,2018_bird_033_9_trip
2018-05-23T21:27:08Z,141.78282000000002,40.83181999999999,bird_033,K18F60,18,2018,37718.24043051231,9,2018_bird_033_9_trip
2018-05-23T21:28:09Z,141.78243000000003,40.831199999999995,bird_033,K18F60,18,2018,37642.20785280257,9,2018_bird_033_9_trip
2018-05-23T21:29:08Z,141.78213000000002,40.83085,bird_033,K18F60,18,2018,37595.87890528848,9,2018_bird_033_9_trip
2018-05-23T21:30:08Z,141.78178,40.830679999999994,bird_033,K18F60,18,2018,37564.66133421298,9,2018_bird_033_9_trip
2018-05-23T21:31:08Z,141.78161,40.83014,bird_033,K18F60,18,2018,37505.67730862414,9,2018_bird_033_9_trip
2018-05-23T21:32:08Z,141.78147,40.82976,bird_033,K18F60,18,2018,37463.3052339743,9,2018_bird_033_9_trip
2018-05-23T21:33:08Z,141.78127,40.829530000000005,bird_033,K18F60,18,2018,37432.737910136726,9,2018_bird_033_9_trip
2018-05-23T21:34:09Z,141.7809,40.82918,bird_033,K18F60,18,2018,37383.41978968018,9,2018_bird_033_9_trip
2018-05-23T21:35:09Z,141.78068,40.82886,bird_033,K18F60,18,2018,37343.37868941204,9,2018_bird_033_9_trip
2018-05-23T21:36:08Z,141.78071,40.82837000000001,bird_033,K18F60,18,2018,37297.739379835046,9,2018_bird_033_9_trip
2018-05-23T21:37:08Z,141.78058,40.82802,bird_033,K18F60,18,2018,37258.67649137126,9,2018_bird_033_9_trip
2018-05-23T21:38:08Z,141.78031,40.82778,bird_033,K18F60,18,2018,37224.157064180785,9,2018_bird_033_9_trip
2018-05-23T21:39:08Z,141.78041000000002,40.82719,bird_033,K18F60,18,2018,37171.97494944311,9,2018_bird_033_9_trip
2018-05-23T21:40:08Z,141.77984999999995,40.8274,bird_033,K18F60,18,2018,37168.11444938028,9,2018_bird_033_9_trip
2018-05-23T21:41:08Z,141.77991999999998,40.826730000000005,bird_033,K18F60,18,2018,37106.979902688,9,2018_bird_033_9_trip
2018-05-23T21:42:08Z,141.77977999999996,40.82629,bird_033,K18F60,18,2018,37058.888351398,9,2018_bird_033_9_trip
2018-05-23T21:43:09Z,141.77787999999998,40.82343,bird_033,K18F60,18,2018,36703.90037591077,9,2018_bird_033_9_trip
2018-05-23T21:44:11Z,141.77624,40.82145,bird_033,K18F60,18,2018,36444.219781610875,9,2018_bird_033_9_trip
2018-05-23T21:45:08Z,141.77633,40.820879999999995,bird_033,K18F60,18,2018,36393.585845932415,9,2018_bird_033_9_trip
2018-05-23T21:46:09Z,141.77599999999998,40.82061,bird_033,K18F60,18,2018,36353.60591307954,9,2018_bird_033_9_trip
2018-05-23T21:47:12Z,141.77460999999997,40.821479999999994,bird_033,K18F60,18,2018,36377.39896897222,9,2018_bird_033_9_trip
2018-05-23T21:48:10Z,141.77471999999997,40.82072,bird_033,K18F60,18,2018,36309.297587256544,9,2018_bird_033_9_trip
2018-05-23T21:49:11Z,141.77426999999997,40.8205,bird_033,K18F60,18,2018,36269.00729049085,9,2018_bird_033_9_trip
2018-05-23T21:50:36Z,141.77264,40.81589,bird_033,K18F60,18,2018,35758.14816360301,9,2018_bird_033_9_trip
2018-05-23T21:51:07Z,141.77252,40.815839999999994,bird_033,K18F60,18,2018,35748.2127463949,9,2018_bird_033_9_trip
2018-05-23T21:52:07Z,141.77211,40.81556,bird_033,K18F60,18,2018,35703.83840898917,9,2018_bird_033_9_trip
2018-05-23T21:53:09Z,141.77186999999998,40.81524,bird_033,K18F60,18,2018,35662.943537102714,9,2018_bird_033_9_trip
2018-05-23T21:54:08Z,141.77143,40.81512,bird_033,K18F60,18,2018,35632.58632724106,9,2018_bird_033_9_trip
2018-05-23T21:55:08Z,141.77119,40.81483999999999,bird_033,K18F60,18,2018,35595.51611387827,9,2018_bird_033_9_trip
2018-05-23T21:56:08Z,141.77079999999998,40.81447999999999,bird_033,K18F60,18,2018,35544.36287917029,9,2018_bird_033_9_trip
2018-05-23T21:57:08Z,141.77050999999997,40.81408999999999,bird_033,K18F60,18,2018,35494.62848120987,9,2018_bird_033_9_trip
2018-05-23T21:58:08Z,141.77028,40.81363,bird_033,K18F60,18,2018,35440.77272523386,9,2018_bird_033_9_trip
2018-05-23T21:59:08Z,141.76993,40.81327999999999,bird_033,K18F60,18,2018,35392.290375411176,9,2018_bird_033_9_trip
2018-05-23T22:00:36Z,141.76915999999997,40.81215,bird_033,K18F60,18,2018,35251.201231646744,9,2018_bird_033_9_trip
2018-05-23T22:01:08Z,141.76689,40.810039999999994,bird_033,K18F60,18,2018,34952.08103258575,9,2018_bird_033_9_trip
2018-05-23T22:02:08Z,141.76289,40.80512,bird_033,K18F60,18,2018,34310.01929467921,9,2018_bird_033_9_trip
2018-05-23T22:03:08Z,141.75784000000002,40.80053,bird_033,K18F60,18,2018,33654.80411526873,9,2018_bird_033_9_trip
2018-05-23T22:04:08Z,141.75223000000005,40.79634000000001,bird_033,K18F60,18,2018,33014.76730459041,9,2018_bird_033_9_trip
2018-05-23T22:05:08Z,141.7464,40.79156,bird_033,K18F60,18,2018,32309.56138232884,9,2018_bird_033_9_trip
2018-05-23T22:06:08Z,141.74088999999998,40.78685,bird_033,K18F60,18,2018,31625.217315838487,9,2018_bird_033_9_trip
2018-05-23T22:07:08Z,141.73496999999998,40.78201000000001,bird_033,K18F60,18,2018,30912.114734719595,9,2018_bird_033_9_trip
2018-05-23T22:08:08Z,141.72936,40.776970000000006,bird_033,K18F60,18,2018,30193.13568959501,9,2018_bird_033_9_trip
2018-05-23T22:09:08Z,141.72503,40.77128,bird_033,K18F60,18,2018,29463.32023672892,9,2018_bird_033_9_trip
2018-05-23T22:10:07Z,141.72194000000002,40.7664,bird_033,K18F60,18,2018,28862.75441148447,9,2018_bird_033_9_trip
2018-05-23T22:11:08Z,141.71722,40.76107,bird_033,K18F60,18,2018,28152.10871195339,9,2018_bird_033_9_trip
2018-05-23T22:12:08Z,141.71231,40.756350000000005,bird_033,K18F60,18,2018,27493.462289436793,9,2018_bird_033_9_trip
2018-05-23T22:13:07Z,141.70733,40.75192,bird_033,K18F60,18,2018,26860.874317138496,9,2018_bird_033_9_trip
2018-05-23T22:14:08Z,141.70296,40.74653000000001,bird_033,K18F60,18,2018,26159.017168014965,9,2018_bird_033_9_trip
2018-05-23T22:15:08Z,141.69779,40.741510000000005,bird_033,K18F60,18,2018,25461.9261890083,9,2018_bird_033_9_trip
2018-05-23T22:16:08Z,141.69269,40.73642,bird_033,K18F60,18,2018,24761.29205961972,9,2018_bird_033_9_trip
2018-05-23T22:17:07Z,141.68714000000003,40.73158,bird_033,K18F60,18,2018,24068.570222925624,9,2018_bird_033_9_trip
2018-05-23T22:18:08Z,141.68200000000002,40.72633000000001,bird_033,K18F60,18,2018,23352.0228831418,9,2018_bird_033_9_trip
2018-05-23T22:19:07Z,141.67695999999998,40.721210000000006,bird_033,K18F60,18,2018,22652.82074741219,9,2018_bird_033_9_trip
2018-05-23T22:20:08Z,141.67149,40.7164,bird_033,K18F60,18,2018,21969.24601972095,9,2018_bird_033_9_trip
2018-05-23T22:21:08Z,141.66628,40.71196,bird_033,K18F60,18,2018,21333.701223843495,9,2018_bird_033_9_trip
2018-05-23T22:22:08Z,141.6609,40.70736,bird_033,K18F60,18,2018,20677.57068712476,9,2018_bird_033_9_trip
2018-05-23T22:23:07Z,141.65757,40.70244,bird_033,K18F60,18,2018,20063.469880322213,9,2018_bird_033_9_trip
2018-05-23T22:24:07Z,141.65534000000002,40.69709,bird_033,K18F60,18,2018,19445.49363461207,9,2018_bird_033_9_trip
2018-05-23T22:25:08Z,141.65204000000003,40.69173000000001,bird_033,K18F60,18,2018,18788.164691386977,9,2018_bird_033_9_trip
2018-05-23T22:26:07Z,141.64855999999995,40.686530000000005,bird_033,K18F60,18,2018,18140.43565880868,9,2018_bird_033_9_trip
2018-05-23T22:27:08Z,141.64631,40.68107,bird_033,K18F60,18,2018,17510.947116151838,9,2018_bird_033_9_trip
2018-05-23T22:28:07Z,141.64373999999998,40.67607,bird_033,K18F60,18,2018,16916.246481574588,9,2018_bird_033_9_trip
2018-05-23T22:29:08Z,141.64167999999998,40.67063,bird_033,K18F60,18,2018,16296.440354847138,9,2018_bird_033_9_trip
2018-05-23T22:30:07Z,141.63934,40.66539000000001,bird_033,K18F60,18,2018,15686.780587322452,9,2018_bird_033_9_trip
2018-05-23T22:31:07Z,141.63696,40.660140000000006,bird_033,K18F60,18,2018,15075.01131726712,9,2018_bird_033_9_trip
2018-05-23T22:32:08Z,141.63388999999998,40.65501,bird_033,K18F60,18,2018,14449.357058756865,9,2018_bird_033_9_trip
2018-05-23T22:33:07Z,141.63076999999998,40.65026,bird_033,K18F60,18,2018,13859.56126959496,9,2018_bird_033_9_trip
2018-05-23T22:34:08Z,141.62805,40.64535000000001,bird_033,K18F60,18,2018,13269.05144482016,9,2018_bird_033_9_trip
2018-05-23T22:35:07Z,141.62554,40.64059,bird_033,K18F60,18,2018,12701.548178500558,9,2018_bird_033_9_trip
2018-05-23T22:36:07Z,141.62299000000002,40.63595000000001,bird_033,K18F60,18,2018,12144.547951915623,9,2018_bird_033_9_trip
2018-05-23T22:37:08Z,141.62058,40.63112,bird_033,K18F60,18,2018,11574.411480447518,9,2018_bird_033_9_trip
2018-05-23T22:38:07Z,141.61832,40.626740000000005,bird_033,K18F60,18,2018,11054.778081398905,9,2018_bird_033_9_trip
2018-05-23T22:39:08Z,141.61594,40.62196,bird_033,K18F60,18,2018,10491.46163699352,9,2018_bird_033_9_trip
2018-05-23T22:40:08Z,141.61304999999996,40.6171,bird_033,K18F60,18,2018,9900.283953056436,9,2018_bird_033_9_trip
2018-05-23T22:41:07Z,141.60983,40.61288,bird_033,K18F60,18,2018,9358.504892329607,9,2018_bird_033_9_trip
2018-05-23T22:42:08Z,141.60574999999997,40.60867,bird_033,K18F60,18,2018,8783.700702721188,9,2018_bird_033_9_trip
2018-05-23T22:43:08Z,141.60187,40.60416,bird_033,K18F60,18,2018,8187.873679638142,9,2018_bird_033_9_trip
2018-05-23T22:44:07Z,141.59765,40.60018,bird_033,K18F60,18,2018,7632.269166942046,9,2018_bird_033_9_trip
2018-05-23T22:45:08Z,141.59447,40.59516000000001,bird_033,K18F60,18,2018,7013.272909396789,9,2018_bird_033_9_trip
2018-05-23T22:46:07Z,141.59082,40.59054,bird_033,K18F60,18,2018,6416.50560369858,9,2018_bird_033_9_trip
2018-05-23T22:47:07Z,141.58736000000002,40.585510000000006,bird_033,K18F60,18,2018,5786.094784804826,9,2018_bird_033_9_trip
2018-05-23T22:48:07Z,141.58375999999998,40.58089,bird_033,K18F60,18,2018,5191.773406844104,9,2018_bird_033_9_trip
2018-05-23T22:49:07Z,141.57922,40.57641,bird_033,K18F60,18,2018,4579.81294804512,9,2018_bird_033_9_trip
2018-05-23T22:50:07Z,141.57444999999998,40.5718,bird_033,K18F60,18,2018,3952.564548118,9,2018_bird_033_9_trip
2018-05-23T22:51:07Z,141.56978999999998,40.56701,bird_033,K18F60,18,2018,3318.723704749838,9,2018_bird_033_9_trip
2018-05-23T22:52:08Z,141.56547,40.56181,bird_033,K18F60,18,2018,2661.4418581626146,9,2018_bird_033_9_trip
2018-05-23T22:53:07Z,141.56038,40.557019999999994,bird_033,K18F60,18,2018,2058.249037511992,9,2018_bird_033_9_trip
2018-05-23T22:54:07Z,141.55672,40.5513,bird_033,K18F60,18,2018,1411.5682729362063,9,2018_bird_033_9_trip
2018-05-29T18:40:12Z,141.56392,40.548950000000005,bird_033,K18F60,18,2018,1267.16286899931,16,2018_bird_033_16_trip
2018-05-29T18:41:12Z,141.56756,40.553659999999994,bird_033,K18F60,18,2018,1872.3832627506151,16,2018_bird_033_16_trip
2018-05-29T18:42:11Z,141.5707,40.558879999999995,bird_033,K18F60,18,2018,2509.808052987037,16,2018_bird_033_16_trip
2018-05-29T18:43:11Z,141.57412,40.56428,bird_033,K18F60,18,2018,3175.723912216549,16,2018_bird_033_16_trip
2018-05-29T18:44:11Z,141.57769,40.57005,bird_033,K18F60,18,2018,3884.1286686771223,16,2018_bird_033_16_trip
2018-05-29T18:45:11Z,141.58222000000004,40.57504,bird_033,K18F60,18,2018,4551.437125194706,16,2018_bird_033_16_trip
2018-05-29T18:46:11Z,141.58737000000002,40.57962,bird_033,K18F60,18,2018,5205.596124621744,16,2018_bird_033_16_trip
2018-05-29T18:47:11Z,141.59329,40.58344,bird_033,K18F60,18,2018,5824.171978501517,16,2018_bird_033_16_trip
2018-05-29T18:48:11Z,141.59892000000002,40.586879999999994,bird_033,K18F60,18,2018,6401.517016389035,16,2018_bird_033_16_trip
2018-05-29T18:49:11Z,141.60470999999998,40.5906,bird_033,K18F60,18,2018,7017.832394631112,16,2018_bird_033_16_trip
2018-05-29T18:50:11Z,141.61006999999998,40.594750000000005,bird_033,K18F60,18,2018,7655.737328389806,16,2018_bird_033_16_trip
2018-05-29T18:51:11Z,141.61609,40.59806,bird_033,K18F60,18,2018,8253.326462987077,16,2018_bird_033_16_trip
2018-05-29T18:52:11Z,141.62137,40.60235000000001,bird_033,K18F60,18,2018,8902.9017176806,16,2018_bird_033_16_trip
2018-05-29T18:53:11Z,141.62649000000002,40.60688,bird_033,K18F60,18,2018,9565.774699401529,16,2018_bird_033_16_trip
2018-05-29T18:54:11Z,141.63228,40.61058,bird_033,K18F60,18,2018,10191.206814878942,16,2018_bird_033_16_trip
2018-05-29T18:55:12Z,141.63897,40.61341,bird_033,K18F60,18,2018,10791.917385521348,16,2018_bird_033_16_trip
2018-05-29T18:56:11Z,141.64554999999996,40.615930000000006,bird_033,K18F60,18,2018,11365.649135892028,16,2018_bird_033_16_trip
2018-05-29T18:57:12Z,141.65199,40.6188,bird_033,K18F60,18,2018,11965.285012705732,16,2018_bird_033_16_trip
2018-05-29T18:58:11Z,141.65708,40.62109,bird_033,K18F60,18,2018,12443.203410941614,16,2018_bird_033_16_trip
2018-05-29T18:59:11Z,141.66212000000002,40.62507000000001,bird_033,K18F60,18,2018,13057.201677346018,16,2018_bird_033_16_trip
2018-05-29T19:00:11Z,141.6686,40.6276,bird_033,K18F60,18,2018,13637.140291081336,16,2018_bird_033_16_trip
2018-05-29T19:01:11Z,141.67498999999998,40.63008,bird_033,K18F60,18,2018,14210.821963974067,16,2018_bird_033_16_trip
2018-05-29T19:02:11Z,141.68143000000003,40.63231000000001,bird_033,K18F60,18,2018,14770.584940531013,16,2018_bird_033_16_trip
2018-05-29T19:03:11Z,141.68654999999998,40.63378,bird_033,K18F60,18,2018,15194.318635616102,16,2018_bird_033_16_trip
2018-05-29T19:04:11Z,141.69215,40.63724,bird_033,K18F60,18,2018,15802.066485412077,16,2018_bird_033_16_trip
2018-05-29T19:05:11Z,141.69819,40.64022,bird_033,K18F60,18,2018,16400.22610788228,16,2018_bird_033_16_trip
2018-05-29T19:06:11Z,141.70475999999996,40.64227,bird_033,K18F60,18,2018,16961.72133719267,16,2018_bird_033_16_trip
2018-05-29T19:07:11Z,141.71056999999996,40.64409,bird_033,K18F60,18,2018,17460.964711313096,16,2018_bird_033_16_trip
2018-05-29T19:08:11Z,141.71638,40.64347,bird_033,K18F60,18,2018,17783.648829298214,16,2018_bird_033_16_trip
2018-05-29T19:09:12Z,141.72359999999998,40.64285,bird_033,K18F60,18,2018,18206.1775004348,16,2018_bird_033_16_trip
2018-05-29T19:10:11Z,141.72949999999997,40.64325,bird_033,K18F60,18,2018,18622.038583954924,16,2018_bird_033_16_trip
2018-05-29T19:11:11Z,141.73471999999998,40.64377,bird_033,K18F60,18,2018,19004.725669137057,16,2018_bird_033_16_trip
2018-05-29T19:12:11Z,141.74070999999998,40.64389,bird_033,K18F60,18,2018,19415.28162943869,16,2018_bird_033_16_trip
2018-05-29T19:13:11Z,141.74677999999997,40.64508,bird_033,K18F60,18,2018,19906.020507563186,16,2018_bird_033_16_trip
2018-05-29T19:14:11Z,141.75292000000002,40.64582,bird_033,K18F60,18,2018,20374.34440461454,16,2018_bird_033_16_trip
2018-05-29T19:15:12Z,141.75924999999998,40.647279999999995,bird_033,K18F60,18,2018,20904.56012363326,16,2018_bird_033_16_trip
2018-05-29T19:16:11Z,141.76541,40.648950000000006,bird_033,K18F60,18,2018,21437.74400682887,16,2018_bird_033_16_trip
2018-05-29T19:17:11Z,141.77185999999998,40.64966,bird_033,K18F60,18,2018,21932.13663030565,16,2018_bird_033_16_trip
2018-05-29T19:18:11Z,141.77752999999998,40.65036,bird_033,K18F60,18,2018,22373.60868650843,16,2018_bird_033_16_trip
2018-05-29T19:19:12Z,141.78047,40.65006,bird_033,K18F60,18,2018,22562.850624076546,16,2018_bird_033_16_trip
2018-05-29T19:20:11Z,141.78145,40.64882,bird_033,K18F60,18,2018,22557.399097948597,16,2018_bird_033_16_trip
2018-05-29T19:21:11Z,141.78668,40.64666,bird_033,K18F60,18,2018,22803.6919324407,16,2018_bird_033_16_trip
2018-05-29T19:22:11Z,141.79172,40.64511000000001,bird_033,K18F60,18,2018,23079.102847808135,16,2018_bird_033_16_trip
2018-05-29T19:23:12Z,141.7959,40.64269,bird_033,K18F60,18,2018,23249.212642796403,16,2018_bird_033_16_trip
2018-05-29T19:24:13Z,141.80123000000003,40.640710000000006,bird_033,K18F60,18,2018,23535.32834044122,16,2018_bird_033_16_trip
2018-05-29T19:25:12Z,141.80366999999998,40.63893000000001,bird_033,K18F60,18,2018,23622.929175653662,16,2018_bird_033_16_trip
2018-05-29T19:26:12Z,141.80673000000002,40.63676,bird_033,K18F60,18,2018,23740.379952116185,16,2018_bird_033_16_trip
2018-05-29T19:27:13Z,141.81249000000005,40.635270000000006,bird_033,K18F60,18,2018,24100.677920958973,16,2018_bird_033_16_trip
2018-05-29T19:28:13Z,141.81747,40.63496,bird_033,K18F60,18,2018,24463.840373861323,16,2018_bird_033_16_trip
2018-05-29T19:29:13Z,141.82205000000002,40.63383,bird_033,K18F60,18,2018,24759.422990247585,16,2018_bird_033_16_trip
2018-05-29T19:30:12Z,141.82598000000002,40.63291000000001,bird_033,K18F60,18,2018,25017.87282392732,16,2018_bird_033_16_trip
2018-05-29T19:31:11Z,141.83101000000002,40.63369,bird_033,K18F60,18,2018,25440.938225434977,16,2018_bird_033_16_trip
2018-05-29T19:32:12Z,141.83672,40.633100000000006,bird_033,K18F60,18,2018,25854.95626376165,16,2018_bird_033_16_trip
2018-05-29T19:33:11Z,141.84116,40.63186,bird_033,K18F60,18,2018,26144.29759613071,16,2018_bird_033_16_trip
2018-05-29T19:34:12Z,141.84693,40.63127,bird_033,K18F60,18,2018,26568.194167536836,16,2018_bird_033_16_trip
2018-05-29T19:35:11Z,141.85026000000002,40.629630000000006,bird_033,K18F60,18,2018,26759.291736860738,16,2018_bird_033_16_trip
2018-05-29T19:36:12Z,141.85369,40.62855000000001,bird_033,K18F60,18,2018,26983.956609452816,16,2018_bird_033_16_trip
2018-05-29T19:37:11Z,141.85760000000002,40.628600000000006,bird_033,K18F60,18,2018,27293.77372388337,16,2018_bird_033_16_trip
2018-05-29T19:38:12Z,141.86025,40.62673000000001,bird_033,K18F60,18,2018,27428.232934535234,16,2018_bird_033_16_trip
2018-05-29T19:39:13Z,141.86408,40.62551000000001,bird_033,K18F60,18,2018,27684.100086775357,16,2018_bird_033_16_trip
2018-05-29T19:40:11Z,141.86597,40.62416,bird_033,K18F60,18,2018,27782.76139095171,16,2018_bird_033_16_trip
2018-05-29T19:41:11Z,141.87048,40.62268,bird_033,K18F60,18,2018,28087.1046349524,16,2018_bird_033_16_trip
2018-05-29T19:42:11Z,141.87427,40.62629,bird_033,K18F60,18,2018,28523.60713553826,16,2018_bird_033_16_trip
2018-05-29T19:43:13Z,141.87587,40.62853000000001,bird_033,K18F60,18,2018,28736.03472559389,16,2018_bird_033_16_trip
2018-05-29T19:44:11Z,141.87018,40.62679000000001,bird_033,K18F60,18,2018,28217.508343751248,16,2018_bird_033_16_trip
2018-05-29T19:45:13Z,141.86431000000002,40.62385,bird_033,K18F60,18,2018,27638.9790333977,16,2018_bird_033_16_trip
2018-05-29T19:46:12Z,141.85933000000003,40.62037000000001,bird_033,K18F60,18,2018,27112.000071729533,16,2018_bird_033_16_trip
2018-05-29T19:47:12Z,141.85317,40.61945,bird_033,K18F60,18,2018,26586.627924782777,16,2018_bird_033_16_trip
2018-05-29T19:48:13Z,141.84914,40.620160000000006,bird_033,K18F60,18,2018,26292.63847789516,16,2018_bird_033_16_trip
2018-05-29T19:49:12Z,141.84414999999998,40.61769,bird_033,K18F60,18,2018,25802.188277352932,16,2018_bird_033_16_trip
2018-05-29T19:50:12Z,141.84512,40.61487999999999,bird_033,K18F60,18,2018,25775.694061109047,16,2018_bird_033_16_trip
2018-05-29T19:51:12Z,141.84458999999998,40.61211000000001,bird_033,K18F60,18,2018,25634.19248950396,16,2018_bird_033_16_trip
2018-05-29T19:52:12Z,141.84088,40.60887,bird_033,K18F60,18,2018,25223.54704657044,16,2018_bird_033_16_trip
2018-05-29T19:53:12Z,141.83646000000002,40.60504,bird_033,K18F60,18,2018,24738.40639094883,16,2018_bird_033_16_trip
2018-05-29T19:54:12Z,141.83184000000003,40.60331000000001,bird_033,K18F60,18,2018,24308.08614251181,16,2018_bird_033_16_trip
2018-05-29T19:55:12Z,141.82831000000004,40.59949,bird_033,K18F60,18,2018,23899.869214676008,16,2018_bird_033_16_trip
2018-05-29T19:56:12Z,141.82394000000002,40.596140000000005,bird_033,K18F60,18,2018,23441.593172148016,16,2018_bird_033_16_trip
2018-05-29T19:57:12Z,141.81876,40.59295000000001,bird_033,K18F60,18,2018,22924.571892001808,16,2018_bird_033_16_trip
2018-05-29T19:58:12Z,141.81367999999998,40.590430000000005,bird_033,K18F60,18,2018,22436.82283558504,16,2018_bird_033_16_trip
2018-05-29T19:59:12Z,141.80988,40.58623,bird_033,K18F60,18,2018,22009.884623777,16,2018_bird_033_16_trip
2018-05-29T20:00:12Z,141.80898000000002,40.58234,bird_033,K18F60,18,2018,21836.389892966537,16,2018_bird_033_16_trip
2018-05-29T20:01:15Z,141.80637000000002,40.57835000000001,bird_033,K18F60,18,2018,21526.357890710908,16,2018_bird_033_16_trip
2018-05-29T20:02:12Z,141.80508,40.57509,bird_033,K18F60,18,2018,21348.28366197971,16,2018_bird_033_16_trip
2018-05-29T20:03:14Z,141.80281000000002,40.573,bird_033,K18F60,18,2018,21116.65847801504,16,2018_bird_033_16_trip
2018-05-29T20:04:14Z,141.80314,40.57285,bird_033,K18F60,18,2018,21141.168720708178,16,2018_bird_033_16_trip
2018-05-29T20:05:12Z,141.80275,40.57258,bird_033,K18F60,18,2018,21103.33676055884,16,2018_bird_033_16_trip
2018-05-29T20:06:14Z,141.80308,40.57237000000001,bird_033,K18F60,18,2018,21126.71836154992,16,2018_bird_033_16_trip
2018-05-29T20:07:12Z,141.80254000000002,40.5706,bird_033,K18F60,18,2018,21047.911263759313,16,2018_bird_033_16_trip
2018-05-29T20:08:19Z,141.79867,40.56917000000001,bird_033,K18F60,18,2018,20698.4877316149,16,2018_bird_033_16_trip
2018-05-29T20:09:14Z,141.79684,40.565070000000006,bird_033,K18F60,18,2018,20475.927130838125,16,2018_bird_033_16_trip
2018-05-29T20:10:14Z,141.79455999999996,40.56034,bird_033,K18F60,18,2018,20216.113874995397,16,2018_bird_033_16_trip
2018-05-29T20:11:14Z,141.79304999999997,40.55659,bird_033,K18F60,18,2018,20043.91943456806,16,2018_bird_033_16_trip
2018-05-29T20:12:14Z,141.79059999999998,40.552859999999995,bird_033,K18F60,18,2018,19800.566560585485,16,2018_bird_033_16_trip
2018-05-29T20:13:14Z,141.78785,40.54852,bird_033,K18F60,18,2018,19535.921270045765,16,2018_bird_033_16_trip
2018-05-29T20:14:14Z,141.78456999999997,40.54427,bird_033,K18F60,18,2018,19237.91159771899,16,2018_bird_033_16_trip
2018-05-29T20:15:14Z,141.78072,40.53938,bird_033,K18F60,18,2018,18902.35586965583,16,2018_bird_033_16_trip
2018-05-29T20:16:14Z,141.77864,40.534279999999995,bird_033,K18F60,18,2018,18732.81684608068,16,2018_bird_033_16_trip
2018-05-29T20:17:14Z,141.77784999999997,40.52919000000001,bird_033,K18F60,18,2018,18689.70390845802,16,2018_bird_033_16_trip
2018-05-29T20:18:14Z,141.77657999999997,40.52405,bird_033,K18F60,18,2018,18623.81679901104,16,2018_bird_033_16_trip
2018-05-29T20:19:14Z,141.77577999999997,40.51932,bird_033,K18F60,18,2018,18610.04632635565,16,2018_bird_033_16_trip
2018-05-29T20:20:14Z,141.77383999999998,40.51443999999999,bird_033,K18F60,18,2018,18518.16388324635,16,2018_bird_033_16_trip
2018-05-29T20:21:14Z,141.77121,40.50964,bird_033,K18F60,18,2018,18384.06296676863,16,2018_bird_033_16_trip
2018-05-29T20:22:12Z,141.76794,40.505030000000005,bird_033,K18F60,18,2018,18209.79377386688,16,2018_bird_033_16_trip
2018-05-29T20:23:12Z,141.76299,40.50048,bird_033,K18F60,18,2018,17912.64491795275,16,2018_bird_033_16_trip
2018-05-29T20:24:12Z,141.75835,40.49662,bird_033,K18F60,18,2018,17639.71373811597,16,2018_bird_033_16_trip
2018-05-29T20:25:14Z,141.75365999999997,40.49295000000001,bird_033,K18F60,18,2018,17371.681558446173,16,2018_bird_033_16_trip
2018-05-29T20:26:14Z,141.74836,40.489459999999994,bird_033,K18F60,18,2018,17062.951929186995,16,2018_bird_033_16_trip
2018-05-29T20:27:14Z,141.74286999999998,40.48544,bird_033,K18F60,18,2018,16775.0758706106,16,2018_bird_033_16_trip
2018-05-29T20:28:14Z,141.73778,40.48099,bird_033,K18F60,18,2018,16557.06122765226,16,2018_bird_033_16_trip
2018-05-29T20:29:14Z,141.73272,40.47702,bird_033,K18F60,18,2018,16342.284094490626,16,2018_bird_033_16_trip
2018-05-29T20:30:12Z,141.72835,40.47337,bird_033,K18F60,18,2018,16184.301515782348,16,2018_bird_033_16_trip
2018-05-29T20:31:14Z,141.72344,40.46931000000001,bird_033,K18F60,18,2018,16025.157201651562,16,2018_bird_033_16_trip
2018-05-29T20:32:14Z,141.71854999999996,40.46547,bird_033,K18F60,18,2018,15877.010764160405,16,2018_bird_033_16_trip
2018-05-29T20:33:14Z,141.71451999999996,40.46181,bird_033,K18F60,18,2018,15800.36455646586,16,2018_bird_033_16_trip
2018-05-29T20:34:14Z,141.70958999999996,40.45759999999999,bird_033,K18F60,18,2018,15713.401579837107,16,2018_bird_033_16_trip
2018-05-29T20:35:14Z,141.71065999999996,40.45607999999999,bird_033,K18F60,18,2018,15884.75066381518,16,2018_bird_033_16_trip
2018-05-29T20:36:14Z,141.70909999999998,40.45247,bird_033,K18F60,18,2018,16013.363086709776,16,2018_bird_033_16_trip
2018-05-29T20:37:17Z,141.70494999999997,40.44783999999999,bird_033,K18F60,18,2018,16050.71169788606,16,2018_bird_033_16_trip
2018-05-29T20:38:14Z,141.70105999999998,40.445,bird_033,K18F60,18,2018,15998.687602685384,16,2018_bird_033_16_trip
2018-05-29T20:39:14Z,141.69787,40.442,bird_033,K18F60,18,2018,16015.478681318204,16,2018_bird_033_16_trip
2018-05-29T20:40:15Z,141.70165999999998,40.44105,bird_033,K18F60,18,2018,16325.36088806978,16,2018_bird_033_16_trip
2018-05-29T20:41:13Z,141.70417999999998,40.43732,bird_033,K18F60,18,2018,16761.13557947804,16,2018_bird_033_16_trip
2018-05-29T20:42:12Z,141.70764,40.43773,bird_033,K18F60,18,2018,16949.62239503584,16,2018_bird_033_16_trip
2018-05-29T20:43:15Z,141.70986999999997,40.43534,bird_033,K18F60,18,2018,17267.23776793306,16,2018_bird_033_16_trip
2018-05-29T20:44:15Z,141.70843000000002,40.43119,bird_033,K18F60,18,2018,17487.459973696874,16,2018_bird_033_16_trip
2018-05-29T20:45:12Z,141.7081,40.4268,bird_033,K18F60,18,2018,17803.75973918107,16,2018_bird_033_16_trip
2018-05-29T20:46:15Z,141.70738,40.42187,bird_033,K18F60,18,2018,18147.298347633972,16,2018_bird_033_16_trip
2018-05-29T20:47:40Z,141.70717,40.42183,bird_033,K18F60,18,2018,18138.019225356893,16,2018_bird_033_16_trip
2018-05-29T20:48:11Z,141.70714999999998,40.42184,bird_033,K18F60,18,2018,18136.03895845259,16,2018_bird_033_16_trip
2018-05-29T20:49:11Z,141.7071,40.42178,bird_033,K18F60,18,2018,18137.8435679269,16,2018_bird_033_16_trip
2018-05-29T20:50:11Z,141.70714,40.42189,bird_033,K18F60,18,2018,18131.473668577233,16,2018_bird_033_16_trip
2018-05-29T20:51:12Z,141.70694,40.42167,bird_033,K18F60,18,2018,18137.114714775624,16,2018_bird_033_16_trip
2018-05-29T20:52:12Z,141.70724,40.42175,bird_033,K18F60,18,2018,18148.525657690465,16,2018_bird_033_16_trip
2018-05-29T20:53:11Z,141.70718,40.42159,bird_033,K18F60,18,2018,18157.689677065075,16,2018_bird_033_16_trip
2018-05-29T20:54:12Z,141.7072,40.42173,bird_033,K18F60,18,2018,18147.74408515656,16,2018_bird_033_16_trip
2018-05-29T20:55:11Z,141.70722,40.42174,bird_033,K18F60,18,2018,18148.134762600144,16,2018_bird_033_16_trip
2018-05-29T20:56:11Z,141.70717,40.42175,bird_033,K18F60,18,2018,18144.37650163297,16,2018_bird_033_16_trip
2018-05-29T20:57:12Z,141.70719,40.421879999999994,bird_033,K18F60,18,2018,18135.233050505525,16,2018_bird_033_16_trip
2018-05-29T20:58:12Z,141.70727,40.42204,bird_033,K18F60,18,2018,18127.276659667903,16,2018_bird_033_16_trip
2018-05-29T20:59:12Z,141.70705999999998,40.4218,bird_033,K18F60,18,2018,18133.883436114294,16,2018_bird_033_16_trip
2018-05-29T21:00:12Z,141.70716,40.42192,bird_033,K18F60,18,2018,18130.276732081937,16,2018_bird_033_16_trip
2018-05-29T21:01:12Z,141.70714,40.42203000000001,bird_033,K18F60,18,2018,18120.35524825952,16,2018_bird_033_16_trip
2018-05-29T21:02:11Z,141.70714999999998,40.422,bird_033,K18F60,18,2018,18123.330480756704,16,2018_bird_033_16_trip
2018-05-29T21:03:11Z,141.70711,40.42195,bird_033,K18F60,18,2018,18124.928557185904,16,2018_bird_033_16_trip
2018-05-29T21:04:11Z,141.70714,40.42199,bird_033,K18F60,18,2018,18123.531275105925,16,2018_bird_033_16_trip
2018-05-29T21:05:12Z,141.70714,40.42194,bird_033,K18F60,18,2018,18127.50205658439,16,2018_bird_033_16_trip
2018-05-29T21:06:11Z,141.70717,40.42221000000001,bird_033,K18F60,18,2018,18107.851197159565,16,2018_bird_033_16_trip
2018-05-29T21:07:12Z,141.70646,40.422990000000006,bird_033,K18F60,18,2018,18003.821706542567,16,2018_bird_033_16_trip
2018-05-29T21:08:11Z,141.70649,40.42309,bird_033,K18F60,18,2018,17997.682615914164,16,2018_bird_033_16_trip
2018-05-29T21:09:13Z,141.70641,40.42294,bird_033,K18F60,18,2018,18004.813293003594,16,2018_bird_033_16_trip
2018-05-29T21:10:11Z,141.70646,40.423010000000005,bird_033,K18F60,18,2018,18002.236776917376,16,2018_bird_033_16_trip
2018-05-29T21:11:11Z,141.70654999999996,40.42306,bird_033,K18F60,18,2018,18003.62752275933,16,2018_bird_033_16_trip
2018-05-29T21:12:12Z,141.70647,40.42304,bird_033,K18F60,18,2018,18000.45422140968,16,2018_bird_033_16_trip
2018-05-29T21:13:11Z,141.70933,40.425250000000005,bird_033,K18F60,18,2018,17998.710329450587,16,2018_bird_033_16_trip
2018-05-29T21:14:12Z,141.70654,40.42813000000001,bird_033,K18F60,18,2018,17605.88315852793,16,2018_bird_033_16_trip
2018-05-29T21:15:12Z,141.70556999999997,40.43218,bird_033,K18F60,18,2018,17235.292864154184,16,2018_bird_033_16_trip
2018-05-29T21:16:11Z,141.70569999999998,40.4352,bird_033,K18F60,18,2018,17015.0251612403,16,2018_bird_033_16_trip
2018-05-29T21:17:11Z,141.70344,40.43667,bird_033,K18F60,18,2018,16763.368999510407,16,2018_bird_033_16_trip
2018-05-29T21:18:12Z,141.69889,40.4397,bird_033,K18F60,18,2018,16251.44521636477,16,2018_bird_033_16_trip
2018-05-29T21:19:11Z,141.69342,40.44202,bird_033,K18F60,18,2018,15735.861625502035,16,2018_bird_033_16_trip
2018-05-29T21:20:11Z,141.68867,40.44431,bird_033,K18F60,18,2018,15267.986201042087,16,2018_bird_033_16_trip
2018-05-29T21:21:12Z,141.68511,40.447599999999994,bird_033,K18F60,18,2018,14797.709346441208,16,2018_bird_033_16_trip
2018-05-29T21:22:12Z,141.68194000000005,40.451609999999995,bird_033,K18F60,18,2018,14297.773567585988,16,2018_bird_033_16_trip
2018-05-29T21:23:13Z,141.67618,40.45343999999999,bird_033,K18F60,18,2018,13801.569412607563,16,2018_bird_033_16_trip
2018-05-29T21:24:11Z,141.67122,40.45611,bird_033,K18F60,18,2018,13292.224394614272,16,2018_bird_033_16_trip
2018-05-29T21:25:12Z,141.66622,40.459889999999994,bird_033,K18F60,18,2018,12695.642210081469,16,2018_bird_033_16_trip
2018-05-29T21:26:12Z,141.66188,40.46401,bird_033,K18F60,18,2018,12113.899286935011,16,2018_bird_033_16_trip
2018-05-29T21:27:12Z,141.65672,40.466730000000005,bird_033,K18F60,18,2018,11588.35729772868,16,2018_bird_033_16_trip
2018-05-29T21:28:11Z,141.65142000000003,40.46938,bird_033,K18F60,18,2018,11060.279652224686,16,2018_bird_033_16_trip
2018-05-29T21:29:11Z,141.64679999999998,40.46822,bird_033,K18F60,18,2018,10874.414614443718,16,2018_bird_033_16_trip
2018-05-29T21:30:12Z,141.64661999999998,40.46358,bird_033,K18F60,18,2018,11240.37650627733,16,2018_bird_033_16_trip
2018-05-29T21:31:11Z,141.64526999999998,40.4589,bird_033,K18F60,18,2018,11557.045833296872,16,2018_bird_033_16_trip
2018-05-29T21:32:12Z,141.64366999999996,40.45343,bird_033,K18F60,18,2018,11945.430831426442,16,2018_bird_033_16_trip
2018-05-29T21:33:12Z,141.63835,40.45305,bird_033,K18F60,18,2018,11709.653942225796,16,2018_bird_033_16_trip
2018-05-29T21:34:14Z,141.63479999999998,40.451919999999994,bird_033,K18F60,18,2018,11639.89852739188,16,2018_bird_033_16_trip
2018-05-29T21:35:12Z,141.63419,40.4522,bird_033,K18F60,18,2018,11585.132039497892,16,2018_bird_033_16_trip
2018-05-29T21:36:12Z,141.63263,40.44925,bird_033,K18F60,18,2018,11786.041372336476,16,2018_bird_033_16_trip
2018-05-29T21:37:12Z,141.63078,40.4439,bird_033,K18F60,18,2018,12210.06985581616,16,2018_bird_033_16_trip
2018-05-29T21:38:12Z,141.62846000000002,40.4407,bird_033,K18F60,18,2018,12421.188040321647,16,2018_bird_033_16_trip
2018-05-29T21:39:12Z,141.62737,40.44163,bird_033,K18F60,18,2018,12286.125020195974,16,2018_bird_033_16_trip
2018-05-29T21:40:12Z,141.62627,40.44252,bird_033,K18F60,18,2018,12154.635972493108,16,2018_bird_033_16_trip
2018-05-29T21:41:12Z,141.63362999999998,40.4432,bird_033,K18F60,18,2018,12400.947836035708,16,2018_bird_033_16_trip
2018-05-29T21:42:11Z,141.63883,40.44544,bird_033,K18F60,18,2018,12427.82321514838,16,2018_bird_033_16_trip
2018-05-29T21:43:12Z,141.64681,40.44838,bird_033,K18F60,18,2018,12552.889678898977,16,2018_bird_033_16_trip
2018-05-29T21:44:12Z,141.64294999999998,40.45141999999999,bird_033,K18F60,18,2018,12086.35190675848,16,2018_bird_033_16_trip
2018-05-29T21:45:11Z,141.63949999999997,40.45571,bird_033,K18F60,18,2018,11529.660015740725,16,2018_bird_033_16_trip
2018-05-29T21:46:11Z,141.64009,40.4611,bird_033,K18F60,18,2018,11088.973897175258,16,2018_bird_033_16_trip
2018-05-29T21:47:12Z,141.64225,40.46792,bird_033,K18F60,18,2018,10634.465150483453,16,2018_bird_033_16_trip
2018-05-29T21:48:13Z,141.63948,40.47283,bird_033,K18F60,18,2018,10075.3249982943,16,2018_bird_033_16_trip
2018-05-29T21:49:13Z,141.63653,40.47778,bird_033,K18F60,18,2018,9506.490162715168,16,2018_bird_033_16_trip
2018-05-29T21:50:12Z,141.63383,40.48255,bird_033,K18F60,18,2018,8971.410442523069,16,2018_bird_033_16_trip
2018-05-29T21:51:13Z,141.63339,40.488330000000005,bird_033,K18F60,18,2018,8510.209336587863,16,2018_bird_033_16_trip
2018-05-29T21:52:13Z,141.62835,40.4916,bird_033,K18F60,18,2018,7949.507705493946,16,2018_bird_033_16_trip
2018-05-29T21:53:13Z,141.62497,40.49669,bird_033,K18F60,18,2018,7366.015488194913,16,2018_bird_033_16_trip
2018-05-29T21:54:12Z,141.62153,40.50086,bird_033,K18F60,18,2018,6849.560722822228,16,2018_bird_033_16_trip
2018-05-29T21:55:13Z,141.61714,40.50479,bird_033,K18F60,18,2018,6289.254009473411,16,2018_bird_033_16_trip
2018-05-29T21:56:12Z,141.61044,40.50692,bird_033,K18F60,18,2018,5694.480804980372,16,2018_bird_033_16_trip
2018-05-29T21:57:12Z,141.60984,40.50737,bird_033,K18F60,18,2018,5623.622274098359,16,2018_bird_033_16_trip
2018-05-29T21:58:11Z,141.60941,40.50852,bird_033,K18F60,18,2018,5516.698248664536,16,2018_bird_033_16_trip
2018-05-29T21:59:12Z,141.60905999999997,40.50861,bird_033,K18F60,18,2018,5487.051509014092,16,2018_bird_033_16_trip
2018-05-29T22:00:12Z,141.60981999999998,40.508790000000005,bird_033,K18F60,18,2018,5526.363536587899,16,2018_bird_033_16_trip
2018-05-29T22:01:11Z,141.60968999999997,40.51094,bird_033,K18F60,18,2018,5377.617189983074,16,2018_bird_033_16_trip
2018-05-29T22:02:11Z,141.60958999999997,40.51303,bird_033,K18F60,18,2018,5241.306567147774,16,2018_bird_033_16_trip
2018-05-29T22:03:11Z,141.60445,40.51583,bird_033,K18F60,18,2018,4706.769980663947,16,2018_bird_033_16_trip
2018-05-29T22:04:11Z,141.59976999999998,40.51933,bird_033,K18F60,18,2018,4164.9889674980395,16,2018_bird_033_16_trip
2018-05-29T22:05:12Z,141.59448,40.52269,bird_033,K18F60,18,2018,3589.784564293137,16,2018_bird_033_16_trip
2018-05-29T22:06:13Z,141.5891,40.52484,bird_033,K18F60,18,2018,3075.48127836626,16,2018_bird_033_16_trip
2018-05-29T22:07:13Z,141.58401,40.528560000000006,bird_033,K18F60,18,2018,2500.039001682737,16,2018_bird_033_16_trip
2018-05-29T22:08:13Z,141.58158,40.53396,bird_033,K18F60,18,2018,2095.868886338627,16,2018_bird_033_16_trip
2018-05-29T22:09:13Z,141.58014000000003,40.53929,bird_033,K18F60,18,2018,1910.8066428250272,16,2018_bird_033_16_trip
2018-05-29T22:10:13Z,141.57393,40.5424,bird_033,K18F60,18,2018,1445.8964173371864,16,2018_bird_033_16_trip
2018-05-30T20:25:13Z,141.57317999999998,40.5427,bird_033,K18F60,18,2018,1395.7287685169233,18,2018_bird_033_18_trip
2018-05-30T20:26:13Z,141.58001000000002,40.54296,bird_033,K18F60,18,2018,1958.8328911481424,18,2018_bird_033_18_trip
2018-05-30T20:27:12Z,141.58475,40.54057,bird_033,K18F60,18,2018,2310.144329399619,18,2018_bird_033_18_trip
2018-05-30T20:28:13Z,141.59064999999998,40.53758,bird_033,K18F60,18,2018,2802.0447795028954,18,2018_bird_033_18_trip
2018-05-30T20:29:12Z,141.5957,40.534859999999995,bird_033,K18F60,18,2018,3254.3245894777274,18,2018_bird_033_18_trip
2018-05-30T20:30:12Z,141.60112,40.53614,bird_033,K18F60,18,2018,3696.939699605114,18,2018_bird_033_18_trip
2018-05-30T20:31:12Z,141.60419,40.53905,bird_033,K18F60,18,2018,3947.0972174674366,18,2018_bird_033_18_trip
2018-05-30T20:32:13Z,141.60771,40.5379,bird_033,K18F60,18,2018,4245.760537216464,18,2018_bird_033_18_trip
2018-05-30T20:33:12Z,141.61274999999998,40.53567,bird_033,K18F60,18,2018,4683.463616720446,18,2018_bird_033_18_trip
2018-05-30T20:34:12Z,141.61914999999996,40.53498,bird_033,K18F60,18,2018,5229.866366330341,18,2018_bird_033_18_trip
2018-05-30T20:35:14Z,141.6253,40.53368,bird_033,K18F60,18,2018,5761.461811203942,18,2018_bird_033_18_trip
2018-05-30T20:36:12Z,141.62836,40.53286,bird_033,K18F60,18,2018,6028.584169443245,18,2018_bird_033_18_trip
2018-05-30T20:37:12Z,141.63154999999998,40.53233000000001,bird_033,K18F60,18,2018,6303.656463511076,18,2018_bird_033_18_trip
2018-05-30T20:38:12Z,141.63389999999998,40.53109,bird_033,K18F60,18,2018,6517.829787073526,18,2018_bird_033_18_trip
2018-05-30T20:39:12Z,141.63701,40.52871000000001,bird_033,K18F60,18,2018,6816.938625608551,18,2018_bird_033_18_trip
2018-05-30T20:40:12Z,141.64031,40.52575000000001,bird_033,K18F60,18,2018,7151.470456930568,18,2018_bird_033_18_trip
2018-05-30T20:41:13Z,141.64436999999998,40.52213000000001,bird_033,K18F60,18,2018,7575.960919859939,18,2018_bird_033_18_trip
2018-05-30T20:42:12Z,141.64685999999998,40.51874,bird_033,K18F60,18,2018,7878.060419004057,18,2018_bird_033_18_trip
2018-05-30T20:43:12Z,141.64577999999997,40.51757,bird_033,K18F60,18,2018,7828.098434052427,18,2018_bird_033_18_trip
2018-05-30T20:44:12Z,141.64569999999998,40.51505,bird_033,K18F60,18,2018,7909.843651682435,18,2018_bird_033_18_trip
2018-05-30T20:45:12Z,141.64794,40.51261,bird_033,K18F60,18,2018,8180.9767365518655,18,2018_bird_033_18_trip
2018-05-30T20:46:12Z,141.65253,40.51093,bird_033,K18F60,18,2018,8610.897193865614,18,2018_bird_033_18_trip
2018-05-30T20:47:13Z,141.65616,40.508790000000005,bird_033,K18F60,18,2018,8983.870618113317,18,2018_bird_033_18_trip
2018-05-30T20:48:13Z,141.66208,40.506350000000005,bird_033,K18F60,18,2018,9550.448145442531,18,2018_bird_033_18_trip
2018-05-30T20:49:13Z,141.66423,40.50325,bird_033,K18F60,18,2018,9851.82795987738,18,2018_bird_033_18_trip
2018-05-30T20:50:13Z,141.66385999999997,40.50107,bird_033,K18F60,18,2018,9922.446696390089,18,2018_bird_033_18_trip
2018-05-30T20:51:13Z,141.66338,40.49778,bird_033,K18F60,18,2018,10045.249339374248,18,2018_bird_033_18_trip
2018-05-30T20:52:13Z,141.66026,40.49455,bird_033,K18F60,18,2018,9981.035450986132,18,2018_bird_033_18_trip
2018-05-30T20:53:13Z,141.66105,40.49117,bird_033,K18F60,18,2018,10227.783878705715,18,2018_bird_033_18_trip
2018-05-30T20:54:14Z,141.66255999999998,40.48687999999999,bird_033,K18F60,18,2018,10588.599881186974,18,2018_bird_033_18_trip
2018-05-30T20:55:13Z,141.66705,40.48501,bird_033,K18F60,18,2018,11021.078197197252,18,2018_bird_033_18_trip
2018-05-30T20:56:14Z,141.67254999999997,40.48609,bird_033,K18F60,18,2018,11354.056070114457,18,2018_bird_033_18_trip
2018-05-30T20:57:14Z,141.67901999999998,40.48707999999999,bird_033,K18F60,18,2018,11774.022571324516,18,2018_bird_033_18_trip
2018-05-30T20:58:14Z,141.68354999999997,40.48622,bird_033,K18F60,18,2018,12156.470668141184,18,2018_bird_033_18_trip
2018-05-30T20:59:14Z,141.68607,40.484469999999995,bird_033,K18F60,18,2018,12437.308120169457,18,2018_bird_033_18_trip
2018-05-30T21:00:14Z,141.6908,40.48325,bird_033,K18F60,18,2018,12854.042767841933,18,2018_bird_033_18_trip
2018-05-30T21:01:14Z,141.69549999999998,40.480799999999995,bird_033,K18F60,18,2018,13334.261523676169,18,2018_bird_033_18_trip
2018-05-30T21:02:13Z,141.69872,40.47924,bird_033,K18F60,18,2018,13656.998497848645,18,2018_bird_033_18_trip
2018-05-30T21:03:16Z,141.70074,40.47858,bird_033,K18F60,18,2018,13842.381005480802,18,2018_bird_033_18_trip
2018-05-30T21:04:13Z,141.70286,40.477799999999995,bird_033,K18F60,18,2018,14041.63573013104,18,2018_bird_033_18_trip
2018-05-30T21:05:14Z,141.70421,40.47751,bird_033,K18F60,18,2018,14157.494597041084,18,2018_bird_033_18_trip
2018-05-30T21:06:14Z,141.70264999999998,40.47367,bird_033,K18F60,18,2018,14252.804073557034,18,2018_bird_033_18_trip
2018-05-30T21:07:14Z,141.70005999999998,40.47229,bird_033,K18F60,18,2018,14143.168479157484,18,2018_bird_033_18_trip
2018-05-30T21:08:14Z,141.69968999999998,40.47039,bird_033,K18F60,18,2018,14227.747906726205,18,2018_bird_033_18_trip
2018-05-30T21:09:15Z,141.7002,40.466550000000005,bird_033,K18F60,18,2018,14495.591673621666,18,2018_bird_033_18_trip
2018-05-30T21:10:14Z,141.70304999999996,40.46342,bird_033,K18F60,18,2018,14889.944790244694,18,2018_bird_033_18_trip
2018-05-30T21:11:13Z,141.70439,40.46154,bird_033,K18F60,18,2018,15101.58915572252,18,2018_bird_033_18_trip
2018-05-30T21:12:13Z,141.70914999999997,40.46054,bird_033,K18F60,18,2018,15497.655271754867,18,2018_bird_033_18_trip
2018-05-30T21:13:14Z,141.71354999999994,40.46095,bird_033,K18F60,18,2018,15783.250105641631,18,2018_bird_033_18_trip
2018-05-30T21:14:14Z,141.71887999999998,40.46065,bird_033,K18F60,18,2018,16181.375615728211,18,2018_bird_033_18_trip
2018-05-30T21:15:15Z,141.72206,40.45894,bird_033,K18F60,18,2018,16510.861166882994,18,2018_bird_033_18_trip
2018-05-30T21:16:13Z,141.72164999999998,40.454989999999995,bird_033,K18F60,18,2018,16721.391352887666,18,2018_bird_033_18_trip
2018-05-30T21:17:14Z,141.72220000000002,40.45191,bird_033,K18F60,18,2018,16952.31536116417,18,2018_bird_033_18_trip
2018-05-30T21:18:13Z,141.7217,40.44994,bird_033,K18F60,18,2018,17043.044756201572,18,2018_bird_033_18_trip
2018-05-30T21:19:14Z,141.72244000000003,40.447979999999994,bird_033,K18F60,18,2018,17220.730679570428,18,2018_bird_033_18_trip
2018-05-30T21:20:15Z,141.72477999999998,40.44512,bird_033,K18F60,18,2018,17568.113719590085,18,2018_bird_033_18_trip
2018-05-30T21:21:41Z,141.72848000000002,40.44132,bird_033,K18F60,18,2018,18071.504123341387,18,2018_bird_033_18_trip
2018-05-30T21:22:12Z,141.72992,40.44053,bird_033,K18F60,18,2018,18221.882172095844,18,2018_bird_033_18_trip
2018-05-30T21:23:12Z,141.73202,40.43879,bird_033,K18F60,18,2018,18480.319549615146,18,2018_bird_033_18_trip
2018-05-30T21:24:11Z,141.73454999999996,40.43687,bird_033,K18F60,18,2018,18780.04526343492,18,2018_bird_033_18_trip
2018-05-30T21:25:11Z,141.73883,40.4361,bird_033,K18F60,18,2018,19122.012452459563,18,2018_bird_033_18_trip
2018-05-30T21:26:11Z,141.74147,40.43463,bird_033,K18F60,18,2018,19399.16903946396,18,2018_bird_033_18_trip
2018-05-30T21:27:12Z,141.74281,40.435010000000005,bird_033,K18F60,18,2018,19465.58127948158,18,2018_bird_033_18_trip
2018-05-30T21:28:13Z,141.74539,40.4342,bird_033,K18F60,18,2018,19695.353248266132,18,2018_bird_033_18_trip
2018-05-30T21:29:13Z,141.74755999999996,40.432930000000006,bird_033,K18F60,18,2018,19927.220365779827,18,2018_bird_033_18_trip
2018-05-30T21:30:12Z,141.75096,40.43325,bird_033,K18F60,18,2018,20140.228538032607,18,2018_bird_033_18_trip
2018-05-30T21:31:12Z,141.75382,40.4327,bird_033,K18F60,18,2018,20373.344743623195,18,2018_bird_033_18_trip
2018-05-30T21:32:13Z,141.75766,40.43305,bird_033,K18F60,18,2018,20617.903241047552,18,2018_bird_033_18_trip
2018-05-30T21:33:12Z,141.75994,40.43141,bird_033,K18F60,18,2018,20880.676441629468,18,2018_bird_033_18_trip
2018-05-30T21:34:12Z,141.76209,40.43002,bird_033,K18F60,18,2018,21118.595280650286,18,2018_bird_033_18_trip
2018-05-30T21:35:13Z,141.76396999999997,40.42763,bird_033,K18F60,18,2018,21401.61713416765,18,2018_bird_033_18_trip
2018-05-30T21:36:12Z,141.75897,40.425,bird_033,K18F60,18,2018,21228.927558366788,18,2018_bird_033_18_trip
2018-05-30T21:37:11Z,141.75454,40.42259000000001,bird_033,K18F60,18,2018,21090.64479364398,18,2018_bird_033_18_trip
2018-05-30T21:38:12Z,141.75346,40.42501000000001,bird_033,K18F60,18,2018,20854.34612791417,18,2018_bird_033_18_trip
2018-05-30T21:39:12Z,141.75384,40.42549,bird_033,K18F60,18,2018,20847.8088871192,18,2018_bird_033_18_trip
2018-05-30T21:40:13Z,141.75218,40.42302,bird_033,K18F60,18,2018,20903.169211844783,18,2018_bird_033_18_trip
2018-05-30T21:41:12Z,141.75008,40.42045,bird_033,K18F60,18,2018,20940.773779812855,18,2018_bird_033_18_trip
2018-05-30T21:42:13Z,141.74666999999997,40.42068,bird_033,K18F60,18,2018,20700.02492037341,18,2018_bird_033_18_trip
2018-05-30T21:43:13Z,141.74797999999998,40.42429,bird_033,K18F60,18,2018,20535.6532900917,18,2018_bird_033_18_trip
2018-05-30T21:44:13Z,141.74671999999998,40.42553000000001,bird_033,K18F60,18,2018,20366.485942113464,18,2018_bird_033_18_trip
2018-05-30T21:45:12Z,141.74396999999996,40.426570000000005,bird_033,K18F60,18,2018,20111.67499293477,18,2018_bird_033_18_trip
2018-05-30T21:46:12Z,141.74317999999997,40.42667,bird_033,K18F60,18,2018,20052.193559274576,18,2018_bird_033_18_trip
2018-05-30T21:47:12Z,141.74170999999998,40.42648,bird_033,K18F60,18,2018,19967.70368942492,18,2018_bird_033_18_trip
2018-05-30T21:48:12Z,141.74276999999998,40.426950000000005,bird_033,K18F60,18,2018,20005.61594843842,18,2018_bird_033_18_trip
2018-05-30T21:49:12Z,141.74349999999995,40.42777,bird_033,K18F60,18,2018,19997.984850496417,18,2018_bird_033_18_trip
2018-05-30T21:50:12Z,141.74425999999997,40.4272,bird_033,K18F60,18,2018,20087.78430854444,18,2018_bird_033_18_trip
2018-05-30T21:51:12Z,141.74226,40.42683,bird_033,K18F60,18,2018,19979.9837396807,18,2018_bird_033_18_trip
2018-05-30T21:52:12Z,141.74719,40.427130000000005,bird_033,K18F60,18,2018,20288.841015127684,18,2018_bird_033_18_trip
2018-05-30T21:53:12Z,141.7511,40.425990000000006,bird_033,K18F60,18,2018,20629.10783137149,18,2018_bird_033_18_trip
2018-05-30T21:54:12Z,141.75158,40.42291000000001,bird_033,K18F60,18,2018,20870.565103294593,18,2018_bird_033_18_trip
2018-05-30T21:55:12Z,141.74949999999995,40.41991,bird_033,K18F60,18,2018,20940.20808100232,18,2018_bird_033_18_trip
2018-05-30T21:56:12Z,141.74494,40.41673,bird_033,K18F60,18,2018,20868.724955508547,18,2018_bird_033_18_trip
2018-05-30T21:57:12Z,141.74176999999997,40.414629999999995,bird_033,K18F60,18,2018,20818.492395772235,18,2018_bird_033_18_trip
2018-05-30T21:58:12Z,141.73648,40.41137,bird_033,K18F60,18,2018,20729.434207295915,18,2018_bird_033_18_trip
2018-05-30T21:59:12Z,141.73158999999998,40.408350000000006,bird_033,K18F60,18,2018,20661.554941793413,18,2018_bird_033_18_trip
2018-05-30T22:00:41Z,141.72447,40.40983,bird_033,K18F60,18,2018,20117.556937673464,18,2018_bird_033_18_trip
2018-05-30T22:01:14Z,141.72028,40.411179999999995,bird_033,K18F60,18,2018,19761.531786256262,18,2018_bird_033_18_trip
2018-05-30T22:02:14Z,141.71549,40.417230000000004,bird_033,K18F60,18,2018,18997.361198160677,18,2018_bird_033_18_trip
2018-05-30T22:03:14Z,141.70809,40.42164,bird_033,K18F60,18,2018,18207.705832248063,18,2018_bird_033_18_trip
2018-05-30T22:04:17Z,141.70705999999998,40.42182,bird_033,K18F60,18,2018,18132.29368021293,18,2018_bird_033_18_trip
2018-05-30T22:05:13Z,141.70709,40.42184,bird_033,K18F60,18,2018,18132.482174988745,18,2018_bird_033_18_trip
2018-05-30T22:06:15Z,141.70725,40.42187,bird_033,K18F60,18,2018,18139.585841163414,18,2018_bird_033_18_trip
2018-05-30T22:07:14Z,141.70735,40.4219,bird_033,K18F60,18,2018,18143.13659965921,18,2018_bird_033_18_trip
2018-05-30T22:08:13Z,141.70728,40.421859999999995,bird_033,K18F60,18,2018,18142.159472920142,18,2018_bird_033_18_trip
2018-05-30T22:09:13Z,141.70749999999998,40.421859999999995,bird_033,K18F60,18,2018,18155.21417367424,18,2018_bird_033_18_trip
2018-05-30T22:10:14Z,141.70728,40.421879999999994,bird_033,K18F60,18,2018,18140.571254072336,18,2018_bird_033_18_trip
2018-05-30T22:11:13Z,141.70754999999997,40.42179,bird_033,K18F60,18,2018,18163.73743851906,18,2018_bird_033_18_trip
2018-05-30T22:12:13Z,141.70753,40.42191,bird_033,K18F60,18,2018,18153.028053546903,18,2018_bird_033_18_trip
2018-05-30T22:13:13Z,141.70749999999998,40.42176,bird_033,K18F60,18,2018,18163.151569619433,18,2018_bird_033_18_trip
2018-05-30T22:14:13Z,141.70772,40.421879999999994,bird_033,K18F60,18,2018,18166.69270437821,18,2018_bird_033_18_trip
2018-05-30T22:15:13Z,141.7077,40.4218,bird_033,K18F60,18,2018,18171.84950215481,18,2018_bird_033_18_trip
2018-05-30T22:16:13Z,141.70771,40.42178,bird_033,K18F60,18,2018,18174.029905051902,18,2018_bird_033_18_trip
2018-05-30T22:17:14Z,141.70763,40.42182,bird_033,K18F60,18,2018,18166.106125724556,18,2018_bird_033_18_trip
2018-05-30T22:18:12Z,141.70773,40.42177,bird_033,K18F60,18,2018,18176.01087618297,18,2018_bird_033_18_trip
2018-05-30T22:19:12Z,141.70763,40.42181,bird_033,K18F60,18,2018,18166.89951269742,18,2018_bird_033_18_trip
2018-05-30T22:20:12Z,141.70772,40.42192,bird_033,K18F60,18,2018,18163.52121731903,18,2018_bird_033_18_trip
2018-05-30T22:21:12Z,141.70778,40.421859999999995,bird_033,K18F60,18,2018,18171.843379198453,18,2018_bird_033_18_trip
2018-05-30T22:22:13Z,141.70606999999998,40.42489,bird_033,K18F60,18,2018,17830.496498025714,18,2018_bird_033_18_trip
2018-05-30T22:23:12Z,141.70207,40.43094,bird_033,K18F60,18,2018,17116.47759652515,18,2018_bird_033_18_trip
2018-05-30T22:24:13Z,141.70334999999997,40.4327,bird_033,K18F60,18,2018,17058.878627085494,18,2018_bird_033_18_trip
2018-05-30T22:25:13Z,141.70557999999997,40.43276,bird_033,K18F60,18,2018,17191.774665079884,18,2018_bird_033_18_trip
2018-05-30T22:26:12Z,141.70822,40.43321,bird_033,K18F60,18,2018,17321.96833535062,18,2018_bird_033_18_trip
2018-05-30T22:27:11Z,141.71158999999997,40.43485999999999,bird_033,K18F60,18,2018,17411.791056925613,18,2018_bird_033_18_trip
2018-05-30T22:28:13Z,141.71275999999995,40.43458,bird_033,K18F60,18,2018,17506.814891720624,18,2018_bird_033_18_trip
2018-05-30T22:29:13Z,141.71175999999997,40.43514,bird_033,K18F60,18,2018,17402.03724948951,18,2018_bird_033_18_trip
2018-05-30T22:30:12Z,141.71115999999998,40.43626,bird_033,K18F60,18,2018,17281.740975042427,18,2018_bird_033_18_trip
2018-05-30T22:31:13Z,141.71014,40.43666,bird_033,K18F60,18,2018,17187.369546614354,18,2018_bird_033_18_trip
2018-05-30T22:32:13Z,141.70581,40.43836,bird_033,K18F60,18,2018,16786.979524753915,18,2018_bird_033_18_trip
2018-05-30T22:33:12Z,141.7042,40.43919,bird_033,K18F60,18,2018,16623.64772687099,18,2018_bird_033_18_trip
2018-05-30T22:34:13Z,141.70295,40.44042,bird_033,K18F60,18,2018,16453.65677688958,18,2018_bird_033_18_trip
2018-05-30T22:35:13Z,141.70612,40.44522,bird_033,K18F60,18,2018,16311.611563111628,18,2018_bird_033_18_trip
2018-05-30T22:36:13Z,141.70960999999997,40.4485,bird_033,K18F60,18,2018,16314.948157685089,18,2018_bird_033_18_trip
2018-05-30T22:37:13Z,141.70492,40.45321,bird_033,K18F60,18,2018,15680.709101181055,18,2018_bird_033_18_trip
2018-05-30T22:38:13Z,141.69678,40.456889999999994,bird_033,K18F60,18,2018,14884.043963609116,18,2018_bird_033_18_trip
2018-05-30T22:39:13Z,141.69592,40.45657,bird_033,K18F60,18,2018,14848.119244712265,18,2018_bird_033_18_trip
2018-05-30T22:40:12Z,141.69544000000002,40.45605,bird_033,K18F60,18,2018,14851.61669943082,18,2018_bird_033_18_trip
2018-05-30T22:41:13Z,141.6951,40.45637,bird_033,K18F60,18,2018,14806.98858831664,18,2018_bird_033_18_trip
2018-05-30T22:42:14Z,141.6953,40.45591,bird_033,K18F60,18,2018,14851.897984674728,18,2018_bird_033_18_trip
2018-05-30T22:43:12Z,141.69542,40.45574,bird_033,K18F60,18,2018,14871.578928066092,18,2018_bird_033_18_trip
2018-05-30T22:44:12Z,141.69445,40.45719,bird_033,K18F60,18,2018,14707.450542083989,18,2018_bird_033_18_trip
2018-05-30T22:45:12Z,141.69491,40.45809,bird_033,K18F60,18,2018,14677.072456900503,18,2018_bird_033_18_trip
2018-05-30T22:46:12Z,141.69143000000005,40.457649999999994,bird_033,K18F60,18,2018,14474.56821679367,18,2018_bird_033_18_trip
2018-05-30T22:47:12Z,141.68705,40.45711,bird_033,K18F60,18,2018,14223.549984444571,18,2018_bird_033_18_trip
2018-05-30T22:48:13Z,141.68553,40.457449999999994,bird_033,K18F60,18,2018,14100.199917340104,18,2018_bird_033_18_trip
2018-05-30T22:49:13Z,141.68237000000002,40.45739999999999,bird_033,K18F60,18,2018,13898.838882325284,18,2018_bird_033_18_trip
2018-05-30T22:50:12Z,141.68212000000003,40.45748999999999,bird_033,K18F60,18,2018,13876.224116202146,18,2018_bird_033_18_trip
2018-05-30T22:51:12Z,141.68222000000003,40.45757999999999,bird_033,K18F60,18,2018,13876.185851439268,18,2018_bird_033_18_trip
2018-05-30T22:52:12Z,141.68231000000003,40.45773,bird_033,K18F60,18,2018,13871.195908733154,18,2018_bird_033_18_trip
2018-05-30T22:53:12Z,141.68205,40.456999999999994,bird_033,K18F60,18,2018,13907.133039634278,18,2018_bird_033_18_trip
2018-05-30T22:54:12Z,141.68189,40.45842,bird_033,K18F60,18,2018,13794.458988784458,18,2018_bird_033_18_trip
2018-05-30T22:55:12Z,141.67804,40.459619999999994,bird_033,K18F60,18,2018,13459.552109546736,18,2018_bird_033_18_trip
2018-05-30T22:56:13Z,141.6679,40.462900000000005,bird_033,K18F60,18,2018,12573.25293532136,18,2018_bird_033_18_trip
2018-05-30T22:57:12Z,141.66181,40.46865,bird_033,K18F60,18,2018,11762.899172308416,18,2018_bird_033_18_trip
2018-05-30T22:58:12Z,141.65838000000002,40.47333,bird_033,K18F60,18,2018,11202.907877820506,18,2018_bird_033_18_trip
2018-05-30T22:59:13Z,141.65904999999998,40.474439999999994,bird_033,K18F60,18,2018,11167.16734770822,18,2018_bird_033_18_trip
2018-05-30T23:00:14Z,141.65808,40.47868,bird_033,K18F60,18,2018,10807.685088679984,18,2018_bird_033_18_trip
2018-05-30T23:01:13Z,141.65226,40.48387,bird_033,K18F60,18,2018,10065.021431483152,18,2018_bird_033_18_trip
2018-05-30T23:02:12Z,141.65248000000005,40.48665999999999,bird_033,K18F60,18,2018,9896.024681363471,18,2018_bird_033_18_trip
2018-05-30T23:03:12Z,141.64914999999996,40.4917,bird_033,K18F60,18,2018,9344.747949497298,18,2018_bird_033_18_trip
2018-05-30T23:04:13Z,141.63773,40.49528,bird_033,K18F60,18,2018,8322.110642432455,18,2018_bird_033_18_trip
2018-05-30T23:05:13Z,141.62761,40.500510000000006,bird_033,K18F60,18,2018,7286.418466671205,18,2018_bird_033_18_trip
2018-05-30T23:06:14Z,141.62125,40.50676,bird_033,K18F60,18,2018,6449.372836167579,18,2018_bird_033_18_trip
2018-05-30T23:07:13Z,141.61337999999998,40.5111,bird_033,K18F60,18,2018,5627.40974211878,18,2018_bird_033_18_trip
2018-05-30T23:08:13Z,141.60496999999998,40.51618,bird_033,K18F60,18,2018,4723.37373859605,18,2018_bird_033_18_trip
2018-05-30T23:09:14Z,141.59714000000002,40.52045,bird_033,K18F60,18,2018,3909.893355512182,18,2018_bird_033_18_trip
2018-05-30T23:10:14Z,141.58961,40.52572000000001,bird_033,K18F60,18,2018,3066.2317094821497,18,2018_bird_033_18_trip
2018-05-30T23:11:13Z,141.58449000000002,40.53197,bird_033,K18F60,18,2018,2394.1786789077964,18,2018_bird_033_18_trip
2018-05-30T23:12:14Z,141.58075,40.53851000000001,bird_033,K18F60,18,2018,1961.0162107668152,18,2018_bird_033_18_trip
2018-05-30T23:13:14Z,141.57271,40.54215000000001,bird_033,K18F60,18,2018,1338.9446504649652,18,2018_bird_033_18_trip
2018-06-01T19:56:14Z,141.5427,40.54582,bird_033,K18F60,18,2018,1495.2004399255936,23,2018_bird_033_23_trip
2018-06-01T19:57:13Z,141.53664999999998,40.547279999999994,bird_033,K18F60,18,2018,2019.5041914506187,23,2018_bird_033_23_trip
2018-06-01T19:58:14Z,141.52984,40.54803,bird_033,K18F60,18,2018,2574.2053220579323,23,2018_bird_033_23_trip
2018-06-01T19:59:14Z,141.52277,40.54771,bird_033,K18F60,18,2018,3119.196531695449,23,2018_bird_033_23_trip
2018-06-01T20:00:15Z,141.51593,40.54727,bird_033,K18F60,18,2018,3659.026603522124,23,2018_bird_033_23_trip
2018-06-01T20:01:13Z,141.51254999999998,40.544889999999995,bird_033,K18F60,18,2018,3879.944004271481,23,2018_bird_033_23_trip
2018-06-01T20:02:14Z,141.51264999999998,40.54485,bird_033,K18F60,18,2018,3870.813940471762,23,2018_bird_033_23_trip
2018-06-01T20:03:13Z,141.51267000000001,40.54483,bird_033,K18F60,18,2018,3868.750242750021,23,2018_bird_033_23_trip
2018-06-01T20:04:14Z,141.51269,40.544819999999994,bird_033,K18F60,18,2018,3866.885178171803,23,2018_bird_033_23_trip
2018-06-01T20:05:14Z,141.51267000000001,40.54485999999999,bird_033,K18F60,18,2018,3869.345916221587,23,2018_bird_033_23_trip
2018-06-01T20:06:15Z,141.51264,40.54485,bird_033,K18F60,18,2018,3871.647394685646,23,2018_bird_033_23_trip
2018-06-01T20:07:13Z,141.51269,40.54499,bird_033,K18F60,18,2018,3870.293577869095,23,2018_bird_033_23_trip
2018-06-01T20:08:14Z,141.51271,40.54487,bird_033,K18F60,18,2018,3866.2117255575854,23,2018_bird_033_23_trip
2018-06-01T20:09:13Z,141.51272,40.544889999999995,bird_033,K18F60,18,2018,3865.778105523676,23,2018_bird_033_23_trip
2018-06-01T20:10:13Z,141.51274,40.544889999999995,bird_033,K18F60,18,2018,3864.111643752661,23,2018_bird_033_23_trip
2018-06-01T20:11:12Z,141.5128,40.54507,bird_033,K18F60,18,2018,3862.77158656462,23,2018_bird_033_23_trip
2018-06-01T20:12:13Z,141.51277,40.5449,bird_033,K18F60,18,2018,3861.81252935864,23,2018_bird_033_23_trip
2018-06-01T20:13:13Z,141.51274,40.54492,bird_033,K18F60,18,2018,3864.713777995492,23,2018_bird_033_23_trip
2018-06-01T20:14:13Z,141.51274999999998,40.54485,bird_033,K18F60,18,2018,3862.4797261160834,23,2018_bird_033_23_trip
2018-06-01T20:15:13Z,141.51272,40.54487,bird_033,K18F60,18,2018,3865.378399205927,23,2018_bird_033_23_trip
2018-06-01T20:16:12Z,141.51276,40.54493,bird_033,K18F60,18,2018,3863.249016692076,23,2018_bird_033_23_trip
2018-06-01T20:17:13Z,141.51274999999998,40.544839999999994,bird_033,K18F60,18,2018,3862.280824520571,23,2018_bird_033_23_trip
2018-06-01T20:18:13Z,141.51276,40.544799999999995,bird_033,K18F60,18,2018,3860.6547058174287,23,2018_bird_033_23_trip
2018-06-01T20:19:13Z,141.51279,40.54487,bird_033,K18F60,18,2018,3859.545283298391,23,2018_bird_033_23_trip
2018-06-01T20:20:14Z,141.51277,40.54487,bird_033,K18F60,18,2018,3861.2118577062456,23,2018_bird_033_23_trip
2018-06-01T20:21:13Z,141.51274,40.54485999999999,bird_033,K18F60,18,2018,3863.512288164933,23,2018_bird_033_23_trip
2018-06-01T20:22:13Z,141.5128,40.5449,bird_033,K18F60,18,2018,3859.313067001871,23,2018_bird_033_23_trip
2018-06-01T20:23:13Z,141.51274,40.54492,bird_033,K18F60,18,2018,3864.713777995492,23,2018_bird_033_23_trip
2018-06-01T20:24:13Z,141.51274999999998,40.54494,bird_033,K18F60,18,2018,3864.2837394205,23,2018_bird_033_23_trip
2018-06-01T20:25:13Z,141.51279,40.54487999999999,bird_033,K18F60,18,2018,3859.745284792514,23,2018_bird_033_23_trip
2018-06-01T20:26:13Z,141.51273,40.5449,bird_033,K18F60,18,2018,3865.1452310251234,23,2018_bird_033_23_trip
2018-06-01T20:27:13Z,141.5128,40.54485999999999,bird_033,K18F60,18,2018,3858.5122695543896,23,2018_bird_033_23_trip
2018-06-01T20:28:12Z,141.5128,40.544839999999994,bird_033,K18F60,18,2018,3858.113726178035,23,2018_bird_033_23_trip
2018-06-01T20:29:14Z,141.51281,40.54485999999999,bird_033,K18F60,18,2018,3857.678954183168,23,2018_bird_033_23_trip
2018-06-01T20:30:14Z,141.51308999999998,40.545190000000005,bird_033,K18F60,18,2018,3841.1454661550706,23,2018_bird_033_23_trip
2018-06-01T20:31:14Z,141.51452999999998,40.55043,bird_033,K18F60,18,2018,3877.836173893607,23,2018_bird_033_23_trip
2018-06-01T20:32:14Z,141.51649999999998,40.55549,bird_033,K18F60,18,2018,3954.481740427598,23,2018_bird_033_23_trip
2018-06-01T20:33:13Z,141.51849,40.56096,bird_033,K18F60,18,2018,4139.832246247009,23,2018_bird_033_23_trip
2018-06-01T20:34:13Z,141.52176,40.56595000000001,bird_033,K18F60,18,2018,4293.820374374148,23,2018_bird_033_23_trip
2018-06-01T20:35:14Z,141.52739000000005,40.5699,bird_033,K18F60,18,2018,4315.608534878153,23,2018_bird_033_23_trip
2018-06-01T20:36:13Z,141.53209,40.57441,bird_033,K18F60,18,2018,4525.120621366337,23,2018_bird_033_23_trip
2018-06-01T20:37:13Z,141.53464,40.57958,bird_033,K18F60,18,2018,4948.17058564258,23,2018_bird_033_23_trip
2018-06-01T20:38:13Z,141.53794000000002,40.584889999999994,bird_033,K18F60,18,2018,5402.652904823628,23,2018_bird_033_23_trip
2018-06-01T20:39:13Z,141.54251,40.589679999999994,bird_033,K18F60,18,2018,5813.764049675965,23,2018_bird_033_23_trip
2018-06-01T20:40:13Z,141.54681,40.59452,bird_033,K18F60,18,2018,6275.891049799088,23,2018_bird_033_23_trip
2018-06-01T20:41:13Z,141.54961999999998,40.60002,bird_033,K18F60,18,2018,6853.15510264567,23,2018_bird_033_23_trip
2018-06-01T20:42:14Z,141.55366999999998,40.60527,bird_033,K18F60,18,2018,7410.212468373674,23,2018_bird_033_23_trip
2018-06-01T20:43:13Z,141.55679,40.60936,bird_033,K18F60,18,2018,7857.205671744188,23,2018_bird_033_23_trip
2018-06-01T20:44:13Z,141.56063,40.61409,bird_033,K18F60,18,2018,8386.070820272342,23,2018_bird_033_23_trip
2018-06-01T20:45:13Z,141.56457999999998,40.61892,bird_033,K18F60,18,2018,8938.050250129801,23,2018_bird_033_23_trip
2018-06-01T20:46:12Z,141.56746,40.62471000000001,bird_033,K18F60,18,2018,9597.818283731478,23,2018_bird_033_23_trip
2018-06-01T20:47:14Z,141.57068999999998,40.63053000000001,bird_033,K18F60,18,2018,10267.712547352869,23,2018_bird_033_23_trip
2018-06-01T20:48:13Z,141.57523,40.63546,bird_033,K18F60,18,2018,10858.250843340607,23,2018_bird_033_23_trip
2018-06-01T20:49:13Z,141.57877,40.64116,bird_033,K18F60,18,2018,11528.297320715365,23,2018_bird_033_23_trip
2018-06-01T20:50:13Z,141.58255,40.64703,bird_033,K18F60,18,2018,12223.829893626387,23,2018_bird_033_23_trip
2018-06-01T20:51:13Z,141.5892,40.65118,bird_033,K18F60,18,2018,12783.801744633032,23,2018_bird_033_23_trip
2018-06-01T20:52:12Z,141.59655999999998,40.65483,bird_033,K18F60,18,2018,13320.804252000258,23,2018_bird_033_23_trip
2018-06-01T20:53:14Z,141.60370999999998,40.65897,bird_033,K18F60,18,2018,13924.039509319648,23,2018_bird_033_23_trip
2018-06-01T20:54:15Z,141.61112,40.66308,bird_033,K18F60,18,2018,14545.631033523228,23,2018_bird_033_23_trip
2018-06-01T20:55:13Z,141.61718,40.666810000000005,bird_033,K18F60,18,2018,15103.179050811652,23,2018_bird_033_23_trip
2018-06-01T20:56:12Z,141.62364999999997,40.67022,bird_033,K18F60,18,2018,15647.756741630972,23,2018_bird_033_23_trip
2018-06-01T20:57:13Z,141.63115,40.67416,bird_033,K18F60,18,2018,16288.958841542517,23,2018_bird_033_23_trip
2018-06-01T20:58:14Z,141.63848000000002,40.67916,bird_033,K18F60,18,2018,17042.843733943402,23,2018_bird_033_23_trip
2018-06-01T20:59:13Z,141.64573,40.68418,bird_033,K18F60,18,2018,17802.8816014027,23,2018_bird_033_23_trip
2018-06-01T21:00:13Z,141.653,40.68928,bird_033,K18F60,18,2018,18577.51772025907,23,2018_bird_033_23_trip
2018-06-01T21:01:12Z,141.65963,40.69455000000001,bird_033,K18F60,18,2018,19349.88157242132,23,2018_bird_033_23_trip
2018-06-01T21:02:13Z,141.66733000000002,40.69926,bird_033,K18F60,18,2018,20111.583252845583,23,2018_bird_033_23_trip
2018-06-01T21:03:13Z,141.67479999999998,40.70382,bird_033,K18F60,18,2018,20854.988022051573,23,2018_bird_033_23_trip
2018-06-01T21:04:12Z,141.68144000000004,40.70869,bird_033,K18F60,18,2018,21599.016161306263,23,2018_bird_033_23_trip
2018-06-01T21:05:13Z,141.68868,40.71345,bird_033,K18F60,18,2018,22359.967317895804,23,2018_bird_033_23_trip
2018-06-01T21:06:12Z,141.69597,40.7178,bird_033,K18F60,18,2018,23087.051806582134,23,2018_bird_033_23_trip
2018-06-01T21:07:13Z,141.70345999999998,40.722510000000014,bird_033,K18F60,18,2018,23860.619785392963,23,2018_bird_033_23_trip
2018-06-01T21:08:13Z,141.71031,40.72749,bird_033,K18F60,18,2018,24634.300207525263,23,2018_bird_033_23_trip
2018-06-01T21:09:13Z,141.71769999999998,40.732020000000006,bird_033,K18F60,18,2018,25391.66996577258,23,2018_bird_033_23_trip
2018-06-01T21:10:14Z,141.72576999999998,40.736450000000005,bird_033,K18F60,18,2018,26173.577774337144,23,2018_bird_033_23_trip
2018-06-01T21:11:12Z,141.73334,40.73639000000001,bird_033,K18F60,18,2018,26521.570860523698,23,2018_bird_033_23_trip
2018-06-01T21:12:13Z,141.73483,40.73408,bird_033,K18F60,18,2018,26381.10471493163,23,2018_bird_033_23_trip
2018-06-01T21:13:13Z,141.74068999999997,40.73418,bird_033,K18F60,18,2018,26674.9871426317,23,2018_bird_033_23_trip
2018-06-01T21:14:13Z,141.74799,40.73321000000001,bird_033,K18F60,18,2018,26951.85558674463,23,2018_bird_033_23_trip
2018-06-01T21:15:14Z,141.75125,40.73264,bird_033,K18F60,18,2018,27067.18839357765,23,2018_bird_033_23_trip
2018-06-01T21:16:13Z,141.75374,40.73237000000001,bird_033,K18F60,18,2018,27171.465334497767,23,2018_bird_033_23_trip
2018-06-01T21:17:13Z,141.75384,40.73208,bird_033,K18F60,18,2018,27151.1639485452,23,2018_bird_033_23_trip
2018-06-01T21:18:13Z,141.75367999999995,40.73198,bird_033,K18F60,18,2018,27134.10851677662,23,2018_bird_033_23_trip
2018-06-01T21:19:13Z,141.75427,40.731370000000005,bird_033,K18F60,18,2018,27111.179742268647,23,2018_bird_033_23_trip
2018-06-01T21:20:14Z,141.75878,40.73107,bird_033,K18F60,18,2018,27320.93277484223,23,2018_bird_033_23_trip
2018-06-01T21:21:13Z,141.76619,40.733810000000005,bird_033,K18F60,18,2018,27950.84607781905,23,2018_bird_033_23_trip
2018-06-01T21:22:14Z,141.77490999999998,40.735580000000006,bird_033,K18F60,18,2018,28572.338843455494,23,2018_bird_033_23_trip
2018-06-01T21:23:13Z,141.78364999999997,40.7378,bird_033,K18F60,18,2018,29239.38994952385,23,2018_bird_033_23_trip
2018-06-01T21:24:14Z,141.79147,40.73958,bird_033,K18F60,18,2018,29823.685053607915,23,2018_bird_033_23_trip
2018-06-01T21:25:13Z,141.79995999999997,40.741879999999995,bird_033,K18F60,18,2018,30493.20274182265,23,2018_bird_033_23_trip
2018-06-01T21:26:13Z,141.80835000000002,40.74570000000001,bird_033,K18F60,18,2018,31284.89395172574,23,2018_bird_033_23_trip
2018-06-01T21:27:13Z,141.81547,40.75123,bird_033,K18F60,18,2018,32144.032373913466,23,2018_bird_033_23_trip
2018-06-01T21:28:13Z,141.82334000000003,40.75373,bird_033,K18F60,18,2018,32800.75362689547,23,2018_bird_033_23_trip
2018-06-01T21:29:14Z,141.83001000000002,40.75326,bird_033,K18F60,18,2018,33152.40747861873,23,2018_bird_033_23_trip
2018-06-01T21:30:13Z,141.83752,40.75561,bird_033,K18F60,18,2018,33782.357009757565,23,2018_bird_033_23_trip
2018-06-01T21:31:13Z,141.83607,40.7589,bird_033,K18F60,18,2018,33958.35200577143,23,2018_bird_033_23_trip
2018-06-01T21:32:13Z,141.8408,40.76404,bird_033,K18F60,18,2018,34646.546742792925,23,2018_bird_033_23_trip
2018-06-01T21:33:13Z,141.84862,40.76873000000001,bird_033,K18F60,18,2018,35479.6943914959,23,2018_bird_033_23_trip
2018-06-01T21:34:12Z,141.85695,40.77246,bird_033,K18F60,18,2018,36266.92502179974,23,2018_bird_033_23_trip
2018-06-01T21:35:14Z,141.86436,40.7772,bird_033,K18F60,18,2018,37080.7303340255,23,2018_bird_033_23_trip
2018-06-01T21:36:13Z,141.87224000000003,40.78183,bird_033,K18F60,18,2018,37913.860752627435,23,2018_bird_033_23_trip
2018-06-01T21:37:13Z,141.88036000000002,40.78511000000001,bird_033,K18F60,18,2018,38655.47180867305,23,2018_bird_033_23_trip
2018-06-01T21:38:14Z,141.88794000000004,40.78862,bird_033,K18F60,18,2018,39383.96313355925,23,2018_bird_033_23_trip
2018-06-01T21:39:13Z,141.89537,40.79392000000001,bird_033,K18F60,18,2018,40243.69382457083,23,2018_bird_033_23_trip
2018-06-01T21:40:13Z,141.90236000000002,40.79928,bird_033,K18F60,18,2018,41081.67863889309,23,2018_bird_033_23_trip
2018-06-01T21:41:13Z,141.90947,40.80433,bird_033,K18F60,18,2018,41902.62939554184,23,2018_bird_033_23_trip
2018-06-01T21:42:13Z,141.91832000000002,40.8075,bird_033,K18F60,18,2018,42682.18645052508,23,2018_bird_033_23_trip
2018-06-01T21:43:13Z,141.92723000000004,40.81016,bird_033,K18F60,18,2018,43427.83191737068,23,2018_bird_033_23_trip
2018-06-01T21:44:13Z,141.93556999999998,40.81399999999999,bird_033,K18F60,18,2018,44231.066239287546,23,2018_bird_033_23_trip
2018-06-01T21:45:14Z,141.94472,40.81783999999999,bird_033,K18F60,18,2018,45084.68038853896,23,2018_bird_033_23_trip
2018-06-01T21:46:14Z,141.95346,40.82243,bird_033,K18F60,18,2018,45971.009543159926,23,2018_bird_033_23_trip
2018-06-01T21:47:13Z,141.96247000000002,40.82687,bird_033,K18F60,18,2018,46863.00834485576,23,2018_bird_033_23_trip
2018-06-01T21:48:13Z,141.97097,40.83223,bird_033,K18F60,18,2018,47793.40318785861,23,2018_bird_033_23_trip
2018-06-01T21:49:13Z,141.97929,40.8379,bird_033,K18F60,18,2018,48736.09203073988,23,2018_bird_033_23_trip
2018-06-01T21:50:13Z,141.98442000000003,40.84087999999999,bird_033,K18F60,18,2018,49278.3713194316,23,2018_bird_033_23_trip
2018-06-01T21:51:14Z,141.9915,40.84582,bird_033,K18F60,18,2018,50089.206640716235,23,2018_bird_033_23_trip
2018-06-01T21:52:13Z,141.99888,40.85079999999999,bird_033,K18F60,18,2018,50921.59662565544,23,2018_bird_033_23_trip
2018-06-01T21:53:13Z,141.99984999999998,40.85433999999999,bird_033,K18F60,18,2018,51249.093820085895,23,2018_bird_033_23_trip
2018-06-01T21:54:14Z,142.00211000000002,40.86061,bird_033,K18F60,18,2018,51864.86200082948,23,2018_bird_033_23_trip
2018-06-01T21:55:13Z,141.99898000000002,40.86594,bird_033,K18F60,18,2018,52083.85114702062,23,2018_bird_033_23_trip
2018-06-01T21:56:14Z,141.99627,40.86967,bird_033,K18F60,18,2018,52210.17285005078,23,2018_bird_033_23_trip
2018-06-01T21:57:14Z,141.99331,40.87457,bird_033,K18F60,18,2018,52417.78998540511,23,2018_bird_033_23_trip
2018-06-01T21:58:13Z,141.98997,40.87999,bird_033,K18F60,18,2018,52650.5883885382,23,2018_bird_033_23_trip
2018-06-01T21:59:13Z,141.98668,40.885479999999994,bird_033,K18F60,18,2018,52899.293664823585,23,2018_bird_033_23_trip
2018-06-01T22:00:41Z,141.99403,40.89366,bird_033,K18F60,18,2018,53985.16836639432,23,2018_bird_033_23_trip
2018-06-01T22:01:14Z,141.99706,40.89715,bird_033,K18F60,18,2018,54442.50186661096,23,2018_bird_033_23_trip
2018-06-01T22:02:13Z,142.00151,40.90376,bird_033,K18F60,18,2018,55234.96983476021,23,2018_bird_033_23_trip
2018-06-01T22:03:13Z,142.00674,40.91067,bird_033,K18F60,18,2018,56097.36726675937,23,2018_bird_033_23_trip
2018-06-01T22:04:13Z,142.01299,40.91635,bird_033,K18F60,18,2018,56918.01256267635,23,2018_bird_033_23_trip
2018-06-01T22:05:14Z,142.01191,40.91692,bird_033,K18F60,18,2018,56902.990807754126,23,2018_bird_033_23_trip
2018-06-01T22:06:14Z,142.01196,40.91679,bird_033,K18F60,18,2018,56895.207912293234,23,2018_bird_033_23_trip
2018-06-01T22:07:13Z,142.01171,40.9169,bird_033,K18F60,18,2018,56889.96005078811,23,2018_bird_033_23_trip
2018-06-01T22:08:13Z,142.01117,40.917269999999995,bird_033,K18F60,18,2018,56889.500370513735,23,2018_bird_033_23_trip
2018-06-01T22:09:14Z,142.01616,40.92088,bird_033,K18F60,18,2018,57469.06377130958,23,2018_bird_033_23_trip
2018-06-01T22:10:14Z,142.01919999999998,40.92589,bird_033,K18F60,18,2018,58052.45805769881,23,2018_bird_033_23_trip
2018-06-01T22:11:14Z,142.01986999999997,40.929550000000006,bird_033,K18F60,18,2018,58391.32708095289,23,2018_bird_033_23_trip
2018-06-01T22:12:14Z,142.02443000000002,40.935570000000006,bird_033,K18F60,18,2018,59145.00257963976,23,2018_bird_033_23_trip
2018-06-01T22:13:14Z,142.02879,40.93787999999999,bird_033,K18F60,18,2018,59581.36217191134,23,2018_bird_033_23_trip
2018-06-01T22:14:13Z,142.03005,40.94298,bird_033,K18F60,18,2018,60073.659352513045,23,2018_bird_033_23_trip
2018-06-01T22:15:13Z,142.03133000000005,40.94919,bird_033,K18F60,18,2018,60660.92155680792,23,2018_bird_033_23_trip
2018-06-01T22:16:14Z,142.0342,40.95582,bird_033,K18F60,18,2018,61373.65041368169,23,2018_bird_033_23_trip
2018-06-01T22:17:14Z,142.03529,40.96199,bird_033,K18F60,18,2018,61951.22714954277,23,2018_bird_033_23_trip
2018-06-01T22:18:13Z,142.03471,40.96801000000001,bird_033,K18F60,18,2018,62427.31410161812,23,2018_bird_033_23_trip
2018-06-01T22:19:13Z,142.03564999999998,40.974689999999995,bird_033,K18F60,18,2018,63045.28244558721,23,2018_bird_033_23_trip
2018-06-01T22:20:13Z,142.03602,40.98067999999999,bird_033,K18F60,18,2018,63576.3664697032,23,2018_bird_033_23_trip
2018-06-01T22:21:13Z,142.036,40.9869,bird_033,K18F60,18,2018,64108.993978664555,23,2018_bird_033_23_trip
2018-06-01T22:22:14Z,142.03527,40.99309,bird_033,K18F60,18,2018,64604.58025488429,23,2018_bird_033_23_trip
2018-06-01T22:23:12Z,142.0351,40.99848,bird_033,K18F60,18,2018,65063.364723787585,23,2018_bird_033_23_trip
2018-06-01T22:24:13Z,142.03321,41.00349,bird_033,K18F60,18,2018,65401.95923238536,23,2018_bird_033_23_trip
2018-06-01T22:25:13Z,142.03273000000002,41.00352,bird_033,K18F60,18,2018,65379.71307737619,23,2018_bird_033_23_trip
2018-06-01T22:26:14Z,142.03228,41.004639999999995,bird_033,K18F60,18,2018,65454.503275514326,23,2018_bird_033_23_trip
2018-06-01T22:27:14Z,142.03173,41.00901,bird_033,K18F60,18,2018,65809.83627563392,23,2018_bird_033_23_trip
2018-06-01T22:28:15Z,142.03091,41.01409,bird_033,K18F60,18,2018,66215.81754054956,23,2018_bird_033_23_trip
2018-06-01T22:29:13Z,142.03039,41.01866,bird_033,K18F60,18,2018,66594.08807075658,23,2018_bird_033_23_trip
2018-06-01T22:30:14Z,142.02914,41.02345,bird_033,K18F60,18,2018,66957.04583299732,23,2018_bird_033_23_trip
2018-06-01T22:31:14Z,142.02826000000002,41.02821000000001,bird_033,K18F60,18,2018,67338.16010700174,23,2018_bird_033_23_trip
2018-06-01T22:32:14Z,142.02889000000002,41.033910000000006,bird_033,K18F60,18,2018,67880.44346239913,23,2018_bird_033_23_trip
2018-06-01T22:33:13Z,142.02989,41.04049,bird_033,K18F60,18,2018,68521.81709266236,23,2018_bird_033_23_trip
2018-06-01T22:34:13Z,142.0286,41.04597,bird_033,K18F60,18,2018,68953.95774461802,23,2018_bird_033_23_trip
2018-06-01T22:35:14Z,142.02812000000003,41.05185999999999,bird_033,K18F60,18,2018,69465.28592647598,23,2018_bird_033_23_trip
2018-06-01T22:36:14Z,142.02855,41.05717,bird_033,K18F60,18,2018,69969.6555451142,23,2018_bird_033_23_trip
2018-06-01T22:37:14Z,142.02715,41.06307,bird_033,K18F60,18,2018,70442.3826361198,23,2018_bird_033_23_trip
2018-06-01T22:38:14Z,142.02465999999998,41.06799,bird_033,K18F60,18,2018,70776.76546225515,23,2018_bird_033_23_trip
2018-06-01T22:39:13Z,142.02502,41.07432,bird_033,K18F60,18,2018,71377.48407157169,23,2018_bird_033_23_trip
2018-06-01T22:40:13Z,142.02472,41.08043,bird_033,K18F60,18,2018,71929.14146517882,23,2018_bird_033_23_trip
2018-06-01T22:41:15Z,142.02093000000002,41.08351,bird_033,K18F60,18,2018,72040.98997031797,23,2018_bird_033_23_trip
2018-06-01T22:42:14Z,142.01854,41.08783,bird_033,K18F60,18,2018,72335.13850615303,23,2018_bird_033_23_trip
2018-06-01T22:43:13Z,142.01978999999997,41.09355000000001,bird_033,K18F60,18,2018,72926.99551298219,23,2018_bird_033_23_trip
2018-06-01T22:44:14Z,142.02364999999998,41.10018,bird_033,K18F60,18,2018,73722.37484491378,23,2018_bird_033_23_trip
2018-06-01T22:45:13Z,142.02627,41.10667,bird_033,K18F60,18,2018,74449.1831112843,23,2018_bird_033_23_trip
2018-06-01T22:46:13Z,142.03081,41.113110000000006,bird_033,K18F60,18,2018,75257.5779679722,23,2018_bird_033_23_trip
2018-06-01T22:47:13Z,142.03364999999997,41.12006,bird_033,K18F60,18,2018,76038.13371461495,23,2018_bird_033_23_trip
2018-06-01T22:48:13Z,142.03474,41.12697000000001,bird_033,K18F60,18,2018,76737.94922357409,23,2018_bird_033_23_trip
2018-06-01T22:49:13Z,142.03447,41.13033000000001,bird_033,K18F60,18,2018,77043.48915582629,23,2018_bird_033_23_trip
2018-06-01T22:50:14Z,142.03215,41.13189,bird_033,K18F60,18,2018,77089.2846650056,23,2018_bird_033_23_trip
2018-06-01T22:51:14Z,142.03042000000002,41.13719,bird_033,K18F60,18,2018,77516.94711742806,23,2018_bird_033_23_trip
2018-06-01T22:52:13Z,142.03282000000002,41.14312,bird_033,K18F60,18,2018,78185.06933264738,23,2018_bird_033_23_trip
2018-06-01T22:53:14Z,142.0331,41.14936,bird_033,K18F60,18,2018,78791.94535670114,23,2018_bird_033_23_trip
2018-06-01T22:54:13Z,142.0297,41.15423,bird_033,K18F60,18,2018,79112.57095594161,23,2018_bird_033_23_trip
2018-06-01T22:55:14Z,142.0291,41.16013000000001,bird_033,K18F60,18,2018,79653.32469531191,23,2018_bird_033_23_trip
2018-06-01T22:56:14Z,142.02734000000004,41.16451000000001,bird_033,K18F60,18,2018,80000.95596165673,23,2018_bird_033_23_trip
2018-06-01T22:57:13Z,142.02856,41.1706,bird_033,K18F60,18,2018,80638.9844797798,23,2018_bird_033_23_trip
2018-06-01T22:58:13Z,142.03225,41.176570000000005,bird_033,K18F60,18,2018,81368.37820313581,23,2018_bird_033_23_trip
2018-06-01T22:59:14Z,142.03911,41.18155,bird_033,K18F60,18,2018,82133.97061868566,23,2018_bird_033_23_trip
2018-06-01T23:00:14Z,142.04782,41.18299,bird_033,K18F60,18,2018,82637.62823170781,23,2018_bird_033_23_trip
2018-06-01T23:01:14Z,142.05703000000003,41.1847,bird_033,K18F60,18,2018,83192.16315190152,23,2018_bird_033_23_trip
2018-06-01T23:02:14Z,142.06561,41.18548,bird_033,K18F60,18,2018,83634.8775749639,23,2018_bird_033_23_trip
2018-06-01T23:03:15Z,142.07478999999998,41.18825,bird_033,K18F60,18,2018,84296.5024996606,23,2018_bird_033_23_trip
2018-06-01T23:04:15Z,142.08429,41.19008,bird_033,K18F60,18,2018,84886.373933936,23,2018_bird_033_23_trip
2018-06-01T23:05:13Z,142.09331,41.19245000000001,bird_033,K18F60,18,2018,85509.56776254994,23,2018_bird_033_23_trip
2018-06-01T23:06:14Z,142.10182,41.19458,bird_033,K18F60,18,2018,86090.31722682409,23,2018_bird_033_23_trip
2018-06-01T23:07:15Z,142.111,41.196290000000005,bird_033,K18F60,18,2018,86664.87937923624,23,2018_bird_033_23_trip
2018-06-01T23:08:13Z,142.11994999999996,41.197320000000005,bird_033,K18F60,18,2018,87169.1242673917,23,2018_bird_033_23_trip
2018-06-01T23:09:13Z,142.12936,41.19737000000001,bird_033,K18F60,18,2018,87607.69752269234,23,2018_bird_033_23_trip
2018-06-01T23:10:13Z,142.13350999999997,41.19655000000001,bird_033,K18F60,18,2018,87724.96527526915,23,2018_bird_033_23_trip
2018-06-01T23:11:13Z,142.13428,41.19514000000001,bird_033,K18F60,18,2018,87630.86698211479,23,2018_bird_033_23_trip
2018-06-01T23:12:13Z,142.13503,41.19453000000001,bird_033,K18F60,18,2018,87609.75090849848,23,2018_bird_033_23_trip
2018-06-01T23:13:13Z,142.13502,41.194390000000006,bird_033,K18F60,18,2018,87596.38444040556,23,2018_bird_033_23_trip
2018-06-01T23:14:15Z,142.13492,41.19422,bird_033,K18F60,18,2018,87576.03832840826,23,2018_bird_033_23_trip
2018-06-01T23:15:14Z,142.13492,41.19415000000001,bird_033,K18F60,18,2018,87569.58979518976,23,2018_bird_033_23_trip
2018-06-01T23:16:15Z,142.1349,41.19397000000001,bird_033,K18F60,18,2018,87552.07159054835,23,2018_bird_033_23_trip
2018-06-01T23:17:15Z,142.13253,41.19207000000001,bird_033,K18F60,18,2018,87266.00484346306,23,2018_bird_033_23_trip
2018-06-01T23:18:15Z,142.13455999999996,41.18918,bird_033,K18F60,18,2018,87095.34358469002,23,2018_bird_033_23_trip
2018-06-01T23:19:15Z,142.1394,41.18826,bird_033,K18F60,18,2018,87239.5619626458,23,2018_bird_033_23_trip
2018-06-01T23:20:15Z,142.14305999999996,41.18604,bird_033,K18F60,18,2018,87210.51816454131,23,2018_bird_033_23_trip
2018-06-01T23:21:15Z,142.14488999999998,41.18438,bird_033,K18F60,18,2018,87146.51332892413,23,2018_bird_033_23_trip
2018-06-01T23:22:15Z,142.14637,41.18229,bird_033,K18F60,18,2018,87027.16581482573,23,2018_bird_033_23_trip
2018-06-01T23:23:14Z,142.14974999999995,41.1808,bird_033,K18F60,18,2018,87054.73477498975,23,2018_bird_033_23_trip
2018-06-01T23:24:15Z,142.15694000000002,41.181819999999995,bird_033,K18F60,18,2018,87496.02186908654,23,2018_bird_033_23_trip
2018-06-01T23:25:15Z,142.16379999999998,41.185120000000005,bird_033,K18F60,18,2018,88128.88106571275,23,2018_bird_033_23_trip
2018-06-01T23:26:15Z,142.17057999999997,41.189330000000005,bird_033,K18F60,18,2018,88840.52770474898,23,2018_bird_033_23_trip
2018-06-01T23:27:15Z,142.17841,41.19295000000001,bird_033,K18F60,18,2018,89551.19927272036,23,2018_bird_033_23_trip
2018-06-01T23:28:14Z,142.18617,41.19575000000001,bird_033,K18F60,18,2018,90185.87448600984,23,2018_bird_033_23_trip
2018-06-01T23:29:15Z,142.19541,41.197700000000005,bird_033,K18F60,18,2018,90819.71437115857,23,2018_bird_033_23_trip
2018-06-01T23:30:14Z,142.20479999999998,41.19841000000001,bird_033,K18F60,18,2018,91353.63783435914,23,2018_bird_033_23_trip
2018-06-01T23:31:14Z,142.21475999999996,41.19913000000001,bird_033,K18F60,18,2018,91921.17025058424,23,2018_bird_033_23_trip
2018-06-01T23:32:14Z,142.22414,41.19997000000001,bird_033,K18F60,18,2018,92473.73343852207,23,2018_bird_033_23_trip
2018-06-01T23:33:15Z,142.23335999999998,41.20127,bird_033,K18F60,18,2018,93061.82696690502,23,2018_bird_033_23_trip
2018-06-01T23:34:17Z,142.24361999999996,41.203360000000004,bird_033,K18F60,18,2018,93775.79766365534,23,2018_bird_033_23_trip
2018-06-01T23:35:13Z,142.25261,41.20412,bird_033,K18F60,18,2018,94310.93950284744,23,2018_bird_033_23_trip
2018-06-01T23:36:14Z,142.26178,41.20290000000001,bird_033,K18F60,18,2018,94687.81391688585,23,2018_bird_033_23_trip
2018-06-01T23:37:14Z,142.27034999999998,41.20138,bird_033,K18F60,18,2018,95011.9807427098,23,2018_bird_033_23_trip
2018-06-01T23:38:13Z,142.27814999999998,41.19921000000001,bird_033,K18F60,18,2018,95244.03166789647,23,2018_bird_033_23_trip
2018-06-01T23:39:13Z,142.28575999999998,41.19678,bird_033,K18F60,18,2018,95448.34779179451,23,2018_bird_033_23_trip
2018-06-01T23:40:14Z,142.29255999999998,41.19364,bird_033,K18F60,18,2018,95553.23259928804,23,2018_bird_033_23_trip
2018-06-01T23:41:16Z,142.29864999999998,41.19001000000001,bird_033,K18F60,18,2018,95582.58710654308,23,2018_bird_033_23_trip
2018-06-01T23:42:13Z,142.30295,41.1867,bird_033,K18F60,18,2018,95543.74515273896,23,2018_bird_033_23_trip
2018-06-01T23:43:14Z,142.30784000000003,41.18299,bird_033,K18F60,18,2018,95507.46515916388,23,2018_bird_033_23_trip
2018-06-01T23:44:13Z,142.31342,41.17984,bird_033,K18F60,18,2018,95559.7197043242,23,2018_bird_033_23_trip
2018-06-01T23:45:13Z,142.31965999999997,41.176770000000005,bird_033,K18F60,18,2018,95659.49675995258,23,2018_bird_033_23_trip
2018-06-01T23:46:13Z,142.32536000000002,41.17329,bird_033,K18F60,18,2018,95699.10912017625,23,2018_bird_033_23_trip
2018-06-01T23:47:16Z,142.32999,41.16935000000001,bird_033,K18F60,18,2018,95644.01470982489,23,2018_bird_033_23_trip
2018-06-01T23:48:13Z,142.33356999999998,41.16575000000001,bird_033,K18F60,18,2018,95559.25696252164,23,2018_bird_033_23_trip
2018-06-01T23:49:14Z,142.33715,41.16164,bird_033,K18F60,18,2018,95436.18022554602,23,2018_bird_033_23_trip
2018-06-01T23:50:14Z,142.34085,41.15749,bird_033,K18F60,18,2018,95319.93451533809,23,2018_bird_033_23_trip
2018-06-01T23:51:13Z,142.34188,41.15356,bird_033,K18F60,18,2018,95067.49509519683,23,2018_bird_033_23_trip
2018-06-01T23:52:15Z,142.34364999999997,41.14901,bird_033,K18F60,18,2018,94811.0543229737,23,2018_bird_033_23_trip
2018-06-01T23:53:14Z,142.34348,41.14831000000001,bird_033,K18F60,18,2018,94745.70599074686,23,2018_bird_033_23_trip
2018-06-01T23:54:16Z,142.34078,41.146170000000005,bird_033,K18F60,18,2018,94417.34024836484,23,2018_bird_033_23_trip
2018-06-01T23:55:14Z,142.33757,41.14407,bird_033,K18F60,18,2018,94062.04719880426,23,2018_bird_033_23_trip
2018-06-01T23:56:14Z,142.33454,41.14159,bird_033,K18F60,18,2018,93687.33457533534,23,2018_bird_033_23_trip
2018-06-01T23:57:14Z,142.33085,41.13877000000001,bird_033,K18F60,18,2018,93246.81506739024,23,2018_bird_033_23_trip
2018-06-01T23:58:15Z,142.32701000000003,41.13605,bird_033,K18F60,18,2018,92805.34408061142,23,2018_bird_033_23_trip
2018-06-01T23:59:14Z,142.32372,41.13352,bird_033,K18F60,18,2018,92411.32135890124,23,2018_bird_033_23_trip
2018-06-02T00:00:14Z,142.31894000000003,41.13193,bird_033,K18F60,18,2018,92003.87867188636,23,2018_bird_033_23_trip
2018-06-02T00:01:14Z,142.31494999999998,41.12964,bird_033,K18F60,18,2018,91587.66497836172,23,2018_bird_033_23_trip
2018-06-02T00:02:14Z,142.31137,41.127930000000006,bird_033,K18F60,18,2018,91241.58751031011,23,2018_bird_033_23_trip
2018-06-02T00:03:14Z,142.30818000000002,41.12520000000001,bird_033,K18F60,18,2018,90837.55562235897,23,2018_bird_033_23_trip
2018-06-02T00:04:14Z,142.30415,41.124390000000005,bird_033,K18F60,18,2018,90536.59156066632,23,2018_bird_033_23_trip
2018-06-02T00:05:14Z,142.29969999999997,41.12377000000001,bird_033,K18F60,18,2018,90226.53708333329,23,2018_bird_033_23_trip
2018-06-02T00:06:14Z,142.29622,41.12192,bird_033,K18F60,18,2018,89875.56040036038,23,2018_bird_033_23_trip
2018-06-02T00:07:14Z,142.29284,41.12002,bird_033,K18F60,18,2018,89526.48442943858,23,2018_bird_033_23_trip
2018-06-02T00:08:14Z,142.2913,41.11659,bird_033,K18F60,18,2018,89163.05512042735,23,2018_bird_033_23_trip
2018-06-02T00:09:14Z,142.28985999999998,41.112930000000006,bird_033,K18F60,18,2018,88787.54491846275,23,2018_bird_033_23_trip
2018-06-02T00:10:14Z,142.28788,41.10981,bird_033,K18F60,18,2018,88423.54421977712,23,2018_bird_033_23_trip
2018-06-02T00:11:14Z,142.28653,41.10723,bird_033,K18F60,18,2018,88139.57513532235,23,2018_bird_033_23_trip
2018-06-02T00:12:14Z,142.28414,41.10462,bird_033,K18F60,18,2018,87792.11725862161,23,2018_bird_033_23_trip
2018-06-02T00:13:14Z,142.2812,41.1015,bird_033,K18F60,18,2018,87371.9183411433,23,2018_bird_033_23_trip
2018-06-02T00:14:14Z,142.27901999999995,41.09834000000001,bird_033,K18F60,18,2018,86993.44245309556,23,2018_bird_033_23_trip
2018-06-02T00:15:14Z,142.27777999999998,41.09530000000001,bird_033,K18F60,18,2018,86680.15432416153,23,2018_bird_033_23_trip
2018-06-02T00:16:14Z,142.27352999999997,41.09444,bird_033,K18F60,18,2018,86361.1887315593,23,2018_bird_033_23_trip
2018-06-02T00:17:14Z,142.26922,41.09443,bird_033,K18F60,18,2018,86106.47554784281,23,2018_bird_033_23_trip
2018-06-02T00:18:14Z,142.26602,41.092850000000006,bird_033,K18F60,18,2018,85792.98458587276,23,2018_bird_033_23_trip
2018-06-02T00:19:15Z,142.26272,41.09033000000001,bird_033,K18F60,18,2018,85399.0428272708,23,2018_bird_033_23_trip
2018-06-02T00:20:14Z,142.25961999999998,41.087689999999995,bird_033,K18F60,18,2018,85007.32660138092,23,2018_bird_033_23_trip
2018-06-02T00:21:14Z,142.25663,41.08528,bird_033,K18F60,18,2018,84640.32230144611,23,2018_bird_033_23_trip
2018-06-02T00:22:14Z,142.25360999999998,41.08265,bird_033,K18F60,18,2018,84254.09482798984,23,2018_bird_033_23_trip
2018-06-02T00:23:14Z,142.25061,41.07988,bird_033,K18F60,18,2018,83857.94034826603,23,2018_bird_033_23_trip
2018-06-02T00:24:14Z,142.24734,41.07732,bird_033,K18F60,18,2018,83462.5522046986,23,2018_bird_033_23_trip
2018-06-02T00:25:14Z,142.24357999999995,41.07509,bird_033,K18F60,18,2018,83064.51210644378,23,2018_bird_033_23_trip
2018-06-02T00:26:14Z,142.23957999999996,41.07308,bird_033,K18F60,18,2018,82669.87209478744,23,2018_bird_033_23_trip
2018-06-02T00:27:14Z,142.23704,41.07006,bird_033,K18F60,18,2018,82280.83890715269,23,2018_bird_033_23_trip
2018-06-02T00:28:14Z,142.23488999999998,41.066750000000006,bird_033,K18F60,18,2018,81891.85481644244,23,2018_bird_033_23_trip
2018-06-02T00:29:15Z,142.23253,41.06338,bird_033,K18F60,18,2018,81485.92945098682,23,2018_bird_033_23_trip
2018-06-02T00:30:14Z,142.22937,41.06056,bird_033,K18F60,18,2018,81076.42202165526,23,2018_bird_033_23_trip
2018-06-02T00:31:15Z,142.22592,41.05783999999999,bird_033,K18F60,18,2018,80657.71004521793,23,2018_bird_033_23_trip
2018-06-02T00:32:14Z,142.2228,41.05539,bird_033,K18F60,18,2018,80279.8189478755,23,2018_bird_033_23_trip
2018-06-02T00:33:15Z,142.21956999999995,41.05269,bird_033,K18F60,18,2018,79875.65770924573,23,2018_bird_033_23_trip
2018-06-02T00:34:14Z,142.21570999999997,41.050059999999995,bird_033,K18F60,18,2018,79439.84420036832,23,2018_bird_033_23_trip
2018-06-02T00:35:15Z,142.21169999999998,41.0484,bird_033,K18F60,18,2018,79071.99190091998,23,2018_bird_033_23_trip
2018-06-02T00:36:14Z,142.20794,41.04645,bird_033,K18F60,18,2018,78696.00614415204,23,2018_bird_033_23_trip
2018-06-02T00:37:14Z,142.20314,41.044819999999994,bird_033,K18F60,18,2018,78284.37838508938,23,2018_bird_033_23_trip
2018-06-02T00:38:14Z,142.20072,41.04225,bird_033,K18F60,18,2018,77938.03505803407,23,2018_bird_033_23_trip
2018-06-02T00:39:15Z,142.19614,41.04116,bird_033,K18F60,18,2018,77582.50711777805,23,2018_bird_033_23_trip
2018-06-02T00:40:14Z,142.1928,41.03916,bird_033,K18F60,18,2018,77227.48967669725,23,2018_bird_033_23_trip
2018-06-02T00:41:14Z,142.18799,41.03752,bird_033,K18F60,18,2018,76815.20329719782,23,2018_bird_033_23_trip
2018-06-02T00:42:14Z,142.18589,41.03422,bird_033,K18F60,18,2018,76429.12229319896,23,2018_bird_033_23_trip
2018-06-02T00:43:15Z,142.18075,41.03303,bird_033,K18F60,18,2018,76033.58019149635,23,2018_bird_033_23_trip
2018-06-02T00:44:15Z,142.17622,41.03236,bird_033,K18F60,18,2018,75715.86366382056,23,2018_bird_033_23_trip
2018-06-02T00:45:14Z,142.17284,41.03048,bird_033,K18F60,18,2018,75368.45929712038,23,2018_bird_033_23_trip
2018-06-02T00:46:15Z,142.16837,41.02806,bird_033,K18F60,18,2018,74914.41500309117,23,2018_bird_033_23_trip
2018-06-02T00:47:14Z,142.16528,41.02533000000001,bird_033,K18F60,18,2018,74515.68277622499,23,2018_bird_033_23_trip
2018-06-02T00:48:15Z,142.16206,41.02264,bird_033,K18F60,18,2018,74112.60419025569,23,2018_bird_033_23_trip
2018-06-02T00:49:14Z,142.15849000000003,41.02017000000001,bird_033,K18F60,18,2018,73706.84571385526,23,2018_bird_033_23_trip
2018-06-02T00:50:15Z,142.15979,41.01644,bird_033,K18F60,18,2018,73483.71500345321,23,2018_bird_033_23_trip
2018-06-02T00:51:15Z,142.15604000000002,41.014759999999995,bird_033,K18F60,18,2018,73130.50989141631,23,2018_bird_033_23_trip
2018-06-02T00:52:14Z,142.1538,41.0119,bird_033,K18F60,18,2018,72771.03049616457,23,2018_bird_033_23_trip
2018-06-02T00:53:42Z,142.15075,41.00759,bird_033,K18F60,18,2018,72248.5226414402,23,2018_bird_033_23_trip
2018-06-02T00:54:14Z,142.14884999999998,41.00655,bird_033,K18F60,18,2018,72054.37420268197,23,2018_bird_033_23_trip
2018-06-02T00:55:16Z,142.14485999999997,41.00429,bird_033,K18F60,18,2018,71640.64048186585,23,2018_bird_033_23_trip
2018-06-02T00:56:14Z,142.14329999999998,41.00098,bird_033,K18F60,18,2018,71285.185743439,23,2018_bird_033_23_trip
2018-06-02T00:57:13Z,142.1387,40.99978,bird_033,K18F60,18,2018,70920.35730387807,23,2018_bird_033_23_trip
2018-06-02T00:58:13Z,142.13312,41.00027,bird_033,K18F60,18,2018,70634.64745876186,23,2018_bird_033_23_trip
2018-06-02T00:59:13Z,142.12823000000003,40.99949,bird_033,K18F60,18,2018,70288.3866971837,23,2018_bird_033_23_trip
2018-06-02T01:00:14Z,142.12547,40.996170000000006,bird_033,K18F60,18,2018,69861.0751679105,23,2018_bird_033_23_trip
2018-06-02T01:01:14Z,142.12329,40.99324,bird_033,K18F60,18,2018,69498.87762999286,23,2018_bird_033_23_trip
2018-06-02T01:02:15Z,142.12031000000002,40.990370000000006,bird_033,K18F60,18,2018,69095.14923832261,23,2018_bird_033_23_trip
2018-06-02T01:03:13Z,142.11742,40.987849999999995,bird_033,K18F60,18,2018,68724.7864136481,23,2018_bird_033_23_trip
2018-06-02T01:04:14Z,142.11664999999996,40.98414,bird_033,K18F60,18,2018,68382.30581185877,23,2018_bird_033_23_trip
2018-06-02T01:05:13Z,142.11451999999997,40.98111,bird_033,K18F60,18,2018,68015.51355104671,23,2018_bird_033_23_trip
2018-06-02T01:06:14Z,142.11278,40.977639999999994,bird_033,K18F60,18,2018,67636.55942834045,23,2018_bird_033_23_trip
2018-06-02T01:07:13Z,142.11215,40.97377,bird_033,K18F60,18,2018,67291.34184473066,23,2018_bird_033_23_trip
2018-06-02T01:08:13Z,142.1109,40.96986,bird_033,K18F60,18,2018,66907.40036734883,23,2018_bird_033_23_trip
2018-06-02T01:09:13Z,142.10913,40.96672,bird_033,K18F60,18,2018,66554.33655719213,23,2018_bird_033_23_trip
2018-06-02T01:10:14Z,142.10442,40.964859999999994,bird_033,K18F60,18,2018,66129.0350149676,23,2018_bird_033_23_trip
2018-06-02T01:11:13Z,142.1019,40.961479999999995,bird_033,K18F60,18,2018,65712.65470984744,23,2018_bird_033_23_trip
2018-06-02T01:12:14Z,142.09975999999995,40.95784999999999,bird_033,K18F60,18,2018,65299.21045219739,23,2018_bird_033_23_trip
2018-06-02T01:13:13Z,142.09738000000002,40.95447999999999,bird_033,K18F60,18,2018,64892.363334657144,23,2018_bird_033_23_trip
2018-06-02T01:14:14Z,142.09569,40.95112,bird_033,K18F60,18,2018,64527.54962858442,23,2018_bird_033_23_trip
2018-06-02T01:15:13Z,142.09131000000002,40.94933,bird_033,K18F60,18,2018,64126.440058496606,23,2018_bird_033_23_trip
2018-06-02T01:16:13Z,142.08821000000003,40.94687999999999,bird_033,K18F60,18,2018,63749.458761659225,23,2018_bird_033_23_trip
2018-06-02T01:17:14Z,142.08594000000002,40.94367999999999,bird_033,K18F60,18,2018,63362.797965928854,23,2018_bird_033_23_trip
2018-06-02T01:18:15Z,142.08270000000002,40.94053,bird_033,K18F60,18,2018,62922.48509448428,23,2018_bird_033_23_trip
2018-06-02T01:19:13Z,142.08094000000003,40.93739,bird_033,K18F60,18,2018,62571.246148263905,23,2018_bird_033_23_trip
2018-06-02T01:20:13Z,142.07604,40.93566,bird_033,K18F60,18,2018,62143.476384846945,23,2018_bird_033_23_trip
2018-06-02T01:21:13Z,142.07065999999998,40.93403,bird_033,K18F60,18,2018,61695.49003350711,23,2018_bird_033_23_trip
2018-06-02T01:22:14Z,142.0658,40.93195,bird_033,K18F60,18,2018,61243.32922682449,23,2018_bird_033_23_trip
2018-06-02T01:23:13Z,142.0629,40.92885,bird_033,K18F60,18,2018,60826.82349539762,23,2018_bird_033_23_trip
2018-06-02T01:24:13Z,142.05865,40.92636,bird_033,K18F60,18,2018,60378.48059208051,23,2018_bird_033_23_trip
2018-06-02T01:25:15Z,142.05446,40.92324,bird_033,K18F60,18,2018,59883.957639122105,23,2018_bird_033_23_trip
2018-06-02T01:26:13Z,142.05094000000005,40.920570000000005,bird_033,K18F60,18,2018,59464.64008779618,23,2018_bird_033_23_trip
2018-06-02T01:27:13Z,142.04711,40.917579999999994,bird_033,K18F60,18,2018,59001.681248822715,23,2018_bird_033_23_trip
2018-06-02T01:28:13Z,142.04389999999998,40.91414,bird_033,K18F60,18,2018,58539.92392648959,23,2018_bird_033_23_trip
2018-06-02T01:29:14Z,142.0407,40.911159999999995,bird_033,K18F60,18,2018,58115.10435819278,23,2018_bird_033_23_trip
2018-06-02T01:30:14Z,142.03822000000002,40.90727,bird_033,K18F60,18,2018,57661.47201422765,23,2018_bird_033_23_trip
2018-06-02T01:31:13Z,142.03464999999997,40.9038,bird_033,K18F60,18,2018,57176.245308229576,23,2018_bird_033_23_trip
2018-06-02T01:32:14Z,142.03133000000005,40.899930000000005,bird_033,K18F60,18,2018,56674.60173073912,23,2018_bird_033_23_trip
2018-06-02T01:33:14Z,142.02855,40.89726,bird_033,K18F60,18,2018,56299.37787087013,23,2018_bird_033_23_trip
2018-06-02T01:34:13Z,142.02271000000002,40.89612,bird_033,K18F60,18,2018,55861.907415412665,23,2018_bird_033_23_trip
2018-06-02T01:35:14Z,142.01694999999998,40.89494,bird_033,K18F60,18,2018,55427.223697448026,23,2018_bird_033_23_trip
2018-06-02T01:36:14Z,142.01103,40.89431,bird_033,K18F60,18,2018,55028.00735499503,23,2018_bird_033_23_trip
2018-06-02T01:37:13Z,142.00508,40.89323,bird_033,K18F60,18,2018,54592.811503763995,23,2018_bird_033_23_trip
2018-06-02T01:38:13Z,142.00384999999997,40.893910000000005,bird_033,K18F60,18,2018,54575.32160776856,23,2018_bird_033_23_trip
2018-06-02T01:39:14Z,142.0029,40.894639999999995,bird_033,K18F60,18,2018,54578.450414126746,23,2018_bird_033_23_trip
2018-06-02T01:40:14Z,142.00516,40.89265,bird_033,K18F60,18,2018,54551.1675715049,23,2018_bird_033_23_trip
2018-06-02T01:41:15Z,142.00404,40.89194,bird_033,K18F60,18,2018,54428.879068260045,23,2018_bird_033_23_trip
2018-06-02T01:42:14Z,141.99915,40.8905,bird_033,K18F60,18,2018,54027.84392851482,23,2018_bird_033_23_trip
2018-06-02T01:43:14Z,141.99511,40.88747999999999,bird_033,K18F60,18,2018,53550.122283992496,23,2018_bird_033_23_trip
2018-06-02T01:44:14Z,141.99184000000002,40.883489999999995,bird_033,K18F60,18,2018,53039.67006476839,23,2018_bird_033_23_trip
2018-06-02T01:45:14Z,141.98803000000004,40.88073,bird_033,K18F60,18,2018,52596.14892743427,23,2018_bird_033_23_trip
2018-06-02T01:46:13Z,141.98391,40.87727,bird_033,K18F60,18,2018,52078.48784214383,23,2018_bird_033_23_trip
2018-06-02T01:47:13Z,141.97978999999998,40.87403,bird_033,K18F60,18,2018,51578.418653316825,23,2018_bird_033_23_trip
2018-06-02T01:48:14Z,141.97489,40.87033,bird_033,K18F60,18,2018,50995.93710986248,23,2018_bird_033_23_trip
2018-06-02T01:49:14Z,141.97024000000002,40.86717,bird_033,K18F60,18,2018,50471.28887090513,23,2018_bird_033_23_trip
2018-06-02T01:50:13Z,141.96398,40.865120000000005,bird_033,K18F60,18,2018,49942.0505040099,23,2018_bird_033_23_trip
2018-06-02T01:51:12Z,141.96094000000002,40.86096,bird_033,K18F60,18,2018,49430.881335986494,23,2018_bird_033_23_trip
2018-06-02T01:52:13Z,141.95740000000004,40.85641,bird_033,K18F60,18,2018,48859.62093028756,23,2018_bird_033_23_trip
2018-06-02T01:53:13Z,141.95463,40.85193999999999,bird_033,K18F60,18,2018,48340.25711774233,23,2018_bird_033_23_trip
2018-06-02T01:54:13Z,141.95199000000002,40.84751,bird_033,K18F60,18,2018,47832.36608771213,23,2018_bird_033_23_trip
2018-06-02T01:55:13Z,141.94901,40.843039999999995,bird_033,K18F60,18,2018,47301.89794823902,23,2018_bird_033_23_trip
2018-06-02T01:56:13Z,141.94514999999998,40.83898,bird_033,K18F60,18,2018,46752.229400773744,23,2018_bird_033_23_trip
2018-06-02T01:57:14Z,141.93975999999998,40.83655,bird_033,K18F60,18,2018,46241.06549569878,23,2018_bird_033_23_trip
2018-06-02T01:58:14Z,141.93453,40.8335,bird_033,K18F60,18,2018,45690.44768621788,23,2018_bird_033_23_trip
2018-06-02T01:59:13Z,141.92919,40.830639999999995,bird_033,K18F60,18,2018,45148.6062659696,23,2018_bird_033_23_trip
2018-06-02T02:00:42Z,141.92183000000003,40.82585,bird_033,K18F60,18,2018,44334.4853616957,23,2018_bird_033_23_trip
2018-06-02T02:01:13Z,141.91962999999998,40.82398,bird_033,K18F60,18,2018,44056.2068736299,23,2018_bird_033_23_trip
2018-06-02T02:02:13Z,141.91980999999998,40.82002,bird_033,K18F60,18,2018,43752.23423173394,23,2018_bird_033_23_trip
2018-06-02T02:03:13Z,141.9168,40.81565,bird_033,K18F60,18,2018,43228.500553344486,23,2018_bird_033_23_trip
2018-06-02T02:04:14Z,141.91276,40.81175999999999,bird_033,K18F60,18,2018,42681.77749766038,23,2018_bird_033_23_trip
2018-06-02T02:05:13Z,141.90950999999998,40.807179999999995,bird_033,K18F60,18,2018,42128.04407275739,23,2018_bird_033_23_trip
2018-06-02T02:06:13Z,141.90633000000005,40.80321,bird_033,K18F60,18,2018,41626.83758508399,23,2018_bird_033_23_trip
2018-06-02T02:07:13Z,141.90144000000004,40.799800000000005,bird_033,K18F60,18,2018,41067.20125220922,23,2018_bird_033_23_trip
2018-06-02T02:08:13Z,141.89809000000002,40.795460000000006,bird_033,K18F60,18,2018,40527.18920663565,23,2018_bird_033_23_trip
2018-06-02T02:09:14Z,141.89376,40.79133000000001,bird_033,K18F60,18,2018,39944.98629750853,23,2018_bird_033_23_trip
2018-06-02T02:10:13Z,141.88979,40.78739,bird_033,K18F60,18,2018,39399.35949836472,23,2018_bird_033_23_trip
2018-06-02T02:11:14Z,141.88496,40.78378,bird_033,K18F60,18,2018,38827.590183586784,23,2018_bird_033_23_trip
2018-06-02T02:12:14Z,141.87889,40.78154,bird_033,K18F60,18,2018,38287.95636114623,23,2018_bird_033_23_trip
2018-06-02T02:13:13Z,141.87245,40.7802,bird_033,K18F60,18,2018,37797.86062088661,23,2018_bird_033_23_trip
2018-06-02T02:14:14Z,141.86614000000003,40.778000000000006,bird_033,K18F60,18,2018,37249.440039250294,23,2018_bird_033_23_trip
2018-06-02T02:15:13Z,141.85879000000003,40.778270000000006,bird_033,K18F60,18,2018,36838.335415156456,23,2018_bird_033_23_trip
2018-06-02T02:16:13Z,141.85059,40.778690000000005,bird_033,K18F60,18,2018,36396.41699759007,23,2018_bird_033_23_trip
2018-06-02T02:17:13Z,141.84398,40.77666,bird_033,K18F60,18,2018,35851.91209581901,23,2018_bird_033_23_trip
2018-06-02T02:18:14Z,141.83754000000002,40.77406,bird_033,K18F60,18,2018,35272.03177933493,23,2018_bird_033_23_trip
2018-06-02T02:19:13Z,141.83210000000005,40.77109,bird_033,K18F60,18,2018,34719.30420871085,23,2018_bird_033_23_trip
2018-06-02T02:20:13Z,141.82682000000003,40.76776,bird_033,K18F60,18,2018,34146.237622599096,23,2018_bird_033_23_trip
2018-06-02T02:21:14Z,141.82153000000002,40.76428,bird_033,K18F60,18,2018,33560.38583735072,23,2018_bird_033_23_trip
2018-06-02T02:22:15Z,141.81654999999998,40.76066,bird_033,K18F60,18,2018,32980.482995802486,23,2018_bird_033_23_trip
2018-06-02T02:23:14Z,141.81157,40.757079999999995,bird_033,K18F60,18,2018,32403.95495232904,23,2018_bird_033_23_trip
2018-06-02T02:24:13Z,141.80755,40.75312,bird_033,K18F60,18,2018,31849.74786828816,23,2018_bird_033_23_trip
2018-06-02T02:25:14Z,141.804,40.748630000000006,bird_033,K18F60,18,2018,31278.156985507543,23,2018_bird_033_23_trip
2018-06-02T02:26:13Z,141.79975999999996,40.74489,bird_033,K18F60,18,2018,30729.87462301335,23,2018_bird_033_23_trip
2018-06-02T02:27:14Z,141.79543,40.74089,bird_033,K18F60,18,2018,30155.018278352887,23,2018_bird_033_23_trip
2018-06-02T02:28:13Z,141.79119,40.73673000000001,bird_033,K18F60,18,2018,29572.04551860372,23,2018_bird_033_23_trip
2018-06-02T02:29:13Z,141.78685,40.73251000000001,bird_033,K18F60,18,2018,28978.51191806225,23,2018_bird_033_23_trip
2018-06-02T02:30:14Z,141.78354999999996,40.72800000000001,bird_033,K18F60,18,2018,28420.261465739703,23,2018_bird_033_23_trip
2018-06-02T02:31:14Z,141.78025,40.72351000000001,bird_033,K18F60,18,2018,27864.234833830986,23,2018_bird_033_23_trip
2018-06-02T02:32:14Z,141.77603,40.71925,bird_033,K18F60,18,2018,27274.74252784283,23,2018_bird_033_23_trip
2018-06-02T02:33:14Z,141.77198,40.71557000000001,bird_033,K18F60,18,2018,26742.370844791654,23,2018_bird_033_23_trip
2018-06-02T02:34:14Z,141.76825,40.71112,bird_033,K18F60,18,2018,26165.80353286069,23,2018_bird_033_23_trip
2018-06-02T02:35:13Z,141.76389999999998,40.707170000000005,bird_033,K18F60,18,2018,25594.32321860714,23,2018_bird_033_23_trip
2018-06-02T02:36:13Z,141.75925999999998,40.703030000000005,bird_033,K18F60,18,2018,24990.71064542393,23,2018_bird_033_23_trip
2018-06-02T02:37:14Z,141.75436,40.699000000000005,bird_033,K18F60,18,2018,24380.990259756403,23,2018_bird_033_23_trip
2018-06-02T02:38:15Z,141.74959999999996,40.6949,bird_033,K18F60,18,2018,23773.676316427864,23,2018_bird_033_23_trip
2018-06-02T02:39:14Z,141.74434999999997,40.69115000000001,bird_033,K18F60,18,2018,23166.394515608325,23,2018_bird_033_23_trip
2018-06-02T02:40:13Z,141.73934999999997,40.6874,bird_033,K18F60,18,2018,22573.576041718847,23,2018_bird_033_23_trip
2018-06-02T02:41:13Z,141.73399999999998,40.683510000000005,bird_033,K18F60,18,2018,21949.236399895733,23,2018_bird_033_23_trip
2018-06-02T02:42:13Z,141.72909,40.67951000000001,bird_033,K18F60,18,2018,21341.28961689362,23,2018_bird_033_23_trip
2018-06-02T02:43:13Z,141.72344,40.67614,bird_033,K18F60,18,2018,20742.20565616481,23,2018_bird_033_23_trip
2018-06-02T02:44:13Z,141.72045,40.67409,bird_033,K18F60,18,2018,20403.528869442052,23,2018_bird_033_23_trip
2018-06-02T02:45:13Z,141.71786999999998,40.67230000000001,bird_033,K18F60,18,2018,20109.60174442103,23,2018_bird_033_23_trip
2018-06-02T02:46:14Z,141.71269999999998,40.66824,bird_033,K18F60,18,2018,19481.88970670315,23,2018_bird_033_23_trip
2018-06-02T02:47:13Z,141.70787,40.66445,bird_033,K18F60,18,2018,18895.705768374224,23,2018_bird_033_23_trip
2018-06-02T02:48:14Z,141.70233000000002,40.6606,bird_033,K18F60,18,2018,18264.23601695956,23,2018_bird_033_23_trip
2018-06-02T02:49:14Z,141.69686,40.65674,bird_033,K18F60,18,2018,17636.084964661462,23,2018_bird_033_23_trip
2018-06-02T02:50:13Z,141.69129,40.65304,bird_033,K18F60,18,2018,17015.725852517444,23,2018_bird_033_23_trip
2018-06-02T02:51:13Z,141.68595,40.64972,bird_033,K18F60,18,2018,16440.224331114518,23,2018_bird_033_23_trip
2018-06-02T02:52:14Z,141.6805,40.645950000000006,bird_033,K18F60,18,2018,15821.4927291248,23,2018_bird_033_23_trip
2018-06-02T02:53:13Z,141.67547,40.64231000000001,bird_033,K18F60,18,2018,15237.249683520133,23,2018_bird_033_23_trip
2018-06-02T02:54:12Z,141.67051999999998,40.638850000000005,bird_033,K18F60,18,2018,14672.770762138269,23,2018_bird_033_23_trip
2018-06-02T02:55:14Z,141.66541,40.63498,bird_033,K18F60,18,2018,14065.161302696188,23,2018_bird_033_23_trip
2018-06-02T02:56:14Z,141.66081,40.63118,bird_033,K18F60,18,2018,13491.56853771243,23,2018_bird_033_23_trip
2018-06-02T02:57:14Z,141.65619,40.62734,bird_033,K18F60,18,2018,12913.519600665895,23,2018_bird_033_23_trip
2018-06-02T02:58:14Z,141.65173,40.623630000000006,bird_033,K18F60,18,2018,12355.260506146742,23,2018_bird_033_23_trip
2018-06-02T02:59:14Z,141.64633,40.61997,bird_033,K18F60,18,2018,11750.23649592126,23,2018_bird_033_23_trip
2018-06-02T03:00:13Z,141.64055999999997,40.61657,bird_033,K18F60,18,2018,11148.505653596372,23,2018_bird_033_23_trip
2018-06-02T03:01:13Z,141.63514,40.61299,bird_033,K18F60,18,2018,10551.294477126085,23,2018_bird_033_23_trip
2018-06-02T03:02:13Z,141.62993,40.60932,bird_033,K18F60,18,2018,9958.292807149486,23,2018_bird_033_23_trip
2018-06-02T03:03:14Z,141.62411,40.60559000000001,bird_033,K18F60,18,2018,9329.66355101584,23,2018_bird_033_23_trip
2018-06-02T03:04:14Z,141.61912999999998,40.602,bird_033,K18F60,18,2018,8757.888903816849,23,2018_bird_033_23_trip
2018-06-02T03:05:14Z,141.61422,40.59834000000001,bird_033,K18F60,18,2018,8184.455511539809,23,2018_bird_033_23_trip
2018-06-02T03:06:14Z,141.60882,40.59479,bird_033,K18F60,18,2018,7598.438545219179,23,2018_bird_033_23_trip
2018-06-02T03:07:14Z,141.60327999999998,40.59092,bird_033,K18F60,18,2018,6979.250445358518,23,2018_bird_033_23_trip
2018-06-02T03:08:14Z,141.59717,40.58719,bird_033,K18F60,18,2018,6350.938779398512,23,2018_bird_033_23_trip
2018-06-02T03:09:15Z,141.5912,40.58335,bird_033,K18F60,18,2018,5725.6413737602,23,2018_bird_033_23_trip
2018-06-02T03:10:13Z,141.58642000000003,40.579550000000005,bird_033,K18F60,18,2018,5160.26017639582,23,2018_bird_033_23_trip
2018-06-02T03:11:14Z,141.58071,40.5754,bird_033,K18F60,18,2018,4530.3081312208315,23,2018_bird_033_23_trip
2018-06-02T03:12:14Z,141.57524,40.571079999999995,bird_033,K18F60,18,2018,3903.229138724356,23,2018_bird_033_23_trip
2018-06-02T03:13:13Z,141.57061,40.56687,bird_033,K18F60,18,2018,3326.3064605769687,23,2018_bird_033_23_trip
2018-06-02T03:14:13Z,141.56573,40.562720000000006,bird_033,K18F60,18,2018,2764.7903809596005,23,2018_bird_033_23_trip
2018-06-02T03:15:14Z,141.56126,40.55825,bird_033,K18F60,18,2018,2203.2338750381978,23,2018_bird_033_23_trip
2018-06-02T03:16:14Z,141.55675,40.55318,bird_033,K18F60,18,2018,1619.9623631235677,23,2018_bird_033_23_trip
2018-06-02T03:17:14Z,141.55283000000003,40.54805,bird_033,K18F60,18,2018,1123.939633862481,23,2018_bird_033_23_trip
2018-06-02T15:30:13Z,141.56306999999998,40.54676,bird_033,K18F60,18,2018,1017.0070811569972,24,2018_bird_033_24_trip
2018-06-02T15:31:15Z,141.56485999999998,40.55161,bird_033,K18F60,18,2018,1569.415448427387,24,2018_bird_033_24_trip
2018-06-02T15:32:15Z,141.5662,40.55714,bird_033,K18F60,18,2018,2183.1256835352333,24,2018_bird_033_24_trip
2018-06-02T15:33:13Z,141.56604000000002,40.56257000000001,bird_033,K18F60,18,2018,2755.3548883951516,24,2018_bird_033_24_trip
2018-06-02T15:34:13Z,141.56521,40.56839000000001,bird_033,K18F60,18,2018,3369.525221650706,24,2018_bird_033_24_trip
2018-06-02T15:35:13Z,141.56474999999998,40.57418,bird_033,K18F60,18,2018,3996.413334179896,24,2018_bird_033_24_trip
2018-06-02T15:36:14Z,141.5626,40.580110000000005,bird_033,K18F60,18,2018,4628.195540181236,24,2018_bird_033_24_trip
2018-06-02T15:37:14Z,141.56008,40.58596,bird_033,K18F60,18,2018,5262.606668927902,24,2018_bird_033_24_trip
2018-06-02T15:38:14Z,141.55700000000002,40.591530000000006,bird_033,K18F60,18,2018,5877.172327288696,24,2018_bird_033_24_trip
2018-06-02T15:39:14Z,141.55434000000002,40.59665,bird_033,K18F60,18,2018,6451.4268354581845,24,2018_bird_033_24_trip
2018-06-02T15:40:14Z,141.55185,40.59986,bird_033,K18F60,18,2018,6819.388546513957,24,2018_bird_033_24_trip
2018-06-02T15:41:13Z,141.54833000000002,40.60512000000001,bird_033,K18F60,18,2018,7427.689128105371,24,2018_bird_033_24_trip
2018-06-02T15:42:14Z,141.54379999999998,40.609910000000006,bird_033,K18F60,18,2018,8003.775046041786,24,2018_bird_033_24_trip
2018-06-02T15:43:14Z,141.53927,40.6146,bird_033,K18F60,18,2018,8580.368482715741,24,2018_bird_033_24_trip
2018-06-02T15:44:14Z,141.53512,40.61974,bird_033,K18F60,18,2018,9208.473024396284,24,2018_bird_033_24_trip
2018-06-02T15:45:14Z,141.53154,40.62510000000001,bird_033,K18F60,18,2018,9854.994103291152,24,2018_bird_033_24_trip
2018-06-02T15:46:14Z,141.53014000000002,40.63054,bird_033,K18F60,18,2018,10470.288060860315,24,2018_bird_033_24_trip
2018-06-02T15:47:14Z,141.53304,40.63391000000001,bird_033,K18F60,18,2018,10785.46428884311,24,2018_bird_033_24_trip
2018-06-02T15:48:14Z,141.53466999999998,40.63852000000001,bird_033,K18F60,18,2018,11263.600905964937,24,2018_bird_033_24_trip
2018-06-02T15:49:14Z,141.537,40.64275000000001,bird_033,K18F60,18,2018,11695.53243019425,24,2018_bird_033_24_trip
2018-06-02T15:50:14Z,141.54048,40.64478,bird_033,K18F60,18,2018,11878.946912418747,24,2018_bird_033_24_trip
2018-06-02T15:51:14Z,141.54426999999998,40.646930000000005,bird_033,K18F60,18,2018,12081.76376982704,24,2018_bird_033_24_trip
2018-06-02T15:52:14Z,141.54898,40.6492,bird_033,K18F60,18,2018,12302.679942800884,24,2018_bird_033_24_trip
2018-06-02T15:53:14Z,141.55348,40.648900000000005,bird_033,K18F60,18,2018,12252.664301267598,24,2018_bird_033_24_trip
2018-06-02T15:54:14Z,141.55747000000002,40.64833000000001,bird_033,K18F60,18,2018,12184.400719019632,24,2018_bird_033_24_trip
2018-06-02T15:55:14Z,141.5618,40.649350000000005,bird_033,K18F60,18,2018,12302.794094020974,24,2018_bird_033_24_trip
2018-06-02T15:56:13Z,141.56604000000002,40.64939,bird_033,K18F60,18,2018,12322.818205277475,24,2018_bird_033_24_trip
2018-06-02T15:57:14Z,141.56893000000002,40.65183,bird_033,K18F60,18,2018,12609.565504419306,24,2018_bird_033_24_trip
2018-06-02T15:58:14Z,141.56632000000002,40.6569,bird_033,K18F60,18,2018,13156.7754521649,24,2018_bird_033_24_trip
2018-06-02T15:59:13Z,141.5652,40.66055000000001,bird_033,K18F60,18,2018,13556.65112450134,24,2018_bird_033_24_trip
2018-06-02T16:00:14Z,141.56475999999998,40.665890000000005,bird_033,K18F60,18,2018,14147.36013813246,24,2018_bird_033_24_trip
2018-06-02T16:01:13Z,141.56486999999998,40.66864,bird_033,K18F60,18,2018,14452.859251309335,24,2018_bird_033_24_trip
2018-06-02T16:02:15Z,141.56466999999998,40.66904,bird_033,K18F60,18,2018,14496.529780818437,24,2018_bird_033_24_trip
2018-06-02T16:03:13Z,141.56437,40.669250000000005,bird_033,K18F60,18,2018,14518.8061201054,24,2018_bird_033_24_trip
2018-06-02T16:04:14Z,141.56514,40.66933000000001,bird_033,K18F60,18,2018,14530.398140642768,24,2018_bird_033_24_trip
2018-06-02T16:05:14Z,141.56206,40.66891000000001,bird_033,K18F60,18,2018,14474.66536211024,24,2018_bird_033_24_trip
2018-06-02T16:06:14Z,141.56061,40.66851000000001,bird_033,K18F60,18,2018,14427.575019339003,24,2018_bird_033_24_trip
2018-06-02T16:07:14Z,141.56035,40.66831000000001,bird_033,K18F60,18,2018,14404.99701996726,24,2018_bird_033_24_trip
2018-06-02T16:08:14Z,141.55826000000002,40.67081,bird_033,K18F60,18,2018,14680.844843034434,24,2018_bird_033_24_trip
2018-06-02T16:09:14Z,141.55826000000002,40.67074,bird_033,K18F60,18,2018,14673.071570434326,24,2018_bird_033_24_trip
2018-06-02T16:10:14Z,141.55784000000003,40.67387,bird_033,K18F60,18,2018,15020.558543625317,24,2018_bird_033_24_trip
2018-06-02T16:11:13Z,141.56003,40.67559000000001,bird_033,K18F60,18,2018,15212.93369900516,24,2018_bird_033_24_trip
2018-06-02T16:12:15Z,141.56129,40.67571000000001,bird_033,K18F60,18,2018,15228.069994361773,24,2018_bird_033_24_trip
2018-06-02T16:13:13Z,141.56288,40.675430000000006,bird_033,K18F60,18,2018,15200.34160489064,24,2018_bird_033_24_trip
2018-06-02T16:14:13Z,141.56311,40.675270000000005,bird_033,K18F60,18,2018,15183.166730148856,24,2018_bird_033_24_trip
2018-06-02T16:15:13Z,141.56326,40.67529,bird_033,K18F60,18,2018,15185.781564758068,24,2018_bird_033_24_trip
2018-06-02T16:16:15Z,141.56331,40.67519000000001,bird_033,K18F60,18,2018,15174.816434369308,24,2018_bird_033_24_trip
2018-06-02T16:17:13Z,141.5633,40.67492,bird_033,K18F60,18,2018,15144.82185852278,24,2018_bird_033_24_trip
2018-06-02T16:18:14Z,141.56353,40.67485,bird_033,K18F60,18,2018,15137.684999084066,24,2018_bird_033_24_trip
2018-06-02T16:19:14Z,141.56345,40.67476,bird_033,K18F60,18,2018,15127.473223962195,24,2018_bird_033_24_trip
2018-06-02T16:20:15Z,141.56371,40.6748,bird_033,K18F60,18,2018,15132.648322742543,24,2018_bird_033_24_trip
2018-06-02T16:21:13Z,141.56381,40.67477,bird_033,K18F60,18,2018,15129.61033001041,24,2018_bird_033_24_trip
2018-06-02T16:22:14Z,141.56384999999997,40.67464,bird_033,K18F60,18,2018,15115.300900943206,24,2018_bird_033_24_trip
2018-06-02T16:23:15Z,141.56396999999998,40.67453,bird_033,K18F60,18,2018,15103.452088243565,24,2018_bird_033_24_trip
2018-06-02T16:24:13Z,141.56424,40.67454,bird_033,K18F60,18,2018,15105.394324268887,24,2018_bird_033_24_trip
2018-06-02T16:25:13Z,141.56428,40.6744,bird_033,K18F60,18,2018,15089.984837625118,24,2018_bird_033_24_trip
2018-06-02T16:26:14Z,141.56404,40.67409,bird_033,K18F60,18,2018,15054.835623965044,24,2018_bird_033_24_trip
2018-06-02T16:27:14Z,141.56424,40.6739,bird_033,K18F60,18,2018,15034.373336498871,24,2018_bird_033_24_trip
2018-06-02T16:28:14Z,141.56444000000002,40.67396,bird_033,K18F60,18,2018,15041.673172759693,24,2018_bird_033_24_trip
2018-06-02T16:29:14Z,141.56462,40.673910000000006,bird_033,K18F60,18,2018,15036.718868445156,24,2018_bird_033_24_trip
2018-06-02T16:30:15Z,141.5648,40.67385,bird_033,K18F60,18,2018,15030.670860092318,24,2018_bird_033_24_trip
2018-06-02T16:31:14Z,141.56486999999998,40.67364,bird_033,K18F60,18,2018,15007.611706314148,24,2018_bird_033_24_trip
2018-06-02T16:32:14Z,141.56499,40.67359,bird_033,K18F60,18,2018,15002.483793728894,24,2018_bird_033_24_trip
2018-06-02T16:33:14Z,141.56537,40.67369,bird_033,K18F60,18,2018,15014.952495631627,24,2018_bird_033_24_trip
2018-06-02T16:34:13Z,141.56533000000002,40.67353000000001,bird_033,K18F60,18,2018,14997.05396573174,24,2018_bird_033_24_trip
2018-06-02T16:35:15Z,141.56547,40.67341,bird_033,K18F60,18,2018,14984.262776535135,24,2018_bird_033_24_trip
2018-06-02T16:36:14Z,141.56562,40.67333000000001,bird_033,K18F60,18,2018,14975.957563624386,24,2018_bird_033_24_trip
2018-06-02T16:37:15Z,141.56574999999998,40.67326,bird_033,K18F60,18,2018,14968.695007265036,24,2018_bird_033_24_trip
2018-06-02T16:38:14Z,141.5658,40.67307,bird_033,K18F60,18,2018,14947.81423626672,24,2018_bird_033_24_trip
2018-06-02T16:39:14Z,141.5658,40.67294,bird_033,K18F60,18,2018,14933.393651351502,24,2018_bird_033_24_trip
2018-06-02T16:40:15Z,141.56613000000002,40.67284,bird_033,K18F60,18,2018,14923.625434554686,24,2018_bird_033_24_trip
2018-06-02T16:41:15Z,141.5662,40.672740000000005,bird_033,K18F60,18,2018,14912.821580620888,24,2018_bird_033_24_trip
2018-06-02T16:42:13Z,141.56625,40.672610000000006,bird_033,K18F60,18,2018,14898.6099033073,24,2018_bird_033_24_trip
2018-06-02T16:43:13Z,141.5665,40.67257000000001,bird_033,K18F60,18,2018,14895.227999956474,24,2018_bird_033_24_trip
2018-06-02T16:44:13Z,141.56667,40.67255000000001,bird_033,K18F60,18,2018,14893.744273520835,24,2018_bird_033_24_trip
2018-06-02T16:45:13Z,141.56664999999998,40.6724,bird_033,K18F60,18,2018,14877.02211456199,24,2018_bird_033_24_trip
2018-06-02T16:46:13Z,141.56684,40.67231000000001,bird_033,K18F60,18,2018,14867.877970778798,24,2018_bird_033_24_trip
2018-06-02T16:47:13Z,141.56694000000002,40.672160000000005,bird_033,K18F60,18,2018,14851.69186820868,24,2018_bird_033_24_trip
2018-06-02T16:48:13Z,141.56691,40.67201000000001,bird_033,K18F60,18,2018,14834.923368580845,24,2018_bird_033_24_trip
2018-06-02T16:49:13Z,141.5675,40.67203000000001,bird_033,K18F60,18,2018,14839.875939259597,24,2018_bird_033_24_trip
2018-06-02T16:50:13Z,141.56737,40.6718,bird_033,K18F60,18,2018,14813.75783991854,24,2018_bird_033_24_trip
2018-06-02T16:51:14Z,141.56747,40.67177,bird_033,K18F60,18,2018,14810.906404749214,24,2018_bird_033_24_trip
2018-06-02T16:52:13Z,141.56782,40.67173,bird_033,K18F60,18,2018,14808.171820810025,24,2018_bird_033_24_trip
2018-06-02T16:53:13Z,141.56784000000002,40.67157,bird_033,K18F60,18,2018,14790.533684499656,24,2018_bird_033_24_trip
2018-06-02T16:54:14Z,141.5679,40.6715,bird_033,K18F60,18,2018,14783.072229379137,24,2018_bird_033_24_trip
2018-06-02T16:55:15Z,141.56809,40.67141,bird_033,K18F60,18,2018,14774.052718125708,24,2018_bird_033_24_trip
2018-06-02T16:56:14Z,141.56816,40.67134,bird_033,K18F60,18,2018,14766.650753327707,24,2018_bird_033_24_trip
2018-06-02T16:57:14Z,141.56820000000002,40.67116,bird_033,K18F60,18,2018,14746.904445568356,24,2018_bird_033_24_trip
2018-06-02T16:58:14Z,141.57153,40.672070000000005,bird_033,K18F60,18,2018,14867.457352533012,24,2018_bird_033_24_trip
2018-06-02T16:59:16Z,141.57784,40.67327,bird_033,K18F60,18,2018,15051.680296601064,24,2018_bird_033_24_trip
2018-06-02T17:00:14Z,141.58279000000002,40.673770000000005,bird_033,K18F60,18,2018,15160.056032467284,24,2018_bird_033_24_trip
2018-06-02T17:01:42Z,141.59034000000003,40.67602,bird_033,K18F60,18,2018,15508.785045592953,24,2018_bird_033_24_trip
2018-06-02T17:02:14Z,141.59364999999997,40.67681,bird_033,K18F60,18,2018,15647.302572680645,24,2018_bird_033_24_trip
2018-06-02T17:03:15Z,141.59972,40.67848,bird_033,K18F60,18,2018,15936.206115774286,24,2018_bird_033_24_trip
2018-06-02T17:04:14Z,141.6058,40.68029,bird_033,K18F60,18,2018,16253.599099338971,24,2018_bird_033_24_trip
2018-06-02T17:05:15Z,141.61169999999998,40.68249,bird_033,K18F60,18,2018,16620.72922222168,24,2018_bird_033_24_trip
2018-06-02T17:06:14Z,141.61753,40.6833,bird_033,K18F60,18,2018,16849.087754086846,24,2018_bird_033_24_trip
2018-06-02T17:07:14Z,141.62354999999997,40.685390000000005,bird_033,K18F60,18,2018,17228.753637743273,24,2018_bird_033_24_trip
2018-06-02T17:08:14Z,141.62954999999997,40.68718,bird_033,K18F60,18,2018,17586.181248562494,24,2018_bird_033_24_trip
2018-06-02T17:09:15Z,141.63619,40.688930000000006,bird_033,K18F60,18,2018,17968.891099721637,24,2018_bird_033_24_trip
2018-06-02T17:10:15Z,141.64233000000002,40.690810000000006,bird_033,K18F60,18,2018,18359.5778827214,24,2018_bird_033_24_trip
2018-06-02T17:11:15Z,141.64833000000002,40.69352000000001,bird_033,K18F60,18,2018,18838.09160698114,24,2018_bird_033_24_trip
2018-06-02T17:12:15Z,141.65446,40.69537000000001,bird_033,K18F60,18,2018,19241.00635494619,24,2018_bird_033_24_trip
2018-06-02T17:13:15Z,141.66049999999998,40.697,bird_033,K18F60,18,2018,19626.222106686128,24,2018_bird_033_24_trip
2018-06-02T17:14:15Z,141.66692,40.69894000000001,bird_033,K18F60,18,2018,20064.0600640928,24,2018_bird_033_24_trip
2018-06-02T17:15:15Z,141.67261,40.70152,bird_033,K18F60,18,2018,20542.306976912823,24,2018_bird_033_24_trip
2018-06-02T17:16:14Z,141.67774999999995,40.703100000000006,bird_033,K18F60,18,2018,20904.95672954226,24,2018_bird_033_24_trip
2018-06-02T17:17:15Z,141.68419,40.70515000000001,bird_033,K18F60,18,2018,21371.916555268363,24,2018_bird_033_24_trip
2018-06-02T17:18:15Z,141.69035,40.7076,bird_033,K18F60,18,2018,21870.731134645022,24,2018_bird_033_24_trip
2018-06-02T17:19:15Z,141.69539,40.71151,bird_033,K18F60,18,2018,22462.58198709815,24,2018_bird_033_24_trip
2018-06-02T17:20:15Z,141.70148,40.71441,bird_033,K18F60,18,2018,23006.766306148944,24,2018_bird_033_24_trip
2018-06-02T17:21:15Z,141.70743000000002,40.71738,bird_033,K18F60,18,2018,23554.19930636758,24,2018_bird_033_24_trip
2018-06-02T17:22:15Z,141.71334,40.7208,bird_033,K18F60,18,2018,24144.187429420548,24,2018_bird_033_24_trip
2018-06-02T17:23:15Z,141.72033000000002,40.72286,bird_033,K18F60,18,2018,24661.27906594661,24,2018_bird_033_24_trip
2018-06-02T17:24:15Z,141.72655999999998,40.72585000000001,bird_033,K18F60,18,2018,25232.07657949965,24,2018_bird_033_24_trip
2018-06-02T17:25:14Z,141.73281,40.72827000000001,bird_033,K18F60,18,2018,25754.478466083965,24,2018_bird_033_24_trip
2018-06-02T17:26:15Z,141.73376999999996,40.72727,bird_033,K18F60,18,2018,25710.801410690976,24,2018_bird_033_24_trip
2018-06-02T17:27:14Z,141.73394999999996,40.72711000000001,bird_033,K18F60,18,2018,25705.170862440933,24,2018_bird_033_24_trip
2018-06-02T17:28:15Z,141.73439,40.72683000000001,bird_033,K18F60,18,2018,25701.518206280365,24,2018_bird_033_24_trip
2018-06-02T17:29:14Z,141.73444,40.72670000000001,bird_033,K18F60,18,2018,25692.250652444724,24,2018_bird_033_24_trip
2018-06-02T17:30:15Z,141.73474999999996,40.72633000000001,bird_033,K18F60,18,2018,25674.182461187727,24,2018_bird_033_24_trip
2018-06-02T17:31:15Z,141.73497999999998,40.72608,bird_033,K18F60,18,2018,25663.0356275819,24,2018_bird_033_24_trip
2018-06-02T17:32:15Z,141.73550999999998,40.72570000000001,bird_033,K18F60,18,2018,25655.11996695972,24,2018_bird_033_24_trip
2018-06-02T17:33:14Z,141.73566999999997,40.72549000000001,bird_033,K18F60,18,2018,25644.20167578068,24,2018_bird_033_24_trip
2018-06-02T17:34:15Z,141.73575999999997,40.725310000000015,bird_033,K18F60,18,2018,25632.51664277551,24,2018_bird_033_24_trip
2018-06-02T17:35:15Z,141.73631,40.72487,bird_033,K18F60,18,2018,25620.47117363361,24,2018_bird_033_24_trip
2018-06-02T17:36:14Z,141.73651999999998,40.72462,bird_033,K18F60,18,2018,25608.577382374715,24,2018_bird_033_24_trip
2018-06-02T17:37:15Z,141.73684,40.72438,bird_033,K18F60,18,2018,25603.125490007616,24,2018_bird_033_24_trip
2018-06-02T17:38:15Z,141.73667999999998,40.72427,bird_033,K18F60,18,2018,25585.273631772943,24,2018_bird_033_24_trip
2018-06-02T17:39:15Z,141.73749999999998,40.72377000000001,bird_033,K18F60,18,2018,25581.797820826352,24,2018_bird_033_24_trip
2018-06-02T17:40:15Z,141.73797,40.72345000000001,bird_033,K18F60,18,2018,25576.969084628152,24,2018_bird_033_24_trip
2018-06-02T17:41:15Z,141.73743000000002,40.72357000000001,bird_033,K18F60,18,2018,25560.437943835692,24,2018_bird_033_24_trip
2018-06-02T17:42:15Z,141.73764999999997,40.72337000000001,bird_033,K18F60,18,2018,25553.698292720692,24,2018_bird_033_24_trip
2018-06-02T17:43:15Z,141.73778,40.72308,bird_033,K18F60,18,2018,25534.432328774354,24,2018_bird_033_24_trip
2018-06-02T17:44:15Z,141.73957999999996,40.72204000000001,bird_033,K18F60,18,2018,25533.476960408432,24,2018_bird_033_24_trip
2018-06-02T17:45:15Z,141.73802,40.722640000000006,bird_033,K18F60,18,2018,25507.424813104797,24,2018_bird_033_24_trip
2018-06-02T17:46:14Z,141.73862,40.72221000000001,bird_033,K18F60,18,2018,25499.66692365408,24,2018_bird_033_24_trip
2018-06-02T17:47:15Z,141.73922,40.7218,bird_033,K18F60,18,2018,25493.868420668907,24,2018_bird_033_24_trip
2018-06-02T17:48:14Z,141.73982999999998,40.72142,bird_033,K18F60,18,2018,25491.41406616064,24,2018_bird_033_24_trip
2018-06-02T17:49:15Z,141.73957999999996,40.72135000000001,bird_033,K18F60,18,2018,25472.43926058391,24,2018_bird_033_24_trip
2018-06-02T17:50:14Z,141.73910999999998,40.72145,bird_033,K18F60,18,2018,25457.274331540688,24,2018_bird_033_24_trip
2018-06-02T17:51:42Z,141.74060999999998,40.72052000000001,bird_033,K18F60,18,2018,25452.045995088567,24,2018_bird_033_24_trip
2018-06-02T17:52:15Z,141.74073,40.72039000000001,bird_033,K18F60,18,2018,25446.778889534995,24,2018_bird_033_24_trip
2018-06-02T17:53:14Z,141.74096999999998,40.720290000000006,bird_033,K18F60,18,2018,25450.349731033843,24,2018_bird_033_24_trip
2018-06-02T17:54:14Z,141.74131,40.719750000000005,bird_033,K18F60,18,2018,25420.45452366592,24,2018_bird_033_24_trip
2018-06-02T17:55:13Z,141.74154999999996,40.7195,bird_033,K18F60,18,2018,25410.940308102858,24,2018_bird_033_24_trip
2018-06-02T17:56:14Z,141.7419,40.719190000000005,bird_033,K18F60,18,2018,25401.923607759727,24,2018_bird_033_24_trip
2018-06-02T17:57:14Z,141.74221,40.71887,bird_033,K18F60,18,2018,25390.028394848883,24,2018_bird_033_24_trip
2018-06-02T17:58:14Z,141.74244000000002,40.71858,bird_033,K18F60,18,2018,25376.654074863058,24,2018_bird_033_24_trip
2018-06-02T17:59:14Z,141.74604999999997,40.71999,bird_033,K18F60,18,2018,25688.48486647189,24,2018_bird_033_24_trip
2018-06-02T18:00:15Z,141.75209,40.72247000000001,bird_033,K18F60,18,2018,26222.396857333817,24,2018_bird_033_24_trip
2018-06-02T18:01:14Z,141.7581,40.724250000000005,bird_033,K18F60,18,2018,26696.600853725227,24,2018_bird_033_24_trip
2018-06-02T18:02:14Z,141.76406999999998,40.72675000000001,bird_033,K18F60,18,2018,27232.521711760543,24,2018_bird_033_24_trip
2018-06-02T18:03:14Z,141.7701,40.72934000000001,bird_033,K18F60,18,2018,27780.93413518411,24,2018_bird_033_24_trip
2018-06-02T18:04:13Z,141.77580999999998,40.73172,bird_033,K18F60,18,2018,28295.49464104984,24,2018_bird_033_24_trip
2018-06-02T18:05:13Z,141.78194000000002,40.7338,bird_033,K18F60,18,2018,28809.693444853285,24,2018_bird_033_24_trip
2018-06-02T18:06:14Z,141.78812000000002,40.73612000000001,bird_033,K18F60,18,2018,29348.546210839908,24,2018_bird_033_24_trip
2018-06-02T18:07:14Z,141.79442,40.738040000000005,bird_033,K18F60,18,2018,29862.9104964452,24,2018_bird_033_24_trip
2018-06-02T18:08:14Z,141.80073000000002,40.74018,bird_033,K18F60,18,2018,30397.926763932304,24,2018_bird_033_24_trip
2018-06-02T18:09:13Z,141.80692000000002,40.74230000000001,bird_033,K18F60,18,2018,30926.157973280417,24,2018_bird_033_24_trip
2018-06-02T18:10:13Z,141.81333,40.743950000000005,bird_033,K18F60,18,2018,31430.930298113708,24,2018_bird_033_24_trip
2018-06-02T18:11:14Z,141.81991,40.74662,bird_033,K18F60,18,2018,32029.42403942569,24,2018_bird_033_24_trip
2018-06-02T18:12:13Z,141.82599000000002,40.7496,bird_033,K18F60,18,2018,32624.310363605586,24,2018_bird_033_24_trip
2018-06-02T18:13:13Z,141.83219000000005,40.75294,bird_033,K18F60,18,2018,33255.421764050945,24,2018_bird_033_24_trip
2018-06-02T18:14:14Z,141.83848000000003,40.75556,bird_033,K18F60,18,2018,33835.3662238838,24,2018_bird_033_24_trip
2018-06-02T18:15:14Z,141.84024000000002,40.75536,bird_033,K18F60,18,2018,33924.31880432454,24,2018_bird_033_24_trip
2018-06-02T18:16:14Z,141.83979,40.75445,bird_033,K18F60,18,2018,33825.940440875456,24,2018_bird_033_24_trip
2018-06-02T18:17:13Z,141.83954999999995,40.75387,bird_033,K18F60,18,2018,33766.064446328244,24,2018_bird_033_24_trip
2018-06-02T18:18:13Z,141.83807000000002,40.75299,bird_033,K18F60,18,2018,33608.58488793778,24,2018_bird_033_24_trip
2018-06-02T18:19:13Z,141.83882000000003,40.75178,bird_033,K18F60,18,2018,33558.62599296504,24,2018_bird_033_24_trip
2018-06-02T18:20:14Z,141.84079,40.7509,bird_033,K18F60,18,2018,33608.43298155407,24,2018_bird_033_24_trip
2018-06-02T18:21:14Z,141.84096,40.75171,bird_033,K18F60,18,2018,33681.71666578318,24,2018_bird_033_24_trip
2018-06-02T18:22:13Z,141.84293000000002,40.75435,bird_033,K18F60,18,2018,34006.05430169137,24,2018_bird_033_24_trip
2018-06-02T18:23:14Z,141.84469000000001,40.75775,bird_033,K18F60,18,2018,34377.65470193889,24,2018_bird_033_24_trip
2018-06-02T18:24:13Z,141.8439,40.758770000000005,bird_033,K18F60,18,2018,34410.745784737075,24,2018_bird_033_24_trip
2018-06-02T18:25:14Z,141.84404,40.758770000000005,bird_033,K18F60,18,2018,34419.07953337023,24,2018_bird_033_24_trip
2018-06-02T18:26:14Z,141.84418,40.758500000000005,bird_033,K18F60,18,2018,34406.16373213283,24,2018_bird_033_24_trip
2018-06-02T18:27:13Z,141.84258,40.7549,bird_033,K18F60,18,2018,34028.06452827764,24,2018_bird_033_24_trip
2018-06-02T18:28:14Z,141.84034000000003,40.75086,bird_033,K18F60,18,2018,33578.20207643438,24,2018_bird_033_24_trip
2018-06-02T18:29:13Z,141.84057,40.74631000000001,bird_033,K18F60,18,2018,33240.06790322821,24,2018_bird_033_24_trip
2018-06-02T18:30:14Z,141.83898000000002,40.74174,bird_033,K18F60,18,2018,32792.79609830543,24,2018_bird_033_24_trip
2018-06-02T18:31:14Z,141.83826000000002,40.736990000000006,bird_033,K18F60,18,2018,32388.159708499323,24,2018_bird_033_24_trip
2018-06-02T18:32:14Z,141.83762000000002,40.73194,bird_033,K18F60,18,2018,31969.881597025797,24,2018_bird_033_24_trip
2018-06-02T18:33:14Z,141.83625,40.72666,bird_033,K18F60,18,2018,31492.97103767678,24,2018_bird_033_24_trip
2018-06-02T18:34:13Z,141.8334,40.72182,bird_033,K18F60,18,2018,30957.67997145348,24,2018_bird_033_24_trip
2018-06-02T18:35:14Z,141.83104000000003,40.71658,bird_033,K18F60,18,2018,30427.01160602211,24,2018_bird_033_24_trip
2018-06-02T18:36:14Z,141.82864000000004,40.71121,bird_033,K18F60,18,2018,29887.719957454767,24,2018_bird_033_24_trip
2018-06-02T18:37:14Z,141.82705,40.70581000000001,bird_033,K18F60,18,2018,29403.02241902195,24,2018_bird_033_24_trip
2018-06-02T18:38:14Z,141.82589000000002,40.700410000000005,bird_033,K18F60,18,2018,28951.76594218917,24,2018_bird_033_24_trip
2018-06-02T18:39:13Z,141.82485,40.69518000000001,bird_033,K18F60,18,2018,28525.839387006,24,2018_bird_033_24_trip
2018-06-02T18:40:13Z,141.82396,40.68983,bird_033,K18F60,18,2018,28107.95287363586,24,2018_bird_033_24_trip
2018-06-02T18:41:13Z,141.82271000000003,40.6843,bird_033,K18F60,18,2018,27660.32340314404,24,2018_bird_033_24_trip
2018-06-02T18:42:13Z,141.82084000000003,40.67893000000001,bird_033,K18F60,18,2018,27186.713394457944,24,2018_bird_033_24_trip
2018-06-02T18:43:14Z,141.81911,40.67348,bird_033,K18F60,18,2018,26723.77598449405,24,2018_bird_033_24_trip
2018-06-02T18:44:14Z,141.81625,40.66904,bird_033,K18F60,18,2018,26249.00246125775,24,2018_bird_033_24_trip
2018-06-02T18:45:14Z,141.81456999999995,40.66428,bird_033,K18F60,18,2018,25841.937006926408,24,2018_bird_033_24_trip
2018-06-02T18:46:14Z,141.81232000000003,40.65989,bird_033,K18F60,18,2018,25420.846560366495,24,2018_bird_033_24_trip
2018-06-02T18:47:14Z,141.81007,40.65525,bird_033,K18F60,18,2018,24989.23157910202,24,2018_bird_033_24_trip
2018-06-02T18:48:14Z,141.80786,40.65052,bird_033,K18F60,18,2018,24560.16891071508,24,2018_bird_033_24_trip
2018-06-02T18:49:13Z,141.80621000000002,40.645570000000006,bird_033,K18F60,18,2018,24165.601062578084,24,2018_bird_033_24_trip
2018-06-02T18:50:13Z,141.8032,40.64102,bird_033,K18F60,18,2018,23698.06492565414,24,2018_bird_033_24_trip
2018-06-02T18:51:13Z,141.80118000000002,40.63644,bird_033,K18F60,18,2018,23307.434912274737,24,2018_bird_033_24_trip
2018-06-02T18:52:14Z,141.79934999999998,40.63162,bird_033,K18F60,18,2018,22925.052504929656,24,2018_bird_033_24_trip
2018-06-02T18:53:13Z,141.7977,40.62673000000001,bird_033,K18F60,18,2018,22560.300980893244,24,2018_bird_033_24_trip
2018-06-02T18:54:13Z,141.79668999999998,40.62330000000001,bird_033,K18F60,18,2018,22320.606976020823,24,2018_bird_033_24_trip
2018-06-02T18:55:13Z,141.79701,40.62387,bird_033,K18F60,18,2018,22371.817088636824,24,2018_bird_033_24_trip
2018-06-02T18:56:13Z,141.79751,40.62093000000001,bird_033,K18F60,18,2018,22274.61530941356,24,2018_bird_033_24_trip
2018-06-02T18:57:14Z,141.79494999999997,40.61673,bird_033,K18F60,18,2018,21888.711338695273,24,2018_bird_033_24_trip
2018-06-02T18:58:14Z,141.79525999999998,40.61149,bird_033,K18F60,18,2018,21689.755317247123,24,2018_bird_033_24_trip
2018-06-02T18:59:13Z,141.79353999999998,40.60672,bird_033,K18F60,18,2018,21362.120847986414,24,2018_bird_033_24_trip
2018-06-02T19:00:14Z,141.79191,40.60167,bird_033,K18F60,18,2018,21040.561470321736,24,2018_bird_033_24_trip
2018-06-02T19:01:13Z,141.7913,40.598040000000005,bird_033,K18F60,18,2018,20861.35327525212,24,2018_bird_033_24_trip
2018-06-02T19:02:14Z,141.78871,40.593230000000005,bird_033,K18F60,18,2018,20489.64808801491,24,2018_bird_033_24_trip
2018-06-02T19:03:13Z,141.7879,40.58857,bird_033,K18F60,18,2018,20277.12704771845,24,2018_bird_033_24_trip
2018-06-02T19:04:14Z,141.78768,40.58362,bird_033,K18F60,18,2018,20116.314632829744,24,2018_bird_033_24_trip
2018-06-02T19:05:13Z,141.78498,40.57904,bird_033,K18F60,18,2018,19773.888071989084,24,2018_bird_033_24_trip
2018-06-02T19:06:14Z,141.78124000000005,40.57415,bird_033,K18F60,18,2018,19348.17833010383,24,2018_bird_033_24_trip
2018-06-02T19:07:13Z,141.77823,40.569500000000005,bird_033,K18F60,18,2018,18999.31506253351,24,2018_bird_033_24_trip
2018-06-02T19:08:13Z,141.7753,40.56463,bird_033,K18F60,18,2018,18664.59350832108,24,2018_bird_033_24_trip
2018-06-02T19:09:14Z,141.77159999999998,40.55963,bird_033,K18F60,18,2018,18276.517369956862,24,2018_bird_033_24_trip
2018-06-02T19:10:14Z,141.77066999999997,40.555679999999995,bird_033,K18F60,18,2018,18147.861059664498,24,2018_bird_033_24_trip
2018-06-02T19:11:13Z,141.76852,40.55212,bird_033,K18F60,18,2018,17929.8096781754,24,2018_bird_033_24_trip
2018-06-02T19:12:13Z,141.76646,40.54829,bird_033,K18F60,18,2018,17725.54942937654,24,2018_bird_033_24_trip
2018-06-02T19:13:14Z,141.7624,40.54421,bird_033,K18F60,18,2018,17360.648694981126,24,2018_bird_033_24_trip
2018-06-02T19:14:14Z,141.75944,40.539950000000005,bird_033,K18F60,18,2018,17099.92735490797,24,2018_bird_033_24_trip
2018-06-02T19:15:14Z,141.75609,40.53591000000001,bird_033,K18F60,18,2018,16818.6402811841,24,2018_bird_033_24_trip
2018-06-02T19:16:13Z,141.75275,40.53209,bird_033,K18F60,18,2018,16549.303667328615,24,2018_bird_033_24_trip
2018-06-02T19:17:14Z,141.74833,40.528580000000005,bird_033,K18F60,18,2018,16197.731101273574,24,2018_bird_033_24_trip
2018-06-02T19:18:13Z,141.74351999999996,40.525270000000006,bird_033,K18F60,18,2018,15821.73989443985,24,2018_bird_033_24_trip
2018-06-02T19:19:14Z,141.74011,40.5217,bird_033,K18F60,18,2018,15577.310694834528,24,2018_bird_033_24_trip
2018-06-02T19:20:13Z,141.73424999999995,40.51884,bird_033,K18F60,18,2018,15127.654654612596,24,2018_bird_033_24_trip
2018-06-02T19:21:14Z,141.72798,40.516639999999995,bird_033,K18F60,18,2018,14641.159844887978,24,2018_bird_033_24_trip
2018-06-02T19:22:14Z,141.72148,40.514399999999995,bird_033,K18F60,18,2018,14143.776098130886,24,2018_bird_033_24_trip
2018-06-02T19:23:13Z,141.71522,40.51226,bird_033,K18F60,18,2018,13672.458264619054,24,2018_bird_033_24_trip
2018-06-02T19:24:14Z,141.70809,40.511889999999994,bird_033,K18F60,18,2018,13092.207970562957,24,2018_bird_033_24_trip
2018-06-02T19:25:13Z,141.70268,40.51097,bird_033,K18F60,18,2018,12670.57459304128,24,2018_bird_033_24_trip
2018-06-02T19:26:14Z,141.6952,40.50934,bird_033,K18F60,18,2018,12104.068334008256,24,2018_bird_033_24_trip
2018-06-02T19:27:14Z,141.68740000000005,40.50853000000001,bird_033,K18F60,18,2018,11494.632191168792,24,2018_bird_033_24_trip
2018-06-02T19:28:14Z,141.67918999999998,40.508390000000006,bird_033,K18F60,18,2018,10835.646515360217,24,2018_bird_033_24_trip
2018-06-02T19:29:13Z,141.67122,40.50869,bird_033,K18F60,18,2018,10184.688997062052,24,2018_bird_033_24_trip
2018-06-02T19:30:15Z,141.66234000000003,40.50908,bird_033,K18F60,18,2018,9461.430431188222,24,2018_bird_033_24_trip
2018-06-02T19:31:13Z,141.65472,40.50948,bird_033,K18F60,18,2018,8842.198866375966,24,2018_bird_033_24_trip
2018-06-02T19:32:14Z,141.64643,40.50851000000001,bird_033,K18F60,18,2018,8235.605068801444,24,2018_bird_033_24_trip
2018-06-02T19:33:14Z,141.63786,40.50873000000001,bird_033,K18F60,18,2018,7566.861415650508,24,2018_bird_033_24_trip
2018-06-02T19:34:13Z,141.62994,40.50972,bird_033,K18F60,18,2018,6918.202349412315,24,2018_bird_033_24_trip
2018-06-02T19:35:14Z,141.62237000000002,40.51205,bird_033,K18F60,18,2018,6230.183429950593,24,2018_bird_033_24_trip
2018-06-02T19:36:14Z,141.61489999999998,40.51497,bird_033,K18F60,18,2018,5519.051220031417,24,2018_bird_033_24_trip
2018-06-02T19:37:14Z,141.60728,40.51687,bird_033,K18F60,18,2018,4852.197149621533,24,2018_bird_033_24_trip
2018-06-02T19:38:14Z,141.60071,40.51942,bird_033,K18F60,18,2018,4228.464430261496,24,2018_bird_033_24_trip
2018-06-02T19:39:13Z,141.59409,40.52239000000001,bird_033,K18F60,18,2018,3577.716731075482,24,2018_bird_033_24_trip
2018-06-02T19:40:12Z,141.58821000000003,40.525870000000005,bird_033,K18F60,18,2018,2953.826133415135,24,2018_bird_033_24_trip
2018-06-02T19:41:13Z,141.58387,40.53084,bird_033,K18F60,18,2018,2386.69284993153,24,2018_bird_033_24_trip
2018-06-02T19:42:14Z,141.58240000000004,40.53632,bird_033,K18F60,18,2018,2116.0918733321587,24,2018_bird_033_24_trip
2018-06-02T19:43:13Z,141.57863,40.54094,bird_033,K18F60,18,2018,1800.1030069065018,24,2018_bird_033_24_trip
2018-06-02T19:44:13Z,141.57082,40.5423,bird_033,K18F60,18,2018,1192.4597749265563,24,2018_bird_033_24_trip
2018-05-20T21:39:19Z,141.64422,40.61654,bird_070,K18F62,12,2018,11343.76059140729,7,2018_bird_070_7_trip
2018-05-20T21:40:19Z,141.64965999999995,40.62491000000001,bird_070,K18F62,12,2018,12352.849603006522,7,2018_bird_070_7_trip
2018-05-20T21:41:12Z,141.65372,40.632250000000006,bird_070,K18F62,12,2018,13204.140728408333,7,2018_bird_070_7_trip
2018-05-20T21:42:13Z,141.65956999999997,40.64096,bird_070,K18F62,12,2018,14272.22290710479,7,2018_bird_070_7_trip
2018-05-20T21:43:12Z,141.66068,40.64893000000001,bird_070,K18F62,12,2018,15040.627302934698,7,2018_bird_070_7_trip
2018-05-20T21:44:12Z,141.66081,40.656679999999994,bird_070,K18F62,12,2018,15755.358240367636,7,2018_bird_070_7_trip
2018-05-20T21:45:12Z,141.66069,40.66425,bird_070,K18F62,12,2018,16455.881617962506,7,2018_bird_070_7_trip
2018-05-20T21:46:12Z,141.66062,40.67212000000001,bird_070,K18F62,12,2018,17199.840980324974,7,2018_bird_070_7_trip
2018-05-20T21:47:12Z,141.66226,40.67994,bird_070,K18F62,12,2018,18021.35007376923,7,2018_bird_070_7_trip
2018-05-20T21:48:14Z,141.66771,40.6877,bird_070,K18F62,12,2018,18998.25676457375,7,2018_bird_070_7_trip
2018-05-20T21:49:12Z,141.6727,40.695420000000006,bird_070,K18F62,12,2018,19952.260206516323,7,2018_bird_070_7_trip
2018-05-20T21:50:13Z,141.67784,40.70281000000001,bird_070,K18F62,12,2018,20880.543418817175,7,2018_bird_070_7_trip
2018-05-20T21:51:12Z,141.68041000000002,40.709990000000005,bird_070,K18F62,12,2018,21683.420734352934,7,2018_bird_070_7_trip
2018-05-20T21:52:13Z,141.68304999999998,40.7167,bird_070,K18F62,12,2018,22444.79487823934,7,2018_bird_070_7_trip
2018-05-20T21:53:12Z,141.68484999999998,40.72258000000001,bird_070,K18F62,12,2018,23092.59563982983,7,2018_bird_070_7_trip
2018-05-20T21:54:12Z,141.68578,40.72854000000001,bird_070,K18F62,12,2018,23715.787625332865,7,2018_bird_070_7_trip
2018-05-20T21:55:12Z,141.68798,40.73452,bird_070,K18F62,12,2018,24391.64476464968,7,2018_bird_070_7_trip
2018-05-20T21:56:12Z,141.69154999999998,40.74005,bird_070,K18F62,12,2018,25075.72771520171,7,2018_bird_070_7_trip
2018-05-20T21:57:12Z,141.69565999999998,40.74564,bird_070,K18F62,12,2018,25786.399635535538,7,2018_bird_070_7_trip
2018-05-20T21:58:13Z,141.70068999999998,40.7507,bird_070,K18F62,12,2018,26480.156629922385,7,2018_bird_070_7_trip
2018-05-20T21:59:13Z,141.70516999999998,40.75622,bird_070,K18F62,12,2018,27198.395210828898,7,2018_bird_070_7_trip
2018-05-20T22:00:14Z,141.70971999999998,40.76212000000001,bird_070,K18F62,12,2018,27956.899701043163,7,2018_bird_070_7_trip
2018-05-20T22:01:14Z,141.71404999999996,40.7678,bird_070,K18F62,12,2018,28685.195888480914,7,2018_bird_070_7_trip
2018-05-20T22:02:15Z,141.71784999999997,40.77181,bird_070,K18F62,12,2018,29228.46384493568,7,2018_bird_070_7_trip
2018-05-20T22:03:15Z,141.71887999999998,40.77610000000001,bird_070,K18F62,12,2018,29691.096635624028,7,2018_bird_070_7_trip
2018-05-20T22:04:15Z,141.72257,40.78139,bird_070,K18F62,12,2018,30355.9964779019,7,2018_bird_070_7_trip
2018-05-20T22:05:15Z,141.72879,40.78669,bird_070,K18F62,12,2018,31120.811009182675,7,2018_bird_070_7_trip
2018-05-20T22:06:15Z,141.73506999999998,40.79189,bird_070,K18F62,12,2018,31879.377918995087,7,2018_bird_070_7_trip
2018-05-20T22:07:15Z,141.74172,40.796960000000006,bird_070,K18F62,12,2018,32641.35567611238,7,2018_bird_070_7_trip
2018-05-20T22:08:15Z,141.74809,40.802310000000006,bird_070,K18F62,12,2018,33420.66778967506,7,2018_bird_070_7_trip
2018-05-20T22:09:41Z,141.75824000000003,40.80899,bird_070,K18F62,12,2018,34486.084691064374,7,2018_bird_070_7_trip
2018-05-20T22:10:12Z,141.7617,40.81061999999999,bird_070,K18F62,12,2018,34787.87087938115,7,2018_bird_070_7_trip
2018-05-20T22:11:12Z,141.76827,40.81495999999999,bird_070,K18F62,12,2018,35482.43360828715,7,2018_bird_070_7_trip
2018-05-20T22:12:12Z,141.77319999999995,40.82008,bird_070,K18F62,12,2018,36183.13619089101,7,2018_bird_070_7_trip
2018-05-20T22:13:12Z,141.77778999999998,40.825610000000005,bird_070,K18F62,12,2018,36908.73107598217,7,2018_bird_070_7_trip
2018-05-20T22:14:12Z,141.78161,40.83115,bird_070,K18F62,12,2018,37602.4631175563,7,2018_bird_070_7_trip
2018-05-20T22:15:13Z,141.78223000000003,40.83727999999999,bird_070,K18F62,12,2018,38217.70221012866,7,2018_bird_070_7_trip
2018-05-20T22:16:12Z,141.78348,40.84307999999999,bird_070,K18F62,12,2018,38829.437152054736,7,2018_bird_070_7_trip
2018-05-20T22:17:12Z,141.78809,40.84879,bird_070,K18F62,12,2018,39572.78849137152,7,2018_bird_070_7_trip
2018-05-20T22:18:13Z,141.79221,40.85435999999999,bird_070,K18F62,12,2018,40282.22226107311,7,2018_bird_070_7_trip
2018-05-20T22:19:13Z,141.79625,40.86057,bird_070,K18F62,12,2018,41050.15452071347,7,2018_bird_070_7_trip
2018-05-20T22:20:13Z,141.80168,40.86672,bird_070,K18F62,12,2018,41870.06073915949,7,2018_bird_070_7_trip
2018-05-20T22:21:13Z,141.80665,40.87266,bird_070,K18F62,12,2018,42650.58290042155,7,2018_bird_070_7_trip
2018-05-20T22:22:13Z,141.81274000000002,40.87838,bird_070,K18F62,12,2018,43456.781460279184,7,2018_bird_070_7_trip
2018-05-20T22:23:13Z,141.81975999999997,40.88381999999999,bird_070,K18F62,12,2018,44275.69327353959,7,2018_bird_070_7_trip
2018-05-20T22:24:12Z,141.82663000000002,40.88913,bird_070,K18F62,12,2018,45076.73573232351,7,2018_bird_070_7_trip
2018-05-20T22:25:13Z,141.83595,40.8928,bird_070,K18F62,12,2018,45827.94279261654,7,2018_bird_070_7_trip
2018-05-20T22:26:12Z,141.84269,40.89745,bird_070,K18F62,12,2018,46563.51419646667,7,2018_bird_070_7_trip
2018-05-20T22:27:13Z,141.84591,40.90281,bird_070,K18F62,12,2018,47213.21401187031,7,2018_bird_070_7_trip
2018-05-20T22:28:13Z,141.84362,40.90787,bird_070,K18F62,12,2018,47596.467892929395,7,2018_bird_070_7_trip
2018-05-20T22:29:13Z,141.83982,40.91233,bird_070,K18F62,12,2018,47862.70493248965,7,2018_bird_070_7_trip
2018-05-20T22:30:13Z,141.84062,40.91558,bird_070,K18F62,12,2018,48209.18691678229,7,2018_bird_070_7_trip
2018-05-20T22:31:13Z,141.84868,40.9169,bird_070,K18F62,12,2018,48676.81763898586,7,2018_bird_070_7_trip
2018-05-20T22:32:12Z,141.85583000000003,40.914919999999995,bird_070,K18F62,12,2018,48796.48437502641,7,2018_bird_070_7_trip
2018-05-20T22:33:12Z,141.85043000000005,40.91763999999999,bird_070,K18F62,12,2018,48822.4299780267,7,2018_bird_070_7_trip
2018-05-20T22:34:12Z,141.84421,40.92052,bird_070,K18F62,12,2018,48835.53251897015,7,2018_bird_070_7_trip
2018-05-20T22:35:12Z,141.83813000000004,40.92288,bird_070,K18F62,12,2018,48811.686405288725,7,2018_bird_070_7_trip
2018-05-20T22:36:13Z,141.83461,40.92815000000001,bird_070,K18F62,12,2018,49181.53613896156,7,2018_bird_070_7_trip
2018-05-20T22:37:12Z,141.83413000000002,40.93393,bird_070,K18F62,12,2018,49727.5161136923,7,2018_bird_070_7_trip
2018-05-20T22:38:13Z,141.83212000000003,40.93923,bird_070,K18F62,12,2018,50168.757506817805,7,2018_bird_070_7_trip
2018-05-20T22:39:12Z,141.82740000000004,40.943839999999994,bird_070,K18F62,12,2018,50441.58163630557,7,2018_bird_070_7_trip
2018-05-20T22:40:12Z,141.82871000000003,40.94927,bird_070,K18F62,12,2018,51029.41734112467,7,2018_bird_070_7_trip
2018-05-20T22:41:13Z,141.82531000000003,40.95257,bird_070,K18F62,12,2018,51229.55715954464,7,2018_bird_070_7_trip
2018-05-20T22:42:12Z,141.8249,40.957609999999995,bird_070,K18F62,12,2018,51716.89565764977,7,2018_bird_070_7_trip
2018-05-20T22:43:13Z,141.82595,40.96263,bird_070,K18F62,12,2018,52257.06135407208,7,2018_bird_070_7_trip
2018-05-20T22:44:12Z,141.82596,40.96757,bird_070,K18F62,12,2018,52751.93032687805,7,2018_bird_070_7_trip
2018-05-20T22:45:13Z,141.82639000000003,40.97267,bird_070,K18F62,12,2018,53279.02016921699,7,2018_bird_070_7_trip
2018-05-20T22:46:13Z,141.82791000000003,40.9767,bird_070,K18F62,12,2018,53738.36064788638,7,2018_bird_070_7_trip
2018-05-20T22:47:13Z,141.82767,40.97961,bird_070,K18F62,12,2018,54022.331612897426,7,2018_bird_070_7_trip
2018-05-20T22:48:12Z,141.82422000000005,40.981739999999995,bird_070,K18F62,12,2018,54114.86658955657,7,2018_bird_070_7_trip
2018-05-20T22:49:12Z,141.81769,40.9815,bird_070,K18F62,12,2018,53863.49150314835,7,2018_bird_070_7_trip
2018-05-20T22:50:12Z,141.81294000000003,40.98351,bird_070,K18F62,12,2018,53905.58979640636,7,2018_bird_070_7_trip
2018-05-20T22:51:12Z,141.81025,40.98117,bird_070,K18F62,12,2018,53576.82024334226,7,2018_bird_070_7_trip
2018-05-20T22:52:12Z,141.81711,40.983239999999995,bird_070,K18F62,12,2018,54019.990401099145,7,2018_bird_070_7_trip
2018-05-20T22:53:13Z,141.81628,40.98691,bird_070,K18F62,12,2018,54364.334958729465,7,2018_bird_070_7_trip
2018-05-20T22:54:13Z,141.82306,40.98825,bird_070,K18F62,12,2018,54732.48367373587,7,2018_bird_070_7_trip
2018-05-20T22:55:12Z,141.83156,40.9875,bird_070,K18F62,12,2018,54954.77594299072,7,2018_bird_070_7_trip
2018-05-20T22:56:12Z,141.83899000000002,40.98824,bird_070,K18F62,12,2018,55295.912081328934,7,2018_bird_070_7_trip
2018-05-20T22:57:12Z,141.83640000000003,40.99072,bird_070,K18F62,12,2018,55451.35781236482,7,2018_bird_070_7_trip
2018-05-20T22:58:12Z,141.8295,40.99195,bird_070,K18F62,12,2018,55330.730459510894,7,2018_bird_070_7_trip
2018-05-20T22:59:12Z,141.82236000000003,40.99235000000001,bird_070,K18F62,12,2018,55123.91421718266,7,2018_bird_070_7_trip
2018-05-20T23:00:13Z,141.81663,40.995140000000006,bird_070,K18F62,12,2018,55213.68361293721,7,2018_bird_070_7_trip
2018-05-20T23:01:13Z,141.81564,40.9992,bird_070,K18F62,12,2018,55594.90291693388,7,2018_bird_070_7_trip
2018-05-20T23:02:13Z,141.81391,40.99965,bird_070,K18F62,12,2018,55583.83016287691,7,2018_bird_070_7_trip
2018-05-20T23:03:12Z,141.81314,40.99946,bird_070,K18F62,12,2018,55539.1220066278,7,2018_bird_070_7_trip
2018-05-20T23:04:12Z,141.81002,41.0005,bird_070,K18F62,12,2018,55543.90483097422,7,2018_bird_070_7_trip
2018-05-20T23:05:13Z,141.80322,41.0012,bird_070,K18F62,12,2018,55398.21487077988,7,2018_bird_070_7_trip
2018-05-20T23:06:12Z,141.79676999999998,41.00296,bird_070,K18F62,12,2018,55378.54594658876,7,2018_bird_070_7_trip
2018-05-20T23:07:13Z,141.79159,41.0045,bird_070,K18F62,12,2018,55380.251550524736,7,2018_bird_070_7_trip
2018-05-20T23:08:13Z,141.785,41.00508,bird_070,K18F62,12,2018,55244.61043892458,7,2018_bird_070_7_trip
2018-05-20T23:09:13Z,141.77892,41.00551000000001,bird_070,K18F62,12,2018,55113.2434852449,7,2018_bird_070_7_trip
2018-05-20T23:10:12Z,141.77427999999998,41.00846,bird_070,K18F62,12,2018,55290.595573597515,7,2018_bird_070_7_trip
2018-05-20T23:11:13Z,141.76951999999997,41.01155,bird_070,K18F62,12,2018,55483.5361195168,7,2018_bird_070_7_trip
2018-05-20T23:12:12Z,141.76904,41.0128,bird_070,K18F62,12,2018,55601.88216022837,7,2018_bird_070_7_trip
2018-05-20T23:13:14Z,141.76951999999997,41.01268,bird_070,K18F62,12,2018,55602.290616526654,7,2018_bird_070_7_trip
2018-05-20T23:14:14Z,141.76961999999995,41.01275,bird_070,K18F62,12,2018,55612.36442391914,7,2018_bird_070_7_trip
2018-05-20T23:15:12Z,141.76971999999998,41.01288,bird_070,K18F62,12,2018,55628.744718739035,7,2018_bird_070_7_trip
2018-05-20T23:16:14Z,141.76999999999998,41.01285,bird_070,K18F62,12,2018,55633.20541804444,7,2018_bird_070_7_trip
2018-05-20T23:17:12Z,141.76980999999998,41.01331,bird_070,K18F62,12,2018,55676.38392967015,7,2018_bird_070_7_trip
2018-05-20T23:18:14Z,141.76254999999998,41.01127,bird_070,K18F62,12,2018,55267.09574647936,7,2018_bird_070_7_trip
2018-05-20T23:19:12Z,141.75545,41.01143999999999,bird_070,K18F62,12,2018,55100.382615023365,7,2018_bird_070_7_trip
2018-05-20T23:20:12Z,141.74987999999996,41.01293,bird_070,K18F62,12,2018,55117.732528498294,7,2018_bird_070_7_trip
2018-05-20T23:21:13Z,141.74430999999998,41.01314,bird_070,K18F62,12,2018,55003.43013413593,7,2018_bird_070_7_trip
2018-05-20T23:22:13Z,141.74412999999998,41.009350000000005,bird_070,K18F62,12,2018,54596.064263522465,7,2018_bird_070_7_trip
2018-05-20T23:23:13Z,141.74155999999996,41.00638,bird_070,K18F62,12,2018,54217.8899526405,7,2018_bird_070_7_trip
2018-05-20T23:24:12Z,141.73901999999998,41.00254,bird_070,K18F62,12,2018,53748.07970376823,7,2018_bird_070_7_trip
2018-05-20T23:25:12Z,141.73550999999998,40.997530000000005,bird_070,K18F62,12,2018,53130.63242100255,7,2018_bird_070_7_trip
2018-05-20T23:26:13Z,141.72996999999998,40.99465,bird_070,K18F62,12,2018,52692.91740755827,7,2018_bird_070_7_trip
2018-05-20T23:27:15Z,141.72384999999997,40.99071000000001,bird_070,K18F62,12,2018,52131.1418229408,7,2018_bird_070_7_trip
2018-05-20T23:28:15Z,141.71602,40.98994,bird_070,K18F62,12,2018,51874.429276361065,7,2018_bird_070_7_trip
2018-05-20T23:29:15Z,141.71387999999996,40.991310000000006,bird_070,K18F62,12,2018,51975.24357530716,7,2018_bird_070_7_trip
2018-05-20T23:30:15Z,141.70829,40.98795,bird_070,K18F62,12,2018,51495.857738639796,7,2018_bird_070_7_trip
2018-05-20T23:31:15Z,141.70254999999997,40.984669999999994,bird_070,K18F62,12,2018,51024.63454676087,7,2018_bird_070_7_trip
2018-05-20T23:32:15Z,141.69628,40.981449999999995,bird_070,K18F62,12,2018,50552.373050664624,7,2018_bird_070_7_trip
2018-05-20T23:33:15Z,141.69331,40.97653,bird_070,K18F62,12,2018,49962.994922582606,7,2018_bird_070_7_trip
2018-05-20T23:34:14Z,141.6912,40.97123,bird_070,K18F62,12,2018,49349.35482476407,7,2018_bird_070_7_trip
2018-05-20T23:35:15Z,141.68946,40.965900000000005,bird_070,K18F62,12,2018,48739.62763171983,7,2018_bird_070_7_trip
2018-05-20T23:36:15Z,141.68889,40.9602,bird_070,K18F62,12,2018,48112.57728238803,7,2018_bird_070_7_trip
2018-05-20T23:37:15Z,141.68651,40.95517,bird_070,K18F62,12,2018,47522.83714351347,7,2018_bird_070_7_trip
2018-05-20T23:38:14Z,141.68327,40.9524,bird_070,K18F62,12,2018,47161.170989123486,7,2018_bird_070_7_trip
2018-05-20T23:39:15Z,141.67864999999998,40.94787999999999,bird_070,K18F62,12,2018,46585.118834591274,7,2018_bird_070_7_trip
2018-05-20T23:40:15Z,141.67461999999998,40.94321,bird_070,K18F62,12,2018,46005.03840820597,7,2018_bird_070_7_trip
2018-05-20T23:41:15Z,141.67404999999997,40.938950000000006,bird_070,K18F62,12,2018,45532.75793653992,7,2018_bird_070_7_trip
2018-05-20T23:42:15Z,141.67594,40.932370000000006,bird_070,K18F62,12,2018,44854.976154744465,7,2018_bird_070_7_trip
2018-05-20T23:43:14Z,141.67479999999998,40.92633000000001,bird_070,K18F62,12,2018,44179.7626895221,7,2018_bird_070_7_trip
2018-05-20T23:44:15Z,141.67538,40.92089,bird_070,K18F62,12,2018,43602.457271864536,7,2018_bird_070_7_trip
2018-05-20T23:45:15Z,141.67307999999997,40.91468999999999,bird_070,K18F62,12,2018,42887.877146662286,7,2018_bird_070_7_trip
2018-05-20T23:46:15Z,141.67086999999998,40.90854,bird_070,K18F62,12,2018,42180.44931467277,7,2018_bird_070_7_trip
2018-05-20T23:47:15Z,141.66904,40.90207,bird_070,K18F62,12,2018,41445.707297302746,7,2018_bird_070_7_trip
2018-05-20T23:48:15Z,141.66862,40.89526,bird_070,K18F62,12,2018,40701.49669979991,7,2018_bird_070_7_trip
2018-05-20T23:49:15Z,141.66867,40.88912,bird_070,K18F62,12,2018,40039.39330499901,7,2018_bird_070_7_trip
2018-05-20T23:50:15Z,141.66801,40.886239999999994,bird_070,K18F62,12,2018,39715.45518068822,7,2018_bird_070_7_trip
2018-05-20T23:51:15Z,141.66332,40.88543,bird_070,K18F62,12,2018,39536.616078053106,7,2018_bird_070_7_trip
2018-05-20T23:52:15Z,141.66298,40.8852,bird_070,K18F62,12,2018,39505.25304189102,7,2018_bird_070_7_trip
2018-05-20T23:53:15Z,141.66403,40.88289,bird_070,K18F62,12,2018,39275.62392908864,7,2018_bird_070_7_trip
2018-05-20T23:54:15Z,141.66198,40.87838,bird_070,K18F62,12,2018,38748.52794037399,7,2018_bird_070_7_trip
2018-05-20T23:55:15Z,141.65949999999998,40.87207,bird_070,K18F62,12,2018,38018.60281915992,7,2018_bird_070_7_trip
2018-05-20T23:56:15Z,141.65641000000002,40.8663,bird_070,K18F62,12,2018,37335.58381481109,7,2018_bird_070_7_trip
2018-05-20T23:57:15Z,141.65154,40.86141,bird_070,K18F62,12,2018,36715.37640114509,7,2018_bird_070_7_trip
2018-05-20T23:58:15Z,141.64651999999998,40.85613,bird_070,K18F62,12,2018,36052.365704727505,7,2018_bird_070_7_trip
2018-05-20T23:59:15Z,141.64204999999998,40.8507,bird_070,K18F62,12,2018,35384.751222322586,7,2018_bird_070_7_trip
2018-05-21T00:00:17Z,141.63807,40.84487999999999,bird_070,K18F62,12,2018,34684.49359942586,7,2018_bird_070_7_trip
2018-05-21T00:01:41Z,141.63314,40.84276,bird_070,K18F62,12,2018,34373.850803960144,7,2018_bird_070_7_trip
2018-05-21T00:02:12Z,141.63389999999998,40.84212,bird_070,K18F62,12,2018,34316.03840368246,7,2018_bird_070_7_trip
2018-05-21T00:03:13Z,141.63206,40.83545,bird_070,K18F62,12,2018,33559.360141268626,7,2018_bird_070_7_trip
2018-05-21T00:04:12Z,141.62918,40.83224,bird_070,K18F62,12,2018,33164.028297990444,7,2018_bird_070_7_trip
2018-05-21T00:05:12Z,141.62698,40.83274,bird_070,K18F62,12,2018,33185.248667334825,7,2018_bird_070_7_trip
2018-05-21T00:06:12Z,141.62516,40.82699,bird_070,K18F62,12,2018,32529.63491901627,7,2018_bird_070_7_trip
2018-05-21T00:07:12Z,141.62428,40.820910000000005,bird_070,K18F62,12,2018,31851.951891469736,7,2018_bird_070_7_trip
2018-05-21T00:08:12Z,141.62384,40.81453,bird_070,K18F62,12,2018,31148.22518517185,7,2018_bird_070_7_trip
2018-05-21T00:09:12Z,141.62215,40.81012,bird_070,K18F62,12,2018,30640.862438392167,7,2018_bird_070_7_trip
2018-05-21T00:10:13Z,141.62393,40.809,bird_070,K18F62,12,2018,30545.76167999896,7,2018_bird_070_7_trip
2018-05-21T00:11:12Z,141.62481,40.80705,bird_070,K18F62,12,2018,30346.7793254286,7,2018_bird_070_7_trip
2018-05-21T00:12:13Z,141.62256,40.800079999999994,bird_070,K18F62,12,2018,29550.912095694577,7,2018_bird_070_7_trip
2018-05-21T00:13:12Z,141.62081,40.79318000000001,bird_070,K18F62,12,2018,28770.56795741937,7,2018_bird_070_7_trip
2018-05-21T00:14:12Z,141.61758999999998,40.78647,bird_070,K18F62,12,2018,27988.157114541053,7,2018_bird_070_7_trip
2018-05-21T00:15:12Z,141.61398999999997,40.78002,bird_070,K18F62,12,2018,27229.142414721075,7,2018_bird_070_7_trip
2018-05-21T00:16:12Z,141.60965999999996,40.774150000000006,bird_070,K18F62,12,2018,26524.405467084965,7,2018_bird_070_7_trip
2018-05-21T00:17:11Z,141.60775999999998,40.76815000000001,bird_070,K18F62,12,2018,25840.75605681992,7,2018_bird_070_7_trip
2018-05-21T00:18:13Z,141.60603,40.76209000000001,bird_070,K18F62,12,2018,25152.96069193065,7,2018_bird_070_7_trip
2018-05-21T00:19:13Z,141.60239,40.75643,bird_070,K18F62,12,2018,24483.532404815414,7,2018_bird_070_7_trip
2018-05-21T00:20:12Z,141.59941,40.75068,bird_070,K18F62,12,2018,23814.18715145383,7,2018_bird_070_7_trip
2018-05-21T00:21:12Z,141.59609,40.74482,bird_070,K18F62,12,2018,23129.68292141776,7,2018_bird_070_7_trip
2018-05-21T00:22:12Z,141.59348,40.73890000000001,bird_070,K18F62,12,2018,22448.114999454345,7,2018_bird_070_7_trip
2018-05-21T00:23:12Z,141.59081,40.732940000000006,bird_070,K18F62,12,2018,21762.235363905023,7,2018_bird_070_7_trip
2018-05-21T00:24:12Z,141.58897000000002,40.72699000000001,bird_070,K18F62,12,2018,21087.05856837741,7,2018_bird_070_7_trip
2018-05-21T00:25:13Z,141.58719000000002,40.72073000000001,bird_070,K18F62,12,2018,20378.57888575792,7,2018_bird_070_7_trip
2018-05-21T00:26:11Z,141.58515,40.71491,bird_070,K18F62,12,2018,19716.197098039192,7,2018_bird_070_7_trip
2018-05-21T00:27:11Z,141.58230000000003,40.709030000000006,bird_070,K18F62,12,2018,19040.007889219545,7,2018_bird_070_7_trip
2018-05-21T00:28:12Z,141.58019000000002,40.70281000000001,bird_070,K18F62,12,2018,18334.157675549395,7,2018_bird_070_7_trip
2018-05-21T00:29:13Z,141.57904999999997,40.69655000000001,bird_070,K18F62,12,2018,17632.75275999648,7,2018_bird_070_7_trip
2018-05-21T00:30:12Z,141.57811,40.69037000000001,bird_070,K18F62,12,2018,16941.944375822368,7,2018_bird_070_7_trip
2018-05-21T00:31:12Z,141.57643000000002,40.68399,bird_070,K18F62,12,2018,16222.776821172942,7,2018_bird_070_7_trip
2018-05-21T00:32:11Z,141.57521,40.677130000000005,bird_070,K18F62,12,2018,15454.564832460996,7,2018_bird_070_7_trip
2018-05-21T00:33:12Z,141.57415999999998,40.67036,bird_070,K18F62,12,2018,14697.722570688053,7,2018_bird_070_7_trip
2018-05-21T00:34:12Z,141.57321,40.663340000000005,bird_070,K18F62,12,2018,13914.062339472484,7,2018_bird_070_7_trip
2018-05-21T00:35:12Z,141.57499,40.65886,bird_070,K18F62,12,2018,13434.573556212708,7,2018_bird_070_7_trip
2018-05-21T00:36:13Z,141.57326999999998,40.65254,bird_070,K18F62,12,2018,12721.217648556154,7,2018_bird_070_7_trip
2018-05-21T00:37:13Z,141.57165999999998,40.64625,bird_070,K18F62,12,2018,12012.499124538836,7,2018_bird_070_7_trip
2018-05-21T00:38:12Z,141.57059999999998,40.64005,bird_070,K18F62,12,2018,11318.529935627836,7,2018_bird_070_7_trip
2018-05-21T00:39:12Z,141.56996999999998,40.63327,bird_070,K18F62,12,2018,10564.037685011375,7,2018_bird_070_7_trip
2018-05-21T00:40:13Z,141.569,40.62679000000001,bird_070,K18F62,12,2018,9839.86874541764,7,2018_bird_070_7_trip
2018-05-21T00:41:13Z,141.56861,40.620990000000006,bird_070,K18F62,12,2018,9195.718486144273,7,2018_bird_070_7_trip
2018-05-21T00:42:12Z,141.56977999999998,40.61569,bird_070,K18F62,12,2018,8621.697401408946,7,2018_bird_070_7_trip
2018-05-21T00:43:12Z,141.57033,40.610510000000005,bird_070,K18F62,12,2018,8057.000218972596,7,2018_bird_070_7_trip
2018-05-21T00:44:13Z,141.57025,40.60463,bird_070,K18F62,12,2018,7409.454008814655,7,2018_bird_070_7_trip
2018-05-21T00:45:12Z,141.56917,40.59906,bird_070,K18F62,12,2018,6784.209274408648,7,2018_bird_070_7_trip
2018-05-21T00:46:13Z,141.56802000000002,40.59405,bird_070,K18F62,12,2018,6219.662565668014,7,2018_bird_070_7_trip
2018-05-21T00:47:11Z,141.5669,40.5889,bird_070,K18F62,12,2018,5640.123356918111,7,2018_bird_070_7_trip
2018-05-21T00:48:12Z,141.56484,40.5837,bird_070,K18F62,12,2018,5044.829685909489,7,2018_bird_070_7_trip
2018-05-21T00:49:13Z,141.56236,40.57864,bird_070,K18F62,12,2018,4463.78702510906,7,2018_bird_070_7_trip
2018-05-21T00:50:12Z,141.5595,40.57324,bird_070,K18F62,12,2018,3849.276252622728,7,2018_bird_070_7_trip
2018-05-21T00:51:12Z,141.55652,40.56785,bird_070,K18F62,12,2018,3248.681599560472,7,2018_bird_070_7_trip
2018-05-21T00:52:12Z,141.55540000000002,40.56226,bird_070,K18F62,12,2018,2633.2622819203316,7,2018_bird_070_7_trip
2018-05-21T00:53:12Z,141.55322,40.55842,bird_070,K18F62,12,2018,2231.333010378716,7,2018_bird_070_7_trip
2018-05-21T00:54:13Z,141.55306,40.558679999999995,bird_070,K18F62,12,2018,2262.0735273895643,7,2018_bird_070_7_trip
2018-05-21T00:55:12Z,141.55288000000002,40.55882,bird_070,K18F62,12,2018,2280.020689235097,7,2018_bird_070_7_trip
2018-05-21T00:56:12Z,141.55278,40.55917,bird_070,K18F62,12,2018,2319.7702189978327,7,2018_bird_070_7_trip
2018-05-21T00:57:13Z,141.55029000000002,40.55477,bird_070,K18F62,12,2018,1898.807484428988,7,2018_bird_070_7_trip
2018-05-21T00:58:12Z,141.54949,40.54928,bird_070,K18F62,12,2018,1370.1193224544545,7,2018_bird_070_7_trip
2018-05-21T00:59:11Z,141.54950999999997,40.54755,bird_070,K18F62,12,2018,1206.8211415891128,7,2018_bird_070_7_trip
2018-05-21T01:00:12Z,141.55051,40.546330000000005,bird_070,K18F62,12,2018,1047.233077012955,7,2018_bird_070_7_trip
2018-05-21T01:01:13Z,141.55058,40.54625,bird_070,K18F62,12,2018,1036.555031959022,7,2018_bird_070_7_trip
2018-05-21T01:02:15Z,141.55055,40.54627,bird_070,K18F62,12,2018,1039.8326485157086,7,2018_bird_070_7_trip
2018-05-21T01:03:13Z,141.5505,40.54624,bird_070,K18F62,12,2018,1039.554067795208,7,2018_bird_070_7_trip
2018-05-21T01:04:14Z,141.55037000000002,40.54597,bird_070,K18F62,12,2018,1021.8201727361778,7,2018_bird_070_7_trip
2018-05-21T01:05:12Z,141.5505,40.54622,bird_070,K18F62,12,2018,1037.7438987502856,7,2018_bird_070_7_trip
2018-05-21T01:06:13Z,141.55058,40.54623,bird_070,K18F62,12,2018,1034.7372318476707,7,2018_bird_070_7_trip
2018-05-21T01:07:13Z,141.55065,40.54621,bird_070,K18F62,12,2018,1029.5167662634456,7,2018_bird_070_7_trip
2018-05-21T01:08:14Z,141.55052,40.54622,bird_070,K18F62,12,2018,1036.762387374769,7,2018_bird_070_7_trip
2018-05-21T01:09:12Z,141.55059,40.546130000000005,bird_070,K18F62,12,2018,1025.1808731161057,7,2018_bird_070_7_trip
2018-05-21T01:10:13Z,141.55065,40.54618,bird_070,K18F62,12,2018,1026.7863797956718,7,2018_bird_070_7_trip
2018-05-22T16:33:15Z,141.56521,40.54707,bird_070,K18F62,12,2018,1139.5643116508334,9,2018_bird_070_9_trip
2018-05-22T16:34:17Z,141.56866,40.55258,bird_070,K18F62,12,2018,1812.491577640712,9,2018_bird_070_9_trip
2018-05-22T16:35:16Z,141.57199,40.559,bird_070,K18F62,12,2018,2571.711489142851,9,2018_bird_070_9_trip
2018-05-22T16:36:15Z,141.57604,40.565270000000005,bird_070,K18F62,12,2018,3347.477840680531,9,2018_bird_070_9_trip
2018-05-22T16:37:15Z,141.57956999999996,40.57235000000001,bird_070,K18F62,12,2018,4183.579751222593,9,2018_bird_070_9_trip
2018-05-22T16:38:16Z,141.58439,40.57894,bird_070,K18F62,12,2018,5020.688155383507,9,2018_bird_070_9_trip
2018-05-22T16:39:15Z,141.58842000000004,40.58514,bird_070,K18F62,12,2018,5789.053605045379,9,2018_bird_070_9_trip
2018-05-22T16:40:16Z,141.59321,40.59145,bird_070,K18F62,12,2018,6597.487962605469,9,2018_bird_070_9_trip
2018-05-22T16:41:16Z,141.59835,40.59726,bird_070,K18F62,12,2018,7370.790664444201,9,2018_bird_070_9_trip
2018-05-22T16:42:16Z,141.60284,40.6028,bird_070,K18F62,12,2018,8092.476033598617,9,2018_bird_070_9_trip
2018-05-22T16:43:16Z,141.60759,40.60813000000001,bird_070,K18F62,12,2018,8804.469402038309,9,2018_bird_070_9_trip
2018-05-22T16:44:15Z,141.61284999999998,40.613310000000006,bird_070,K18F62,12,2018,9523.57057150713,9,2018_bird_070_9_trip
2018-05-22T16:45:16Z,141.61847,40.61861,bird_070,K18F62,12,2018,10270.624896830268,9,2018_bird_070_9_trip
2018-05-22T16:46:15Z,141.62166,40.625220000000006,bird_070,K18F62,12,2018,11041.76568385473,9,2018_bird_070_9_trip
2018-05-22T16:47:15Z,141.62306999999998,40.63284,bird_070,K18F62,12,2018,11841.42847902115,9,2018_bird_070_9_trip
2018-05-22T16:48:16Z,141.62481,40.64079,bird_070,K18F62,12,2018,12693.532037753765,9,2018_bird_070_9_trip
2018-05-22T16:49:15Z,141.62779,40.64793,bird_070,K18F62,12,2018,13515.86128978374,9,2018_bird_070_9_trip
2018-05-22T16:50:15Z,141.6303,40.65545,bird_070,K18F62,12,2018,14360.259935868622,9,2018_bird_070_9_trip
2018-05-22T16:51:15Z,141.63247,40.663320000000006,bird_070,K18F62,12,2018,15229.881995418376,9,2018_bird_070_9_trip
2018-05-22T16:52:15Z,141.63591,40.670390000000005,bird_070,K18F62,12,2018,16064.923112627908,9,2018_bird_070_9_trip
2018-05-22T16:53:16Z,141.63939,40.67766,bird_070,K18F62,12,2018,16921.81562018904,9,2018_bird_070_9_trip
2018-05-22T16:54:15Z,141.64194,40.68483,bird_070,K18F62,12,2018,17736.96073962599,9,2018_bird_070_9_trip
2018-05-22T16:55:15Z,141.64434,40.692240000000005,bird_070,K18F62,12,2018,18572.40169043456,9,2018_bird_070_9_trip
2018-05-22T16:56:15Z,141.64702,40.69964,bird_070,K18F62,12,2018,19417.074440186392,9,2018_bird_070_9_trip
2018-05-22T16:57:16Z,141.65053,40.706900000000005,bird_070,K18F62,12,2018,20275.16729073044,9,2018_bird_070_9_trip
2018-05-22T16:58:16Z,141.65417,40.71398,bird_070,K18F62,12,2018,21119.14449585036,9,2018_bird_070_9_trip
2018-05-22T16:59:15Z,141.65822000000003,40.72046,bird_070,K18F62,12,2018,21915.145410382705,9,2018_bird_070_9_trip
2018-05-22T17:00:16Z,141.66263,40.72614000000001,bird_070,K18F62,12,2018,22641.366647239272,9,2018_bird_070_9_trip
2018-05-22T17:01:16Z,141.66437,40.72777000000001,bird_070,K18F62,12,2018,22865.671245379806,9,2018_bird_070_9_trip
2018-05-22T17:02:16Z,141.66444,40.727630000000005,bird_070,K18F62,12,2018,22853.734825952877,9,2018_bird_070_9_trip
2018-05-22T17:03:16Z,141.66455999999997,40.72784,bird_070,K18F62,12,2018,22879.16314107181,9,2018_bird_070_9_trip
2018-05-22T17:04:16Z,141.66761,40.733140000000006,bird_070,K18F62,12,2018,23521.638720348183,9,2018_bird_070_9_trip
2018-05-22T17:05:16Z,141.67127,40.74025,bird_070,K18F62,12,2018,24369.085886240373,9,2018_bird_070_9_trip
2018-05-22T17:06:15Z,141.67492,40.74722,bird_070,K18F62,12,2018,25201.931612377877,9,2018_bird_070_9_trip
2018-05-22T17:07:16Z,141.67847,40.75499,bird_070,K18F62,12,2018,26113.16164497943,9,2018_bird_070_9_trip
2018-05-22T17:08:16Z,141.68240000000003,40.76245000000001,bird_070,K18F62,12,2018,27005.37673888699,9,2018_bird_070_9_trip
2018-05-22T17:09:16Z,141.68777,40.768080000000005,bird_070,K18F62,12,2018,27758.72897964999,9,2018_bird_070_9_trip
2018-05-22T17:10:16Z,141.69140000000002,40.77009,bird_070,K18F62,12,2018,28085.985353469503,9,2018_bird_070_9_trip
2018-05-22T17:11:17Z,141.69163,40.77,bird_070,K18F62,12,2018,28084.686476107207,9,2018_bird_070_9_trip
2018-05-22T17:12:16Z,141.69181,40.769920000000006,bird_070,K18F62,12,2018,28082.710553792997,9,2018_bird_070_9_trip
2018-05-22T17:13:16Z,141.69189,40.76991000000001,bird_070,K18F62,12,2018,28084.430509086615,9,2018_bird_070_9_trip
2018-05-22T17:14:15Z,141.69201,40.769760000000005,bird_070,K18F62,12,2018,28073.309651584445,9,2018_bird_070_9_trip
2018-05-22T17:15:15Z,141.69217,40.76968,bird_070,K18F62,12,2018,28070.67301254145,9,2018_bird_070_9_trip
2018-05-22T17:16:16Z,141.69244000000003,40.76981000000001,bird_070,K18F62,12,2018,28093.127182186938,9,2018_bird_070_9_trip
2018-05-22T17:17:16Z,141.69254999999998,40.769650000000006,bird_070,K18F62,12,2018,28080.67518963815,9,2018_bird_070_9_trip
2018-05-22T17:18:15Z,141.69283,40.76968,bird_070,K18F62,12,2018,28093.349907878324,9,2018_bird_070_9_trip
2018-05-22T17:19:16Z,141.69303,40.76964,bird_070,K18F62,12,2018,28096.18517664565,9,2018_bird_070_9_trip
2018-05-22T17:20:16Z,141.69316999999998,40.76948,bird_070,K18F62,12,2018,28084.798764303378,9,2018_bird_070_9_trip
2018-05-22T17:21:15Z,141.69339,40.769560000000006,bird_070,K18F62,12,2018,28100.50484384143,9,2018_bird_070_9_trip
2018-05-22T17:22:15Z,141.69349999999997,40.76935000000001,bird_070,K18F62,12,2018,28083.035881655524,9,2018_bird_070_9_trip
2018-05-22T17:23:15Z,141.69387999999998,40.769490000000005,bird_070,K18F62,12,2018,28110.37836301283,9,2018_bird_070_9_trip
2018-05-22T17:24:15Z,141.69396999999998,40.769360000000006,bird_070,K18F62,12,2018,28100.339480819963,9,2018_bird_070_9_trip
2018-05-22T17:25:15Z,141.6942,40.769290000000005,bird_070,K18F62,12,2018,28101.244676363993,9,2018_bird_070_9_trip
2018-05-22T17:26:16Z,141.69446,40.76934000000001,bird_070,K18F62,12,2018,28115.349842697065,9,2018_bird_070_9_trip
2018-05-22T17:27:16Z,141.69457999999997,40.76922,bird_070,K18F62,12,2018,28107.3917154102,9,2018_bird_070_9_trip
2018-05-22T17:28:16Z,141.69475999999997,40.769200000000005,bird_070,K18F62,12,2018,28111.647089056023,9,2018_bird_070_9_trip
2018-05-22T17:29:16Z,141.69484999999997,40.76911000000001,bird_070,K18F62,12,2018,28105.68940188081,9,2018_bird_070_9_trip
2018-05-22T17:30:16Z,141.69517,40.76916000000001,bird_070,K18F62,12,2018,28121.930378863883,9,2018_bird_070_9_trip
2018-05-22T17:31:16Z,141.69525,40.769090000000006,bird_070,K18F62,12,2018,28117.656627433433,9,2018_bird_070_9_trip
2018-05-22T17:32:16Z,141.69559999999998,40.76917000000001,bird_070,K18F62,12,2018,28138.00545591058,9,2018_bird_070_9_trip
2018-05-22T17:33:15Z,141.69582,40.76924,bird_070,K18F62,12,2018,28152.796860142334,9,2018_bird_070_9_trip
2018-05-22T17:34:16Z,141.69907999999998,40.770520000000005,bird_070,K18F62,12,2018,28397.186349136413,9,2018_bird_070_9_trip
2018-05-22T17:35:16Z,141.70349,40.776410000000006,bird_070,K18F62,12,2018,29147.35781143316,9,2018_bird_070_9_trip
2018-05-22T17:36:16Z,141.708,40.78276,bird_070,K18F62,12,2018,29947.45857743471,9,2018_bird_070_9_trip
2018-05-22T17:37:16Z,141.71184999999997,40.78989,bird_070,K18F62,12,2018,30802.293892296337,9,2018_bird_070_9_trip
2018-05-22T17:38:16Z,141.71511999999998,40.797520000000006,bird_070,K18F62,12,2018,31686.843913755547,9,2018_bird_070_9_trip
2018-05-22T17:39:15Z,141.71944,40.80535,bird_070,K18F62,12,2018,32629.042656836744,9,2018_bird_070_9_trip
2018-05-22T17:40:14Z,141.72332,40.81222,bird_070,K18F62,12,2018,33458.911130652414,9,2018_bird_070_9_trip
2018-05-22T17:41:16Z,141.72789,40.81963999999999,bird_070,K18F62,12,2018,34368.64129493635,9,2018_bird_070_9_trip
2018-05-22T17:42:16Z,141.73174,40.82629,bird_070,K18F62,12,2018,35175.251857026,9,2018_bird_070_9_trip
2018-05-22T17:43:15Z,141.73519,40.83339,bird_070,K18F62,12,2018,36013.126329212544,9,2018_bird_070_9_trip
2018-05-22T17:44:15Z,141.73775999999998,40.840259999999994,bird_070,K18F62,12,2018,36797.034284749156,9,2018_bird_070_9_trip
2018-05-22T17:45:16Z,141.73944999999998,40.84356,bird_070,K18F62,12,2018,37189.61533393765,9,2018_bird_070_9_trip
2018-05-22T17:46:15Z,141.73943,40.84354,bird_070,K18F62,12,2018,37186.895141773224,9,2018_bird_070_9_trip
2018-05-22T17:47:15Z,141.73949999999996,40.84345999999999,bird_070,K18F62,12,2018,37181.255661327195,9,2018_bird_070_9_trip
2018-05-22T17:48:16Z,141.7394,40.8433,bird_070,K18F62,12,2018,37161.59014576009,9,2018_bird_070_9_trip
2018-05-22T17:49:16Z,141.73936999999998,40.84319,bird_070,K18F62,12,2018,37149.42461475351,9,2018_bird_070_9_trip
2018-05-22T17:50:17Z,141.73944,40.84317,bird_070,K18F62,12,2018,37149.85101583937,9,2018_bird_070_9_trip
2018-05-22T17:51:15Z,141.73944,40.84314,bird_070,K18F62,12,2018,37146.81945450319,9,2018_bird_070_9_trip
2018-05-22T17:52:16Z,141.73934999999997,40.84292,bird_070,K18F62,12,2018,37121.44064643137,9,2018_bird_070_9_trip
2018-05-22T17:53:16Z,141.74118000000001,40.84685999999999,bird_070,K18F62,12,2018,37583.60208154144,9,2018_bird_070_9_trip
2018-05-22T17:54:17Z,141.74436999999998,40.853289999999994,bird_070,K18F62,12,2018,38345.00089365794,9,2018_bird_070_9_trip
2018-05-22T17:55:15Z,141.74743,40.85987999999999,bird_070,K18F62,12,2018,39118.13940662034,9,2018_bird_070_9_trip
2018-05-22T17:56:15Z,141.75099,40.86716,bird_070,K18F62,12,2018,39978.54541003386,9,2018_bird_070_9_trip
2018-05-22T17:57:16Z,141.75483,40.874979999999994,bird_070,K18F62,12,2018,40903.397017086034,9,2018_bird_070_9_trip
2018-05-22T17:58:16Z,141.75898,40.88262,bird_070,K18F62,12,2018,41820.713727311355,9,2018_bird_070_9_trip
2018-05-22T17:59:15Z,141.76261,40.89038,bird_070,K18F62,12,2018,42732.37121245298,9,2018_bird_070_9_trip
2018-05-22T18:00:16Z,141.76604,40.898950000000006,bird_070,K18F62,12,2018,43719.57985940202,9,2018_bird_070_9_trip
2018-05-22T18:01:15Z,141.76997999999998,40.90664,bird_070,K18F62,12,2018,44634.91684701823,9,2018_bird_070_9_trip
2018-05-22T18:02:16Z,141.77434999999997,40.91475,bird_070,K18F62,12,2018,45607.551346472384,9,2018_bird_070_9_trip
2018-05-22T18:03:16Z,141.77777999999998,40.9232,bird_070,K18F62,12,2018,46582.99173226274,9,2018_bird_070_9_trip
2018-05-22T18:04:15Z,141.78296,40.92898,bird_070,K18F62,12,2018,47346.09701150065,9,2018_bird_070_9_trip
2018-05-22T18:05:16Z,141.7881,40.93413,bird_070,K18F62,12,2018,48044.313000282295,9,2018_bird_070_9_trip
2018-05-22T18:06:16Z,141.79229,40.940079999999995,bird_070,K18F62,12,2018,48791.486281254634,9,2018_bird_070_9_trip
2018-05-22T18:07:16Z,141.79716,40.946479999999994,bird_070,K18F62,12,2018,49607.722426445274,9,2018_bird_070_9_trip
2018-05-22T18:08:15Z,141.80132000000003,40.95361,bird_070,K18F62,12,2018,50473.53252266086,9,2018_bird_070_9_trip
2018-05-22T18:09:15Z,141.8058,40.960330000000006,bird_070,K18F62,12,2018,51308.81750785253,9,2018_bird_070_9_trip
2018-05-22T18:10:15Z,141.81,40.9656,bird_070,K18F62,12,2018,51987.62875922024,9,2018_bird_070_9_trip
2018-05-22T18:11:15Z,141.81019,40.96567,bird_070,K18F62,12,2018,52001.29421731017,9,2018_bird_070_9_trip
2018-05-22T18:12:15Z,141.81015,40.96555000000001,bird_070,K18F62,12,2018,51987.76291669643,9,2018_bird_070_9_trip
2018-05-22T18:13:16Z,141.81038,40.96558,bird_070,K18F62,12,2018,51998.77000129277,9,2018_bird_070_9_trip
2018-05-22T18:14:15Z,141.81058,40.96544,bird_070,K18F62,12,2018,51991.5405360237,9,2018_bird_070_9_trip
2018-05-22T18:15:14Z,141.81067,40.96549,bird_070,K18F62,12,2018,51999.72273345663,9,2018_bird_070_9_trip
2018-05-22T18:16:15Z,141.81187,40.96676,bird_070,K18F62,12,2018,52169.87427632438,9,2018_bird_070_9_trip
2018-05-22T18:17:16Z,141.81553,40.97323,bird_070,K18F62,12,2018,52951.486641432,9,2018_bird_070_9_trip
2018-05-22T18:18:15Z,141.81846000000002,40.98053,bird_070,K18F62,12,2018,53791.80442942171,9,2018_bird_070_9_trip
2018-05-22T18:19:15Z,141.8215,40.98904,bird_070,K18F62,12,2018,54758.75048442447,9,2018_bird_070_9_trip
2018-05-22T18:20:16Z,141.8248,40.99867,bird_070,K18F62,12,2018,55848.66663264226,9,2018_bird_070_9_trip
2018-05-22T18:21:16Z,141.82717000000002,41.00745,bird_070,K18F62,12,2018,56821.24837431283,9,2018_bird_070_9_trip
2018-05-22T18:22:16Z,141.83043000000004,41.01605,bird_070,K18F62,12,2018,57806.14688953138,9,2018_bird_070_9_trip
2018-05-22T18:23:16Z,141.83489,41.02356,bird_070,K18F62,12,2018,58720.58850201058,9,2018_bird_070_9_trip
2018-05-22T18:24:15Z,141.83908,41.03044,bird_070,K18F62,12,2018,59561.81305707141,9,2018_bird_070_9_trip
2018-05-22T18:25:15Z,141.84222000000003,41.035720000000005,bird_070,K18F62,12,2018,60204.852671249784,9,2018_bird_070_9_trip
2018-05-22T18:26:16Z,141.84597,41.04208,bird_070,K18F62,12,2018,60978.32678580607,9,2018_bird_070_9_trip
2018-05-22T18:27:16Z,141.84913,41.04721,bird_070,K18F62,12,2018,61606.76353238689,9,2018_bird_070_9_trip
2018-05-22T18:28:15Z,141.85331000000002,41.051489999999994,bird_070,K18F62,12,2018,62183.23714865688,9,2018_bird_070_9_trip
2018-05-22T18:29:16Z,141.85722000000004,41.057489999999994,bird_070,K18F62,12,2018,62925.532009227994,9,2018_bird_070_9_trip
2018-05-22T18:30:15Z,141.86201000000003,41.06168,bird_070,K18F62,12,2018,63513.998466515186,9,2018_bird_070_9_trip
2018-05-22T18:31:16Z,141.86634000000004,41.06828,bird_070,K18F62,12,2018,64331.609228804475,9,2018_bird_070_9_trip
2018-05-22T18:32:15Z,141.86711000000005,41.070130000000006,bird_070,K18F62,12,2018,64545.63021223362,9,2018_bird_070_9_trip
2018-05-22T18:33:15Z,141.86648000000002,41.06764,bird_070,K18F62,12,2018,64271.47033335471,9,2018_bird_070_9_trip
2018-05-22T18:34:15Z,141.86664000000002,41.069700000000005,bird_070,K18F62,12,2018,64485.94932350327,9,2018_bird_070_9_trip
2018-05-22T18:35:17Z,141.86763000000002,41.07244,bird_070,K18F62,12,2018,64797.83090205468,9,2018_bird_070_9_trip
2018-05-22T18:36:15Z,141.86752,41.072210000000005,bird_070,K18F62,12,2018,64770.73338906154,9,2018_bird_070_9_trip
2018-05-22T18:37:16Z,141.86976,41.07442,bird_070,K18F62,12,2018,65071.44997563982,9,2018_bird_070_9_trip
2018-05-22T18:38:15Z,141.87451,41.07849,bird_070,K18F62,12,2018,65646.92019313354,9,2018_bird_070_9_trip
2018-05-22T18:39:15Z,141.87999,41.08254,bird_070,K18F62,12,2018,66246.12330411162,9,2018_bird_070_9_trip
2018-05-22T18:40:17Z,141.8857,41.08544,bird_070,K18F62,12,2018,66738.05944869724,9,2018_bird_070_9_trip
2018-05-22T18:41:15Z,141.89185,41.08806,bird_070,K18F62,12,2018,67218.73048114544,9,2018_bird_070_9_trip
2018-05-22T18:42:17Z,141.89671,41.08939,bird_070,K18F62,12,2018,67525.42600628678,9,2018_bird_070_9_trip
2018-05-22T18:43:15Z,141.90217,41.09376,bird_070,K18F62,12,2018,68160.12512794562,9,2018_bird_070_9_trip
2018-05-22T18:44:16Z,141.90769,41.0974,bird_070,K18F62,12,2018,68724.48301217909,9,2018_bird_070_9_trip
2018-05-22T18:45:16Z,141.91341,41.10199,bird_070,K18F62,12,2018,69392.03127565357,9,2018_bird_070_9_trip
2018-05-22T18:46:15Z,141.91872,41.10566,bird_070,K18F62,12,2018,69953.27749465538,9,2018_bird_070_9_trip
2018-05-22T18:47:15Z,141.92469,41.108630000000005,bird_070,K18F62,12,2018,70469.89273883885,9,2018_bird_070_9_trip
2018-05-22T18:48:15Z,141.92885,41.11045,bird_070,K18F62,12,2018,70805.8344179454,9,2018_bird_070_9_trip
2018-05-22T18:49:17Z,141.93473,41.114459999999994,bird_070,K18F62,12,2018,71424.6286305581,9,2018_bird_070_9_trip
2018-05-22T18:50:15Z,141.94052,41.11767,bird_070,K18F62,12,2018,71961.52923138718,9,2018_bird_070_9_trip
2018-05-22T18:51:16Z,141.94504,41.12217000000001,bird_070,K18F62,12,2018,72578.83813405648,9,2018_bird_070_9_trip
2018-05-22T18:52:16Z,141.95065,41.126090000000005,bird_070,K18F62,12,2018,73180.52280679751,9,2018_bird_070_9_trip
2018-05-22T18:53:16Z,141.9538,41.132470000000005,bird_070,K18F62,12,2018,73931.8692323983,9,2018_bird_070_9_trip
2018-05-22T18:54:16Z,141.95687,41.13721,bird_070,K18F62,12,2018,74517.92646608288,9,2018_bird_070_9_trip
2018-05-22T18:55:16Z,141.95488,41.1416,bird_070,K18F62,12,2018,74877.41928820476,9,2018_bird_070_9_trip
2018-05-22T18:56:16Z,141.96069,41.14654,bird_070,K18F62,12,2018,75586.98165232998,9,2018_bird_070_9_trip
2018-05-22T18:57:16Z,141.96363,41.15305,bird_070,K18F62,12,2018,76343.54178557401,9,2018_bird_070_9_trip
2018-05-22T18:58:16Z,141.95707000000002,41.15707999999999,bird_070,K18F62,12,2018,76498.15858324496,9,2018_bird_070_9_trip
2018-05-22T18:59:16Z,141.94876,41.15879,bird_070,K18F62,12,2018,76363.22819685521,9,2018_bird_070_9_trip
2018-05-22T19:00:17Z,141.94019,41.162090000000006,bird_070,K18F62,12,2018,76385.56548513648,9,2018_bird_070_9_trip
2018-05-22T19:01:17Z,141.93608,41.16095000000001,bird_070,K18F62,12,2018,76124.99540065955,9,2018_bird_070_9_trip
2018-05-22T19:02:17Z,141.93259,41.16145,bird_070,K18F62,12,2018,76052.53329051327,9,2018_bird_070_9_trip
2018-05-22T19:03:17Z,141.93199,41.16619000000001,bird_070,K18F62,12,2018,76510.24289101032,9,2018_bird_070_9_trip
2018-05-22T19:04:17Z,141.92901,41.166160000000005,bird_070,K18F62,12,2018,76403.87089420875,9,2018_bird_070_9_trip
2018-05-22T19:05:19Z,141.92358,41.16471000000001,bird_070,K18F62,12,2018,76070.26227537887,9,2018_bird_070_9_trip
2018-05-22T19:06:17Z,141.9245,41.16102,bird_070,K18F62,12,2018,75727.89302754423,9,2018_bird_070_9_trip
2018-05-22T19:07:44Z,141.92251000000002,41.16749,bird_070,K18F62,12,2018,76315.87425789371,9,2018_bird_070_9_trip
2018-05-22T19:08:16Z,141.92617,41.16913000000001,bird_070,K18F62,12,2018,76607.10344455365,9,2018_bird_070_9_trip
2018-05-22T19:09:16Z,141.93291000000002,41.17068,bird_070,K18F62,12,2018,76996.14908127939,9,2018_bird_070_9_trip
2018-05-22T19:10:17Z,141.93201000000002,41.16853000000001,bird_070,K18F62,12,2018,76747.50268261606,9,2018_bird_070_9_trip
2018-05-22T19:11:16Z,141.93115,41.16564,bird_070,K18F62,12,2018,76425.44257149106,9,2018_bird_070_9_trip
2018-05-22T19:12:16Z,141.92991,41.16284,bird_070,K18F62,12,2018,76099.30955828601,9,2018_bird_070_9_trip
2018-05-22T19:13:16Z,141.92564000000002,41.16147,bird_070,K18F62,12,2018,75812.76780341633,9,2018_bird_070_9_trip
2018-05-22T19:14:16Z,141.91871,41.16371000000001,bird_070,K18F62,12,2018,75802.9759760815,9,2018_bird_070_9_trip
2018-05-22T19:15:16Z,141.91614,41.166250000000005,bird_070,K18F62,12,2018,75974.66003942452,9,2018_bird_070_9_trip
2018-05-22T19:16:16Z,141.90817,41.16574000000001,bird_070,K18F62,12,2018,75657.65362777891,9,2018_bird_070_9_trip
2018-05-22T19:17:16Z,141.90366999999998,41.163410000000006,bird_070,K18F62,12,2018,75271.81359959877,9,2018_bird_070_9_trip
2018-05-22T19:18:17Z,141.89835000000002,41.15993,bird_070,K18F62,12,2018,74742.40382310473,9,2018_bird_070_9_trip
2018-05-22T19:19:16Z,141.90024000000005,41.1597,bird_070,K18F62,12,2018,74780.27673645594,9,2018_bird_070_9_trip
2018-05-22T19:20:17Z,141.89929,41.1592,bird_070,K18F62,12,2018,74698.16905006411,9,2018_bird_070_9_trip
2018-05-22T19:21:17Z,141.89052,41.15889,bird_070,K18F62,12,2018,74384.1819637236,9,2018_bird_070_9_trip
2018-05-22T19:22:16Z,141.88546000000002,41.15707999999999,bird_070,K18F62,12,2018,74037.82717556367,9,2018_bird_070_9_trip
2018-05-22T19:23:16Z,141.87846000000002,41.15445,bird_070,K18F62,12,2018,73547.95592909798,9,2018_bird_070_9_trip
2018-05-22T19:24:16Z,141.87861,41.15187999999999,bird_070,K18F62,12,2018,73287.4970098513,9,2018_bird_070_9_trip
2018-05-22T19:25:16Z,141.87906999999998,41.14783,bird_070,K18F62,12,2018,72884.44352361411,9,2018_bird_070_9_trip
2018-05-22T19:26:16Z,141.8791,41.145,bird_070,K18F62,12,2018,72593.95974507397,9,2018_bird_070_9_trip
2018-05-22T19:27:16Z,141.87785,41.140710000000006,bird_070,K18F62,12,2018,72113.00451214497,9,2018_bird_070_9_trip
2018-05-22T19:28:16Z,141.87826,41.13628,bird_070,K18F62,12,2018,71670.45280261908,9,2018_bird_070_9_trip
2018-05-22T19:29:16Z,141.87731000000002,41.13185,bird_070,K18F62,12,2018,71185.0382858134,9,2018_bird_070_9_trip
2018-05-22T19:30:17Z,141.87421,41.12725,bird_070,K18F62,12,2018,70613.57425440605,9,2018_bird_070_9_trip
2018-05-22T19:31:15Z,141.87324,41.12250000000001,bird_070,K18F62,12,2018,70094.76554779772,9,2018_bird_070_9_trip
2018-05-22T19:32:16Z,141.87295,41.11752,bird_070,K18F62,12,2018,69574.496921795,9,2018_bird_070_9_trip
2018-05-22T19:33:15Z,141.87276,41.11264,bird_070,K18F62,12,2018,69068.23471377598,9,2018_bird_070_9_trip
2018-05-22T19:34:15Z,141.87367999999998,41.10787,bird_070,K18F62,12,2018,68610.11041842443,9,2018_bird_070_9_trip
2018-05-22T19:35:15Z,141.87174000000002,41.104859999999995,bird_070,K18F62,12,2018,68238.74436293474,9,2018_bird_070_9_trip
2018-05-22T19:36:17Z,141.8699,41.10032,bird_070,K18F62,12,2018,67714.21535966783,9,2018_bird_070_9_trip
2018-05-22T19:37:15Z,141.86641000000003,41.09647,bird_070,K18F62,12,2018,67206.16052183237,9,2018_bird_070_9_trip
2018-05-22T19:38:15Z,141.86426,41.09289,bird_070,K18F62,12,2018,66769.62712949971,9,2018_bird_070_9_trip
2018-05-22T19:39:16Z,141.86507,41.08989,bird_070,K18F62,12,2018,66489.47452244963,9,2018_bird_070_9_trip
2018-05-22T19:40:15Z,141.8641,41.08499,bird_070,K18F62,12,2018,65957.0152382256,9,2018_bird_070_9_trip
2018-05-22T19:41:15Z,141.86202000000003,41.081489999999995,bird_070,K18F62,12,2018,65530.901696795605,9,2018_bird_070_9_trip
2018-05-22T19:42:16Z,141.85704000000004,41.07714,bird_070,K18F62,12,2018,64922.392808929864,9,2018_bird_070_9_trip
2018-05-22T19:43:15Z,141.85363,41.072750000000006,bird_070,K18F62,12,2018,64361.68397699098,9,2018_bird_070_9_trip
2018-05-22T19:44:16Z,141.85052000000002,41.06789,bird_070,K18F62,12,2018,63762.7736702807,9,2018_bird_070_9_trip
2018-05-22T19:45:16Z,141.84714000000002,41.06428,bird_070,K18F62,12,2018,63282.99711332933,9,2018_bird_070_9_trip
2018-05-22T19:46:16Z,141.84008,41.06049,bird_070,K18F62,12,2018,62666.169956308506,9,2018_bird_070_9_trip
2018-05-22T19:47:16Z,141.83285,41.05719,bird_070,K18F62,12,2018,62096.81920811208,9,2018_bird_070_9_trip
2018-05-22T19:48:15Z,141.82817000000003,41.05274,bird_070,K18F62,12,2018,61491.31785551761,9,2018_bird_070_9_trip
2018-05-22T19:49:15Z,141.82416,41.04827,bird_070,K18F62,12,2018,60905.14860135602,9,2018_bird_070_9_trip
2018-05-22T19:50:16Z,141.82063000000002,41.04315,bird_070,K18F62,12,2018,60267.06878655747,9,2018_bird_070_9_trip
2018-05-22T19:51:15Z,141.82022000000003,41.03754,bird_070,K18F62,12,2018,59675.78629154647,9,2018_bird_070_9_trip
2018-05-22T19:52:16Z,141.81556999999998,41.032790000000006,bird_070,K18F62,12,2018,59040.764643389826,9,2018_bird_070_9_trip
2018-05-22T19:53:16Z,141.81027,41.02852000000001,bird_070,K18F62,12,2018,58435.75367400934,9,2018_bird_070_9_trip
2018-05-22T19:54:17Z,141.80792000000002,41.026140000000005,bird_070,K18F62,12,2018,58117.48531720014,9,2018_bird_070_9_trip
2018-05-22T19:55:15Z,141.80793000000003,41.025830000000006,bird_070,K18F62,12,2018,58085.74066645544,9,2018_bird_070_9_trip
2018-05-22T19:56:17Z,141.8077,41.025940000000006,bird_070,K18F62,12,2018,58090.055165664395,9,2018_bird_070_9_trip
2018-05-22T19:57:16Z,141.80837000000002,41.02539000000001,bird_070,K18F62,12,2018,58053.78473519136,9,2018_bird_070_9_trip
2018-05-22T19:58:16Z,141.80245000000002,41.023010000000006,bird_070,K18F62,12,2018,57626.78091743283,9,2018_bird_070_9_trip
2018-05-22T19:59:15Z,141.79394,41.02182,bird_070,K18F62,12,2018,57249.232928794794,9,2018_bird_070_9_trip
2018-05-22T20:00:18Z,141.78786,41.01783,bird_070,K18F62,12,2018,56656.194584412384,9,2018_bird_070_9_trip
2018-05-22T20:01:44Z,141.78256,41.01133,bird_070,K18F62,12,2018,55825.24347966028,9,2018_bird_070_9_trip
2018-05-22T20:02:15Z,141.7808,41.00891000000001,bird_070,K18F62,12,2018,55522.11461496743,9,2018_bird_070_9_trip
2018-05-22T20:03:16Z,141.77696999999998,41.00438,bird_070,K18F62,12,2018,54939.54093196954,9,2018_bird_070_9_trip
2018-05-22T20:04:16Z,141.77452999999997,41.0018,bird_070,K18F62,12,2018,54600.55762665628,9,2018_bird_070_9_trip
2018-05-22T20:05:15Z,141.77163,40.99764,bird_070,K18F62,12,2018,54083.45610495763,9,2018_bird_070_9_trip
2018-05-22T20:06:15Z,141.76835,40.99210000000001,bird_070,K18F62,12,2018,53411.32555629008,9,2018_bird_070_9_trip
2018-05-22T20:07:14Z,141.76707,40.986259999999994,bird_070,K18F62,12,2018,52764.2006418087,9,2018_bird_070_9_trip
2018-05-22T20:08:15Z,141.76492,40.9805,bird_070,K18F62,12,2018,52100.96067026019,9,2018_bird_070_9_trip
2018-05-22T20:09:16Z,141.76211,40.97483999999999,bird_070,K18F62,12,2018,51429.465624928846,9,2018_bird_070_9_trip
2018-05-22T20:10:15Z,141.75964,40.96922,bird_070,K18F62,12,2018,50771.79101647165,9,2018_bird_070_9_trip
2018-05-22T20:11:16Z,141.75767,40.96319,bird_070,K18F62,12,2018,50085.48333640664,9,2018_bird_070_9_trip
2018-05-22T20:12:16Z,141.75485999999998,40.95735,bird_070,K18F62,12,2018,49395.143536112155,9,2018_bird_070_9_trip
2018-05-22T20:13:15Z,141.75224000000003,40.95143999999999,bird_070,K18F62,12,2018,48702.896122692706,9,2018_bird_070_9_trip
2018-05-22T20:14:15Z,141.74940999999998,40.94596,bird_070,K18F62,12,2018,48049.59431820776,9,2018_bird_070_9_trip
2018-05-22T20:15:16Z,141.74769999999998,40.93966,bird_070,K18F62,12,2018,47342.59452247243,9,2018_bird_070_9_trip
2018-05-22T20:16:15Z,141.74553999999998,40.93377,bird_070,K18F62,12,2018,46665.65152352674,9,2018_bird_070_9_trip
2018-05-22T20:17:16Z,141.7429,40.9278,bird_070,K18F62,12,2018,45966.590168584495,9,2018_bird_070_9_trip
2018-05-22T20:18:16Z,141.74014,40.92183,bird_070,K18F62,12,2018,45264.074259522415,9,2018_bird_070_9_trip
2018-05-22T20:19:15Z,141.73781,40.91596,bird_070,K18F62,12,2018,44584.38077106871,9,2018_bird_070_9_trip
2018-05-22T20:20:16Z,141.73584,40.909879999999994,bird_070,K18F62,12,2018,43893.23605607149,9,2018_bird_070_9_trip
2018-05-22T20:21:16Z,141.73374999999996,40.90391,bird_070,K18F62,12,2018,43210.18821785642,9,2018_bird_070_9_trip
2018-05-22T20:22:15Z,141.7319,40.898030000000006,bird_070,K18F62,12,2018,42543.61781130564,9,2018_bird_070_9_trip
2018-05-22T20:23:16Z,141.7304,40.89163,bird_070,K18F62,12,2018,41833.39228647483,9,2018_bird_070_9_trip
2018-05-22T20:24:15Z,141.72833000000003,40.88575,bird_070,K18F62,12,2018,41160.69772794072,9,2018_bird_070_9_trip
2018-05-22T20:25:16Z,141.72574999999998,40.8799,bird_070,K18F62,12,2018,40476.07120758567,9,2018_bird_070_9_trip
2018-05-22T20:26:16Z,141.72352999999998,40.87405999999999,bird_070,K18F62,12,2018,39803.19978764695,9,2018_bird_070_9_trip
2018-05-22T20:27:16Z,141.72094,40.86796,bird_070,K18F62,12,2018,39092.345178594245,9,2018_bird_070_9_trip
2018-05-22T20:28:15Z,141.71826,40.86213000000001,bird_070,K18F62,12,2018,38406.8602310663,9,2018_bird_070_9_trip
2018-05-22T20:29:16Z,141.71571999999998,40.85587999999999,bird_070,K18F62,12,2018,37681.96832186267,9,2018_bird_070_9_trip
2018-05-22T20:30:16Z,141.71307999999996,40.8497,bird_070,K18F62,12,2018,36961.38268090102,9,2018_bird_070_9_trip
2018-05-22T20:31:16Z,141.71154999999996,40.84355,bird_070,K18F62,12,2018,36277.48569130669,9,2018_bird_070_9_trip
2018-05-22T20:32:16Z,141.70944,40.8375,bird_070,K18F62,12,2018,35586.651628307714,9,2018_bird_070_9_trip
2018-05-22T20:33:15Z,141.70869,40.83157,bird_070,K18F62,12,2018,34950.24019291442,9,2018_bird_070_9_trip
2018-05-22T20:34:16Z,141.70837,40.82554,bird_070,K18F62,12,2018,34317.949584974456,9,2018_bird_070_9_trip
2018-05-22T20:35:15Z,141.70631,40.819799999999994,bird_070,K18F62,12,2018,33661.719973871244,9,2018_bird_070_9_trip
2018-05-22T20:36:16Z,141.70508999999998,40.81334,bird_070,K18F62,12,2018,32958.403026879656,9,2018_bird_070_9_trip
2018-05-22T20:37:15Z,141.70409999999998,40.80693,bird_070,K18F62,12,2018,32268.614549624253,9,2018_bird_070_9_trip
2018-05-22T20:38:15Z,141.70388999999997,40.800839999999994,bird_070,K18F62,12,2018,31638.46616402815,9,2018_bird_070_9_trip
2018-05-22T20:39:16Z,141.70199,40.79430000000001,bird_070,K18F62,12,2018,30907.730428357536,9,2018_bird_070_9_trip
2018-05-22T20:40:15Z,141.70043,40.78827,bird_070,K18F62,12,2018,30241.00870864725,9,2018_bird_070_9_trip
2018-05-22T20:41:16Z,141.69848000000002,40.78172,bird_070,K18F62,12,2018,29508.870128829683,9,2018_bird_070_9_trip
2018-05-22T20:42:16Z,141.69668,40.775400000000005,bird_070,K18F62,12,2018,28805.90889679565,9,2018_bird_070_9_trip
2018-05-22T20:43:16Z,141.69492,40.76914000000001,bird_070,K18F62,12,2018,28111.167690359103,9,2018_bird_070_9_trip
2018-05-22T20:44:15Z,141.69385999999997,40.76255000000001,bird_070,K18F62,12,2018,27408.813388597264,9,2018_bird_070_9_trip
2018-05-22T20:45:15Z,141.69225,40.75596,bird_070,K18F62,12,2018,26688.450665735523,9,2018_bird_070_9_trip
2018-05-22T20:46:15Z,141.69057999999998,40.748810000000006,bird_070,K18F62,12,2018,25911.216475138728,9,2018_bird_070_9_trip
2018-05-22T20:47:15Z,141.68806,40.742340000000006,bird_070,K18F62,12,2018,25171.94452837964,9,2018_bird_070_9_trip
2018-05-22T20:48:16Z,141.68672,40.73528,bird_070,K18F62,12,2018,24419.059190598415,9,2018_bird_070_9_trip
2018-05-22T20:49:15Z,141.68428,40.728640000000006,bird_070,K18F62,12,2018,23667.931368405378,9,2018_bird_070_9_trip
2018-05-22T20:50:15Z,141.68224000000004,40.722110000000015,bird_070,K18F62,12,2018,22944.135143786854,9,2018_bird_070_9_trip
2018-05-22T20:51:15Z,141.68015,40.71558,bird_070,K18F62,12,2018,22219.77792393818,9,2018_bird_070_9_trip
2018-05-22T20:52:16Z,141.67718,40.709030000000006,bird_070,K18F62,12,2018,21459.75289296497,9,2018_bird_070_9_trip
2018-05-22T20:53:16Z,141.67410999999998,40.702200000000005,bird_070,K18F62,12,2018,20669.052434429293,9,2018_bird_070_9_trip
2018-05-22T20:54:16Z,141.6721,40.69512000000001,bird_070,K18F62,12,2018,19898.430939047725,9,2018_bird_070_9_trip
2018-05-22T20:55:16Z,141.67012,40.68815000000001,bird_070,K18F62,12,2018,19142.429325034784,9,2018_bird_070_9_trip
2018-05-22T20:56:15Z,141.66664,40.6822,bird_070,K18F62,12,2018,18423.098407376005,9,2018_bird_070_9_trip
2018-05-22T20:57:15Z,141.66442,40.67578,bird_070,K18F62,12,2018,17713.23294362415,9,2018_bird_070_9_trip
2018-05-22T20:58:16Z,141.66221000000002,40.66930000000001,bird_070,K18F62,12,2018,17000.435376451576,9,2018_bird_070_9_trip
2018-05-22T20:59:15Z,141.65952,40.66304,bird_070,K18F62,12,2018,16289.496082513777,9,2018_bird_070_9_trip
2018-05-22T21:00:15Z,141.65626,40.65699,bird_070,K18F62,12,2018,15574.153181769563,9,2018_bird_070_9_trip
2018-05-22T21:01:16Z,141.65353,40.65054,bird_070,K18F62,12,2018,14847.079619552223,9,2018_bird_070_9_trip
2018-05-22T21:02:16Z,141.65029,40.64406,bird_070,K18F62,12,2018,14095.81806374724,9,2018_bird_070_9_trip
2018-05-22T21:03:15Z,141.647,40.63724,bird_070,K18F62,12,2018,13313.20208989579,9,2018_bird_070_9_trip
2018-05-22T21:04:16Z,141.64226,40.6308,bird_070,K18F62,12,2018,12497.170258520006,9,2018_bird_070_9_trip
2018-05-22T21:05:17Z,141.6371,40.62434,bird_070,K18F62,12,2018,11659.27959118583,9,2018_bird_070_9_trip
2018-05-22T21:06:16Z,141.63239000000002,40.61777,bird_070,K18F62,12,2018,10833.945493831276,9,2018_bird_070_9_trip
2018-05-22T21:07:16Z,141.62745,40.61123,bird_070,K18F62,12,2018,10000.728825192864,9,2018_bird_070_9_trip
2018-05-22T21:08:16Z,141.62274000000002,40.60434,bird_070,K18F62,12,2018,9149.006601567362,9,2018_bird_070_9_trip
2018-05-22T21:09:16Z,141.61894999999998,40.59712,bird_070,K18F62,12,2018,8319.13760036149,9,2018_bird_070_9_trip
2018-05-22T21:10:16Z,141.61511,40.58998,bird_070,K18F62,12,2018,7500.846247903857,9,2018_bird_070_9_trip
2018-05-22T21:11:16Z,141.60942,40.5838,bird_070,K18F62,12,2018,6666.642491187738,9,2018_bird_070_9_trip
2018-05-22T21:12:16Z,141.60441,40.57779,bird_070,K18F62,12,2018,5886.282613159989,9,2018_bird_070_9_trip
2018-05-22T21:13:16Z,141.59936,40.57178,bird_070,K18F62,12,2018,5106.745641355952,9,2018_bird_070_9_trip
2018-05-22T21:14:16Z,141.59322,40.56635000000001,bird_070,K18F62,12,2018,4311.912107825726,9,2018_bird_070_9_trip
2018-05-22T21:15:16Z,141.58648000000002,40.56127,bird_070,K18F62,12,2018,3509.529516586024,9,2018_bird_070_9_trip
2018-05-22T21:16:16Z,141.57996999999995,40.55623,bird_070,K18F62,12,2018,2723.91635378734,9,2018_bird_070_9_trip
2018-05-22T21:17:16Z,141.57361999999998,40.55111,bird_070,K18F62,12,2018,1941.3480272943175,9,2018_bird_070_9_trip
2018-05-22T21:18:16Z,141.56746,40.54558,bird_070,K18F62,12,2018,1138.846513849013,9,2018_bird_070_9_trip
2018-05-25T17:32:20Z,141.56820000000002,40.5493,bird_070,K18F62,12,2018,1488.619436016878,13,2018_bird_070_13_trip
2018-05-25T17:33:20Z,141.57432,40.55541,bird_070,K18F62,12,2018,2342.4608790200823,13,2018_bird_070_13_trip
2018-05-25T17:34:19Z,141.58025,40.56155,bird_070,K18F62,12,2018,3189.2243251317673,13,2018_bird_070_13_trip
2018-05-25T17:35:20Z,141.58633000000003,40.56721,bird_070,K18F62,12,2018,4001.181744159539,13,2018_bird_070_13_trip
2018-05-25T17:36:19Z,141.59226,40.57302,bird_070,K18F62,12,2018,4818.722789827219,13,2018_bird_070_13_trip
2018-05-25T17:37:18Z,141.598,40.57876,bird_070,K18F62,12,2018,5620.276122556043,13,2018_bird_070_13_trip
2018-05-25T17:38:19Z,141.60291,40.58401,bird_070,K18F62,12,2018,6335.90379001401,13,2018_bird_070_13_trip
2018-05-25T17:39:19Z,141.60724000000002,40.58881,bird_070,K18F62,12,2018,6982.122681775979,13,2018_bird_070_13_trip
2018-05-25T17:40:19Z,141.61046,40.59375000000001,bird_070,K18F62,12,2018,7585.043045976074,13,2018_bird_070_13_trip
2018-05-25T17:41:20Z,141.61392999999998,40.59857000000001,bird_070,K18F62,12,2018,8190.838890636437,13,2018_bird_070_13_trip
2018-05-25T17:42:19Z,141.61843000000002,40.603910000000006,bird_070,K18F62,12,2018,8894.767159505187,13,2018_bird_070_13_trip
2018-05-25T17:43:20Z,141.62173,40.61003,bird_070,K18F62,12,2018,9611.93526341113,13,2018_bird_070_13_trip
2018-05-25T17:44:19Z,141.62463,40.615390000000005,bird_070,K18F62,12,2018,10242.5356535063,13,2018_bird_070_13_trip
2018-05-25T17:45:19Z,141.62729000000002,40.62153000000001,bird_070,K18F62,12,2018,10936.43220964474,13,2018_bird_070_13_trip
2018-05-25T17:46:19Z,141.62995999999998,40.627410000000005,bird_070,K18F62,12,2018,11609.158274867554,13,2018_bird_070_13_trip
2018-05-25T17:47:19Z,141.63215,40.6332,bird_070,K18F62,12,2018,12254.36261924596,13,2018_bird_070_13_trip
2018-05-25T17:48:20Z,141.63409,40.63897000000001,bird_070,K18F62,12,2018,12889.429245205252,13,2018_bird_070_13_trip
2018-05-25T17:49:20Z,141.63547,40.64459,bird_070,K18F62,12,2018,13489.277302300236,13,2018_bird_070_13_trip
2018-05-25T17:50:19Z,141.63705,40.6492,bird_070,K18F62,12,2018,14001.804779080943,13,2018_bird_070_13_trip
2018-05-25T17:51:19Z,141.63813000000002,40.65459,bird_070,K18F62,12,2018,14572.045483496568,13,2018_bird_070_13_trip
2018-05-25T17:52:19Z,141.64011,40.66006,bird_070,K18F62,12,2018,15187.798063394055,13,2018_bird_070_13_trip
2018-05-25T17:53:19Z,141.64155999999997,40.66584,bird_070,K18F62,12,2018,15815.16530089393,13,2018_bird_070_13_trip
2018-05-25T17:54:19Z,141.64242000000002,40.67158,bird_070,K18F62,12,2018,16418.675787488795,13,2018_bird_070_13_trip
2018-05-25T17:55:20Z,141.64517999999998,40.67747,bird_070,K18F62,12,2018,17109.076275425425,13,2018_bird_070_13_trip
2018-05-25T17:56:20Z,141.64806,40.68318,bird_070,K18F62,12,2018,17786.10538181291,13,2018_bird_070_13_trip
2018-05-25T17:57:20Z,141.65033000000005,40.688770000000005,bird_070,K18F62,12,2018,18429.205861716087,13,2018_bird_070_13_trip
2018-05-25T17:58:20Z,141.65301,40.694570000000006,bird_070,K18F62,12,2018,19108.525308839293,13,2018_bird_070_13_trip
2018-05-25T17:59:19Z,141.6526,40.69999000000001,bird_070,K18F62,12,2018,19641.333601421466,13,2018_bird_070_13_trip
2018-05-25T18:00:19Z,141.65232000000003,40.70604,bird_070,K18F62,12,2018,20246.666486874492,13,2018_bird_070_13_trip
2018-05-25T18:01:20Z,141.65272000000002,40.71213000000001,bird_070,K18F62,12,2018,20882.30957662772,13,2018_bird_070_13_trip
2018-05-25T18:02:19Z,141.65282000000002,40.717839999999995,bird_070,K18F62,12,2018,21471.850479496818,13,2018_bird_070_13_trip
2018-05-25T18:03:19Z,141.65443000000002,40.72294000000001,bird_070,K18F62,12,2018,22047.984792810978,13,2018_bird_070_13_trip
2018-05-25T18:04:19Z,141.65382,40.728330000000014,bird_070,K18F62,12,2018,22586.014003441516,13,2018_bird_070_13_trip
2018-05-25T18:05:20Z,141.65446,40.73407,bird_070,K18F62,12,2018,23200.679963513612,13,2018_bird_070_13_trip
2018-05-25T18:06:20Z,141.657,40.73973000000001,bird_070,K18F62,12,2018,23864.483616025813,13,2018_bird_070_13_trip
2018-05-25T18:07:19Z,141.6567,40.7448,bird_070,K18F62,12,2018,24383.35947309752,13,2018_bird_070_13_trip
2018-05-25T18:08:19Z,141.65747000000002,40.7509,bird_070,K18F62,12,2018,25042.321609751063,13,2018_bird_070_13_trip
2018-05-25T18:09:20Z,141.66064999999998,40.75563,bird_070,K18F62,12,2018,25627.53884945106,13,2018_bird_070_13_trip
2018-05-25T18:10:21Z,141.66321,40.76078,bird_070,K18F62,12,2018,26238.877200003615,13,2018_bird_070_13_trip
2018-05-25T18:11:20Z,141.66335999999998,40.76549000000001,bird_070,K18F62,12,2018,26735.41039632737,13,2018_bird_070_13_trip
2018-05-25T18:12:20Z,141.66557999999998,40.77091000000001,bird_070,K18F62,12,2018,27365.31806511123,13,2018_bird_070_13_trip
2018-05-25T18:13:20Z,141.66782,40.77617000000001,bird_070,K18F62,12,2018,27979.055797322,13,2018_bird_070_13_trip
2018-05-25T18:14:20Z,141.66595999999998,40.77819000000001,bird_070,K18F62,12,2018,28138.998604190747,13,2018_bird_070_13_trip
2018-05-25T18:15:20Z,141.66555999999997,40.77826,bird_070,K18F62,12,2018,28135.352098316867,13,2018_bird_070_13_trip
2018-05-25T18:16:20Z,141.6657,40.77812000000001,bird_070,K18F62,12,2018,28124.496035669257,13,2018_bird_070_13_trip
2018-05-25T18:17:20Z,141.66572,40.77813000000001,bird_070,K18F62,12,2018,28126.095793294397,13,2018_bird_070_13_trip
2018-05-25T18:18:20Z,141.66589,40.77794,bird_070,K18F62,12,2018,28110.827550405123,13,2018_bird_070_13_trip
2018-05-25T18:19:20Z,141.666,40.77782,bird_070,K18F62,12,2018,28101.26473802437,13,2018_bird_070_13_trip
2018-05-25T18:20:20Z,141.6663,40.781679999999994,bird_070,K18F62,12,2018,28514.893771404026,13,2018_bird_070_13_trip
2018-05-25T18:21:20Z,141.66585999999998,40.7873,bird_070,K18F62,12,2018,29094.522055281486,13,2018_bird_070_13_trip
2018-05-25T18:22:20Z,141.66565999999997,40.79254000000001,bird_070,K18F62,12,2018,29642.1053199471,13,2018_bird_070_13_trip
2018-05-25T18:23:20Z,141.6641,40.797990000000006,bird_070,K18F62,12,2018,30178.698590218457,13,2018_bird_070_13_trip
2018-05-25T18:24:20Z,141.66447,40.80311,bird_070,K18F62,12,2018,30730.924851452757,13,2018_bird_070_13_trip
2018-05-25T18:25:20Z,141.66624000000002,40.8073,bird_070,K18F62,12,2018,31219.576409147707,13,2018_bird_070_13_trip
2018-05-25T18:26:20Z,141.66708,40.810779999999994,bird_070,K18F62,12,2018,31609.78465467808,13,2018_bird_070_13_trip
2018-05-25T18:27:21Z,141.66709,40.81083,bird_070,K18F62,12,2018,31615.34035383129,13,2018_bird_070_13_trip
2018-05-25T18:28:20Z,141.66731,40.810379999999995,bird_070,K18F62,12,2018,31573.02970311767,13,2018_bird_070_13_trip
2018-05-25T18:29:21Z,141.66745,40.81019,bird_070,K18F62,12,2018,31556.347287462737,13,2018_bird_070_13_trip
2018-05-25T18:30:20Z,141.66745,40.81023,bird_070,K18F62,12,2018,31560.59177102288,13,2018_bird_070_13_trip
2018-05-25T18:31:20Z,141.66742000000002,40.81025999999999,bird_070,K18F62,12,2018,31563.028947534072,13,2018_bird_070_13_trip
2018-05-25T18:32:20Z,141.66741000000002,40.810199999999995,bird_070,K18F62,12,2018,31556.413280532488,13,2018_bird_070_13_trip
2018-05-25T18:33:21Z,141.66752,40.80998,bird_070,K18F62,12,2018,31535.808198660074,13,2018_bird_070_13_trip
2018-05-25T18:34:20Z,141.66772,40.80952,bird_070,K18F62,12,2018,31492.001506087465,13,2018_bird_070_13_trip
2018-05-25T18:35:21Z,141.66772,40.80978,bird_070,K18F62,12,2018,31519.57975895698,13,2018_bird_070_13_trip
2018-05-25T18:36:21Z,141.66786,40.80941,bird_070,K18F62,12,2018,31483.837175868823,13,2018_bird_070_13_trip
2018-05-25T18:37:21Z,141.66782,40.80959,bird_070,K18F62,12,2018,31501.926178238464,13,2018_bird_070_13_trip
2018-05-25T18:38:21Z,141.66809,40.8093,bird_070,K18F62,12,2018,31477.93725607474,13,2018_bird_070_13_trip
2018-05-25T18:39:21Z,141.66830000000002,40.809259999999995,bird_070,K18F62,12,2018,31478.97053841148,13,2018_bird_070_13_trip
2018-05-25T18:40:20Z,141.66833000000003,40.80978,bird_070,K18F62,12,2018,31534.852063314076,13,2018_bird_070_13_trip
2018-05-25T18:41:20Z,141.66884000000002,40.80895,bird_070,K18F62,12,2018,31459.72860260115,13,2018_bird_070_13_trip
2018-05-25T18:42:22Z,141.66876,40.80929,bird_070,K18F62,12,2018,31493.734786329096,13,2018_bird_070_13_trip
2018-05-25T18:43:20Z,141.66904999999997,40.80916,bird_070,K18F62,12,2018,31487.287722835845,13,2018_bird_070_13_trip
2018-05-25T18:44:21Z,141.66912,40.80896,bird_070,K18F62,12,2018,31467.873197237583,13,2018_bird_070_13_trip
2018-05-25T18:45:21Z,141.67066999999997,40.81354,bird_070,K18F62,12,2018,31992.29585521026,13,2018_bird_070_13_trip
2018-05-25T18:46:22Z,141.67342,40.81916,bird_070,K18F62,12,2018,32657.253742049852,13,2018_bird_070_13_trip
2018-05-25T18:47:21Z,141.67634,40.82478,bird_070,K18F62,12,2018,33326.5681462234,13,2018_bird_070_13_trip
2018-05-25T18:48:20Z,141.67609,40.82552,bird_070,K18F62,12,2018,33398.57728672134,13,2018_bird_070_13_trip
2018-05-25T18:49:20Z,141.67634,40.82494,bird_070,K18F62,12,2018,33343.50792684308,13,2018_bird_070_13_trip
2018-05-25T18:50:20Z,141.6761,40.82551000000001,bird_070,K18F62,12,2018,33397.7716851875,13,2018_bird_070_13_trip
2018-05-25T18:51:20Z,141.67596999999998,40.82588,bird_070,K18F62,12,2018,33433.671630233905,13,2018_bird_070_13_trip
2018-05-25T18:52:48Z,141.67622,40.82518,bird_070,K18F62,12,2018,33365.869002019215,13,2018_bird_070_13_trip
2018-05-25T18:53:19Z,141.67629,40.82513000000001,bird_070,K18F62,12,2018,33362.35357081482,13,2018_bird_070_13_trip
2018-05-25T18:54:20Z,141.67629,40.82508,bird_070,K18F62,12,2018,33357.059274188236,13,2018_bird_070_13_trip
2018-05-25T18:55:19Z,141.67807,40.82816,bird_070,K18F62,12,2018,33728.471308711116,13,2018_bird_070_13_trip
2018-05-25T18:56:21Z,141.68054999999998,40.83396,bird_070,K18F62,12,2018,34405.66873765204,13,2018_bird_070_13_trip
2018-05-25T18:57:19Z,141.68354999999997,40.83941,bird_070,K18F62,12,2018,35059.14441528375,13,2018_bird_070_13_trip
2018-05-25T18:58:19Z,141.68497,40.84433,bird_070,K18F62,12,2018,35616.08100651399,13,2018_bird_070_13_trip
2018-05-25T18:59:19Z,141.68601,40.849639999999994,bird_070,K18F62,12,2018,36204.74256354399,13,2018_bird_070_13_trip
2018-05-25T19:00:20Z,141.68586,40.85497999999999,bird_070,K18F62,12,2018,36767.04399865848,13,2018_bird_070_13_trip
2018-05-25T19:01:20Z,141.68647,40.86045,bird_070,K18F62,12,2018,37362.78772863171,13,2018_bird_070_13_trip
2018-05-25T19:02:20Z,141.68544000000003,40.86523,bird_070,K18F62,12,2018,37845.821604208475,13,2018_bird_070_13_trip
2018-05-25T19:03:20Z,141.6845,40.87005,bird_070,K18F62,12,2018,38336.71218143459,13,2018_bird_070_13_trip
2018-05-25T19:04:20Z,141.68303,40.8737,bird_070,K18F62,12,2018,38691.737084965374,13,2018_bird_070_13_trip
2018-05-25T19:05:19Z,141.68157,40.87808,bird_070,K18F62,12,2018,39126.4540534846,13,2018_bird_070_13_trip
2018-05-25T19:06:19Z,141.68015,40.88207,bird_070,K18F62,12,2018,39521.85777240654,13,2018_bird_070_13_trip
2018-05-25T19:07:20Z,141.67949999999996,40.88459,bird_070,K18F62,12,2018,39777.68920015302,13,2018_bird_070_13_trip
2018-05-25T19:08:19Z,141.67909999999998,40.88645,bird_070,K18F62,12,2018,39968.50351051724,13,2018_bird_070_13_trip
2018-05-25T19:09:19Z,141.68009,40.8915,bird_070,K18F62,12,2018,40531.935255165394,13,2018_bird_070_13_trip
2018-05-25T19:10:20Z,141.68216,40.89663,bird_070,K18F62,12,2018,41127.3104962143,13,2018_bird_070_13_trip
2018-05-25T19:11:20Z,141.68178,40.901,bird_070,K18F62,12,2018,41588.43650287893,13,2018_bird_070_13_trip
2018-05-25T19:12:20Z,141.68242000000004,40.90562,bird_070,K18F62,12,2018,42098.52265634979,13,2018_bird_070_13_trip
2018-05-25T19:13:20Z,141.68194000000005,40.90971,bird_070,K18F62,12,2018,42528.28217669685,13,2018_bird_070_13_trip
2018-05-25T19:14:21Z,141.68188,40.910039999999995,bird_070,K18F62,12,2018,42562.53768556609,13,2018_bird_070_13_trip
2018-05-25T19:15:21Z,141.68200000000002,40.90995,bird_070,K18F62,12,2018,42555.356290690055,13,2018_bird_070_13_trip
2018-05-25T19:16:21Z,141.68191000000002,40.909859999999995,bird_070,K18F62,12,2018,42543.795413678934,13,2018_bird_070_13_trip
2018-05-25T19:17:19Z,141.68192000000002,40.90965,bird_070,K18F62,12,2018,42521.40931715051,13,2018_bird_070_13_trip
2018-05-25T19:18:20Z,141.68201000000002,40.90956,bird_070,K18F62,12,2018,42513.60530502583,13,2018_bird_070_13_trip
2018-05-25T19:19:20Z,141.68196,40.90934,bird_070,K18F62,12,2018,42488.89223579286,13,2018_bird_070_13_trip
2018-05-25T19:20:20Z,141.68202000000002,40.90918,bird_070,K18F62,12,2018,42472.9332437145,13,2018_bird_070_13_trip
2018-05-25T19:21:20Z,141.68214000000003,40.90904,bird_070,K18F62,12,2018,42460.38355746386,13,2018_bird_070_13_trip
2018-05-25T19:22:21Z,141.68220000000002,40.90895,bird_070,K18F62,12,2018,42451.959080918365,13,2018_bird_070_13_trip
2018-05-25T19:23:21Z,141.68217,40.90885,bird_070,K18F62,12,2018,42440.57417556835,13,2018_bird_070_13_trip
2018-05-25T19:24:19Z,141.68224000000004,40.90872,bird_070,K18F62,12,2018,42428.05835790882,13,2018_bird_070_13_trip
2018-05-25T19:25:20Z,141.68237000000002,40.90865,bird_070,K18F62,12,2018,42423.25698182037,13,2018_bird_070_13_trip
2018-05-25T19:26:20Z,141.68256,40.9085,bird_070,K18F62,12,2018,42411.11759388638,13,2018_bird_070_13_trip
2018-05-25T19:27:20Z,141.68249000000003,40.90826,bird_070,K18F62,12,2018,42383.83663671714,13,2018_bird_070_13_trip
2018-05-25T19:28:20Z,141.68261999999999,40.90805,bird_070,K18F62,12,2018,42363.99137210625,13,2018_bird_070_13_trip
2018-05-25T19:29:21Z,141.68264000000002,40.90795,bird_070,K18F62,12,2018,42353.66032875068,13,2018_bird_070_13_trip
2018-05-25T19:30:21Z,141.68269,40.907799999999995,bird_070,K18F62,12,2018,42338.58636240966,13,2018_bird_070_13_trip
2018-05-25T19:31:21Z,141.68273000000002,40.90772,bird_070,K18F62,12,2018,42330.828878854096,13,2018_bird_070_13_trip
2018-05-25T19:32:20Z,141.68267,40.90736,bird_070,K18F62,12,2018,42290.858370239024,13,2018_bird_070_13_trip
2018-05-25T19:33:20Z,141.68293000000003,40.90738,bird_070,K18F62,12,2018,42298.50195197119,13,2018_bird_070_13_trip
2018-05-25T19:34:20Z,141.68264000000002,40.90841,bird_070,K18F62,12,2018,42403.12264984911,13,2018_bird_070_13_trip
2018-05-25T19:35:21Z,141.68929,40.91282,bird_070,K18F62,12,2018,43019.36372629918,13,2018_bird_070_13_trip
2018-05-25T19:36:20Z,141.69433,40.917739999999995,bird_070,K18F62,12,2018,43657.99011679594,13,2018_bird_070_13_trip
2018-05-25T19:37:19Z,141.70069999999998,40.922360000000005,bird_070,K18F62,12,2018,44296.68702154417,13,2018_bird_070_13_trip
2018-05-25T19:38:19Z,141.70801,40.925450000000005,bird_070,K18F62,12,2018,44798.04445052784,13,2018_bird_070_13_trip
2018-05-25T19:39:21Z,141.71457999999996,40.92886,bird_070,K18F62,12,2018,45320.4823354855,13,2018_bird_070_13_trip
2018-05-25T19:40:21Z,141.72468999999998,40.93062,bird_070,K18F62,12,2018,45763.50008965621,13,2018_bird_070_13_trip
2018-05-25T19:41:21Z,141.73404999999997,40.9347,bird_070,K18F62,12,2018,46442.24457061194,13,2018_bird_070_13_trip
2018-05-25T19:42:19Z,141.74071999999998,40.93891000000001,bird_070,K18F62,12,2018,47067.25676975597,13,2018_bird_070_13_trip
2018-05-25T19:43:20Z,141.74684,40.94265,bird_070,K18F62,12,2018,47630.54821581722,13,2018_bird_070_13_trip
2018-05-25T19:44:20Z,141.75468999999998,40.94261,bird_070,K18F62,12,2018,47852.96045822716,13,2018_bird_070_13_trip
2018-05-25T19:45:20Z,141.76247,40.93905,bird_070,K18F62,12,2018,47717.01989412505,13,2018_bird_070_13_trip
2018-05-25T19:46:20Z,141.77183,40.93956,bird_070,K18F62,12,2018,48061.81819519789,13,2018_bird_070_13_trip
2018-05-25T19:47:21Z,141.78316999999998,40.93838,bird_070,K18F62,12,2018,48310.1828478592,13,2018_bird_070_13_trip
2018-05-25T19:48:19Z,141.79099,40.93392,bird_070,K18F62,12,2018,48122.494763752264,13,2018_bird_070_13_trip
2018-05-25T19:49:20Z,141.79417999999998,40.92785,bird_070,K18F62,12,2018,47621.195042850224,13,2018_bird_070_13_trip
2018-05-25T19:50:20Z,141.79978999999997,40.922,bird_070,K18F62,12,2018,47235.999555656046,13,2018_bird_070_13_trip
2018-05-25T19:51:20Z,141.80136000000002,40.915879999999994,bird_070,K18F62,12,2018,46683.11463825467,13,2018_bird_070_13_trip
2018-05-25T19:52:20Z,141.80345,40.90992,bird_070,K18F62,12,2018,46169.619674120615,13,2018_bird_070_13_trip
2018-05-25T19:53:20Z,141.80409,40.90392,bird_070,K18F62,12,2018,45600.620226509345,13,2018_bird_070_13_trip
2018-05-25T19:54:20Z,141.80517,40.89825,bird_070,K18F62,12,2018,45084.04589770846,13,2018_bird_070_13_trip
2018-05-25T19:55:19Z,141.80979,40.89309,bird_070,K18F62,12,2018,44762.108154029105,13,2018_bird_070_13_trip
2018-05-25T19:56:20Z,141.81189,40.88743999999999,bird_070,K18F62,12,2018,44297.564638243115,13,2018_bird_070_13_trip
2018-05-25T19:57:20Z,141.81654999999998,40.88165999999999,bird_070,K18F62,12,2018,43932.61754605979,13,2018_bird_070_13_trip
2018-05-25T19:58:20Z,141.82245000000003,40.87584,bird_070,K18F62,12,2018,43627.51227209835,13,2018_bird_070_13_trip
2018-05-25T19:59:20Z,141.82905,40.86999,bird_070,K18F62,12,2018,43364.12076115333,13,2018_bird_070_13_trip
2018-05-25T20:00:19Z,141.83638000000002,40.86538,bird_070,K18F62,12,2018,43265.14552482541,13,2018_bird_070_13_trip
2018-05-25T20:01:19Z,141.84498,40.8622,bird_070,K18F62,12,2018,43372.47839839917,13,2018_bird_070_13_trip
2018-05-25T20:02:20Z,141.85181000000003,40.85784999999999,bird_070,K18F62,12,2018,43302.425602886215,13,2018_bird_070_13_trip
2018-05-25T20:03:20Z,141.86111000000002,40.85945999999999,bird_070,K18F62,12,2018,43903.30358380439,13,2018_bird_070_13_trip
2018-05-25T20:04:19Z,141.87067,40.86254,bird_070,K18F62,12,2018,44654.92679803997,13,2018_bird_070_13_trip
2018-05-25T20:05:19Z,141.87872000000002,40.86666,bird_070,K18F62,12,2018,45426.94966781726,13,2018_bird_070_13_trip
2018-05-25T20:06:19Z,141.88436000000002,40.87083,bird_070,K18F62,12,2018,46082.668571337716,13,2018_bird_070_13_trip
2018-05-25T20:07:19Z,141.89181000000002,40.874419999999994,bird_070,K18F62,12,2018,46779.39944085076,13,2018_bird_070_13_trip
2018-05-25T20:08:20Z,141.90117,40.877959999999995,bird_070,K18F62,12,2018,47571.49331792025,13,2018_bird_070_13_trip
2018-05-25T20:09:19Z,141.9102,40.88161999999999,bird_070,K18F62,12,2018,48359.98491050151,13,2018_bird_070_13_trip
2018-05-25T20:10:20Z,141.91948,40.8857,bird_070,K18F62,12,2018,49200.591271119025,13,2018_bird_070_13_trip
2018-05-25T20:11:19Z,141.92996,40.88847,bird_070,K18F62,12,2018,49994.070709751824,13,2018_bird_070_13_trip
2018-05-25T20:12:20Z,141.93935,40.8919,bird_070,K18F62,12,2018,50790.29698324161,13,2018_bird_070_13_trip
2018-05-25T20:13:21Z,141.94867,40.89664,bird_070,K18F62,12,2018,51697.00141589955,13,2018_bird_070_13_trip
2018-05-25T20:14:19Z,141.95100000000002,40.90165999999999,bird_070,K18F62,12,2018,52251.181541161255,13,2018_bird_070_13_trip
2018-05-25T20:15:19Z,141.9537,40.9069,bird_070,K18F62,12,2018,52844.81508533832,13,2018_bird_070_13_trip
2018-05-25T20:16:20Z,141.95430000000002,40.91181,bird_070,K18F62,12,2018,53299.01848139298,13,2018_bird_070_13_trip
2018-05-25T20:17:18Z,141.95608,40.91623,bird_070,K18F62,12,2018,53774.88958141906,13,2018_bird_070_13_trip
2018-05-25T20:18:19Z,141.96021000000002,40.92141,bird_070,K18F62,12,2018,54441.140058141835,13,2018_bird_070_13_trip
2018-05-25T20:19:19Z,141.95691000000002,40.92209,bird_070,K18F62,12,2018,54326.48605733932,13,2018_bird_070_13_trip
2018-05-25T20:20:20Z,141.95534000000004,40.92522,bird_070,K18F62,12,2018,54517.05785487234,13,2018_bird_070_13_trip
2018-05-25T20:21:20Z,141.95245000000003,40.92798,bird_070,K18F62,12,2018,54608.88529491193,13,2018_bird_070_13_trip
2018-05-25T20:22:19Z,141.94978999999998,40.93069,bird_070,K18F62,12,2018,54710.727519092696,13,2018_bird_070_13_trip
2018-05-25T20:23:19Z,141.9461,40.93263,bird_070,K18F62,12,2018,54694.46587049748,13,2018_bird_070_13_trip
2018-05-25T20:24:19Z,141.94243000000003,40.935120000000005,bird_070,K18F62,12,2018,54730.88783048267,13,2018_bird_070_13_trip
2018-05-25T20:25:19Z,141.93856,40.93733,bird_070,K18F62,12,2018,54735.40455661056,13,2018_bird_070_13_trip
2018-05-25T20:26:19Z,141.9342,40.937439999999995,bird_070,K18F62,12,2018,54529.62041934462,13,2018_bird_070_13_trip
2018-05-25T20:27:19Z,141.93103000000002,40.93894,bird_070,K18F62,12,2018,54509.423629751815,13,2018_bird_070_13_trip
2018-05-25T20:28:20Z,141.92723000000004,40.9386,bird_070,K18F62,12,2018,54293.4763044756,13,2018_bird_070_13_trip
2018-05-25T20:29:20Z,141.92309,40.93896,bird_070,K18F62,12,2018,54125.93361861282,13,2018_bird_070_13_trip
2018-05-25T20:30:20Z,141.91905999999997,40.940859999999994,bird_070,K18F62,12,2018,54106.33227915176,13,2018_bird_070_13_trip
2018-05-25T20:31:19Z,141.91574,40.94335,bird_070,K18F62,12,2018,54177.46383061501,13,2018_bird_070_13_trip
2018-05-25T20:32:19Z,141.91183,40.945,bird_070,K18F62,12,2018,54146.19096826576,13,2018_bird_070_13_trip
2018-05-25T20:33:18Z,141.90884000000003,40.94674,bird_070,K18F62,12,2018,54168.41905273881,13,2018_bird_070_13_trip
2018-05-25T20:34:19Z,141.90564999999998,40.949279999999995,bird_070,K18F62,12,2018,54257.90143457841,13,2018_bird_070_13_trip
2018-05-25T20:35:19Z,141.90312,40.952839999999995,bird_070,K18F62,12,2018,54475.43651508906,13,2018_bird_070_13_trip
2018-05-25T20:36:19Z,141.89967,40.95493999999999,bird_070,K18F62,12,2018,54517.301376782125,13,2018_bird_070_13_trip
2018-05-25T20:37:19Z,141.89495,40.95435,bird_070,K18F62,12,2018,54251.41041377178,13,2018_bird_070_13_trip
2018-05-25T20:38:19Z,141.89004000000003,40.95323,bird_070,K18F62,12,2018,53928.67822681077,13,2018_bird_070_13_trip
2018-05-25T20:39:20Z,141.88525,40.95232,bird_070,K18F62,12,2018,53632.67589700608,13,2018_bird_070_13_trip
2018-05-25T20:40:19Z,141.88036000000002,40.95319,bird_070,K18F62,12,2018,53503.781612515,13,2018_bird_070_13_trip
2018-05-25T20:41:20Z,141.87547,40.95539,bird_070,K18F62,12,2018,53505.52955063327,13,2018_bird_070_13_trip
2018-05-25T20:42:19Z,141.8711,40.95805,bird_070,K18F62,12,2018,53577.66022193072,13,2018_bird_070_13_trip
2018-05-25T20:43:20Z,141.86610000000002,40.96024,bird_070,K18F62,12,2018,53582.43517350294,13,2018_bird_070_13_trip
2018-05-25T20:44:19Z,141.86058,40.96063,bird_070,K18F62,12,2018,53395.29607312668,13,2018_bird_070_13_trip
2018-05-25T20:45:20Z,141.85483000000002,40.96076,bird_070,K18F62,12,2018,53177.02059902424,13,2018_bird_070_13_trip
2018-05-25T20:46:19Z,141.84995999999998,40.96262,bird_070,K18F62,12,2018,53166.80994318787,13,2018_bird_070_13_trip
2018-05-25T20:47:20Z,141.84588,40.96649,bird_070,K18F62,12,2018,53389.48924886704,13,2018_bird_070_13_trip
2018-05-25T20:48:19Z,141.84147000000002,40.96804,bird_070,K18F62,12,2018,53374.31962773538,13,2018_bird_070_13_trip
2018-05-25T20:49:19Z,141.83609,40.96959,bird_070,K18F62,12,2018,53326.13306426728,13,2018_bird_070_13_trip
2018-05-25T20:50:19Z,141.8325,40.96961,bird_070,K18F62,12,2018,53195.128967763805,13,2018_bird_070_13_trip
2018-05-25T20:51:19Z,141.83251,40.96944,bird_070,K18F62,12,2018,53178.52467437582,13,2018_bird_070_13_trip
2018-05-25T20:52:19Z,141.83277,40.96911000000001,bird_070,K18F62,12,2018,53155.17563101205,13,2018_bird_070_13_trip
2018-05-25T20:53:20Z,141.82932000000002,40.96827,bird_070,K18F62,12,2018,52944.44109572938,13,2018_bird_070_13_trip
2018-05-25T20:54:20Z,141.82492000000002,40.96527,bird_070,K18F62,12,2018,52483.72586464275,13,2018_bird_070_13_trip
2018-05-25T20:55:20Z,141.82075,40.96167,bird_070,K18F62,12,2018,51971.79861558897,13,2018_bird_070_13_trip
2018-05-25T20:56:20Z,141.81649000000002,40.95899,bird_070,K18F62,12,2018,51549.48991457513,13,2018_bird_070_13_trip
2018-05-25T20:57:19Z,141.81304999999998,40.95524,bird_070,K18F62,12,2018,51049.465659543835,13,2018_bird_070_13_trip
2018-05-25T20:58:20Z,141.81027,40.95265,bird_070,K18F62,12,2018,50689.820032726806,13,2018_bird_070_13_trip
2018-05-25T20:59:19Z,141.80599,40.9497,bird_070,K18F62,12,2018,50241.03686049616,13,2018_bird_070_13_trip
2018-05-25T21:00:21Z,141.80225000000002,40.94725999999999,bird_070,K18F62,12,2018,49863.38427080441,13,2018_bird_070_13_trip
2018-05-25T21:01:19Z,141.79909999999998,40.94623,bird_070,K18F62,12,2018,49649.48046418443,13,2018_bird_070_13_trip
2018-05-25T21:02:20Z,141.79585999999998,40.94383,bird_070,K18F62,12,2018,49294.407570395175,13,2018_bird_070_13_trip
2018-05-25T21:03:19Z,141.79263,40.94041,bird_070,K18F62,12,2018,48836.6216665504,13,2018_bird_070_13_trip
2018-05-25T21:04:20Z,141.79028,40.93542,bird_070,K18F62,12,2018,48249.95194930229,13,2018_bird_070_13_trip
2018-05-25T21:05:20Z,141.78808,40.93043,bird_070,K18F62,12,2018,47668.49229298701,13,2018_bird_070_13_trip
2018-05-25T21:06:21Z,141.78554999999997,40.925920000000005,bird_070,K18F62,12,2018,47124.30555366282,13,2018_bird_070_13_trip
2018-05-25T21:07:19Z,141.78304999999995,40.923100000000005,bird_070,K18F62,12,2018,46752.39102596568,13,2018_bird_070_13_trip
2018-05-25T21:08:20Z,141.77974999999995,40.92163,bird_070,K18F62,12,2018,46490.20794413753,13,2018_bird_070_13_trip
2018-05-25T21:09:20Z,141.77718,40.91741,bird_070,K18F62,12,2018,45974.04564853385,13,2018_bird_070_13_trip
2018-05-25T21:10:20Z,141.77419999999998,40.91401,bird_070,K18F62,12,2018,45527.24512057801,13,2018_bird_070_13_trip
2018-05-25T21:11:20Z,141.77074,40.91347999999999,bird_070,K18F62,12,2018,45356.55050469858,13,2018_bird_070_13_trip
2018-05-25T21:12:20Z,141.7676,40.90963,bird_070,K18F62,12,2018,44859.08678952662,13,2018_bird_070_13_trip
2018-05-25T21:13:20Z,141.76494999999997,40.906679999999994,bird_070,K18F62,12,2018,44469.866310803445,13,2018_bird_070_13_trip
2018-05-25T21:14:21Z,141.76549999999995,40.90625,bird_070,K18F62,12,2018,44444.34505874146,13,2018_bird_070_13_trip
2018-05-25T21:15:21Z,141.76587999999998,40.90607,bird_070,K18F62,12,2018,44438.69603455365,13,2018_bird_070_13_trip
2018-05-25T21:16:21Z,141.7662,40.9059,bird_070,K18F62,12,2018,44432.086491760514,13,2018_bird_070_13_trip
2018-05-25T21:17:21Z,141.76667999999998,40.90561,bird_070,K18F62,12,2018,44418.65189449313,13,2018_bird_070_13_trip
2018-05-25T21:18:20Z,141.76697,40.90539,bird_070,K18F62,12,2018,44406.00232258986,13,2018_bird_070_13_trip
2018-05-25T21:19:21Z,141.76745,40.90516,bird_070,K18F62,12,2018,44398.76613967399,13,2018_bird_070_13_trip
2018-05-25T21:20:20Z,141.76793,40.90494,bird_070,K18F62,12,2018,44392.59776524389,13,2018_bird_070_13_trip
2018-05-25T21:21:20Z,141.76822,40.90479,bird_070,K18F62,12,2018,44387.15803923072,13,2018_bird_070_13_trip
2018-05-25T21:22:20Z,141.76585999999998,40.90224,bird_070,K18F62,12,2018,44047.98189486374,13,2018_bird_070_13_trip
2018-05-25T21:23:20Z,141.76349999999996,40.90203,bird_070,K18F62,12,2018,43947.3053450856,13,2018_bird_070_13_trip
2018-05-25T21:24:20Z,141.76065999999997,40.89807,bird_070,K18F62,12,2018,43448.70432261448,13,2018_bird_070_13_trip
2018-05-25T21:25:20Z,141.7577,40.89399,bird_070,K18F62,12,2018,42933.910909225146,13,2018_bird_070_13_trip
2018-05-25T21:26:20Z,141.75625,40.888639999999995,bird_070,K18F62,12,2018,42339.98467865941,13,2018_bird_070_13_trip
2018-05-25T21:27:20Z,141.755,40.88289,bird_070,K18F62,12,2018,41712.466921714426,13,2018_bird_070_13_trip
2018-05-25T21:28:20Z,141.75319,40.87755,bird_070,K18F62,12,2018,41108.14911058996,13,2018_bird_070_13_trip
2018-05-25T21:29:20Z,141.74987999999996,40.873619999999995,bird_070,K18F62,12,2018,40596.35687205041,13,2018_bird_070_13_trip
2018-05-25T21:30:20Z,141.7462,40.86985,bird_070,K18F62,12,2018,40088.56909294692,13,2018_bird_070_13_trip
2018-05-25T21:31:20Z,141.74247,40.86592,bird_070,K18F62,12,2018,39563.13937076685,13,2018_bird_070_13_trip
2018-05-25T21:32:20Z,141.7389,40.86175,bird_070,K18F62,12,2018,39018.85051702806,13,2018_bird_070_13_trip
2018-05-25T21:33:20Z,141.73531,40.857609999999994,bird_070,K18F62,12,2018,38477.192816617215,13,2018_bird_070_13_trip
2018-05-25T21:34:20Z,141.73134000000002,40.85379,bird_070,K18F62,12,2018,37956.090437612154,13,2018_bird_070_13_trip
2018-05-25T21:35:20Z,141.72876,40.848659999999995,bird_070,K18F62,12,2018,37346.617417725065,13,2018_bird_070_13_trip
2018-05-25T21:36:20Z,141.72594999999998,40.844379999999994,bird_070,K18F62,12,2018,36816.617567862435,13,2018_bird_070_13_trip
2018-05-25T21:37:20Z,141.72441,40.83917,bird_070,K18F62,12,2018,36233.055938350175,13,2018_bird_070_13_trip
2018-05-25T21:38:20Z,141.72350999999998,40.83373,bird_070,K18F62,12,2018,35647.56139850266,13,2018_bird_070_13_trip
2018-05-25T21:39:20Z,141.72289,40.82827,bird_070,K18F62,12,2018,35070.2463749327,13,2018_bird_070_13_trip
2018-05-25T21:40:21Z,141.72253,40.82226,bird_070,K18F62,12,2018,34447.04399046089,13,2018_bird_070_13_trip
2018-05-25T21:41:20Z,141.71966999999995,40.817919999999994,bird_070,K18F62,12,2018,33908.655127260114,13,2018_bird_070_13_trip
2018-05-25T21:42:48Z,141.71544,40.81088999999999,bird_070,K18F62,12,2018,33050.3259372707,13,2018_bird_070_13_trip
2018-05-25T21:43:19Z,141.71417999999997,40.80818,bird_070,K18F62,12,2018,32732.1063409757,13,2018_bird_070_13_trip
2018-05-25T21:44:20Z,141.71806999999998,40.80339,bird_070,K18F62,12,2018,32382.958232112476,13,2018_bird_070_13_trip
2018-05-25T21:45:19Z,141.71502999999998,40.79861000000001,bird_070,K18F62,12,2018,31793.4845094041,13,2018_bird_070_13_trip
2018-05-25T21:46:19Z,141.71156999999997,40.79370000000001,bird_070,K18F62,12,2018,31176.05312640944,13,2018_bird_070_13_trip
2018-05-25T21:47:19Z,141.7086,40.78925,bird_070,K18F62,12,2018,30622.3434135754,13,2018_bird_070_13_trip
2018-05-25T21:48:20Z,141.70601,40.78372,bird_070,K18F62,12,2018,29973.120411125223,13,2018_bird_070_13_trip
2018-05-25T21:49:20Z,141.70403,40.778650000000006,bird_070,K18F62,12,2018,29392.03808054562,13,2018_bird_070_13_trip
2018-05-25T21:50:20Z,141.70238,40.77628,bird_070,K18F62,12,2018,29094.656513150105,13,2018_bird_070_13_trip
2018-05-25T21:51:20Z,141.70055999999997,40.77121,bird_070,K18F62,12,2018,28519.50499300469,13,2018_bird_070_13_trip
2018-05-25T21:52:19Z,141.6982,40.76876000000001,bird_070,K18F62,12,2018,28188.6471949025,13,2018_bird_070_13_trip
2018-05-25T21:53:20Z,141.69588,40.76513000000001,bird_070,K18F62,12,2018,27740.52530863172,13,2018_bird_070_13_trip
2018-05-25T21:54:20Z,141.69374,40.75996,bird_070,K18F62,12,2018,27143.91184439702,13,2018_bird_070_13_trip
2018-05-25T21:55:20Z,141.69236,40.75462,bird_070,K18F62,12,2018,26557.990220494055,13,2018_bird_070_13_trip
2018-05-25T21:56:20Z,141.69133000000002,40.7494,bird_070,K18F62,12,2018,25997.773523845564,13,2018_bird_070_13_trip
2018-05-25T21:57:20Z,141.68882000000002,40.744310000000006,bird_070,K18F62,12,2018,25396.708710211893,13,2018_bird_070_13_trip
2018-05-25T21:58:20Z,141.68629,40.7392,bird_070,K18F62,12,2018,24793.02521684663,13,2018_bird_070_13_trip
2018-05-25T21:59:19Z,141.68324,40.73434,bird_070,K18F62,12,2018,24195.019656441407,13,2018_bird_070_13_trip
2018-05-25T22:00:21Z,141.68018,40.73019000000001,bird_070,K18F62,12,2018,23667.460004556717,13,2018_bird_070_13_trip
2018-05-25T22:01:21Z,141.67725,40.72465,bird_070,K18F62,12,2018,23006.073250466063,13,2018_bird_070_13_trip
2018-05-25T22:02:25Z,141.67301999999998,40.7178,bird_070,K18F62,12,2018,22165.745444957003,13,2018_bird_070_13_trip
2018-05-25T22:03:20Z,141.66984999999997,40.712590000000006,bird_070,K18F62,12,2018,21528.365494257287,13,2018_bird_070_13_trip
2018-05-25T22:04:20Z,141.66829,40.70795,bird_070,K18F62,12,2018,21008.14876627206,13,2018_bird_070_13_trip
2018-05-25T22:05:21Z,141.66655999999998,40.702720000000006,bird_070,K18F62,12,2018,20423.579096428144,13,2018_bird_070_13_trip
2018-05-25T22:06:21Z,141.66523,40.69772,bird_070,K18F62,12,2018,19878.051398513304,13,2018_bird_070_13_trip
2018-05-25T22:07:48Z,141.66370999999998,40.691030000000005,bird_070,K18F62,12,2018,19160.314081350854,13,2018_bird_070_13_trip
2018-05-25T22:08:20Z,141.66305999999997,40.68825,bird_070,K18F62,12,2018,18862.153833018176,13,2018_bird_070_13_trip
2018-05-25T22:09:21Z,141.66181,40.68359,bird_070,K18F62,12,2018,18356.980932023915,13,2018_bird_070_13_trip
2018-05-25T22:10:20Z,141.66049,40.678520000000006,bird_070,K18F62,12,2018,17810.524198519517,13,2018_bird_070_13_trip
2018-05-25T22:11:20Z,141.65905999999998,40.673350000000006,bird_070,K18F62,12,2018,17251.58379161005,13,2018_bird_070_13_trip
2018-05-25T22:12:20Z,141.65709,40.66827000000001,bird_070,K18F62,12,2018,16680.034752730287,13,2018_bird_070_13_trip
2018-05-25T22:13:20Z,141.65488,40.662940000000006,bird_070,K18F62,12,2018,16075.434260451684,13,2018_bird_070_13_trip
2018-05-25T22:14:20Z,141.65313,40.65703,bird_070,K18F62,12,2018,15437.498198167188,13,2018_bird_070_13_trip
2018-05-25T22:15:21Z,141.65149000000002,40.65111,bird_070,K18F62,12,2018,14806.694439270195,13,2018_bird_070_13_trip
2018-05-25T22:16:21Z,141.65036,40.645390000000006,bird_070,K18F62,12,2018,14221.980403495543,13,2018_bird_070_13_trip
2018-05-25T22:17:21Z,141.64866999999998,40.63963,bird_070,K18F62,12,2018,13611.884483084505,13,2018_bird_070_13_trip
2018-05-25T22:18:21Z,141.64928999999998,40.6343,bird_070,K18F62,12,2018,13159.436679281524,13,2018_bird_070_13_trip
2018-05-25T22:19:21Z,141.64585999999997,40.62913000000001,bird_070,K18F62,12,2018,12525.158412058929,13,2018_bird_070_13_trip
2018-05-25T22:20:20Z,141.64470999999998,40.623740000000005,bird_070,K18F62,12,2018,11990.13299055848,13,2018_bird_070_13_trip
2018-05-25T22:21:22Z,141.64334999999997,40.61836,bird_070,K18F62,12,2018,11451.785735281475,13,2018_bird_070_13_trip
2018-05-25T22:22:20Z,141.64347999999998,40.61836,bird_070,K18F62,12,2018,11458.766979328504,13,2018_bird_070_13_trip
2018-05-25T22:23:20Z,141.64236,40.61566,bird_070,K18F62,12,2018,11167.567895406626,13,2018_bird_070_13_trip
2018-05-25T22:24:22Z,141.64006999999998,40.609,bird_070,K18F62,12,2018,10481.639967921834,13,2018_bird_070_13_trip
2018-05-25T22:25:20Z,141.63664999999995,40.60269,bird_070,K18F62,12,2018,9769.588142009135,13,2018_bird_070_13_trip
2018-05-25T22:26:20Z,141.6318,40.597100000000005,bird_070,K18F62,12,2018,9037.110069339506,13,2018_bird_070_13_trip
2018-05-25T22:27:20Z,141.62757,40.591330000000006,bird_070,K18F62,12,2018,8329.833457283694,13,2018_bird_070_13_trip
2018-05-25T22:28:20Z,141.62442,40.58525,bird_070,K18F62,12,2018,7671.312263665365,13,2018_bird_070_13_trip
2018-05-25T22:29:20Z,141.62102000000002,40.57911000000001,bird_070,K18F62,12,2018,7005.538311502989,13,2018_bird_070_13_trip
2018-05-25T22:30:20Z,141.6172,40.57304,bird_070,K18F62,12,2018,6332.464913422185,13,2018_bird_070_13_trip
2018-05-25T22:31:20Z,141.61285999999998,40.5671,bird_070,K18F62,12,2018,5649.512222939696,13,2018_bird_070_13_trip
2018-05-25T22:32:20Z,141.60765999999998,40.5613,bird_070,K18F62,12,2018,4932.415255345169,13,2018_bird_070_13_trip
2018-05-25T22:33:20Z,141.60186,40.556,bird_070,K18F62,12,2018,4217.238274601467,13,2018_bird_070_13_trip
2018-05-25T22:34:20Z,141.59499,40.55287,bird_070,K18F62,12,2018,3541.0491546911985,13,2018_bird_070_13_trip
2018-05-25T22:35:20Z,141.5893,40.54934,bird_070,K18F62,12,2018,2937.7851157162863,13,2018_bird_070_13_trip
2018-05-25T22:36:20Z,141.58345,40.54559,bird_070,K18F62,12,2018,2322.893483668545,13,2018_bird_070_13_trip
2018-05-25T22:37:20Z,141.57679,40.54345,bird_070,K18F62,12,2018,1712.1238073866705,13,2018_bird_070_13_trip
2018-05-25T22:38:19Z,141.56941,40.542910000000006,bird_070,K18F62,12,2018,1108.5488266702214,13,2018_bird_070_13_trip
2018-05-29T23:10:33Z,141.67021,40.66827000000001,bird_070,K18F62,12,2018,17267.228284869565,17,2018_bird_070_17_trip
2018-05-29T23:11:26Z,141.67506999999998,40.67210000000001,bird_070,K18F62,12,2018,17849.09484302134,17,2018_bird_070_17_trip
2018-05-29T23:12:25Z,141.68071,40.67642,bird_070,K18F62,12,2018,18513.65277500094,17,2018_bird_070_17_trip
2018-05-29T23:13:25Z,141.68666,40.68029,bird_070,K18F62,12,2018,19152.895861673387,17,2018_bird_070_17_trip
2018-05-29T23:14:25Z,141.692,40.68474,bird_070,K18F62,12,2018,19816.530881101226,17,2018_bird_070_17_trip
2018-05-29T23:15:25Z,141.69881,40.68808,bird_070,K18F62,12,2018,20452.49506648156,17,2018_bird_070_17_trip
2018-05-29T23:16:25Z,141.70550999999998,40.691100000000006,bird_070,K18F62,12,2018,21057.42364669431,17,2018_bird_070_17_trip
2018-05-29T23:17:26Z,141.71212,40.69425,bird_070,K18F62,12,2018,21672.36656471013,17,2018_bird_070_17_trip
2018-05-29T23:18:26Z,141.71909999999997,40.69722,bird_070,K18F62,12,2018,22293.219556997297,17,2018_bird_070_17_trip
2018-05-29T23:19:25Z,141.72515,40.701,bird_070,K18F62,12,2018,22938.913078697064,17,2018_bird_070_17_trip
2018-05-29T23:20:25Z,141.7311,40.70544,bird_070,K18F62,12,2018,23637.56331778485,17,2018_bird_070_17_trip
2018-05-29T23:21:25Z,141.73653,40.70989,bird_070,K18F62,12,2018,24309.963857604715,17,2018_bird_070_17_trip
2018-05-29T23:22:25Z,141.74275999999998,40.713530000000006,bird_070,K18F62,12,2018,24954.7503855352,17,2018_bird_070_17_trip
2018-05-29T23:23:25Z,141.74902999999998,40.71678,bird_070,K18F62,12,2018,25569.140717807863,17,2018_bird_070_17_trip
2018-05-29T23:24:27Z,141.75306999999998,40.72032000000001,bird_070,K18F62,12,2018,26089.57084247013,17,2018_bird_070_17_trip
2018-05-29T23:25:26Z,141.75618,40.71925,bird_070,K18F62,12,2018,26166.02455718086,17,2018_bird_070_17_trip
2018-05-29T23:26:26Z,141.76129,40.71936,bird_070,K18F62,12,2018,26454.950168498697,17,2018_bird_070_17_trip
2018-05-29T23:27:26Z,141.76142000000002,40.71942,bird_070,K18F62,12,2018,26467.16537388133,17,2018_bird_070_17_trip
2018-05-29T23:28:26Z,141.76167999999998,40.719970000000004,bird_070,K18F62,12,2018,26527.795555533332,17,2018_bird_070_17_trip
2018-05-29T23:29:26Z,141.76197,40.72046,bird_070,K18F62,12,2018,26585.0395800928,17,2018_bird_070_17_trip
2018-05-29T23:30:26Z,141.76184999999998,40.72111000000001,bird_070,K18F62,12,2018,26633.26807132567,17,2018_bird_070_17_trip
2018-05-29T23:31:26Z,141.76124000000002,40.72098,bird_070,K18F62,12,2018,26588.826133290055,17,2018_bird_070_17_trip
2018-05-29T23:32:26Z,141.76121,40.72142,bird_070,K18F62,12,2018,26624.3824996693,17,2018_bird_070_17_trip
2018-05-29T23:33:26Z,141.76127,40.721410000000006,bird_070,K18F62,12,2018,26626.821296474227,17,2018_bird_070_17_trip
2018-05-29T23:34:26Z,141.76137,40.72142,bird_070,K18F62,12,2018,26633.142644285555,17,2018_bird_070_17_trip
2018-05-29T23:35:26Z,141.76176999999998,40.72155000000001,bird_070,K18F62,12,2018,26666.04615826965,17,2018_bird_070_17_trip
2018-05-29T23:36:26Z,141.76084999999998,40.72291000000001,bird_070,K18F62,12,2018,26731.034673141377,17,2018_bird_070_17_trip
2018-05-29T23:37:26Z,141.76102,40.72279000000001,bird_070,K18F62,12,2018,26730.100809442694,17,2018_bird_070_17_trip
2018-05-29T23:38:25Z,141.76104,40.72257000000001,bird_070,K18F62,12,2018,26712.52029139378,17,2018_bird_070_17_trip
2018-05-29T23:39:25Z,141.75961999999998,40.72455000000001,bird_070,K18F62,12,2018,26804.12225909236,17,2018_bird_070_17_trip
2018-05-29T23:40:26Z,141.75982,40.72446,bird_070,K18F62,12,2018,26807.2263434115,17,2018_bird_070_17_trip
2018-05-29T23:41:26Z,141.75972,40.724500000000006,bird_070,K18F62,12,2018,26805.24535044283,17,2018_bird_070_17_trip
2018-05-29T23:42:25Z,141.75994,40.72418,bird_070,K18F62,12,2018,26789.804003807025,17,2018_bird_070_17_trip
2018-05-29T23:43:26Z,141.7548,40.72368,bird_070,K18F62,12,2018,26470.959108831525,17,2018_bird_070_17_trip
2018-05-29T23:44:25Z,141.75564999999995,40.723850000000006,bird_070,K18F62,12,2018,26530.961475624412,17,2018_bird_070_17_trip
2018-05-29T23:45:26Z,141.76077999999998,40.724720000000005,bird_070,K18F62,12,2018,26881.301549272303,17,2018_bird_070_17_trip
2018-05-29T23:46:26Z,141.76593,40.72570000000001,bird_070,K18F62,12,2018,27244.786440284737,17,2018_bird_070_17_trip
2018-05-29T23:47:26Z,141.77112,40.724410000000006,bird_070,K18F62,12,2018,27423.033534062688,17,2018_bird_070_17_trip
2018-05-29T23:48:26Z,141.77486999999996,40.72217000000001,bird_070,K18F62,12,2018,27448.016228129567,17,2018_bird_070_17_trip
2018-05-29T23:49:26Z,141.77661999999998,40.71759,bird_070,K18F62,12,2018,27173.623308406357,17,2018_bird_070_17_trip
2018-05-29T23:50:25Z,141.77855999999997,40.71602,bird_070,K18F62,12,2018,27159.23094979917,17,2018_bird_070_17_trip
2018-05-29T23:51:27Z,141.7815,40.715790000000005,bird_070,K18F62,12,2018,27312.662767541864,17,2018_bird_070_17_trip
2018-05-29T23:52:28Z,141.78207,40.71586,bird_070,K18F62,12,2018,27351.71980066997,17,2018_bird_070_17_trip
2018-05-29T23:53:28Z,141.78382,40.7168,bird_070,K18F62,12,2018,27529.574222907784,17,2018_bird_070_17_trip
2018-05-29T23:54:28Z,141.78402,40.71639,bird_070,K18F62,12,2018,27508.688084684563,17,2018_bird_070_17_trip
2018-05-29T23:55:28Z,141.78405999999998,40.71614,bird_070,K18F62,12,2018,27491.15419882117,17,2018_bird_070_17_trip
2018-05-29T23:56:28Z,141.78401,40.71574,bird_070,K18F62,12,2018,27456.405855279747,17,2018_bird_070_17_trip
2018-05-29T23:57:28Z,141.78664999999998,40.71761,bird_070,K18F62,12,2018,27760.82698618983,17,2018_bird_070_17_trip
2018-05-29T23:58:28Z,141.78664999999998,40.71739,bird_070,K18F62,12,2018,27743.361219306127,17,2018_bird_070_17_trip
2018-05-29T23:59:28Z,141.78806,40.71856,bird_070,K18F62,12,2018,27919.546952465527,17,2018_bird_070_17_trip
2018-05-30T00:00:28Z,141.78898,40.719370000000005,bird_070,K18F62,12,2018,28038.204298753295,17,2018_bird_070_17_trip
2018-05-30T00:01:28Z,141.78878,40.71911000000001,bird_070,K18F62,12,2018,28005.747525062856,17,2018_bird_070_17_trip
2018-05-30T00:02:28Z,141.78876,40.71878,bird_070,K18F62,12,2018,27978.381738442647,17,2018_bird_070_17_trip
2018-05-30T00:03:27Z,141.79401,40.71938,bird_070,K18F62,12,2018,28337.74662591776,17,2018_bird_070_17_trip
2018-05-30T00:04:28Z,141.79949,40.71777,bird_070,K18F62,12,2018,28542.132429603127,17,2018_bird_070_17_trip
2018-05-30T00:05:28Z,141.80255,40.7177,bird_070,K18F62,12,2018,28722.9550411965,17,2018_bird_070_17_trip
2018-05-30T00:06:28Z,141.80244000000005,40.71749,bird_070,K18F62,12,2018,28700.118600625057,17,2018_bird_070_17_trip
2018-05-30T00:07:27Z,141.80257,40.71757,bird_070,K18F62,12,2018,28714.197103793336,17,2018_bird_070_17_trip
2018-05-30T00:08:28Z,141.80512000000002,40.72016000000001,bird_070,K18F62,12,2018,29068.74851381793,17,2018_bird_070_17_trip
2018-05-30T00:09:28Z,141.80497,40.72176,bird_070,K18F62,12,2018,29182.97768757891,17,2018_bird_070_17_trip
2018-05-30T00:10:28Z,141.80509,40.721410000000006,bird_070,K18F62,12,2018,29163.230837927113,17,2018_bird_070_17_trip
2018-05-30T00:11:28Z,141.80494000000002,40.72127,bird_070,K18F62,12,2018,29143.3134935506,17,2018_bird_070_17_trip
2018-05-30T00:12:27Z,141.80489,40.72097000000001,bird_070,K18F62,12,2018,29117.1298906855,17,2018_bird_070_17_trip
2018-05-30T00:13:28Z,141.80501,40.72070000000001,bird_070,K18F62,12,2018,29103.61597481366,17,2018_bird_070_17_trip
2018-05-30T00:14:28Z,141.80483,40.72001000000001,bird_070,K18F62,12,2018,29039.537820028916,17,2018_bird_070_17_trip
2018-05-30T00:15:28Z,141.80489,40.71972,bird_070,K18F62,12,2018,29020.899648516137,17,2018_bird_070_17_trip
2018-05-30T00:16:29Z,141.80585,40.71865,bird_070,K18F62,12,2018,28997.575963628213,17,2018_bird_070_17_trip
2018-05-30T00:17:28Z,141.80723000000003,40.71604,bird_070,K18F62,12,2018,28884.067111611286,17,2018_bird_070_17_trip
2018-05-30T00:18:28Z,141.80736000000002,40.71582,bird_070,K18F62,12,2018,28875.480644644453,17,2018_bird_070_17_trip
2018-05-30T00:19:28Z,141.80719000000002,40.71556,bird_070,K18F62,12,2018,28845.31012712225,17,2018_bird_070_17_trip
2018-05-30T00:20:28Z,141.80748000000003,40.71519000000001,bird_070,K18F62,12,2018,28835.36313718826,17,2018_bird_070_17_trip
2018-05-30T00:21:28Z,141.8078,40.71478,bird_070,K18F62,12,2018,28824.34585797675,17,2018_bird_070_17_trip
2018-05-30T00:22:27Z,141.80748000000003,40.71473,bird_070,K18F62,12,2018,28800.703116559773,17,2018_bird_070_17_trip
2018-05-30T00:23:28Z,141.80816000000002,40.71329,bird_070,K18F62,12,2018,28734.93918070327,17,2018_bird_070_17_trip
2018-05-30T00:24:27Z,141.80713000000003,40.70803000000001,bird_070,K18F62,12,2018,28279.39649309047,17,2018_bird_070_17_trip
2018-05-30T00:25:27Z,141.80607,40.70228,bird_070,K18F62,12,2018,27791.44401597343,17,2018_bird_070_17_trip
2018-05-30T00:26:28Z,141.805,40.696200000000005,bird_070,K18F62,12,2018,27285.85923797725,17,2018_bird_070_17_trip
2018-05-30T00:27:27Z,141.80293000000003,40.68999,bird_070,K18F62,12,2018,26713.176053405194,17,2018_bird_070_17_trip
2018-05-30T00:28:27Z,141.80417,40.684,bird_070,K18F62,12,2018,26383.309597269516,17,2018_bird_070_17_trip
2018-05-30T00:29:28Z,141.80606,40.68258,bird_070,K18F62,12,2018,26414.426291493084,17,2018_bird_070_17_trip
2018-05-30T00:30:27Z,141.8078,40.67869,bird_070,K18F62,12,2018,26274.246255000853,17,2018_bird_070_17_trip
2018-05-30T00:31:28Z,141.80774000000002,40.67846,bird_070,K18F62,12,2018,26255.067565428584,17,2018_bird_070_17_trip
2018-05-30T00:32:27Z,141.80844000000005,40.67758,bird_070,K18F62,12,2018,26245.38942410839,17,2018_bird_070_17_trip
2018-05-30T00:33:28Z,141.80962,40.67212000000001,bird_070,K18F62,12,2018,25976.16297466152,17,2018_bird_070_17_trip
2018-05-30T00:34:28Z,141.80962,40.671479999999995,bird_070,K18F62,12,2018,25935.748087649357,17,2018_bird_070_17_trip
2018-05-30T00:35:28Z,141.81046,40.66971000000001,bird_070,K18F62,12,2018,25883.416194062687,17,2018_bird_070_17_trip
2018-05-30T00:36:28Z,141.81088,40.66808,bird_070,K18F62,12,2018,25811.770621134154,17,2018_bird_070_17_trip
2018-05-30T00:37:27Z,141.81082,40.66782,bird_070,K18F62,12,2018,25791.513983289053,17,2018_bird_070_17_trip
2018-05-30T00:38:28Z,141.8115,40.666450000000005,bird_070,K18F62,12,2018,25755.37124857193,17,2018_bird_070_17_trip
2018-05-30T00:39:28Z,141.81141000000002,40.66570000000001,bird_070,K18F62,12,2018,25703.29118558722,17,2018_bird_070_17_trip
2018-05-30T00:40:28Z,141.81148000000002,40.66525000000001,bird_070,K18F62,12,2018,25680.904188882112,17,2018_bird_070_17_trip
2018-05-30T00:41:28Z,141.81158,40.664910000000006,bird_070,K18F62,12,2018,25667.381509109855,17,2018_bird_070_17_trip
2018-05-30T00:42:28Z,141.81202000000002,40.66264,bird_070,K18F62,12,2018,25562.18234354219,17,2018_bird_070_17_trip
2018-05-30T00:43:28Z,141.81335,40.66133000000001,bird_070,K18F62,12,2018,25579.466918394475,17,2018_bird_070_17_trip
2018-05-30T00:44:28Z,141.81322,40.66111000000001,bird_070,K18F62,12,2018,25557.173701623025,17,2018_bird_070_17_trip
2018-05-30T00:45:28Z,141.81354999999996,40.66045,bird_070,K18F62,12,2018,25542.014662267193,17,2018_bird_070_17_trip
2018-05-30T00:46:28Z,141.81354999999996,40.66004,bird_070,K18F62,12,2018,25517.981992507008,17,2018_bird_070_17_trip
2018-05-30T00:47:28Z,141.81233000000003,40.65919,bird_070,K18F62,12,2018,25380.563440837137,17,2018_bird_070_17_trip
2018-05-30T00:48:28Z,141.81371,40.65915,bird_070,K18F62,12,2018,25477.53763243862,17,2018_bird_070_17_trip
2018-05-30T00:49:28Z,141.81233000000003,40.6597,bird_070,K18F62,12,2018,25410.418621796987,17,2018_bird_070_17_trip
2018-05-30T00:50:28Z,141.81328,40.65895,bird_070,K18F62,12,2018,25434.928091305348,17,2018_bird_070_17_trip
2018-05-30T00:51:28Z,141.81304999999998,40.658730000000006,bird_070,K18F62,12,2018,25405.560257523244,17,2018_bird_070_17_trip
2018-05-30T00:52:28Z,141.80827000000002,40.65818,bird_070,K18F62,12,2018,25029.74187979095,17,2018_bird_070_17_trip
2018-05-30T00:53:28Z,141.80156,40.65727999999999,bird_070,K18F62,12,2018,24496.345734039332,17,2018_bird_070_17_trip
2018-05-30T00:54:28Z,141.79454999999996,40.65563,bird_070,K18F62,12,2018,23898.371602017374,17,2018_bird_070_17_trip
2018-05-30T00:55:28Z,141.78738,40.65402,bird_070,K18F62,12,2018,23292.704962668515,17,2018_bird_070_17_trip
2018-05-30T00:56:28Z,141.77934,40.6523,bird_070,K18F62,12,2018,22620.557257905984,17,2018_bird_070_17_trip
2018-05-30T00:57:28Z,141.77244000000002,40.65019,bird_070,K18F62,12,2018,22005.780548893657,17,2018_bird_070_17_trip
2018-05-30T00:58:28Z,141.7644,40.64798,bird_070,K18F62,12,2018,21306.163441600413,17,2018_bird_070_17_trip
2018-05-30T00:59:28Z,141.75667,40.644839999999995,bird_070,K18F62,12,2018,20570.282136129532,17,2018_bird_070_17_trip
2018-05-30T01:00:28Z,141.74874999999997,40.64263,bird_070,K18F62,12,2018,19881.366243566164,17,2018_bird_070_17_trip
2018-05-30T01:01:28Z,141.74083,40.64039,bird_070,K18F62,12,2018,19192.2843247189,17,2018_bird_070_17_trip
2018-05-30T01:02:28Z,141.73378999999997,40.63745,bird_070,K18F62,12,2018,18518.82459378159,17,2018_bird_070_17_trip
2018-05-30T01:03:27Z,141.72699,40.63402,bird_070,K18F62,12,2018,17829.74405926482,17,2018_bird_070_17_trip
2018-05-30T01:04:27Z,141.71914999999996,40.63086,bird_070,K18F62,12,2018,17088.02110226331,17,2018_bird_070_17_trip
2018-05-30T01:05:28Z,141.71151999999998,40.6277,bird_070,K18F62,12,2018,16361.230901864312,17,2018_bird_070_17_trip
2018-05-30T01:06:28Z,141.70415999999997,40.62371000000001,bird_070,K18F62,12,2018,15597.328833407935,17,2018_bird_070_17_trip
2018-05-30T01:07:28Z,141.69679,40.619679999999995,bird_070,K18F62,12,2018,14830.070263714864,17,2018_bird_070_17_trip
2018-05-30T01:08:28Z,141.68903,40.61576,bird_070,K18F62,12,2018,14044.065759664943,17,2018_bird_070_17_trip
2018-05-30T01:09:27Z,141.68285,40.61075,bird_070,K18F62,12,2018,13290.926201452294,17,2018_bird_070_17_trip
2018-05-30T01:10:28Z,141.67658999999998,40.60551000000001,bird_070,K18F62,12,2018,12518.399752462108,17,2018_bird_070_17_trip
2018-05-30T01:11:28Z,141.67038,40.60008,bird_070,K18F62,12,2018,11738.911011422802,17,2018_bird_070_17_trip
2018-05-30T01:12:28Z,141.66581,40.59448,bird_070,K18F62,12,2018,11066.341345300412,17,2018_bird_070_17_trip
2018-05-30T01:13:54Z,141.65934,40.58703,bird_070,K18F62,12,2018,10156.253926187544,17,2018_bird_070_17_trip
2018-05-30T01:14:25Z,141.65756,40.58421,bird_070,K18F62,12,2018,9864.476136924575,17,2018_bird_070_17_trip
2018-05-30T01:15:25Z,141.65323,40.57873000000001,bird_070,K18F62,12,2018,9243.702255229802,17,2018_bird_070_17_trip
2018-05-30T01:16:26Z,141.64866999999998,40.57342,bird_070,K18F62,12,2018,8627.709193742541,17,2018_bird_070_17_trip
2018-05-30T01:17:25Z,141.64305999999996,40.568720000000006,bird_070,K18F62,12,2018,7973.333942923055,17,2018_bird_070_17_trip
2018-05-30T01:18:25Z,141.63576999999998,40.56489,bird_070,K18F62,12,2018,7235.716217388752,17,2018_bird_070_17_trip
2018-05-30T01:19:26Z,141.62864000000002,40.56092,bird_070,K18F62,12,2018,6507.398498196206,17,2018_bird_070_17_trip
2018-05-30T01:20:26Z,141.62214000000003,40.556819999999995,bird_070,K18F62,12,2018,5828.920116309317,17,2018_bird_070_17_trip
2018-05-30T01:21:26Z,141.61568999999997,40.55278,bird_070,K18F62,12,2018,5166.150744314538,17,2018_bird_070_17_trip
2018-05-30T01:22:26Z,141.60807,40.54952,bird_070,K18F62,12,2018,4443.625048862201,17,2018_bird_070_17_trip
2018-05-30T01:23:26Z,141.59894000000003,40.54733,bird_070,K18F62,12,2018,3633.324949114856,17,2018_bird_070_17_trip
2018-05-30T01:24:26Z,141.58939,40.54516,bird_070,K18F62,12,2018,2789.438537932632,17,2018_bird_070_17_trip
2018-05-30T01:25:27Z,141.57907999999998,40.5437,bird_070,K18F62,12,2018,1905.3337668088136,17,2018_bird_070_17_trip
2018-05-30T01:26:26Z,141.56934,40.54346,bird_070,K18F62,12,2018,1130.995926837836,17,2018_bird_070_17_trip
2018-06-01T03:36:29Z,141.56279,40.54947,bird_070,K18F62,12,2018,1283.9004155830917,21,2018_bird_070_21_trip
2018-06-01T03:37:30Z,141.56735,40.55593,bird_070,K18F62,12,2018,2093.41849162644,21,2018_bird_070_21_trip
2018-06-01T03:38:29Z,141.57181,40.56199,bird_070,K18F62,12,2018,2861.953979702071,21,2018_bird_070_21_trip
2018-06-01T03:39:29Z,141.57636,40.56785,bird_070,K18F62,12,2018,3615.184221522992,21,2018_bird_070_21_trip
2018-06-01T03:40:28Z,141.58118000000002,40.57285,bird_070,K18F62,12,2018,4295.056286448259,21,2018_bird_070_21_trip
2018-06-01T03:41:28Z,141.58553,40.57793,bird_070,K18F62,12,2018,4966.156676772426,21,2018_bird_070_21_trip
2018-06-01T03:42:28Z,141.58922,40.58376,bird_070,K18F62,12,2018,5684.301371977144,21,2018_bird_070_21_trip
2018-06-01T03:43:28Z,141.59354,40.58894,bird_070,K18F62,12,2018,6364.200042190208,21,2018_bird_070_21_trip
2018-06-01T03:44:29Z,141.59752,40.59408,bird_070,K18F62,12,2018,7026.641069904804,21,2018_bird_070_21_trip
2018-06-01T03:45:29Z,141.60326999999998,40.598020000000005,bird_070,K18F62,12,2018,7647.463846004315,21,2018_bird_070_21_trip
2018-06-01T03:46:29Z,141.6086,40.60153,bird_070,K18F62,12,2018,8214.160094574278,21,2018_bird_070_21_trip
2018-06-01T03:47:29Z,141.61178999999998,40.60376,bird_070,K18F62,12,2018,8567.361308465832,21,2018_bird_070_21_trip
2018-06-01T03:48:30Z,141.61669999999998,40.60649,bird_070,K18F62,12,2018,9047.960927760992,21,2018_bird_070_21_trip
2018-06-01T03:49:30Z,141.62069,40.61183,bird_070,K18F62,12,2018,9728.853614003918,21,2018_bird_070_21_trip
2018-06-01T03:50:30Z,141.62274000000002,40.61737,bird_070,K18F62,12,2018,10340.004454693968,21,2018_bird_070_21_trip
2018-06-01T03:51:29Z,141.62569,40.62314000000001,bird_070,K18F62,12,2018,11015.8584461953,21,2018_bird_070_21_trip
2018-06-01T03:52:30Z,141.62875,40.62834000000001,bird_070,K18F62,12,2018,11643.66416800374,21,2018_bird_070_21_trip
2018-06-01T03:53:30Z,141.63229,40.63363,bird_070,K18F62,12,2018,12301.395418026175,21,2018_bird_070_21_trip
2018-06-01T03:54:29Z,141.63577999999998,40.639010000000006,bird_070,K18F62,12,2018,12965.709092738589,21,2018_bird_070_21_trip
2018-06-01T03:55:29Z,141.63813000000002,40.64508,bird_070,K18F62,12,2018,13647.829335902245,21,2018_bird_070_21_trip
2018-06-01T03:56:30Z,141.64065999999997,40.6509,bird_070,K18F62,12,2018,14315.212705903456,21,2018_bird_070_21_trip
2018-06-01T03:57:29Z,141.64274999999998,40.65658,bird_070,K18F62,12,2018,14952.200309389298,21,2018_bird_070_21_trip
2018-06-01T03:58:30Z,141.64692,40.66121,bird_070,K18F62,12,2018,15572.80948462799,21,2018_bird_070_21_trip
2018-06-01T03:59:30Z,141.65149000000002,40.66674,bird_070,K18F62,12,2018,16297.356623514832,21,2018_bird_070_21_trip
2018-06-01T04:00:56Z,141.65393,40.67555000000001,bird_070,K18F62,12,2018,17254.502958148536,21,2018_bird_070_21_trip
2018-06-01T04:01:28Z,141.65449999999998,40.679010000000005,bird_070,K18F62,12,2018,17616.37900186063,21,2018_bird_070_21_trip
2018-06-01T04:02:29Z,141.65586,40.68589,bird_070,K18F62,12,2018,18347.70254199116,21,2018_bird_070_21_trip
2018-06-01T04:03:28Z,141.6579,40.69233000000001,bird_070,K18F62,12,2018,19064.01043562386,21,2018_bird_070_21_trip
2018-06-01T04:04:28Z,141.65788,40.69951000000001,bird_070,K18F62,12,2018,19780.223008275363,21,2018_bird_070_21_trip
2018-06-01T04:05:28Z,141.65767,40.70655000000001,bird_070,K18F62,12,2018,20481.625502137915,21,2018_bird_070_21_trip
2018-06-01T04:06:29Z,141.65763,40.71384,bird_070,K18F62,12,2018,21219.860958416142,21,2018_bird_070_21_trip
2018-06-01T04:07:28Z,141.65654,40.720850000000006,bird_070,K18F62,12,2018,21900.332436650133,21,2018_bird_070_21_trip
2018-06-01T04:08:28Z,141.65457999999998,40.72842000000001,bird_070,K18F62,12,2018,22618.576816624936,21,2018_bird_070_21_trip
2018-06-01T04:09:29Z,141.65313,40.736340000000006,bird_070,K18F62,12,2018,23397.540630547526,21,2018_bird_070_21_trip
2018-06-01T04:10:29Z,141.65336,40.74392,bird_070,K18F62,12,2018,24195.592804031057,21,2018_bird_070_21_trip
2018-06-01T04:11:28Z,141.65508,40.75125,bird_070,K18F62,12,2018,25011.538999094868,21,2018_bird_070_21_trip
2018-06-01T04:12:28Z,141.65836000000002,40.758010000000006,bird_070,K18F62,12,2018,25811.589450703996,21,2018_bird_070_21_trip
2018-06-01T04:13:28Z,141.66211,40.76447,bird_070,K18F62,12,2018,26593.392023523873,21,2018_bird_070_21_trip
2018-06-01T04:14:28Z,141.66693,40.77018,bird_070,K18F62,12,2018,27327.347502197194,21,2018_bird_070_21_trip
2018-06-01T04:15:29Z,141.66916999999998,40.77748,bird_070,K18F62,12,2018,28154.28610365166,21,2018_bird_070_21_trip
2018-06-01T04:16:28Z,141.67301999999998,40.7839,bird_070,K18F62,12,2018,28935.031849971696,21,2018_bird_070_21_trip
2018-06-01T04:17:28Z,141.67842000000002,40.78931000000001,bird_070,K18F62,12,2018,29655.361826147207,21,2018_bird_070_21_trip
2018-06-01T04:18:29Z,141.68314,40.79520000000001,bird_070,K18F62,12,2018,30407.110001348166,21,2018_bird_070_21_trip
2018-06-01T04:19:28Z,141.68145,40.79883000000001,bird_070,K18F62,12,2018,30736.103824038317,21,2018_bird_070_21_trip
2018-06-01T04:20:28Z,141.68254000000002,40.80045,bird_070,K18F62,12,2018,30936.60896184555,21,2018_bird_070_21_trip
2018-06-01T04:21:28Z,141.68332,40.80712,bird_070,K18F62,12,2018,31655.709855995818,21,2018_bird_070_21_trip
2018-06-01T04:22:29Z,141.68391,40.809639999999995,bird_070,K18F62,12,2018,31936.025939479452,21,2018_bird_070_21_trip
2018-06-01T04:23:28Z,141.68054999999998,40.81461999999999,bird_070,K18F62,12,2018,32365.269578677795,21,2018_bird_070_21_trip
2018-06-01T04:24:30Z,141.68488,40.82075,bird_070,K18F62,12,2018,33127.60347435903,21,2018_bird_070_21_trip
2018-06-01T04:25:28Z,141.68838000000002,40.82537000000001,bird_070,K18F62,12,2018,33709.01192713891,21,2018_bird_070_21_trip
2018-06-01T04:26:29Z,141.69004,40.83242,bird_070,K18F62,12,2018,34494.67094005663,21,2018_bird_070_21_trip
2018-06-01T04:27:30Z,141.68953,40.83791,bird_070,K18F62,12,2018,35058.01057856122,21,2018_bird_070_21_trip
2018-06-01T04:28:29Z,141.68820000000002,40.83955,bird_070,K18F62,12,2018,35195.25427861835,21,2018_bird_070_21_trip
2018-06-01T04:29:30Z,141.69002,40.84317,bird_070,K18F62,12,2018,35625.13571876892,21,2018_bird_070_21_trip
2018-06-01T04:30:28Z,141.6898,40.84656,bird_070,K18F62,12,2018,35976.86140762763,21,2018_bird_070_21_trip
2018-06-01T04:31:29Z,141.68606,40.85157999999999,bird_070,K18F62,12,2018,36411.54359950047,21,2018_bird_070_21_trip
2018-06-01T04:32:28Z,141.68554999999998,40.85743999999999,bird_070,K18F62,12,2018,37020.45359157043,21,2018_bird_070_21_trip
2018-06-01T04:33:29Z,141.69049,40.8626,bird_070,K18F62,12,2018,37691.028313545685,21,2018_bird_070_21_trip
2018-06-01T04:34:28Z,141.69307999999998,40.86854,bird_070,K18F62,12,2018,38385.7819786415,21,2018_bird_070_21_trip
2018-06-01T04:35:29Z,141.69182,40.87467999999999,bird_070,K18F62,12,2018,39005.88124694931,21,2018_bird_070_21_trip
2018-06-01T04:36:28Z,141.68607,40.87862,bird_070,K18F62,12,2018,39287.59646044048,21,2018_bird_070_21_trip
2018-06-01T04:37:29Z,141.68514000000002,40.87885,bird_070,K18F62,12,2018,39290.50977189179,21,2018_bird_070_21_trip
2018-06-01T04:38:29Z,141.67893,40.879439999999995,bird_070,K18F62,12,2018,39213.043519661725,21,2018_bird_070_21_trip
2018-06-01T04:39:29Z,141.67650999999998,40.8831,bird_070,K18F62,12,2018,39552.98158406775,21,2018_bird_070_21_trip
2018-06-01T04:40:28Z,141.67709,40.88287,bird_070,K18F62,12,2018,39540.76917531392,21,2018_bird_070_21_trip
2018-06-01T04:41:28Z,141.67422,40.87952,bird_070,K18F62,12,2018,39119.46279307528,21,2018_bird_070_21_trip
2018-06-01T04:42:28Z,141.66777,40.87732,bird_070,K18F62,12,2018,38748.563815672365,21,2018_bird_070_21_trip
2018-06-01T04:43:28Z,141.66057999999998,40.87493,bird_070,K18F62,12,2018,38348.58952200973,21,2018_bird_070_21_trip
2018-06-01T04:44:28Z,141.65469,40.8706,bird_070,K18F62,12,2018,37769.25695046198,21,2018_bird_070_21_trip
2018-06-01T04:45:29Z,141.64763,40.86672,bird_070,K18F62,12,2018,37222.31263631575,21,2018_bird_070_21_trip
2018-06-01T04:46:30Z,141.64096999999998,40.86284,bird_070,K18F62,12,2018,36688.4428398866,21,2018_bird_070_21_trip
2018-06-01T04:47:29Z,141.63472,40.85791999999999,bird_070,K18F62,12,2018,36053.21611796139,21,2018_bird_070_21_trip
2018-06-01T04:48:28Z,141.62739000000002,40.85397,bird_070,K18F62,12,2018,35513.7800990782,21,2018_bird_070_21_trip
2018-06-01T04:49:28Z,141.61916999999997,40.85124999999999,bird_070,K18F62,12,2018,35106.28495462618,21,2018_bird_070_21_trip
2018-06-01T04:50:28Z,141.61128,40.847469999999994,bird_070,K18F62,12,2018,34597.472786858874,21,2018_bird_070_21_trip
2018-06-01T04:51:28Z,141.60416999999998,40.842479999999995,bird_070,K18F62,12,2018,33973.35033829281,21,2018_bird_070_21_trip
2018-06-01T04:52:28Z,141.59648,40.83785999999999,bird_070,K18F62,12,2018,33393.59649612609,21,2018_bird_070_21_trip
2018-06-01T04:53:29Z,141.58796,40.83355,bird_070,K18F62,12,2018,32853.24744839838,21,2018_bird_070_21_trip
2018-06-01T04:54:29Z,141.58120000000002,40.8286,bird_070,K18F62,12,2018,32264.895953361716,21,2018_bird_070_21_trip
2018-06-01T04:55:28Z,141.57536,40.822700000000005,bird_070,K18F62,12,2018,31583.669714640317,21,2018_bird_070_21_trip
2018-06-01T04:56:28Z,141.56936,40.81679999999999,bird_070,K18F62,12,2018,30908.76335008233,21,2018_bird_070_21_trip
2018-06-01T04:57:29Z,141.56377999999998,40.81045,bird_070,K18F62,12,2018,30192.124683116323,21,2018_bird_070_21_trip
2018-06-01T04:58:28Z,141.55838000000003,40.80441999999999,bird_070,K18F62,12,2018,29518.048133223143,21,2018_bird_070_21_trip
2018-06-01T04:59:28Z,141.55117,40.79916000000001,bird_070,K18F62,12,2018,28938.96421335702,21,2018_bird_070_21_trip
2018-06-01T05:00:29Z,141.5443,40.79341000000001,bird_070,K18F62,12,2018,28317.665521627063,21,2018_bird_070_21_trip
2018-06-01T05:01:28Z,141.5379,40.78799,bird_070,K18F62,12,2018,27743.49857117174,21,2018_bird_070_21_trip
2018-06-01T05:02:28Z,141.53202000000002,40.78267,bird_070,K18F62,12,2018,27188.849010926697,21,2018_bird_070_21_trip
2018-06-01T05:03:29Z,141.52658,40.77870000000001,bird_070,K18F62,12,2018,26790.541098468297,21,2018_bird_070_21_trip
2018-06-01T05:04:28Z,141.51967999999997,40.77403,bird_070,K18F62,12,2018,26339.159818400112,21,2018_bird_070_21_trip
2018-06-01T05:05:29Z,141.51332,40.76857000000001,bird_070,K18F62,12,2018,25810.011875726548,21,2018_bird_070_21_trip
2018-06-01T05:06:28Z,141.50807,40.76281000000001,bird_070,K18F62,12,2018,25247.204936083668,21,2018_bird_070_21_trip
2018-06-01T05:07:29Z,141.50192,40.75719,bird_070,K18F62,12,2018,24725.796116416397,21,2018_bird_070_21_trip
2018-06-01T05:08:29Z,141.49737000000002,40.751479999999994,bird_070,K18F62,12,2018,24181.805703110273,21,2018_bird_070_21_trip
2018-06-01T05:09:29Z,141.49186,40.74611000000001,bird_070,K18F62,12,2018,23704.230962509835,21,2018_bird_070_21_trip
2018-06-01T05:10:29Z,141.48708000000002,40.74054,bird_070,K18F62,12,2018,23204.11386285185,21,2018_bird_070_21_trip
2018-06-01T05:11:30Z,141.48275,40.73423,bird_070,K18F62,12,2018,22627.507436306907,21,2018_bird_070_21_trip
2018-06-01T05:12:28Z,141.47899,40.728260000000006,bird_070,K18F62,12,2018,22085.595010529956,21,2018_bird_070_21_trip
2018-06-01T05:13:29Z,141.47614000000002,40.72176,bird_070,K18F62,12,2018,21474.654326031887,21,2018_bird_070_21_trip
2018-06-01T05:14:29Z,141.47383,40.71564,bird_070,K18F62,12,2018,20897.712439292336,21,2018_bird_070_21_trip
2018-06-01T05:15:29Z,141.47199,40.70955000000001,bird_070,K18F62,12,2018,20317.90854678702,21,2018_bird_070_21_trip
2018-06-01T05:16:28Z,141.47181,40.70342,bird_070,K18F62,12,2018,19689.144933513388,21,2018_bird_070_21_trip
2018-06-01T05:17:29Z,141.47069,40.69695000000001,bird_070,K18F62,12,2018,19059.6295372303,21,2018_bird_070_21_trip
2018-06-01T05:18:28Z,141.46880000000002,40.69131000000001,bird_070,K18F62,12,2018,18547.749042418593,21,2018_bird_070_21_trip
2018-06-01T05:19:29Z,141.46774000000002,40.68485,bird_070,K18F62,12,2018,17932.26737890847,21,2018_bird_070_21_trip
2018-06-01T05:20:28Z,141.46794000000003,40.678900000000006,bird_070,K18F62,12,2018,17328.886515604125,21,2018_bird_070_21_trip
2018-06-01T05:21:29Z,141.46862000000002,40.67246,bird_070,K18F62,12,2018,16662.96516354827,21,2018_bird_070_21_trip
2018-06-01T05:22:29Z,141.46861,40.66630000000001,bird_070,K18F62,12,2018,16056.30170116551,21,2018_bird_070_21_trip
2018-06-01T05:23:30Z,141.46819000000002,40.660250000000005,bird_070,K18F62,12,2018,15483.699872225425,21,2018_bird_070_21_trip
2018-06-01T05:24:28Z,141.46767,40.65477,bird_070,K18F62,12,2018,14978.243430079916,21,2018_bird_070_21_trip
2018-06-01T05:25:29Z,141.46659,40.64869,bird_070,K18F62,12,2018,14449.585115073796,21,2018_bird_070_21_trip
2018-06-01T05:26:29Z,141.46594000000002,40.64275000000001,bird_070,K18F62,12,2018,13926.769492827669,21,2018_bird_070_21_trip
2018-06-01T05:27:28Z,141.46609,40.63701,bird_070,K18F62,12,2018,13395.016523904887,21,2018_bird_070_21_trip
2018-06-01T05:28:29Z,141.46652,40.63123,bird_070,K18F62,12,2018,12855.092534608184,21,2018_bird_070_21_trip
2018-06-01T05:29:28Z,141.46613000000002,40.62554000000001,bird_070,K18F62,12,2018,12376.19224429274,21,2018_bird_070_21_trip
2018-06-01T05:30:29Z,141.46517,40.61969,bird_070,K18F62,12,2018,11929.81808624362,21,2018_bird_070_21_trip
2018-06-01T05:31:28Z,141.46261,40.61383,bird_070,K18F62,12,2018,11596.157194590174,21,2018_bird_070_21_trip
2018-06-01T05:32:29Z,141.46214000000003,40.60791,bird_070,K18F62,12,2018,11160.992041251056,21,2018_bird_070_21_trip
2018-06-01T05:33:28Z,141.46156,40.6035,bird_070,K18F62,12,2018,10866.035588359491,21,2018_bird_070_21_trip
2018-06-01T05:34:28Z,141.46461,40.59901000000001,bird_070,K18F62,12,2018,10344.242153572208,21,2018_bird_070_21_trip
2018-06-01T05:35:29Z,141.46833000000004,40.59414,bird_070,K18F62,12,2018,9756.179194597637,21,2018_bird_070_21_trip
2018-06-01T05:36:29Z,141.47097,40.588350000000005,bird_070,K18F62,12,2018,9183.723558393283,21,2018_bird_070_21_trip
2018-06-01T05:37:29Z,141.47659,40.58414,bird_070,K18F62,12,2018,8522.922003176816,21,2018_bird_070_21_trip
2018-06-01T05:38:29Z,141.4806,40.57772,bird_070,K18F62,12,2018,7835.704466250918,21,2018_bird_070_21_trip
2018-06-01T05:39:29Z,141.48105,40.57176,bird_070,K18F62,12,2018,7456.214483037472,21,2018_bird_070_21_trip
2018-06-01T05:40:30Z,141.48868000000002,40.57105,bird_070,K18F62,12,2018,6859.911748065448,21,2018_bird_070_21_trip
2018-06-01T05:41:28Z,141.49257,40.566030000000005,bird_070,K18F62,12,2018,6294.163831850595,21,2018_bird_070_21_trip
2018-06-01T05:42:29Z,141.49997,40.56166,bird_070,K18F62,12,2018,5512.308835082164,21,2018_bird_070_21_trip
2018-06-01T05:43:28Z,141.50723000000002,40.5585,bird_070,K18F62,12,2018,4804.883368497438,21,2018_bird_070_21_trip
2018-06-01T05:44:28Z,141.51396999999997,40.55495,bird_070,K18F62,12,2018,4117.655882581414,21,2018_bird_070_21_trip
2018-06-01T05:45:28Z,141.51541,40.549110000000006,bird_070,K18F62,12,2018,3759.785576492228,21,2018_bird_070_21_trip
2018-06-01T05:46:30Z,141.51557999999997,40.54816,bird_070,K18F62,12,2018,3714.628157374743,21,2018_bird_070_21_trip
2018-06-01T05:47:29Z,141.51559999999998,40.54838,bird_070,K18F62,12,2018,3720.052869179717,21,2018_bird_070_21_trip
2018-06-01T05:48:30Z,141.51578999999998,40.54833000000001,bird_070,K18F62,12,2018,3703.0390782833206,21,2018_bird_070_21_trip
2018-06-01T05:49:29Z,141.51575999999997,40.548730000000006,bird_070,K18F62,12,2018,3718.6463140298847,21,2018_bird_070_21_trip
2018-06-01T05:50:30Z,141.51597999999998,40.548750000000005,bird_070,K18F62,12,2018,3701.560575800177,21,2018_bird_070_21_trip
2018-06-01T05:51:28Z,141.51604999999998,40.54888,bird_070,K18F62,12,2018,3700.3343491359046,21,2018_bird_070_21_trip
2018-06-01T05:52:29Z,141.5161,40.54909,bird_070,K18F62,12,2018,3703.5639940742863,21,2018_bird_070_21_trip
2018-06-01T05:53:28Z,141.51845,40.546310000000005,bird_070,K18F62,12,2018,3425.3716738403336,21,2018_bird_070_21_trip
2018-06-01T05:54:28Z,141.52404,40.54554,bird_070,K18F62,12,2018,2945.6997808866095,21,2018_bird_070_21_trip
2018-06-01T05:55:29Z,141.52364,40.54578,bird_070,K18F62,12,2018,2985.416479601192,21,2018_bird_070_21_trip
2018-06-01T05:56:29Z,141.52382,40.54545,bird_070,K18F62,12,2018,2961.1142329984327,21,2018_bird_070_21_trip
2018-06-01T05:57:29Z,141.52363,40.54576,bird_070,K18F62,12,2018,2985.6416448446917,21,2018_bird_070_21_trip
2018-06-01T05:58:30Z,141.52374,40.54564,bird_070,K18F62,12,2018,2973.13396509459,21,2018_bird_070_21_trip
2018-06-01T05:59:31Z,141.52367999999998,40.54572,bird_070,K18F62,12,2018,2980.3792527322507,21,2018_bird_070_21_trip
2018-06-01T06:00:29Z,141.52397,40.545300000000005,bird_070,K18F62,12,2018,2944.58874126254,21,2018_bird_070_21_trip
2018-06-01T06:01:29Z,141.52372,40.54567,bird_070,K18F62,12,2018,2975.6445949258123,21,2018_bird_070_21_trip
2018-06-01T06:02:30Z,141.5239,40.5455,bird_070,K18F62,12,2018,2955.9965540704015,21,2018_bird_070_21_trip
2018-06-01T06:03:29Z,141.52378,40.545550000000006,bird_070,K18F62,12,2018,2967.253632086617,21,2018_bird_070_21_trip
2018-06-01T06:04:29Z,141.5238,40.54559,bird_070,K18F62,12,2018,2966.7747440191424,21,2018_bird_070_21_trip
2018-06-01T06:05:29Z,141.52434000000002,40.545750000000005,bird_070,K18F62,12,2018,2927.4051941115063,21,2018_bird_070_21_trip
2018-06-01T06:06:29Z,141.53153,40.54366,bird_070,K18F62,12,2018,2278.985990581991,21,2018_bird_070_21_trip
2018-06-01T06:07:30Z,141.53569,40.54251000000001,bird_070,K18F62,12,2018,1906.3475499099827,21,2018_bird_070_21_trip
2018-06-01T06:08:29Z,141.54174,40.5393,bird_070,K18F62,12,2018,1346.107976594844,21,2018_bird_070_21_trip
2018-05-22T20:52:16Z,141.51284,40.54505,bird_086,K18F71,8,2018,3859.0301813758,2,2018_bird_086_2_trip
2018-05-22T20:53:07Z,141.51282,40.54506,bird_086,K18F71,8,2018,3860.9008059675816,2,2018_bird_086_2_trip
2018-05-22T20:54:03Z,141.51287,40.54485,bird_086,K18F71,8,2018,3852.479459538173,2,2018_bird_086_2_trip
2018-05-22T20:55:03Z,141.51276,40.545170000000006,bird_086,K18F71,8,2018,3868.175483903548,2,2018_bird_086_2_trip
2018-05-22T20:56:03Z,141.5127,40.545570000000005,bird_086,K18F71,8,2018,3881.7603790940902,2,2018_bird_086_2_trip
2018-05-22T20:57:03Z,141.51271,40.544839999999994,bird_086,K18F71,8,2018,3865.614610655179,2,2018_bird_086_2_trip
2018-05-22T20:58:05Z,141.5126,40.54506,bird_086,K18F71,8,2018,3879.2157780997527,2,2018_bird_086_2_trip
2018-05-22T20:59:05Z,141.51278,40.54492,bird_086,K18F71,8,2018,3861.3814483692386,2,2018_bird_086_2_trip
2018-05-22T21:00:04Z,141.51284,40.54509,bird_086,K18F71,8,2018,3859.855153055724,2,2018_bird_086_2_trip
2018-05-22T21:01:05Z,141.51274,40.54514,bird_086,K18F71,8,2018,3869.214208226587,2,2018_bird_086_2_trip
2018-05-22T21:02:05Z,141.51276,40.54499,bird_086,K18F71,8,2018,3864.463991571437,2,2018_bird_086_2_trip
2018-05-22T21:03:04Z,141.51289,40.54512,bird_086,K18F71,8,2018,3856.316464514605,2,2018_bird_086_2_trip
2018-05-22T21:04:05Z,141.51286,40.54499,bird_086,K18F71,8,2018,3856.136542655719,2,2018_bird_086_2_trip
2018-05-22T21:05:04Z,141.51292,40.544979999999995,bird_086,K18F71,8,2018,3850.936402641891,2,2018_bird_086_2_trip
2018-05-22T21:06:05Z,141.51285,40.54507,bird_086,K18F71,8,2018,3858.609682245533,2,2018_bird_086_2_trip
2018-05-22T21:07:06Z,141.51286,40.545100000000005,bird_086,K18F71,8,2018,3858.397705771407,2,2018_bird_086_2_trip
2018-05-22T21:08:06Z,141.51291,40.54508,bird_086,K18F71,8,2018,3853.822319583316,2,2018_bird_086_2_trip
2018-05-22T21:09:04Z,141.51278,40.54503,bird_086,K18F71,8,2018,3863.614955983114,2,2018_bird_086_2_trip
2018-05-22T21:10:05Z,141.51502,40.54634,bird_086,K18F71,8,2018,3708.213637289201,2,2018_bird_086_2_trip
2018-05-22T21:11:05Z,141.51937999999998,40.5504,bird_086,K18F71,8,2018,3492.7714255937253,2,2018_bird_086_2_trip
2018-05-22T21:12:04Z,141.52365999999998,40.55543,bird_086,K18F71,8,2018,3428.9006644554115,2,2018_bird_086_2_trip
2018-05-22T21:13:05Z,141.52775,40.56004,bird_086,K18F71,8,2018,3472.6691276912775,2,2018_bird_086_2_trip
2018-05-22T21:14:04Z,141.53201,40.56407,bird_086,K18F71,8,2018,3562.995376448678,2,2018_bird_086_2_trip
2018-05-22T21:15:03Z,141.53589,40.56455,bird_086,K18F71,8,2018,3417.9383026134155,2,2018_bird_086_2_trip
2018-05-22T21:16:04Z,141.53553,40.55892,bird_086,K18F71,8,2018,2929.898411436217,2,2018_bird_086_2_trip
2018-05-22T21:17:05Z,141.53745,40.55525,bird_086,K18F71,8,2018,2515.994337028288,2,2018_bird_086_2_trip
2018-05-22T21:18:04Z,141.54168,40.55139,bird_086,K18F71,8,2018,1958.2225902470425,2,2018_bird_086_2_trip
2018-05-22T21:19:05Z,141.54547,40.54908,bird_086,K18F71,8,2018,1552.1418548853023,2,2018_bird_086_2_trip
2018-05-22T21:20:05Z,141.54550999999998,40.54905,bird_086,K18F71,8,2018,1547.4019011318876,2,2018_bird_086_2_trip
2018-05-22T21:21:05Z,141.5454,40.54938,bird_086,K18F71,8,2018,1581.12805061962,2,2018_bird_086_2_trip
2018-05-22T21:22:06Z,141.54554,40.54906,bird_086,K18F71,8,2018,1546.5538692973716,2,2018_bird_086_2_trip
2018-05-22T21:23:05Z,141.54539,40.54926,bird_086,K18F71,8,2018,1571.6275188542731,2,2018_bird_086_2_trip
2018-05-22T21:24:04Z,141.54541,40.54928,bird_086,K18F71,8,2018,1572.1862772572335,2,2018_bird_086_2_trip
2018-05-22T21:25:10Z,141.54553,40.54907,bird_086,K18F71,8,2018,1547.947071518801,2,2018_bird_086_2_trip
2018-05-22T21:26:04Z,141.54965999999996,40.548910000000006,bird_086,K18F71,8,2018,1327.377778033186,2,2018_bird_086_2_trip
2018-05-22T21:27:05Z,141.54957999999996,40.5475,bird_086,K18F71,8,2018,1198.8844407279605,2,2018_bird_086_2_trip
2018-05-22T21:28:04Z,141.54963999999998,40.547259999999994,bird_086,K18F71,8,2018,1174.1000740060608,2,2018_bird_086_2_trip
2018-05-22T21:29:05Z,141.54964999999996,40.54729,bird_086,K18F71,8,2018,1176.342755360074,2,2018_bird_086_2_trip
2018-05-22T21:30:06Z,141.54953999999998,40.547459999999994,bird_086,K18F71,8,2018,1197.1582893272432,2,2018_bird_086_2_trip
2018-05-22T21:31:06Z,141.54960999999997,40.54736,bird_086,K18F71,8,2018,1184.6564463370569,2,2018_bird_086_2_trip
2018-05-22T21:32:06Z,141.54949999999997,40.5475,bird_086,K18F71,8,2018,1202.7394265777257,2,2018_bird_086_2_trip
2018-05-22T21:33:07Z,141.54949999999997,40.54743,bird_086,K18F71,8,2018,1196.3650331276945,2,2018_bird_086_2_trip
2018-05-22T21:34:07Z,141.54953999999998,40.54739,bird_086,K18F71,8,2018,1190.7830125587448,2,2018_bird_086_2_trip
2018-05-22T21:35:05Z,141.54948,40.54747999999999,bird_086,K18F71,8,2018,1201.8857372963255,2,2018_bird_086_2_trip
2018-05-22T21:36:06Z,141.54949999999997,40.547419999999995,bird_086,K18F71,8,2018,1195.455756818097,2,2018_bird_086_2_trip
2018-05-22T21:37:04Z,141.55123000000003,40.54882,bird_086,K18F71,8,2018,1256.1312483944062,2,2018_bird_086_2_trip
2018-05-22T21:38:06Z,141.55558,40.55218,bird_086,K18F71,8,2018,1517.0158171971093,2,2018_bird_086_2_trip
2018-05-22T21:39:06Z,141.55961,40.55586,bird_086,K18F71,8,2018,1923.4783522293912,2,2018_bird_086_2_trip
2018-05-22T21:40:06Z,141.56284000000002,40.56045,bird_086,K18F71,8,2018,2465.8771770698804,2,2018_bird_086_2_trip
2018-05-22T21:41:06Z,141.56727,40.56467,bird_086,K18F71,8,2018,3007.8567988859595,2,2018_bird_086_2_trip
2018-05-22T21:42:05Z,141.57252,40.56812000000001,bird_086,K18F71,8,2018,3512.4776060057247,2,2018_bird_086_2_trip
2018-05-22T21:43:05Z,141.57699,40.57251000000001,bird_086,K18F71,8,2018,4107.36102330757,2,2018_bird_086_2_trip
2018-05-22T21:44:05Z,141.58285,40.575770000000006,bird_086,K18F71,8,2018,4647.943901885924,2,2018_bird_086_2_trip
2018-05-22T21:45:05Z,141.58729000000002,40.58027,bird_086,K18F71,8,2018,5265.6180227114355,2,2018_bird_086_2_trip
2018-05-22T21:46:05Z,141.59135,40.58493,bird_086,K18F71,8,2018,5884.685142651849,2,2018_bird_086_2_trip
2018-05-22T21:47:05Z,141.59533000000002,40.58973,bird_086,K18F71,8,2018,6514.366015633631,2,2018_bird_086_2_trip
2018-05-22T21:48:06Z,141.60015,40.59425,bird_086,K18F71,8,2018,7152.756245192075,2,2018_bird_086_2_trip
2018-05-22T21:49:05Z,141.60522,40.59817000000001,bird_086,K18F71,8,2018,7746.4937135125165,2,2018_bird_086_2_trip
2018-05-22T21:50:06Z,141.60966999999997,40.60307,bird_086,K18F71,8,2018,8407.249206714978,2,2018_bird_086_2_trip
2018-05-22T21:51:05Z,141.61455999999995,40.607310000000005,bird_086,K18F71,8,2018,9025.83532918808,2,2018_bird_086_2_trip
2018-05-22T21:52:06Z,141.61905999999996,40.61218,bird_086,K18F71,8,2018,9686.514442676891,2,2018_bird_086_2_trip
2018-05-22T21:53:06Z,141.62374,40.61632,bird_086,K18F71,8,2018,10287.430830733503,2,2018_bird_086_2_trip
2018-05-22T21:54:06Z,141.62765,40.62138,bird_086,K18F71,8,2018,10938.909612212256,2,2018_bird_086_2_trip
2018-05-22T21:55:05Z,141.6313,40.62553000000001,bird_086,K18F71,8,2018,11493.590599113062,2,2018_bird_086_2_trip
2018-05-22T21:56:06Z,141.63232000000002,40.63018,bird_086,K18F71,8,2018,11975.813032121489,2,2018_bird_086_2_trip
2018-05-22T21:57:05Z,141.6362,40.63392,bird_086,K18F71,8,2018,12502.014975693888,2,2018_bird_086_2_trip
2018-05-22T21:58:05Z,141.63851,40.638830000000006,bird_086,K18F71,8,2018,13068.16238989947,2,2018_bird_086_2_trip
2018-05-22T21:59:05Z,141.64016999999998,40.64357,bird_086,K18F71,8,2018,13590.861228382628,2,2018_bird_086_2_trip
2018-05-22T22:00:34Z,141.64350999999996,40.64905,bird_086,K18F71,8,2018,14258.187426529768,2,2018_bird_086_2_trip
2018-05-22T22:01:03Z,141.64416999999997,40.65157,bird_086,K18F71,8,2018,14527.62730118777,2,2018_bird_086_2_trip
2018-05-22T22:02:03Z,141.6472,40.65671,bird_086,K18F71,8,2018,15149.851510916404,2,2018_bird_086_2_trip
2018-05-22T22:03:03Z,141.6506,40.66103,bird_086,K18F71,8,2018,15709.082705854811,2,2018_bird_086_2_trip
2018-05-22T22:04:04Z,141.65518,40.66498,bird_086,K18F71,8,2018,16283.215434688997,2,2018_bird_086_2_trip
2018-05-22T22:05:04Z,141.65961,40.66944,bird_086,K18F71,8,2018,16900.237086195404,2,2018_bird_086_2_trip
2018-05-22T22:06:04Z,141.66302,40.67512000000001,bird_086,K18F71,8,2018,17589.875044388533,2,2018_bird_086_2_trip
2018-05-22T22:07:03Z,141.6677,40.68016,bird_086,K18F71,8,2018,18273.028805399103,2,2018_bird_086_2_trip
2018-05-22T22:08:04Z,141.67299999999997,40.684819999999995,bird_086,K18F71,8,2018,18947.112476274975,2,2018_bird_086_2_trip
2018-05-22T22:09:03Z,141.67842000000002,40.68925,bird_086,K18F71,8,2018,19605.40750052715,2,2018_bird_086_2_trip
2018-05-22T22:10:04Z,141.68267,40.69333000000001,bird_086,K18F71,8,2018,20179.5071509922,2,2018_bird_086_2_trip
2018-05-22T22:11:04Z,141.68893000000003,40.69690000000001,bird_086,K18F71,8,2018,20796.136722832616,2,2018_bird_086_2_trip
2018-05-22T22:12:05Z,141.69375999999997,40.69997000000001,bird_086,K18F71,8,2018,21303.182997475153,2,2018_bird_086_2_trip
2018-05-22T22:13:04Z,141.69967999999997,40.70404,bird_086,K18F71,8,2018,21954.777514646452,2,2018_bird_086_2_trip
2018-05-22T22:14:04Z,141.70605999999998,40.70784,bird_086,K18F71,8,2018,22604.356605650224,2,2018_bird_086_2_trip
2018-05-22T22:15:04Z,141.7123,40.712120000000006,bird_086,K18F71,8,2018,23293.322312679727,2,2018_bird_086_2_trip
2018-05-22T22:16:04Z,141.71858999999998,40.71583,bird_086,K18F71,8,2018,23933.861164283,2,2018_bird_086_2_trip
2018-05-22T22:17:06Z,141.72535,40.71921,bird_086,K18F71,8,2018,24569.1211014933,2,2018_bird_086_2_trip
2018-05-22T22:18:05Z,141.73115,40.72375000000001,bird_086,K18F71,8,2018,25264.06442302269,2,2018_bird_086_2_trip
2018-05-22T22:19:04Z,141.73719,40.72825000000001,bird_086,K18F71,8,2018,25967.705578863253,2,2018_bird_086_2_trip
2018-05-22T22:20:04Z,141.74324999999996,40.732220000000005,bird_086,K18F71,8,2018,26625.380514057335,2,2018_bird_086_2_trip
2018-05-22T22:21:05Z,141.74960999999996,40.73604,bird_086,K18F71,8,2018,27285.640727772978,2,2018_bird_086_2_trip
2018-05-22T22:22:06Z,141.75617,40.73977000000001,bird_086,K18F71,8,2018,27949.24286602909,2,2018_bird_086_2_trip
2018-05-22T22:23:06Z,141.76189,40.743170000000006,bird_086,K18F71,8,2018,28541.995757622648,2,2018_bird_086_2_trip
2018-05-22T22:24:05Z,141.76703,40.745990000000006,bird_086,K18F71,8,2018,29054.670728292407,2,2018_bird_086_2_trip
2018-05-22T22:25:04Z,141.77213,40.75056,bird_086,K18F71,8,2018,29719.59103611759,2,2018_bird_086_2_trip
2018-05-22T22:26:03Z,141.77576999999997,40.75658,bird_086,K18F71,8,2018,30436.95932885459,2,2018_bird_086_2_trip
2018-05-22T22:27:05Z,141.77881,40.76305000000001,bird_086,K18F71,8,2018,31164.547138517784,2,2018_bird_086_2_trip
2018-05-22T22:28:04Z,141.77994999999996,40.767770000000006,bird_086,K18F71,8,2018,31642.11861643878,2,2018_bird_086_2_trip
2018-05-22T22:29:03Z,141.78061,40.77386,bird_086,K18F71,8,2018,32220.67033684646,2,2018_bird_086_2_trip
2018-05-22T22:30:06Z,141.78001,40.781679999999994,bird_086,K18F71,8,2018,32899.02722925207,2,2018_bird_086_2_trip
2018-05-22T22:31:04Z,141.77879,40.78873000000001,bird_086,K18F71,8,2018,33486.071876652066,2,2018_bird_086_2_trip
2018-05-22T22:32:04Z,141.777,40.79522000000001,bird_086,K18F71,8,2018,34002.944343683674,2,2018_bird_086_2_trip
2018-05-22T22:33:05Z,141.77519999999998,40.80226,bird_086,K18F71,8,2018,34579.01221556426,2,2018_bird_086_2_trip
2018-05-22T22:34:05Z,141.77340999999998,40.8095,bird_086,K18F71,8,2018,35183.114116327866,2,2018_bird_086_2_trip
2018-05-22T22:35:05Z,141.7702,40.81661,bird_086,K18F71,8,2018,35722.737446928564,2,2018_bird_086_2_trip
2018-05-22T22:36:04Z,141.76706,40.82354,bird_086,K18F71,8,2018,36259.03636902055,2,2018_bird_086_2_trip
2018-05-22T22:37:04Z,141.76127,40.82884,bird_086,K18F71,8,2018,36540.271452014225,2,2018_bird_086_2_trip
2018-05-22T22:38:03Z,141.75624000000002,40.83248,bird_086,K18F71,8,2018,36700.6055940579,2,2018_bird_086_2_trip
2018-05-22T22:39:04Z,141.75322,40.83399,bird_086,K18F71,8,2018,36734.081116328336,2,2018_bird_086_2_trip
2018-05-22T22:40:04Z,141.75324999999998,40.83377,bird_086,K18F71,8,2018,36713.42155532082,2,2018_bird_086_2_trip
2018-05-22T22:41:05Z,141.75336,40.83359,bird_086,K18F71,8,2018,36699.7784522777,2,2018_bird_086_2_trip
2018-05-22T22:42:07Z,141.75311,40.833479999999994,bird_086,K18F71,8,2018,36679.354786824406,2,2018_bird_086_2_trip
2018-05-22T22:43:05Z,141.75309,40.83329,bird_086,K18F71,8,2018,36659.76803688111,2,2018_bird_086_2_trip
2018-05-22T22:44:04Z,141.75314,40.83327,bird_086,K18F71,8,2018,36659.69213854255,2,2018_bird_086_2_trip
2018-05-22T22:45:04Z,141.75318,40.83313,bird_086,K18F71,8,2018,36647.34886806534,2,2018_bird_086_2_trip
2018-05-22T22:46:05Z,141.7532,40.83305,bird_086,K18F71,8,2018,36640.18781733029,2,2018_bird_086_2_trip
2018-05-22T22:47:05Z,141.75322,40.832910000000005,bird_086,K18F71,8,2018,36627.0855038409,2,2018_bird_086_2_trip
2018-05-22T22:48:04Z,141.75309,40.83287,bird_086,K18F71,8,2018,36618.16364592608,2,2018_bird_086_2_trip
2018-05-22T22:49:05Z,141.75314,40.83272,bird_086,K18F71,8,2018,36605.21626832037,2,2018_bird_086_2_trip
2018-05-22T22:50:05Z,141.75529,40.83391,bird_086,K18F71,8,2018,36805.27041175844,2,2018_bird_086_2_trip
2018-05-22T22:51:06Z,141.75615,40.83357,bird_086,K18F71,8,2018,36804.74765902581,2,2018_bird_086_2_trip
2018-05-22T22:52:05Z,141.75607,40.83334,bird_086,K18F71,8,2018,36778.946102784816,2,2018_bird_086_2_trip
2018-05-22T22:53:05Z,141.75613,40.83305,bird_086,K18F71,8,2018,36752.62246539467,2,2018_bird_086_2_trip
2018-05-22T22:54:04Z,141.75593,40.83298,bird_086,K18F71,8,2018,36737.99251260788,2,2018_bird_086_2_trip
2018-05-22T22:55:05Z,141.7559,40.83283,bird_086,K18F71,8,2018,36722.022235791184,2,2018_bird_086_2_trip
2018-05-22T22:56:04Z,141.75592,40.8327,bird_086,K18F71,8,2018,36709.957578959475,2,2018_bird_086_2_trip
2018-05-22T22:57:05Z,141.75598,40.83248,bird_086,K18F71,8,2018,36690.5549867997,2,2018_bird_086_2_trip
2018-05-22T22:58:06Z,141.75607,40.83229,bird_086,K18F71,8,2018,36675.27999150595,2,2018_bird_086_2_trip
2018-05-22T22:59:07Z,141.75605,40.83205,bird_086,K18F71,8,2018,36650.82192993923,2,2018_bird_086_2_trip
2018-05-22T23:00:07Z,141.75615,40.83193,bird_086,K18F71,8,2018,36642.85233397205,2,2018_bird_086_2_trip
2018-05-22T23:01:05Z,141.75606,40.831779999999995,bird_086,K18F71,8,2018,36624.568735019246,2,2018_bird_086_2_trip
2018-05-22T23:02:05Z,141.75608,40.83174,bird_086,K18F71,8,2018,36621.39704048625,2,2018_bird_086_2_trip
2018-05-22T23:03:07Z,141.75617,40.83154,bird_086,K18F71,8,2018,36605.156069729615,2,2018_bird_086_2_trip
2018-05-22T23:04:05Z,141.75614000000002,40.83145999999999,bird_086,K18F71,8,2018,36596.102881596955,2,2018_bird_086_2_trip
2018-05-22T23:05:04Z,141.7561,40.83139,bird_086,K18F71,8,2018,36587.64832904518,2,2018_bird_086_2_trip
2018-05-22T23:06:06Z,141.75618,40.831219999999995,bird_086,K18F71,8,2018,36573.98643915162,2,2018_bird_086_2_trip
2018-05-22T23:07:04Z,141.75628,40.83114,bird_086,K18F71,8,2018,36569.97978431091,2,2018_bird_086_2_trip
2018-05-22T23:08:05Z,141.75628,40.83101,bird_086,K18F71,8,2018,36557.16383769939,2,2018_bird_086_2_trip
2018-05-22T23:09:06Z,141.75634000000002,40.8308,bird_086,K18F71,8,2018,36538.79551197155,2,2018_bird_086_2_trip
2018-05-22T23:10:06Z,141.75626,40.83085,bird_086,K18F71,8,2018,36540.61498566387,2,2018_bird_086_2_trip
2018-05-22T23:11:06Z,141.75624000000002,40.8307,bird_086,K18F71,8,2018,36525.052966298135,2,2018_bird_086_2_trip
2018-05-22T23:12:07Z,141.75629,40.83058,bird_086,K18F71,8,2018,36515.1700761167,2,2018_bird_086_2_trip
2018-05-22T23:13:09Z,141.7564,40.8305,bird_086,K18F71,8,2018,36511.565538236326,2,2018_bird_086_2_trip
2018-05-22T23:14:07Z,141.7563,40.8304,bird_086,K18F71,8,2018,36497.82168805905,2,2018_bird_086_2_trip
2018-05-22T23:15:07Z,141.75635,40.83035,bird_086,K18F71,8,2018,36494.84075214312,2,2018_bird_086_2_trip
2018-05-22T23:16:05Z,141.75636,40.83021,bird_086,K18F71,8,2018,36481.43730793521,2,2018_bird_086_2_trip
2018-05-22T23:17:05Z,141.75613,40.83021,bird_086,K18F71,8,2018,36472.48671256053,2,2018_bird_086_2_trip
2018-05-22T23:18:07Z,141.75619,40.83009,bird_086,K18F71,8,2018,36462.997582023905,2,2018_bird_086_2_trip
2018-05-22T23:19:15Z,141.75602,40.82988,bird_086,K18F71,8,2018,36435.69142150099,2,2018_bird_086_2_trip
2018-05-22T23:20:05Z,141.75581,40.82978,bird_086,K18F71,8,2018,36417.66806822009,2,2018_bird_086_2_trip
2018-05-22T23:21:05Z,141.75584999999998,40.82958,bird_086,K18F71,8,2018,36399.51805637256,2,2018_bird_086_2_trip
2018-05-22T23:22:34Z,141.75562,40.82957,bird_086,K18F71,8,2018,36389.5847998248,2,2018_bird_086_2_trip
2018-05-22T23:23:05Z,141.75558999999998,40.82952,bird_086,K18F71,8,2018,36383.49090524084,2,2018_bird_086_2_trip
2018-05-22T23:24:05Z,141.75553,40.82943,bird_086,K18F71,8,2018,36372.288571059136,2,2018_bird_086_2_trip
2018-05-22T23:25:04Z,141.75547,40.82931000000001,bird_086,K18F71,8,2018,36358.129910711046,2,2018_bird_086_2_trip
2018-05-22T23:26:04Z,141.75569,40.82931000000001,bird_086,K18F71,8,2018,36366.689684653735,2,2018_bird_086_2_trip
2018-05-22T23:27:04Z,141.75554,40.82928,bird_086,K18F71,8,2018,36357.89662598524,2,2018_bird_086_2_trip
2018-05-22T23:28:04Z,141.75562,40.82918,bird_086,K18F71,8,2018,36351.15739011783,2,2018_bird_086_2_trip
2018-05-22T23:29:05Z,141.75552,40.8292,bird_086,K18F71,8,2018,36349.235941474,2,2018_bird_086_2_trip
2018-05-22T23:30:05Z,141.75555999999995,40.82911000000001,bird_086,K18F71,8,2018,36341.92547569933,2,2018_bird_086_2_trip
2018-05-22T23:31:04Z,141.75533,40.82904,bird_086,K18F71,8,2018,36326.07868951156,2,2018_bird_086_2_trip
2018-05-22T23:32:03Z,141.7556,40.829130000000006,bird_086,K18F71,8,2018,36345.4529573159,2,2018_bird_086_2_trip
2018-05-22T23:33:03Z,141.75527,40.82896,bird_086,K18F71,8,2018,36315.86174163021,2,2018_bird_086_2_trip
2018-05-22T23:34:04Z,141.75537,40.82883,bird_086,K18F71,8,2018,36306.944153473785,2,2018_bird_086_2_trip
2018-05-22T23:35:05Z,141.75549999999998,40.82892,bird_086,K18F71,8,2018,36320.87165993884,2,2018_bird_086_2_trip
2018-05-22T23:36:04Z,141.75546,40.82898,bird_086,K18F71,8,2018,36325.2253876742,2,2018_bird_086_2_trip
2018-05-22T23:37:04Z,141.75562,40.82884,bird_086,K18F71,8,2018,36317.66553885666,2,2018_bird_086_2_trip
2018-05-22T23:38:04Z,141.75541,40.82892,bird_086,K18F71,8,2018,36317.367953497305,2,2018_bird_086_2_trip
2018-05-22T23:39:05Z,141.75533,40.82889,bird_086,K18F71,8,2018,36311.29874289317,2,2018_bird_086_2_trip
2018-05-22T23:40:05Z,141.7553,40.8289,bird_086,K18F71,8,2018,36311.11670752606,2,2018_bird_086_2_trip
2018-05-22T23:41:05Z,141.75547,40.82888,bird_086,K18F71,8,2018,36315.763081665704,2,2018_bird_086_2_trip
2018-05-22T23:42:06Z,141.75558999999998,40.828790000000005,bird_086,K18F71,8,2018,36311.57195864587,2,2018_bird_086_2_trip
2018-05-22T23:43:04Z,141.75587,40.82884,bird_086,K18F71,8,2018,36327.41141641899,2,2018_bird_086_2_trip
2018-05-22T23:44:06Z,141.75563,40.82873000000001,bird_086,K18F71,8,2018,36307.221498533974,2,2018_bird_086_2_trip
2018-05-22T23:45:04Z,141.7556,40.828700000000005,bird_086,K18F71,8,2018,36303.09766073772,2,2018_bird_086_2_trip
2018-05-22T23:46:05Z,141.75535,40.82872,bird_086,K18F71,8,2018,36295.32877290204,2,2018_bird_086_2_trip
2018-05-22T23:47:05Z,141.75537,40.82868,bird_086,K18F71,8,2018,36292.16712218898,2,2018_bird_086_2_trip
2018-05-22T23:48:04Z,141.75549999999998,40.828610000000005,bird_086,K18F71,8,2018,36290.3365202054,2,2018_bird_086_2_trip
2018-05-22T23:49:04Z,141.75522,40.82858,bird_086,K18F71,8,2018,36276.47546643626,2,2018_bird_086_2_trip
2018-05-22T23:50:06Z,141.75534000000002,40.82853000000001,bird_086,K18F71,8,2018,36276.22304057457,2,2018_bird_086_2_trip
2018-05-22T23:51:04Z,141.75543000000002,40.82842,bird_086,K18F71,8,2018,36268.89594500105,2,2018_bird_086_2_trip
2018-05-22T23:52:04Z,141.75544000000002,40.82845,bird_086,K18F71,8,2018,36272.240233127726,2,2018_bird_086_2_trip
2018-05-22T23:53:05Z,141.75522,40.82851000000001,bird_086,K18F71,8,2018,36269.57946704124,2,2018_bird_086_2_trip
2018-05-22T23:54:04Z,141.75517,40.82849,bird_086,K18F71,8,2018,36265.6624752844,2,2018_bird_086_2_trip
2018-05-22T23:55:05Z,141.75515,40.82848,bird_086,K18F71,8,2018,36263.89870165569,2,2018_bird_086_2_trip
2018-05-22T23:56:05Z,141.75522,40.828390000000006,bird_086,K18F71,8,2018,36257.75858000192,2,2018_bird_086_2_trip
2018-05-22T23:57:05Z,141.75493,40.82853000000001,bird_086,K18F71,8,2018,36260.26507952096,2,2018_bird_086_2_trip
2018-05-22T23:58:05Z,141.75504,40.828390000000006,bird_086,K18F71,8,2018,36250.75010513837,2,2018_bird_086_2_trip
2018-05-22T23:59:04Z,141.75512,40.82831000000001,bird_086,K18F71,8,2018,36245.98349921781,2,2018_bird_086_2_trip
2018-05-23T00:00:04Z,141.75495999999998,40.82837000000001,bird_086,K18F71,8,2018,36245.66624334963,2,2018_bird_086_2_trip
2018-05-23T00:01:05Z,141.75494,40.828230000000005,bird_086,K18F71,8,2018,36231.094357576614,2,2018_bird_086_2_trip
2018-05-23T00:02:04Z,141.75477999999998,40.82828,bird_086,K18F71,8,2018,36229.79559449184,2,2018_bird_086_2_trip
2018-05-23T00:03:06Z,141.75457999999998,40.828100000000006,bird_086,K18F71,8,2018,36204.27985280867,2,2018_bird_086_2_trip
2018-05-23T00:04:06Z,141.75477999999998,40.828030000000005,bird_086,K18F71,8,2018,36205.162387810415,2,2018_bird_086_2_trip
2018-05-23T00:05:04Z,141.75443,40.828010000000006,bird_086,K18F71,8,2018,36189.57875044075,2,2018_bird_086_2_trip
2018-05-23T00:06:06Z,141.75442,40.82799,bird_086,K18F71,8,2018,36187.21888431503,2,2018_bird_086_2_trip
2018-05-23T00:07:05Z,141.75395999999998,40.82774,bird_086,K18F71,8,2018,36144.70625494918,2,2018_bird_086_2_trip
2018-05-23T00:08:05Z,141.75409,40.82778,bird_086,K18F71,8,2018,36153.69767486656,2,2018_bird_086_2_trip
2018-05-23T00:09:05Z,141.75419,40.82771,bird_086,K18F71,8,2018,36150.68274271193,2,2018_bird_086_2_trip
2018-05-23T00:10:03Z,141.75396999999998,40.82777,bird_086,K18F71,8,2018,36148.05219627632,2,2018_bird_086_2_trip
2018-05-23T00:11:04Z,141.75404,40.82775,bird_086,K18F71,8,2018,36148.79841601069,2,2018_bird_086_2_trip
2018-05-23T00:12:04Z,141.75391,40.8277,bird_086,K18F71,8,2018,36138.82153976473,2,2018_bird_086_2_trip
2018-05-23T00:13:04Z,141.75345,40.82761,bird_086,K18F71,8,2018,36112.103651201614,2,2018_bird_086_2_trip
2018-05-23T00:14:05Z,141.75356999999997,40.82749,bird_086,K18F71,8,2018,36104.92149733357,2,2018_bird_086_2_trip
2018-05-23T00:15:08Z,141.75359999999998,40.82755,bird_086,K18F71,8,2018,36112.00198224852,2,2018_bird_086_2_trip
2018-05-23T00:16:07Z,141.75315999999998,40.82688,bird_086,K18F71,8,2018,36028.86376668411,2,2018_bird_086_2_trip
2018-05-23T00:17:06Z,141.75294000000002,40.82694,bird_086,K18F71,8,2018,36026.2521570795,2,2018_bird_086_2_trip
2018-05-23T00:18:06Z,141.75267,40.82737,bird_086,K18F71,8,2018,36058.23035368165,2,2018_bird_086_2_trip
2018-05-23T00:19:06Z,141.7527,40.82611000000001,bird_086,K18F71,8,2018,35935.08859571785,2,2018_bird_086_2_trip
2018-05-23T00:20:06Z,141.75182,40.822230000000005,bird_086,K18F71,8,2018,35518.59618457814,2,2018_bird_086_2_trip
2018-05-23T00:21:05Z,141.74884999999998,40.81883,bird_086,K18F71,8,2018,35067.94342393942,2,2018_bird_086_2_trip
2018-05-23T00:22:05Z,141.74514,40.814919999999994,bird_086,K18F71,8,2018,34538.33133447864,2,2018_bird_086_2_trip
2018-05-23T00:23:06Z,141.74253,40.81015,bird_086,K18F71,8,2018,33966.72755432952,2,2018_bird_086_2_trip
2018-05-23T00:24:06Z,141.74004,40.80509,bird_086,K18F71,8,2018,33371.324944611435,2,2018_bird_086_2_trip
2018-05-23T00:25:05Z,141.73752,40.80002,bird_086,K18F71,8,2018,32773.917001509704,2,2018_bird_086_2_trip
2018-05-23T00:26:06Z,141.73487999999998,40.79509000000001,bird_086,K18F71,8,2018,32185.685870152804,2,2018_bird_086_2_trip
2018-05-23T00:27:06Z,141.73179,40.790870000000005,bird_086,K18F71,8,2018,31649.5146009768,2,2018_bird_086_2_trip
2018-05-23T00:28:06Z,141.72936,40.7856,bird_086,K18F71,8,2018,31036.29307411348,2,2018_bird_086_2_trip
2018-05-23T00:29:06Z,141.72681,40.78174,bird_086,K18F71,8,2018,30556.758535473175,2,2018_bird_086_2_trip
2018-05-23T00:30:06Z,141.72726,40.78146,bird_086,K18F71,8,2018,30547.156804665625,2,2018_bird_086_2_trip
2018-05-23T00:31:06Z,141.72654999999995,40.78191,bird_086,K18F71,8,2018,30563.147669502658,2,2018_bird_086_2_trip
2018-05-23T00:32:05Z,141.72743000000003,40.78122,bird_086,K18F71,8,2018,30530.40205129665,2,2018_bird_086_2_trip
2018-05-23T00:33:06Z,141.72735,40.78123,bird_086,K18F71,8,2018,30528.199796910307,2,2018_bird_086_2_trip
2018-05-23T00:34:05Z,141.72729,40.781279999999995,bird_086,K18F71,8,2018,30530.71260479907,2,2018_bird_086_2_trip
2018-05-23T00:35:06Z,141.7275,40.781110000000005,bird_086,K18F71,8,2018,30522.414629216248,2,2018_bird_086_2_trip
2018-05-23T00:36:06Z,141.72733000000002,40.78117,bird_086,K18F71,8,2018,30521.527162528848,2,2018_bird_086_2_trip
2018-05-23T00:37:05Z,141.72743000000003,40.7811,bird_086,K18F71,8,2018,30518.64924378217,2,2018_bird_086_2_trip
2018-05-23T00:38:05Z,141.72781,40.78072,bird_086,K18F71,8,2018,30496.59452567397,2,2018_bird_086_2_trip
2018-05-23T00:39:05Z,141.72582,40.77590000000001,bird_086,K18F71,8,2018,29945.702342768425,2,2018_bird_086_2_trip
2018-05-23T00:40:06Z,141.72365999999997,40.77112,bird_086,K18F71,8,2018,29392.21148327649,2,2018_bird_086_2_trip
2018-05-23T00:41:07Z,141.72096,40.76619000000001,bird_086,K18F71,8,2018,28802.479232383364,2,2018_bird_086_2_trip
2018-05-23T00:42:07Z,141.71851999999998,40.76156,bird_086,K18F71,8,2018,28252.6487447331,2,2018_bird_086_2_trip
2018-05-23T00:43:06Z,141.71105999999995,40.76268,bird_086,K18F71,8,2018,28064.334527915296,2,2018_bird_086_2_trip
2018-05-23T00:44:06Z,141.70559999999998,40.761190000000006,bird_086,K18F71,8,2018,27706.12475398532,2,2018_bird_086_2_trip
2018-05-23T00:45:07Z,141.70233000000002,40.758010000000006,bird_086,K18F71,8,2018,27266.40056363245,2,2018_bird_086_2_trip
2018-05-23T00:46:05Z,141.69793,40.754659999999994,bird_086,K18F71,8,2018,26767.55009955991,2,2018_bird_086_2_trip
2018-05-23T00:47:06Z,141.69441,40.75019,bird_086,K18F71,8,2018,26190.82194657508,2,2018_bird_086_2_trip
2018-05-23T00:48:06Z,141.69118,40.74544,bird_086,K18F71,8,2018,25597.08469226703,2,2018_bird_086_2_trip
2018-05-23T00:49:05Z,141.68853,40.74048,bird_086,K18F71,8,2018,25004.117720293292,2,2018_bird_086_2_trip
2018-05-23T00:50:06Z,141.68665,40.73512000000001,bird_086,K18F71,8,2018,24400.525181469333,2,2018_bird_086_2_trip
2018-05-23T00:51:05Z,141.68434000000002,40.72981000000001,bird_086,K18F71,8,2018,23786.09411478997,2,2018_bird_086_2_trip
2018-05-23T00:52:07Z,141.68129000000002,40.72445,bird_086,K18F71,8,2018,23138.686370835563,2,2018_bird_086_2_trip
2018-05-23T00:53:06Z,141.67768999999998,40.720760000000006,bird_086,K18F71,8,2018,22635.768363273768,2,2018_bird_086_2_trip
2018-05-23T00:54:05Z,141.67443,40.71678,bird_086,K18F71,8,2018,22117.205214159847,2,2018_bird_086_2_trip
2018-05-23T00:55:06Z,141.6714,40.712390000000006,bird_086,K18F71,8,2018,21566.670785430684,2,2018_bird_086_2_trip
2018-05-23T00:56:06Z,141.66793,40.70786,bird_086,K18F71,8,2018,20985.63838816114,2,2018_bird_086_2_trip
2018-05-23T00:57:06Z,141.66454,40.70281000000001,bird_086,K18F71,8,2018,20355.94322337405,2,2018_bird_086_2_trip
2018-05-23T00:58:05Z,141.66091,40.69803000000001,bird_086,K18F71,8,2018,19744.10111249831,2,2018_bird_086_2_trip
2018-05-23T00:59:05Z,141.65825,40.69247000000001,bird_086,K18F71,8,2018,19091.12341166794,2,2018_bird_086_2_trip
2018-05-23T01:00:06Z,141.65452,40.68738,bird_086,K18F71,8,2018,18444.604281021573,2,2018_bird_086_2_trip
2018-05-23T01:01:04Z,141.65242000000003,40.68243,bird_086,K18F71,8,2018,17873.56493100227,2,2018_bird_086_2_trip
2018-05-23T01:02:05Z,141.64900999999998,40.67772,bird_086,K18F71,8,2018,17276.78164631257,2,2018_bird_086_2_trip
2018-05-23T01:03:05Z,141.64523,40.67361,bird_086,K18F71,8,2018,16725.743367813873,2,2018_bird_086_2_trip
2018-05-23T01:04:05Z,141.64224000000002,40.66922,bird_086,K18F71,8,2018,16176.689127414327,2,2018_bird_086_2_trip
2018-05-23T01:05:06Z,141.64041,40.66459,bird_086,K18F71,8,2018,15647.47135408984,2,2018_bird_086_2_trip
2018-05-23T01:06:04Z,141.64038,40.66428,bird_086,K18F71,8,2018,15615.568526866298,2,2018_bird_086_2_trip
2018-05-23T01:07:05Z,141.63781,40.66132,bird_086,K18F71,8,2018,15224.352380813065,2,2018_bird_086_2_trip
2018-05-23T01:08:05Z,141.63601,40.65885,bird_086,K18F71,8,2018,14910.968435864788,2,2018_bird_086_2_trip
2018-05-23T01:09:06Z,141.63276,40.65449,bird_086,K18F71,8,2018,14355.089447956738,2,2018_bird_086_2_trip
2018-05-23T01:10:05Z,141.62949,40.65111,bird_086,K18F71,8,2018,13896.2627032607,2,2018_bird_086_2_trip
2018-05-23T01:11:05Z,141.62423,40.64796,bird_086,K18F71,8,2018,13389.148778167648,2,2018_bird_086_2_trip
2018-05-23T01:12:05Z,141.62042000000002,40.64338,bird_086,K18F71,8,2018,12792.33664656449,2,2018_bird_086_2_trip
2018-05-23T01:13:05Z,141.61511,40.639010000000006,bird_086,K18F71,8,2018,12165.946231428594,2,2018_bird_086_2_trip
2018-05-23T01:14:06Z,141.61037,40.63404,bird_086,K18F71,8,2018,11500.58845091542,2,2018_bird_086_2_trip
2018-05-23T01:15:05Z,141.60524,40.62935000000001,bird_086,K18F71,8,2018,10853.834860203078,2,2018_bird_086_2_trip
2018-05-23T01:16:04Z,141.59929,40.62452,bird_086,K18F71,8,2018,10172.2885882455,2,2018_bird_086_2_trip
2018-05-23T01:17:04Z,141.59536,40.6197,bird_086,K18F71,8,2018,9555.721419726624,2,2018_bird_086_2_trip
2018-05-23T01:18:05Z,141.59051,40.61533000000001,bird_086,K18F71,8,2018,8963.87585440727,2,2018_bird_086_2_trip
2018-05-23T01:19:06Z,141.58486,40.61095,bird_086,K18F71,8,2018,8358.419973116066,2,2018_bird_086_2_trip
2018-05-23T01:20:05Z,141.57981999999998,40.60622,bird_086,K18F71,8,2018,7740.313133538289,2,2018_bird_086_2_trip
2018-05-23T01:21:04Z,141.57356999999996,40.6013,bird_086,K18F71,8,2018,7091.949229922386,2,2018_bird_086_2_trip
2018-05-23T01:22:05Z,141.56817,40.595760000000006,bird_086,K18F71,8,2018,6409.447869705934,2,2018_bird_086_2_trip
2018-05-23T01:23:05Z,141.56374999999997,40.5902,bird_086,K18F71,8,2018,5752.859646033412,2,2018_bird_086_2_trip
2018-05-23T01:24:06Z,141.55821000000003,40.58504,bird_086,K18F71,8,2018,5156.518296335526,2,2018_bird_086_2_trip
2018-05-23T01:25:05Z,141.55323,40.58023,bird_086,K18F71,8,2018,4636.94671864731,2,2018_bird_086_2_trip
2018-05-23T01:26:04Z,141.55226000000002,40.57598,bird_086,K18F71,8,2018,4174.78655851705,2,2018_bird_086_2_trip
2018-05-23T01:27:04Z,141.55137000000002,40.57132,bird_086,K18F71,8,2018,3670.875597386915,2,2018_bird_086_2_trip
2018-05-23T01:28:04Z,141.55203000000003,40.56736,bird_086,K18F71,8,2018,3227.678697411773,2,2018_bird_086_2_trip
2018-05-23T01:29:05Z,141.55205,40.563210000000005,bird_086,K18F71,8,2018,2772.3287274902714,2,2018_bird_086_2_trip
2018-05-23T01:30:05Z,141.55666,40.559,bird_086,K18F71,8,2018,2266.0421282423804,2,2018_bird_086_2_trip
2018-05-23T01:31:04Z,141.55968,40.55538,bird_086,K18F71,8,2018,1870.9394369925683,2,2018_bird_086_2_trip
2018-05-23T01:32:05Z,141.56372,40.552110000000006,bird_086,K18F71,8,2018,1586.534112640103,2,2018_bird_086_2_trip
2018-05-23T01:33:04Z,141.56331,40.548190000000005,bird_086,K18F71,8,2018,1168.8956845537907,2,2018_bird_086_2_trip
